    0.182259750366210938E+01    0.765101432800292969E+01    0.202858823537826538E+01    0.582760314277116809E+01    0.818912716839919241E+01    0.399103856086730935E+00    0.262634283019049164E+01    0.635871082544326782E+00    0.280045029234886167E+01    0.152602437545284726E+02    0.151990975645570732E+02   -0.744440071921381218E+03   -0.690775511231546968E+01    1
    0.235245704650878906E+00    0.332128858566284180E+01    0.170647281408309937E+01    0.158156938327244290E+01    0.436302952253226817E+01    0.479544627666473433E+00    0.388565164868903157E+01    0.767675155401229881E+00    0.245650668877363199E+01    0.152893192079221780E+02    0.153287624514297018E+02   -0.742242847344045003E+03   -0.690875511231548245E+01    1
    0.593716907501220703E+01    0.134659051895141602E+01    0.322852137684822083E+01    0.158886214780731705E+01    0.305359382821669678E+01    0.464121246337890647E+00    0.606649195679516851E+01    0.914570248126983620E+00    0.301207841557264322E+01    0.152741655811074377E+02    0.152531231066706514E+02   -0.741732021720279022E+03   -0.690975511231547301E+01    1
    0.203113317489624023E+01    0.524083757400512695E+01    0.217786881327629089E+01    0.721481006913517042E+01    0.783426507821003604E+01    0.329936373233795155E+00    0.235307603569893864E+01    0.957583278417587280E+00    0.275003986477851869E+01    0.150662293355848611E+02    0.156864622026493734E+02   -0.741667483199141429E+03   -0.691075511231547601E+01    1
    0.254378318786621094E+01    0.761967706680297852E+01    0.267416509985923767E+01    0.611189516854231041E+01    0.778965527947333491E+01    0.434075248241424516E+00    0.302057861751277468E+01    0.267291414737701460E+00    0.244024037802219373E+01    0.152406620755393458E+02    0.152260855208179997E+02   -0.741006084716896112E+03   -0.691175511231546658E+01    1
    0.714443778991699219E+01    0.643312120437622070E+01    0.317863407731056213E+01    0.471185463386684944E+01    0.752834587763090646E+01    0.484109675884246804E+00    0.179827690107736582E+01    0.962710428237915083E+00    0.228763007634878157E+01    0.147402967249655816E+02    0.147395999823927006E+02   -0.739588041657461645E+03   -0.691275511231547579E+01    1
    0.120126962661743164E+01    0.477769231796264648E+01    0.177014756202697754E+01    0.211003734929594211E+01    0.319089562181533815E+01    0.373180556297302291E+00    0.298880152237480878E+01    0.481135302782058738E+00    0.256909361040592188E+01    0.152268495730849249E+02    0.153999679861294521E+02   -0.739055576858592190E+03   -0.691375511231547435E+01    1
    0.689834022521972656E+01    0.284957647323608398E+01    0.135594922304153442E+01    0.167702953476070471E+01    0.661509766140038735E+01    0.407506680488586404E+00    0.207280743601777573E+01    0.636993533372879006E+00    0.221889951014518738E+01    0.152477925039149156E+02    0.150138456691245725E+02   -0.738540174567798772E+03   -0.691475511231548357E+01    1
    0.173408222198486328E+01    0.275638723373413086E+01    0.192006024718284607E+01    0.443061345765891623E+01    0.511491893052068036E+01    0.438101494312286399E+00    0.543631027745997386E+01    0.837011545896530151E+00    0.298162355780601507E+01    0.154001707400305339E+02    0.153452800602971564E+02   -0.738373963831277479E+03   -0.691575511231552209E+01    1
    0.366735363006591797E+01    0.680849075317382812E+00    0.151620227098464966E+01    0.427446340856100448E+01    0.814218693671754146E+01    0.448937082290649436E+00    0.191752319366784696E+01    0.367118996381759710E+00    0.245299818843603123E+01    0.148248072506465238E+02    0.148978859129260712E+02   -0.738103246190234813E+03   -0.691675511231554463E+01    1
    0.924506187438964844E-01    0.425155067443847656E+01    0.171709704399108887E+01    0.201429063270810849E+01    0.384023216305530157E+01    0.331981611251831010E+00    0.203412886643529545E+01    0.640661132335662797E+00    0.234374158924818010E+01    0.151169496667823360E+02    0.151519565188408105E+02   -0.738034843463350398E+03   -0.691775511231549967E+01    1
    0.599714946746826172E+01    0.130756330490112305E+01    0.788668605685234070E+01    0.172436796332493736E+01    0.577939205683384483E+01    0.388742446899414062E+00    0.277650166575375801E+01    0.900245589017867998E+00    0.239544262999296187E+01    0.152692205952639579E+02    0.152350596074303706E+02   -0.737229253467908961E+03   -0.691875511231549378E+01    1
    0.238717842102050781E+01    0.632843494415283203E+01    0.784913378953933716E+01    0.649375610352593835E+01    0.793364587244204866E+01    0.499628400802612282E+00    0.443648451683429457E+01    0.245463490486145020E+00    0.282737144881486913E+01    0.153004919799282266E+02    0.152773613902305829E+02   -0.736597400446401821E+03   -0.691975511231551454E+01    1
    0.227702379226684570E+01    0.308413362503051758E+01    0.200968134403228760E+01    0.576585373223204378E+01    0.820481493357342195E+01    0.408608424663543746E+00    0.339139891668724403E+01    0.849208891391754150E+00    0.274241110819578182E+01    0.155908623199496343E+02    0.153819651646826152E+02   -0.736567997941514363E+03   -0.692075511231548113E+01    1
    0.200931787490844727E+01    0.488517951965332031E+01    0.885085195302963257E+00    0.434547052537126799E+01    0.643844495064305189E+01    0.316189587116241455E+00    0.331483588469622736E+01    0.831702005863189653E+00    0.223683581483364069E+01    0.151909448669612956E+02    0.152254035627875446E+02   -0.736207365911520242E+03   -0.692175511231547080E+01    1
    0.559494543075561523E+01    0.361284112930297852E+01    0.143464434146881104E+01    0.476333449673229836E+01    0.696280455846883228E+01    0.263744068145751964E+00    0.162215588419823642E+01    0.889452379941940263E+00    0.249409508901834487E+01    0.147906245645514094E+02    0.147655092492464259E+02   -0.734080109339829164E+03   -0.692275511231549334E+01    1
    0.162987899780273438E+01    0.767122507095336914E+01    0.316685068607330322E+01    0.274877237116153150E+01    0.610784356889621538E+01    0.375969982147216775E+00    0.182980210200424187E+01    0.901531118154525801E+00    0.236615486019849763E+01    0.149682896325207437E+02    0.149745321305893864E+02   -0.732925417951137320E+03   -0.692375511231548746E+01    1
    0.354528808593750000E+01    0.415677881240844727E+01    0.698316785693168640E+01    0.420063449256438481E+01    0.508982250819708160E+01    0.434653282165527344E+00    0.329590966371724026E+01    0.212564855813980103E+00    0.257161350429058055E+01    0.151196158707278521E+02    0.151145620001381253E+02   -0.732186829471374722E+03   -0.692475511231548957E+01    1
    0.235083818435668945E+01    0.143473720550537109E+01    0.203376176953315735E+01    0.383890808158950358E+01    0.645030199683443950E+01    0.491203296184539839E+00    0.385680335742915892E+01    0.847401458024978682E+00    0.304453938132524504E+01    0.152317989580862818E+02    0.153041759289670427E+02   -0.731237595069576628E+03   -0.692575511231552365E+01    1
    0.115377569198608398E+01    0.248160982131958008E+01    0.199233102798461914E+01    0.204572933841752436E+01    0.268840040380073786E+01    0.331982648372650124E+00    0.346015536283118763E+01    0.261092561483383223E+00    0.234336838221549959E+01    0.154848887462318370E+02    0.154808036828670037E+02   -0.730553133193012400E+03   -0.692675511231553909E+01    1
    0.261899280548095703E+01    0.228705215454101562E+01    0.510332065820693970E+01    0.198780080926586744E+01    0.759252734869353141E+01    0.318354058265686024E+00    0.372328875206814436E+01    0.664554089307785034E+00    0.274949379330873489E+01    0.152486627527569443E+02    0.152490225922069360E+02   -0.728428611820814353E+03   -0.692775511231552343E+01    1
    0.234316015243530273E+01    0.515640354156494141E+01    0.667356851696968079E+01    0.416102670007485020E+01    0.684162265719804630E+01    0.270388615131378185E+00    0.250625119770516758E+01    0.957453620433807329E+00    0.252735555279254909E+01    0.150129202768028644E+02    0.150311144292967800E+02   -0.726519623838589837E+03   -0.692875511231550334E+01    1
    0.174435520172119141E+01    0.166098737716674805E+01    0.468413162231445312E+01    0.384495469549846947E+01    0.482302622867589559E+01    0.494459819793701127E+00    0.515503837032786016E+01    0.904344004392623857E+00    0.285160495799779889E+01    0.153097818552247453E+02    0.152932409619452372E+02   -0.724255815199532776E+03   -0.692975511231548769E+01    1
    0.423609018325805664E+01    0.223897838592529297E+01    0.522150683403015137E+01    0.329761890649920009E+01    0.457677452491634007E+01    0.349062204360961914E+00    0.156587033619993332E+01    0.671890521049499534E+00    0.302659199428558345E+01    0.148178994257770871E+02    0.149263660695278535E+02   -0.723759819629690696E+03   -0.693075511231546315E+01    1
    0.373931360244750977E+01    0.388809061050415039E+01    0.722341063618659973E+01    0.477717934063831340E+01    0.799561243391224785E+01    0.244049644470214849E+00    0.179053008673800829E+01    0.915972185134887651E+00    0.232436407285928714E+01    0.148809811069517668E+02    0.150643157571047279E+02   -0.723556452498752719E+03   -0.693175511231550789E+01    1
    0.208216333389282227E+01    0.299365425109863281E+01    0.583703759312629700E+01    0.186817544254284429E+01    0.524073707188748195E+01    0.310978376865386985E+00    0.182159419317678806E+01    0.425086951255798318E+00    0.235386863166093807E+01    0.149976272462207429E+02    0.151207172886742853E+02   -0.722796175367534715E+03   -0.693275511231550912E+01    1
    0.662796974182128906E+00    0.785697984695434570E+01    0.316877114772796631E+01    0.234275905610491630E+01    0.656764300199354345E+01    0.458282113075256348E+00    0.195732674841341381E+01    0.452379554510116577E+00    0.241081349688768398E+01    0.149367318127343278E+02    0.149340349499884013E+02   -0.722669104042824529E+03   -0.693375511231550057E+01    1
    0.273781013488769531E+01    0.499477863311767578E+00    0.388562503457069397E+01    0.356292806460703559E+01    0.546773559218266048E+01    0.473947286605834961E+00    0.458570622054443966E+01    0.875895690917968706E+00    0.261638620316982262E+01    0.154141516106860621E+02    0.154398333113939845E+02   -0.722141063545277461E+03   -0.693475511231554709E+01    1
    0.112134981155395508E+01    0.689123868942260742E+01    0.640459302067756653E+01    0.361697464447564521E+01    0.583089194619530282E+01    0.385115492343902632E+00    0.237178451761410258E+01    0.119888633489608765E+00    0.263987921899557110E+01    0.151199835434223644E+02    0.151256481253262294E+02   -0.721144485908550791E+03   -0.693575511231551811E+01    1
    0.254938650131225586E+01    0.519129562377929688E+01    0.496138620376586914E+01    0.243755833018351176E+01    0.543838607159583809E+01    0.334908974170684770E+00    0.251364578708834063E+01    0.991819691658019975E+00    0.252951747155189510E+01    0.149480345187366055E+02    0.148934143035129907E+02   -0.721127953576019536E+03   -0.693675511231548558E+01    1
    0.229948043823242188E+01    0.538764858245849609E+01    0.469242277741432190E+01    0.431562154134264730E+01    0.639868962303976829E+01    0.394100177288055464E+00    0.239212177311453233E+01    0.155953025817871099E+00    0.222793177819252008E+01    0.151472530902393654E+02    0.151109457269299892E+02   -0.721021540845442928E+03   -0.693775511231549125E+01    1
    0.284640932083129883E+01    0.191122627258300781E+01    0.595189470052719116E+01    0.338341902651275284E+01    0.528515338260480938E+01    0.469528007507324263E+00    0.200397414079248293E+01    0.167314594984054571E+00    0.232442530411481840E+01    0.149746548810337821E+02    0.149359200251138375E+02   -0.720698968645040736E+03   -0.693875511231549424E+01    1
    0.326529073715209961E+01    0.660868120193481445E+01    0.545509371161460876E+01    0.280417114809424772E+01    0.472235451181356325E+01    0.455685770511627175E+00    0.205843452310873865E+01    0.269817411899566650E+00    0.287732390707731245E+01    0.148464462286154237E+02    0.148639779806658225E+02   -0.720599377052416344E+03   -0.693975511231547948E+01    1
    0.458870267868041992E+01    0.295441055297851562E+01    0.278205472230911255E+01    0.214187981600588229E+01    0.433248146377228771E+01    0.305848169326782215E+00    0.163189650525926955E+01    0.401246297359466597E+00    0.255207491427659994E+01    0.149573556551910674E+02    0.150518331765092128E+02   -0.719654353896276120E+03   -0.694075511231545761E+01    1
    0.560476779937744141E+00    0.329074430465698242E+01    0.662150639295578003E+01    0.154929453333103639E+01    0.587420906119704433E+01    0.239637839794158924E+00    0.155502394224615093E+01    0.487519013881683394E+00    0.279608425080776213E+01    0.148246968354791662E+02    0.149076309588216862E+02   -0.717375557610515216E+03   -0.694175511231546682E+01    1
    0.238276720046997070E+01    0.528017711639404297E+01    0.634607705473899841E+01    0.282526404351235705E+01    0.711774440879328196E+01    0.394135546684265092E+00    0.207380647407531749E+01    0.689529585838317916E+00    0.240890768671035760E+01    0.149774526198160416E+02    0.150299584372292969E+02   -0.717341765165358083E+03   -0.694275511231551334E+01    1
    0.221617889404296875E+01    0.259546661376953125E+01    0.113097849488258362E+01    0.195119652945061528E+01    0.363809507121622389E+01    0.261548805236816395E+00    0.152677763545684808E+01    0.405551028251648016E+00    0.272109660935401898E+01    0.150677726818702933E+02    0.152883174375945305E+02   -0.717062246189079019E+03   -0.694375511231550835E+01    1
    0.522584915161132812E+00    0.349354887008666992E+01    0.274634692072868347E+01    0.164587525747404761E+01    0.228754879192344474E+01    0.186929857730865484E+00    0.195330711451950068E+01    0.234539550542831432E+00    0.255902309304475795E+01    0.152307305004580087E+02    0.152633608696850605E+02   -0.715965584720971037E+03   -0.694475511231550335E+01    1
    0.192366790771484375E+01    0.977273464202880859E+00    0.407262909412384033E+01    0.273408185819480032E+01    0.477291741083547816E+01    0.371780121326446555E+00    0.270120664360500573E+01    0.412484860420227029E+00    0.289625119662284858E+01    0.153353419331902519E+02    0.152754729687167696E+02   -0.714264171975774616E+03   -0.694575511231551523E+01    1
    0.175747346878051758E+01    0.780571651458740234E+01    0.241805034875869751E+01    0.696019322037613453E+01    0.724039306691994522E+01    0.317333066463470481E+00    0.301429193571905518E+01    0.831632053852081277E+00    0.248500467658042901E+01    0.158443301192942130E+02    0.155897864630080569E+02   -0.713823609911458107E+03   -0.694675511231552090E+01    1
    0.448024463653564453E+01    0.188552093505859375E+01    0.202495563030242920E+01    0.188234289348985961E+01    0.519541294639255824E+01    0.401789104938507058E+00    0.337323051303823007E+01    0.283038181066513073E+00    0.262847633987665175E+01    0.152857913544496586E+02    0.153575242817150368E+02   -0.713466517309919482E+03   -0.694775511231551945E+01    1
    0.196340131759643555E+01    0.551996040344238281E+01    0.325668993592262268E+01    0.458492491149801840E+01    0.464547429777283227E+01    0.338613712787628196E+00    0.374006960285946155E+01    0.453377497196197576E+00    0.264328099477291101E+01    0.153940626222966852E+02    0.154541949245335708E+02   -0.712143713877416758E+03   -0.694875511231547005E+01    1
    0.472868585586547852E+01    0.463805484771728516E+01    0.191670659184455872E+01    0.664535465456272334E+01    0.765688401726245882E+01    0.326971530914306641E+00    0.182808794055081014E+01    0.330658656358718883E+00    0.238082273155450830E+01    0.148382648834880158E+02    0.148410211421026634E+02   -0.710744535931813857E+03   -0.694975511231546506E+01    1
    0.247259140014648438E+01    0.656949567794799805E+01    0.241621348261833191E+01    0.522876567827499539E+01    0.622902289957664657E+01    0.342978990077972390E+00    0.222151254312551627E+01    0.129314827919006364E+00    0.266258118772506691E+01    0.149831754055627950E+02    0.151274894957981978E+02   -0.710621388124253940E+03   -0.695075511231549914E+01    1
    0.292502403259277344E+01    0.274279212951660156E+01    0.622833612561225891E+01    0.486261290857039175E+01    0.546901656905933642E+01    0.316094279289245605E+00    0.258561068237862024E+01    0.175094127655029297E+00    0.237475036215782165E+01    0.150826988886301887E+02    0.151715655274686405E+02   -0.709857497927157510E+03   -0.695175511231552257E+01    1
    0.132714653015136719E+01    0.551062011718750000E+01    0.549104246497154236E+01    0.453130709057172609E+01    0.598058031932465717E+01    0.307812547683715798E+00    0.207378939650168448E+01    0.754108542203903220E+00    0.267131170207262025E+01    0.152753100017324144E+02    0.152717932281358024E+02   -0.709136461200751000E+03   -0.695275511231550336E+01    1
    0.137794065475463867E+01    0.254029750823974609E+01    0.444530862569808960E+01    0.235398983531092387E+01    0.712872018831869170E+01    0.336354219913482688E+00    0.243053350560899384E+01    0.524476152658462591E+00    0.300140585833787910E+01    0.152355007193563310E+02    0.153156780252404516E+02   -0.708072028199775787E+03   -0.695375511231547883E+01    1
    0.162702226638793945E+01    0.233027696609497070E+01    0.150026726722717285E+01    0.282482960500193148E+01    0.782953334927514177E+01    0.252462375164031971E+00    0.279867476041975616E+01    0.229438686370849632E+00    0.250890885269641872E+01    0.154892140283750752E+02    0.154640124059379662E+02   -0.707285056783153436E+03   -0.695475511231550136E+01    1
    0.178537225723266602E+01    0.576949787139892578E+01    0.566313433647155762E+01    0.346668010110639457E+01    0.756197852191527264E+01    0.436759638786315962E+00    0.263248435260832903E+01    0.568667262792587280E+00    0.231789041101932503E+01    0.151017146702416927E+02    0.151277442138419431E+02   -0.707043451411983710E+03   -0.695575511231551680E+01    1
    0.417168283462524414E+01    0.389468193054199219E+00    0.241968739032745361E+01    0.535998186623073813E+01    0.661534818956897386E+01    0.341918587684631348E+00    0.173679550130116356E+01    0.947356605529785178E+00    0.251144413030147540E+01    0.148433610081370890E+02    0.149832536896186532E+02   -0.706223309149772035E+03   -0.695675511231548427E+01    1
    0.284877872467041016E+01    0.196116685867309570E+01    0.172952550649642944E+01    0.414704953941463828E+01    0.654759133511879021E+01    0.270705258846282937E+00    0.266051718972721707E+01    0.430102306604385420E+00    0.224651349067687978E+01    0.151380032868769057E+02    0.150585505534825774E+02   -0.705306814309855213E+03   -0.695775511231548727E+01    1
    0.218557786941528320E+01    0.611694288253784180E+01    0.465987282991409302E+01    0.348516991979486690E+01    0.710600983391946883E+01    0.435521030426025413E+00    0.227492692405673846E+01    0.772529685497283958E+00    0.266200050288438783E+01    0.150678618656524890E+02    0.150308111764960000E+02   -0.705273204294914535E+03   -0.695875511231550270E+01    1
    0.193508052825927734E+01    0.185665559768676758E+01    0.586328077316284180E+01    0.473552622678283619E+01    0.779006373071678482E+01    0.423185694217681929E+00    0.369741622801385539E+01    0.317408919334411621E+00    0.272570302152633648E+01    0.152690779159016188E+02    0.153272912060025384E+02   -0.705110047838438049E+03   -0.695975511231551458E+01    1
    0.145113849639892578E+01    0.321063709259033203E+01    0.199330064654350281E+01    0.491238577919149044E+01    0.634268141064744739E+01    0.326525676250457753E+00    0.330110765019184349E+01    0.421733975410461426E+00    0.228055639880895589E+01    0.158840353012162545E+02    0.152798748945261416E+02   -0.704480301188285466E+03   -0.696075511231551580E+01    1
    0.151740550994873047E+01    0.129275608062744141E+01    0.657520744204521179E+01    0.351558694985419162E+01    0.365430319879301013E+01    0.435881233215332009E+00    0.256236170057373069E+01    0.747889840602874778E+00    0.294087410664558391E+01    0.150952935913224024E+02    0.151059463243810708E+02   -0.703970913557834024E+03   -0.696175511231550104E+01    1
    0.231228923797607422E+01    0.152991294860839844E+00    0.766663852334022522E+01    0.349836947994824099E+01    0.411628331886933463E+01    0.452240312099456809E+00    0.240099784201038480E+01    0.627446800470352173E+00    0.295165561503171947E+01    0.150830420682224950E+02    0.150507065113332956E+02   -0.703045398722573054E+03   -0.696275511231553423E+01    1
    0.289683914184570312E+01    0.694739913940429688E+01    0.339520233869552612E+01    0.655960902309648208E+01    0.742408900298863017E+01    0.199016714096069358E+00    0.195951694723187098E+01    0.762212193012237527E+00    0.248874899315834019E+01    0.150740332255417684E+02    0.153170686020504530E+02   -0.701739999107499784E+03   -0.696375511231550171E+01    1
    0.259030771255493164E+01    0.205005073547363281E+01    0.380471083521842957E+01    0.215967718503930106E+01    0.477308490170944744E+01    0.226132845878601080E+00    0.322583184031342896E+01    0.812563532590866111E+00    0.281816717660427107E+01    0.153209550964671148E+02    0.151753249577697016E+02   -0.701733796372822439E+03   -0.696475511231547362E+01    1
    0.285353469848632812E+01    0.461898612976074219E+01    0.208017560839653015E+01    0.758438406870895232E+01    0.814597466461078135E+01    0.255253446102142345E+00    0.320802846980082412E+01    0.912652039527893089E+00    0.255921786916255956E+01    0.151499220071500069E+02    0.153296400521129712E+02   -0.701711448649387421E+03   -0.696575511231551836E+01    1
    0.444083404541015625E+01    0.542378377914428711E+01    0.705843734741210938E+01    0.493531172531220541E+01    0.614983624571821252E+01    0.380661952495574996E+00    0.221682261446650042E+01    0.869282811880111694E+00    0.267419179767370219E+01    0.148575227554440250E+02    0.148522140328091297E+02   -0.701152102666153723E+03   -0.696675511231553202E+01    1
    0.567922878265380859E+01    0.533297300338745117E+01    0.156841191649436951E+01    0.577314074766285756E+01    0.726457653533545056E+01    0.471653318405151345E+00    0.159823233823483579E+01    0.231174290180206299E+00    0.234051040071248995E+01    0.148099112155092865E+02    0.148122440362915260E+02   -0.699091100204106397E+03   -0.696775511231552436E+01    1
    0.194638919830322266E+01    0.442421531677246094E+01    0.211986380815505981E+01    0.589970971710629843E+01    0.662524788158896438E+01    0.294272470474243153E+00    0.207478843455922579E+01    0.396642875671386785E+00    0.281505288410186782E+01    0.152473965198475394E+02    0.155225470301386430E+02   -0.698689358016602228E+03   -0.696875511231550959E+01    1
    0.601490545272827148E+01    0.235425472259521484E+00    0.760653647780418396E+01    0.581301002363653474E+01    0.789176193045403629E+01    0.334339702129364036E+00    0.162677323316931122E+01    0.642391693592071489E+00    0.276831076538562781E+01    0.147607958473356522E+02    0.147815760045879827E+02   -0.698034128329618056E+03   -0.696975511231549394E+01    1
    0.171359300613403320E+01    0.278115367889404297E+01    0.468653756380081177E+01    0.558935220732804261E+01    0.703813626547805704E+01    0.452383899688720725E+00    0.395468560540451408E+01    0.180846124887466431E+00    0.269099836039543128E+01    0.154106139414526346E+02    0.153447943035628409E+02   -0.697020698960754771E+03   -0.697075511231548450E+01    1
    0.151311254501342773E+01    0.458223199844360352E+01    0.743550541996955872E+01    0.516562500000000036E+01    0.828637833893299103E+01    0.497616994380950972E+00    0.407557134506378205E+01    0.504184705018997259E+00    0.244268148094415638E+01    0.153718979191782967E+02    0.153485631282808654E+02   -0.696746474303290711E+03   -0.697175511231548395E+01    1
    0.553985118865966797E+00    0.453260755538940430E+01    0.684386822581291199E+01    0.273145308517019680E+01    0.327188626787965031E+01    0.390656793117523216E+00    0.222139940420019633E+01    0.848966205120086692E+00    0.258150817155838030E+01    0.150625616328156227E+02    0.150704031576034509E+02   -0.696109343754455153E+03   -0.697275511231548872E+01    1
    0.390887928009033203E+01    0.964285850524902344E+00    0.757132086157798767E+01    0.382017548487557201E+01    0.815364750999717991E+01    0.455040466785430864E+00    0.230894758543076506E+01    0.783103221654891990E+00    0.277677241885662074E+01    0.150021527958323624E+02    0.150136259544178063E+02   -0.695792587031824382E+03   -0.697375511231548995E+01    1
    0.113703775405883789E+01    0.599924325942993164E+01    0.436371314525604248E+01    0.449308434029151815E+01    0.488022069074468501E+01    0.401226341724395752E+00    0.374141019238966699E+01    0.224207466840744024E+00    0.279521001017093651E+01    0.152967932866131449E+02    0.153071763298546522E+02   -0.695788261515181375E+03   -0.697475511231553025E+01    1
    0.244455814361572266E+01    0.304371833801269531E+00    0.623312073945999146E+01    0.271520007639563854E+01    0.376344723460283470E+01    0.277603256702423085E+00    0.160074914564902793E+01    0.465000903606414773E+00    0.222079469341039637E+01    0.151307596640573951E+02    0.151538623386910931E+02   -0.694592346082128415E+03   -0.697575511231552614E+01    1
    0.328304290771484375E+01    0.350647783279418945E+01    0.562775823473930359E+01    0.531288985078666265E+01    0.672633008514681929E+01    0.306071186065673850E+00    0.211026709378218680E+01    0.982049316167831421E+00    0.227334907519817353E+01    0.150998734021654819E+02    0.152251562379077345E+02   -0.694372276594891559E+03   -0.697675511231550338E+01    1
    0.344286441802978516E+00    0.349466276168823242E+01    0.181942376494407654E+01    0.176263394465639234E+01    0.270083618084064581E+01    0.470780205726623491E+00    0.343023758852253557E+01    0.328257006406784069E+00    0.272197995877265919E+01    0.152009861056851605E+02    0.152513945338681420E+02   -0.693264828779925551E+03   -0.697775511231553747E+01    1
    0.116895389556884766E+01    0.345456361770629883E+01    0.460889610648155212E+01    0.233601280941538292E+01    0.771310386587480945E+01    0.378604590892791748E+00    0.289180730822837972E+01    0.530706816911697410E+00    0.290464767169952420E+01    0.150753343135648841E+02    0.151832195707965525E+02   -0.692877840698507157E+03   -0.697875511231551471E+01    1
    0.335965585708618164E+01    0.431692600250244141E+00    0.373252141475677490E+01    0.456007400325817436E+01    0.736574208926839802E+01    0.336206877231597923E+00    0.356759891734442736E+01    0.243805134296417259E+00    0.256598528921604174E+01    0.153205069505632565E+02    0.152638249286415455E+02   -0.692781651019141009E+03   -0.697975511231548751E+01    1
    0.104771614074707031E+00    0.141836023330688477E+01    0.858031988143920898E+00    0.188792592323576902E+01    0.669017812734192674E+01    0.371960651874542192E+00    0.151214855894331346E+01    0.966218274831771806E+00    0.248943994486331910E+01    0.150259326971133085E+02    0.147197197179202526E+02   -0.692675905852973528E+03   -0.698075511231549406E+01    1
    0.134992694854736328E+01    0.199288749694824219E+01    0.648723635077476501E+01    0.530837494481512007E+01    0.791986612228191511E+01    0.327878832817077637E+00    0.259794922932860262E+01    0.413613802194595315E+00    0.293031642127037051E+01    0.154501501363362070E+02    0.154501501363362070E+02   -0.691656452983635745E+03   -0.698175511231549972E+01    1
    0.762423324584960938E+01    0.210646343231201172E+01    0.168798613548278809E+01    0.160973900792315083E+01    0.289481723979826366E+01    0.219573414325714117E+00    0.442675243456007905E+01    0.841592866182327315E+00    0.301672333765029910E+01    0.152427654924942217E+02    0.151183396448140783E+02   -0.691154604809239231E+03   -0.698275511231551516E+01    1
    0.314897727966308594E+01    0.685149908065795898E+01    0.140255305171012878E+01    0.409707484723955417E+01    0.816164369984757698E+01    0.256517982482910134E+00    0.364914860083633652E+01    0.836260527372360229E+00    0.295504003351926814E+01    0.150336332463531477E+02    0.150228366092442602E+02   -0.690625876846582742E+03   -0.698375511231553414E+01    1
    0.285807752609252930E+01    0.537816810607910156E+01    0.368117856979370117E+01    0.256582800286416113E+01    0.749761486352253215E+01    0.441697013378143266E+00    0.205067916998256461E+01    0.774034136533737205E+00    0.234574142229557037E+01    0.149623432783113781E+02    0.149647307101216001E+02   -0.690519194388385472E+03   -0.698475511231553270E+01    1
    0.440969514846801758E+01    0.400659942626953125E+01    0.207658681273460388E+01    0.278858553703742107E+01    0.432085105213099308E+01    0.464836680889129661E+00    0.208120319815519439E+01    0.826781278848648049E+00    0.287729622650146499E+01    0.148544505487416885E+02    0.149437918292660328E+02   -0.689064579118649021E+03   -0.698575511231552948E+01    1
    0.523204517364501953E+01    0.153474378585815430E+01    0.176598477363586426E+01    0.440635806826057941E+01    0.528732307320186568E+01    0.484349107742309548E+00    0.170130830329138627E+01    0.739889079332351707E+00    0.236249095392227160E+01    0.147784327200314358E+02    0.148372238140381043E+02   -0.687578300363301196E+03   -0.698675511231552360E+01    1
    0.151798391342163086E+01    0.457134485244750977E+01    0.342088091373443604E+01    0.512185426641905206E+01    0.672134723284745750E+01    0.504927730560302712E+00    0.533771077139202355E+01    0.532887560129165716E+00    0.254408337515592553E+01    0.154964675100391194E+02    0.153796824501318152E+02   -0.686779608931468715E+03   -0.698775511231549373E+01    1
    0.244238615036010742E+01    0.575494384765625000E+01    0.434270384907722473E+01    0.596605588709870638E+01    0.604643312188856097E+01    0.299356865882873524E+00    0.259660437040498859E+01    0.140154868364334106E+00    0.271914419257640816E+01    0.151063815204139473E+02    0.151696697068694739E+02   -0.686659318105173611E+03   -0.698875511231551716E+01    1
    0.740139484405517578E+00    0.627797269821166992E+01    0.664618763327598572E+01    0.259208439779891409E+01    0.817592103172629336E+01    0.444655025005340598E+00    0.238259248702720994E+01    0.980512142181396484E+00    0.222319865274429329E+01    0.150246680018596948E+02    0.150453891452260180E+02   -0.682536506352725269E+03   -0.698975511231552993E+01    1
    0.183234596252441406E+01    0.574032163619995117E+01    0.360242176055908203E+01    0.310759306919891731E+01    0.332683689784006287E+01    0.173373472690582286E+00    0.180591271118810770E+01    0.297222882509231567E+00    0.261522296112775798E+01    0.153147814364060171E+02    0.152927976509092360E+02   -0.681435817981203854E+03   -0.699075511231550273E+01    1
    0.238333749771118164E+01    0.774332332611083984E+01    0.356570410728454590E+01    0.403810793493923548E+01    0.627149250951307380E+01    0.373197758197784446E+00    0.215544581482880115E+01    0.401385182142257713E+00    0.239125076860189445E+01    0.150933100520999037E+02    0.150747928501284996E+02   -0.681254427413751614E+03   -0.699175511231550484E+01    1
    0.324077463150024414E+01    0.523928499221801758E+01    0.677711698412895203E+01    0.397365447230575430E+01    0.663963897021331384E+01    0.423469150066375755E+00    0.176777635456848148E+01    0.251924610137939431E+00    0.301003324103355396E+01    0.150816309504891599E+02    0.148481993311930349E+02   -0.679851153397366033E+03   -0.699275511231551850E+01    1
    0.134354734420776367E+01    0.531946325302124023E+01    0.598466369509696960E+01    0.424577267003791814E+01    0.634623411292255923E+01    0.390199530124664351E+00    0.297935975885235660E+01    0.115722250938415538E+00    0.228566860139369954E+01    0.152562975470491899E+02    0.152620790458657325E+02   -0.678732511709596679E+03   -0.699375511231549929E+01    1
    0.230916976928710938E+01    0.259098052978515625E+01    0.569798231124877930E+00    0.188906766039586249E+01    0.581103962864213663E+01    0.321795046329498291E+00    0.230738071804991973E+01    0.982831072807311967E+00    0.234149273222684862E+01    0.150181362390606736E+02    0.152420146015913645E+02   -0.678395020997448455E+03   -0.699475511231549785E+01    1
    0.342095661163330078E+01    0.492294406890869141E+01    0.752307149767875671E+01    0.374878799420808928E+01    0.557691418771313874E+01    0.492171001434326127E+00    0.235408574724000097E+01    0.878277760744094804E+00    0.281954487985372548E+01    0.150416332550066532E+02    0.149822881494350550E+02   -0.678238797091619290E+03   -0.699575511231553371E+01    1
    0.281989574432373047E+01    0.335890483856201172E+01    0.695657554268836975E+01    0.538009662912165432E+01    0.667144899560917981E+01    0.476908409595489524E+00    0.212513312162988210E+01    0.133344686031341558E+00    0.273494054079055804E+01    0.149051134436196016E+02    0.149529221970019819E+02   -0.678072232097492815E+03   -0.699675511231554026E+01    1
    0.284880018234252930E+01    0.389637947082519531E-01    0.660596254467964172E+01    0.335241823118449123E+01    0.526861672196613906E+01    0.363146591186523482E+00    0.348411733333526286E+01    0.568631803989410378E+00    0.242554988652467696E+01    0.151832773279577538E+02    0.151704634190233243E+02   -0.677923514487677721E+03   -0.699775511231553793E+01    1
    0.952941417694091797E+00    0.352342414855957031E+01    0.523321020603179932E+01    0.319013102454927866E+01    0.449425988559403500E+01    0.341550731658935569E+00    0.235146647438400969E+01    0.613074558973312422E+00    0.243592661076784145E+01    0.152223186951815741E+02    0.152245456119860751E+02   -0.677758334366915165E+03   -0.699875511231551695E+01    1
    0.103928232192993164E+01    0.755797338485717773E+01    0.722932758927345276E+01    0.316341512528156965E+01    0.466775227130088055E+01    0.362477219104766823E+00    0.195822759042256478E+01    0.632175695896148637E+00    0.300584972935914996E+01    0.150409965477061522E+02    0.150350109384629107E+02   -0.677610903564723799E+03   -0.699975511231549596E+01    1
    0.336279153823852539E+01    0.278188133239746094E+01    0.164750981330871582E+01    0.329756573900888572E+01    0.714645834138679703E+01    0.480052995681762740E+00    0.229740954974483857E+01    0.638318169116973921E+00    0.257515272146463392E+01    0.151802033016808728E+02    0.149911002172870038E+02   -0.674862003503437904E+03   -0.700075511231552117E+01    1
    0.184080886840820312E+01    0.107559585571289062E+01    0.135779055953025818E+01    0.679355295923985825E+01    0.806461549489145035E+01    0.222050881385803228E+00    0.226489811894064541E+01    0.406472152471542336E+00    0.291828539043664925E+01    0.151518215903970592E+02    0.151225314322542932E+02   -0.673910005983351311E+03   -0.700175511231554282E+01    1
    0.219325876235961914E+01    0.551573896408081055E+01    0.194369944930076599E+01    0.402067168212073689E+01    0.628971237329956701E+01    0.342105627059936523E+00    0.299487046510470512E+01    0.111424547433853161E+00    0.239938440471887571E+01    0.151442117006659061E+02    0.151374803499091364E+02   -0.673691477027811970E+03   -0.700275511231553516E+01    1
    0.373749637603759766E+01    0.204179191589355469E+01    0.101483124494552612E+01    0.332490420026380473E+01    0.415617278644431831E+01    0.243979227542877208E+00    0.160464069774069196E+01    0.313834071159362793E+00    0.251397961032390604E+01    0.148952875425840432E+02    0.152530462899944208E+02   -0.673490591501647145E+03   -0.700375511231549996E+01    1
    0.653230142593383789E+01    0.875025272369384766E+00    0.265667352080345154E+01    0.191672059140850481E+01    0.758239805338398121E+01    0.270436036586761464E+00    0.194425600049390801E+01    0.200840276479721080E+00    0.233339755541086191E+01    0.149279360920690412E+02    0.149218980912964678E+02   -0.673322753406651373E+03   -0.700475511231551984E+01    1
    0.215549612045288086E+01    0.791669225692749023E+01    0.533554452657699585E+01    0.340993064746226882E+01    0.721405686502592847E+01    0.313287043571472190E+00    0.237932426637315775E+01    0.516219723224639937E+00    0.288444834077358259E+01    0.149929254147193252E+02    0.150090008223256124E+02   -0.673054655742702607E+03   -0.700575511231551840E+01    1
    0.470284128189086914E+01    0.780734920501708984E+01    0.383347216248512268E+01    0.529974993476394118E+01    0.577895703915258796E+01    0.242216157913207997E+00    0.262678257771154655E+01    0.860462206602096602E+00    0.291479439920186989E+01    0.148729980078481372E+02    0.148722867879017127E+02   -0.672818625095952939E+03   -0.700675511231550097E+01    1
    0.309041881561279297E+01    0.489021968841552734E+01    0.157889801263809204E+01    0.228401727882923788E+01    0.335280056318392283E+01    0.342245531082153276E+00    0.258085457812177577E+01    0.909385752677917436E+00    0.252274195480346686E+01    0.149554987914815456E+02    0.149160857480079976E+02   -0.671971048128948269E+03   -0.700775511231549419E+01    1
    0.347090816497802734E+01    0.428031063079833984E+01    0.118363159894943237E+01    0.558499577707018524E+01    0.577614162111362628E+01    0.406470739841461204E+00    0.204249047342544809E+01    0.256952679157257058E+00    0.234908454763889285E+01    0.148595847376419066E+02    0.148670722693473518E+02   -0.671321023574102469E+03   -0.700875511231548121E+01    1
    0.262040948867797852E+01    0.281634902954101562E+01    0.462805020809173584E+01    0.220494077065059679E+01    0.700765445878363558E+01    0.287279307842254639E+00    0.375257038675895949E+01    0.667995685338974021E+00    0.241162225550413112E+01    0.153601032728884999E+02    0.152013511020563143E+02   -0.670834823243875803E+03   -0.700975511231552773E+01    1
    0.308962154388427734E+01    0.342059993743896484E+01    0.715252611041069031E+01    0.369140475490275577E+01    0.445985126679820088E+01    0.217795360088348378E+00    0.152524492322326899E+01    0.279820978641510010E+00    0.290435958117246606E+01    0.148554985274680771E+02    0.148379039143941114E+02   -0.670160807029746024E+03   -0.701075511231552895E+01    1
    0.602592182159423828E+01    0.166910839080810547E+01    0.552502202987670898E+01    0.158751813226801053E+01    0.435787260870942639E+01    0.508331203460693382E+00    0.394081861561436053E+01    0.527136206626892090E+00    0.252942005819082238E+01    0.151734889331196854E+02    0.151811450566660202E+02   -0.669837015055649431E+03   -0.701175511231552218E+01    1
    0.631379508972167969E+01    0.718429040908813477E+01    0.535582739114761353E+01    0.369941167550907046E+01    0.550833576645157041E+01    0.380435788631439231E+00    0.181907738576259614E+01    0.961700361967086748E+00    0.222690370035171492E+01    0.147717554427672013E+02    0.147449639378377011E+02   -0.669648612097974592E+03   -0.701275511231549853E+01    1
    0.361658239364624023E+01    0.620746517181396484E+01    0.705362010002136230E+01    0.540558530396079817E+01    0.651554566625042231E+01    0.476991128921508745E+00    0.295768831791183384E+01    0.985230469703674339E+00    0.231559555464982969E+01    0.150296443629904868E+02    0.150704978985648843E+02   -0.668917653168693505E+03   -0.701375511231546067E+01    1
    0.316254186630249023E+01    0.364868545532226562E+01    0.359915035963058472E+01    0.355571928417232641E+01    0.402173557749930666E+01    0.356463205814361528E+00    0.182325285251591218E+01    0.612700819969177246E+00    0.282768286794424073E+01    0.150683458152428980E+02    0.149961155718538937E+02   -0.667905530875919567E+03   -0.701475511231549120E+01    1
    0.309314107894897461E+01    0.271107006072998047E+01    0.730502265691757202E+01    0.424540728670634948E+01    0.696219400238953234E+01    0.277139949798583973E+00    0.690186068333318836E+01    0.776418888568878196E+00    0.294607678979635246E+01    0.153269873348883046E+02    0.153372397757299339E+02   -0.667811507290075610E+03   -0.701575511231549598E+01    1
    0.249209642410278320E+01    0.741810083389282227E+01    0.409525442123413086E+01    0.244132670542878216E+01    0.694051894758209631E+01    0.259455215930938732E+00    0.185256864235399377E+01    0.186599463224411011E+00    0.233891752779483797E+01    0.149124482868532660E+02    0.149016676446092600E+02   -0.666930337725273944E+03   -0.701675511231551852E+01    1
    0.324699783325195312E+01    0.165339708328247070E+01    0.589110690355300903E+01    0.434687966569414463E+01    0.596101685647906976E+01    0.343683552742004350E+00    0.163586490643228299E+01    0.665095949172973655E+00    0.230110915046930309E+01    0.149088984862458336E+02    0.149494912914307907E+02   -0.666751909368213546E+03   -0.701775511231554905E+01    1
    0.316699838638305664E+01    0.446636962890625000E+01    0.604157257080078125E+01    0.285045701026950571E+01    0.732065369271279565E+01    0.230270671844482411E+00    0.214244337720382827E+01    0.929680204391479470E+00    0.272512805497646315E+01    0.149582164345180981E+02    0.149012097391393503E+02   -0.666307205438842402E+03   -0.701875511231552718E+01    1
    0.107125520706176758E+01    0.337034177780151367E+01    0.340054932236671448E+01    0.368934766151039373E+01    0.697146190673372068E+01    0.424482131004333518E+00    0.491498532185616455E+01    0.676447325944900535E+00    0.262384589064121254E+01    0.155876058697007789E+02    0.153691290266979301E+02   -0.665961370494703488E+03   -0.701975511231552307E+01    1
    0.125660276412963867E+01    0.286225032806396484E+01    0.371173563599586487E+01    0.235987115611188347E+01    0.299974512526419357E+01    0.413024413585662886E+00    0.325811272387357365E+01    0.694511896371841408E+00    0.259387344408035281E+01    0.152206460682059426E+02    0.153065076822504622E+02   -0.665767106041737179E+03   -0.702075511231549143E+01    1
    0.415833520889282227E+01    0.601657962799072266E+01    0.128473657369613647E+01    0.587563465793976647E+01    0.815043171958330603E+01    0.307799994945526123E+00    0.172818840419003372E+01    0.994882935285568260E+00    0.302317756742238997E+01    0.147733569065118058E+02    0.149134516588425257E+02   -0.664270127255048010E+03   -0.702175511231545713E+01    1
    0.172934436798095703E+01    0.214064025878906250E+01    0.340735006332397461E+01    0.241308523523428420E+01    0.613012806730079696E+01    0.287082111835479714E+00    0.209228654344313725E+01    0.322099566459655762E+00    0.249481994563341125E+01    0.154826942552316833E+02    0.155220810873320474E+02   -0.663944062227776726E+03   -0.702275511231550986E+01    1
    0.299563598632812500E+01    0.553475761413574219E+01    0.223290371894836426E+01    0.322809658375801423E+01    0.639216205270188276E+01    0.470162367820739724E+00    0.241292652719317058E+01    0.875603759288787864E+00    0.222170106780529020E+01    0.149655099466003136E+02    0.150178218683137228E+02   -0.663021818748542955E+03   -0.702375511231555993E+01    1
    0.361053848266601562E+01    0.128401899337768555E+01    0.748966816067695618E+01    0.355936692501949459E+01    0.751072993432539793E+01    0.344303607940673828E+00    0.198338926047437192E+01    0.730783247947692893E+00    0.222959919130802131E+01    0.150775579235668982E+02    0.150686127399203897E+02   -0.661909579497301365E+03   -0.702475511231551941E+01    1
    0.499698209762573242E+01    0.306545495986938477E+01    0.916810363531112671E+00    0.155284844912717590E+01    0.409056196261432881E+01    0.532508134841918945E+00    0.447638626762825265E+01    0.991657149791717485E+00    0.303012974393367784E+01    0.152366066967845057E+02    0.151323904271529273E+02   -0.661140975007254610E+03   -0.702575511231549044E+01    1
    0.130355453491210938E+01    0.367949438095092773E+01    0.457080069184303284E+01    0.626267237544069122E+01    0.667576695791317132E+01    0.271165668964385986E+00    0.173579005915350915E+01    0.719428437948226973E+00    0.251911731749772994E+01    0.155095518666299270E+02    0.154938283127065439E+02   -0.660004694337892829E+03   -0.702675511231551386E+01    1
    0.164104604721069336E+01    0.233688735961914062E+01    0.263471785187721252E+01    0.435066448923841165E+01    0.725662450882721632E+01    0.265689456462860130E+00    0.312555232793931381E+01    0.580431967973709106E+00    0.263237221646308894E+01    0.154795454839073567E+02    0.155744397824571834E+02   -0.658415052213728359E+03   -0.702775511231550709E+01    1
    0.145352506637573242E+01    0.476346778869628906E+01    0.355847063660621643E+01    0.305194883913897330E+01    0.799380047416773465E+01    0.497791945934295654E+00    0.285795742259068497E+01    0.414811301231384322E+00    0.263963242161273959E+01    0.151376598027848388E+02    0.151107516388074163E+02   -0.658348347250352276E+03   -0.702875511231551275E+01    1
    0.286615371704101562E+01    0.318620061874389648E+01    0.650414705276489258E+00    0.450737749794219145E+01    0.710335857336368903E+01    0.457839083671569780E+00    0.394913325927702186E+01    0.436786371469497725E+00    0.299450641155242936E+01    0.152034044708137657E+02    0.151968251058352024E+02   -0.658055296510880339E+03   -0.702975511231550776E+01    1
    0.335245180130004883E+01    0.296676445007324219E+01    0.799026224017143250E+01    0.530030989181166223E+01    0.793296241502506749E+01    0.568588745594024614E+00    0.335222936686280981E+01    0.949234580993652322E+00    0.284169521063566233E+01    0.150741362826932459E+02    0.150690801533953458E+02   -0.657940566920841206E+03   -0.703075511231546724E+01    1
    0.392654800415039062E+01    0.393989658355712891E+01    0.594711232185363770E+01    0.276285898067629132E+01    0.466399736752844341E+01    0.312400412559509288E+00    0.151936383380333773E+01    0.861718177795410156E+00    0.265059231030941023E+01    0.149593465465480122E+02    0.149548985362379128E+02   -0.657541219281905342E+03   -0.703175511231548889E+01    1
    0.792520618438720703E+01    0.234318923950195312E+01    0.172317939996719360E+01    0.182246770704126537E+01    0.782844619893227112E+01    0.277551114559173584E+00    0.165464596803538799E+01    0.410657632350921675E+00    0.230933321654796586E+01    0.150652631259476344E+02    0.151525190688572788E+02   -0.656942398042724676E+03   -0.703275511231553985E+01    1
    0.142296600341796875E+01    0.315543746948242188E+01    0.250913056731224060E+01    0.161371725090774221E+01    0.642831527642492428E+01    0.242552220821380615E+00    0.204005264978930967E+01    0.468773967027664162E+00    0.276887348568439506E+01    0.150003480813249723E+02    0.150249911207373117E+02   -0.656306063358969027E+03   -0.703375511231551886E+01    1
    0.243043756484985352E+01    0.582529735565185547E+01    0.176082867383956909E+01    0.575681509910210742E+01    0.588718738353306037E+01    0.328812849521636918E+00    0.326868374195252098E+01    0.427912068367004461E+00    0.244201350361108771E+01    0.153021683363140273E+02    0.154296862334908376E+02   -0.654748816345545833E+03   -0.703475511231550765E+01    1
    0.203607845306396484E+01    0.250792551040649414E+01    0.108166071772575378E+01    0.444870370666731496E+01    0.615493156560641808E+01    0.265284407138824452E+00    0.350712295971587906E+01    0.756159359216690086E+00    0.233668805223703391E+01    0.155010064842504161E+02    0.152552439401023143E+02   -0.654689331993419728E+03   -0.703575511231551776E+01    1
    0.219715118408203125E+01    0.572865104675292969E+01    0.254173237085342407E+01    0.370630835745374476E+01    0.584004449335667797E+01    0.448434436321258567E+00    0.270249386571760786E+01    0.613661962747573897E+00    0.224336605232954023E+01    0.151199145865379379E+02    0.151177041106349144E+02   -0.652631631141053163E+03   -0.703675511231548700E+01    1
    0.381142663955688477E+01    0.369980144500732422E+01    0.178152951598167419E+01    0.207454399875180462E+01    0.403043189342725228E+01    0.355303668975830100E+00    0.180475143618105061E+01    0.377508586645126321E+00    0.240853883165121063E+01    0.152355965564353077E+02    0.149810972331384047E+02   -0.651853765381253879E+03   -0.703775511231547224E+01    1
    0.914921760559082031E+00    0.325956010818481445E+01    0.779721829295158386E+01    0.180182290402897549E+01    0.424860626014241571E+01    0.361079967021942116E+00    0.182457209507907625E+01    0.713843488693237327E+00    0.256208030384778951E+01    0.149817285917889009E+02    0.149833506402815129E+02   -0.650818694110198862E+03   -0.703875511231545570E+01    1
    0.318366575241088867E+01    0.571425437927246094E+01    0.742988887429237366E+01    0.466087123068010012E+01    0.765881988206889552E+01    0.374115824699401855E+00    0.221804366098127392E+01    0.492700827121734686E+00    0.237853010177612312E+01    0.149920887961816174E+02    0.150845634074521708E+02   -0.650275258050627826E+03   -0.703975511231547202E+01    1
    0.413554239273071289E+01    0.392180728912353516E+01    0.553466680645942688E+01    0.254977759418214944E+01    0.375439546302617133E+01    0.419932281970977761E+00    0.178954812625409954E+01    0.148338127136230485E+00    0.247478447157144554E+01    0.149840795154682223E+02    0.148929668331266072E+02   -0.649994441911341255E+03   -0.704075511231547946E+01    1
    0.160271930694580078E+01    0.555466747283935547E+01    0.323701950907707214E+01    0.704508768197990154E+01    0.792276177311360197E+01    0.292617619037628174E+00    0.206611729654697207E+01    0.759276568889617920E+00    0.236232218843698494E+01    0.156819257039125883E+02    0.156067858030644313E+02   -0.649911719778378142E+03   -0.704175511231548690E+01    1
    0.146627235412597656E+01    0.547589635848999023E+01    0.754997584223747253E+01    0.527983719771935789E+01    0.561019720681441747E+01    0.256942987442016602E+00    0.317963273424223081E+01    0.912996166944503806E+00    0.294549144935607909E+01    0.152681643779954950E+02    0.152681643779954950E+02   -0.649853309582825545E+03   -0.704275511231548812E+01    1
    0.260644721984863281E+01    0.305181503295898438E+00    0.146549600362777710E+01    0.530669086174381732E+01    0.763488642315887933E+01    0.364886164665222168E+00    0.195843252130616308E+01    0.419535690546035789E+00    0.283074579703807849E+01    0.150351991230489972E+02    0.150194913060657615E+02   -0.649721363424879655E+03   -0.704375511231546003E+01    1
    0.324095773696899414E+01    0.586886644363403320E+01    0.799152135848999023E+00    0.420455032106822824E+01    0.745382927933304451E+01    0.236953413486480718E+00    0.202427724114564667E+01    0.816664683818817183E+00    0.268229183250665670E+01    0.149580018025902355E+02    0.149550039279239027E+02   -0.648585220950672465E+03   -0.704475511231549234E+01    1
    0.449998474121093750E+01    0.670434808731079102E+01    0.714233326911926270E+01    0.323215693204348220E+01    0.721571998197214093E+01    0.306687164306640614E+00    0.195347789025583274E+01    0.645050835609435991E+00    0.305177438551187530E+01    0.148734618700214956E+02    0.148261684085135350E+02   -0.648384002758059751E+03   -0.704575511231552998E+01    1
    0.680047273635864258E+01    0.323127651214599609E+01    0.546180906891822815E+01    0.743168431991295186E+01    0.794602397603291610E+01    0.392311930656433105E+00    0.157341221965569256E+01    0.280196434259414651E+00    0.285357574415206905E+01    0.147300728107264742E+02    0.147086684614381760E+02   -0.648106668113877049E+03   -0.704675511231549656E+01    1
    0.216942071914672852E+01    0.625071525573730469E-01    0.617899063229560852E+01    0.746246639148336488E+01    0.816144041742519022E+01    0.446354043483734086E+00    0.279795963702386619E+01    0.649083322286605813E+00    0.263270499062538121E+01    0.152840799742393507E+02    0.151407268298904043E+02   -0.648068393889604749E+03   -0.704775511231548979E+01    1
    0.193277454376220703E+01    0.511384296417236328E+01    0.220468911528587341E+01    0.650809145024456015E+01    0.722524018373416954E+01    0.312774312496185314E+00    0.310320845753698382E+01    0.374648278951644875E+00    0.240653545629978183E+01    0.155411947240822208E+02    0.155576067513864356E+02   -0.645898900780775762E+03   -0.704875511231552210E+01    1
    0.281377840042114258E+01    0.514755105972290039E+01    0.152859631180763245E+01    0.609908044915813630E+01    0.760259179277793073E+01    0.513827228546142600E+00    0.325048758724635256E+01    0.936588126420974776E+00    0.266695618623495090E+01    0.151814411435553573E+02    0.151263858803086837E+02   -0.645041312551976375E+03   -0.704975511231552154E+01    1
    0.361918115615844727E+01    0.294260311126708984E+01    0.398840326070785522E+01    0.320170151166133765E+01    0.701555862447913547E+01    0.294479286670684792E+00    0.195139656096928715E+01    0.428968429565429688E+00    0.235822763919830303E+01    0.150681439039037031E+02    0.152140666378119889E+02   -0.644138352037876302E+03   -0.705075511231551921E+01    1
    0.140619134902954102E+01    0.381105899810791016E+01    0.373636233806610107E+01    0.542499712239285081E+01    0.606702170836362420E+01    0.366379511356353715E+00    0.348308200543375035E+01    0.553811365365982078E+00    0.280838075202703497E+01    0.154449741156770575E+02    0.155479611146159762E+02   -0.643421420833493130E+03   -0.705175511231552399E+01    1
    0.144127941131591797E+01    0.506205558776855469E+01    0.615125480294227600E+01    0.424337499673882412E+01    0.775076901303781796E+01    0.389197492599487327E+00    0.378348079503504042E+01    0.310133266448974654E+00    0.228761292147636386E+01    0.152804432556911269E+02    0.152436756400457654E+02   -0.643383697817031816E+03   -0.705275511231551899E+01    1
    0.266800355911254883E+01    0.220459699630737305E+01    0.692416954040527344E+01    0.394494941289699907E+01    0.825995699742039946E+01    0.486288022994995073E+00    0.362977195885277393E+01    0.438564997911453314E+00    0.260255563127994538E+01    0.154139469478884905E+02    0.152674878821134143E+02   -0.642806552686092914E+03   -0.705375511231552732E+01    1
    0.158897161483764648E+01    0.702117156982421875E+01    0.601936879754066467E+01    0.634998694204154290E+01    0.782023217976086915E+01    0.280911135673522938E+00    0.193764697949786191E+01    0.470956963300705023E+00    0.262361219978332505E+01    0.153421585874307294E+02    0.153421585874307294E+02   -0.642748883143115336E+03   -0.705475511231554453E+01    1
    0.280037879943847656E+01    0.116211795806884766E+01    0.218738082051277161E+01    0.336578967687506836E+01    0.799438670579300226E+01    0.432631218433380149E+00    0.325473776838431395E+01    0.212734961509704612E+00    0.275203124690055834E+01    0.152429148255518410E+02    0.152377569124826433E+02   -0.642348171448108019E+03   -0.705575511231553776E+01    1
    0.645074224472045898E+01    0.240147542953491211E+01    0.517333748936653137E+01    0.174513777955484684E+01    0.324007799268147600E+01    0.272108232975006081E+00    0.168273217257187957E+01    0.522202765941619851E+00    0.223239892721176147E+01    0.148334851741048155E+02    0.148113026286128449E+02   -0.642089435477959910E+03   -0.705675511231551056E+01    1
    0.646538639068603516E+01    0.789056348800659180E+01    0.304387274384498596E+01    0.429009645159462316E+01    0.735777562158841469E+01    0.293432438373565696E+00    0.154921543251416094E+01    0.981740111112594627E+00    0.267218057864904424E+01    0.147376040082137383E+02    0.147246260171974352E+02   -0.642036167996759445E+03   -0.705775511231549935E+01    1
    0.589487075805664062E+00    0.361959028244018555E+01    0.541654902696609497E+01    0.175926732399342756E+01    0.315048434417414924E+01    0.423033201694488548E+00    0.278943365838749413E+01    0.872597968578338601E+00    0.245133497548103341E+01    0.149825792801428967E+02    0.149903749931361840E+02   -0.641484987660708612E+03   -0.705875511231551123E+01    1
    0.266779518127441406E+01    0.225694513320922852E+01    0.306731569766998291E+01    0.233195509836198234E+01    0.793307401301114012E+01    0.353423118591308594E+00    0.297434108690090193E+01    0.908869749307632424E+00    0.233125137460231757E+01    0.156288918160240407E+02    0.153481020662754748E+02   -0.641314973549930073E+03   -0.705975511231552222E+01    1
    0.158223533630371094E+01    0.335026454925537109E+01    0.259798812866210938E+01    0.437777483918921817E+01    0.798604835194611518E+01    0.401683533191680930E+00    0.444387056743065134E+01    0.369522523880004949E+00    0.238950486814975704E+01    0.155021554459902706E+02    0.153422296824348567E+02   -0.640694241936897583E+03   -0.706075511231553765E+01    1
    0.890218734741210938E+00    0.392783021926879883E+01    0.648948001861572266E+01    0.194867481482654670E+01    0.517273208781625815E+01    0.286963593959808361E+00    0.175624472297266720E+01    0.707288652658462524E+00    0.249597655850648881E+01    0.151079662082578086E+02    0.151583644428468265E+02   -0.640602219723068970E+03   -0.706175511231552999E+01    1
    0.346597957611083984E+01    0.500424623489379883E+01    0.201413246989250183E+01    0.156453085385980173E+01    0.821188440051433055E+01    0.500294518470764116E+00    0.152804137590570455E+01    0.935883992910385154E+00    0.299282108449935924E+01    0.147346101491019645E+02    0.147614110413683246E+02   -0.639483397050229883E+03   -0.706275511231550190E+01    1
    0.440909242630004883E+01    0.454395961761474609E+01    0.780242446064949036E+01    0.227385737225377449E+01    0.740555946637633689E+01    0.455076766014099077E+00    0.191451113661829231E+01    0.833169871568679832E+00    0.281749054592847825E+01    0.148824617038524725E+02    0.149049583138555075E+02   -0.639429151403545575E+03   -0.706375511231548359E+01    1
    0.891723632812500000E+00    0.625498819351196289E+01    0.324071961641311646E+01    0.193659380712868368E+01    0.208569859020610204E+01    0.497931134700775102E+00    0.276310430923851769E+01    0.601495516300201372E+00    0.276492791563272489E+01    0.150507402995323005E+02    0.150867286076446572E+02   -0.638212027779002824E+03   -0.706475511231546882E+01    1
    0.372409629821777344E+01    0.177321958541870117E+01    0.430695402622222900E+01    0.177753765226728611E+01    0.498037143816919947E+01    0.239886176586151134E+00    0.281205076996795533E+01    0.885792827606201150E+00    0.232312745451927194E+01    0.151934075515215010E+02    0.152270676737592634E+02   -0.637791464129384281E+03   -0.706575511231547804E+01    1
    0.126383066177368164E+01    0.715735769271850586E+01    0.419666695594787598E+01    0.470553819888868041E+01    0.740892260275852088E+01    0.400388312339782670E+00    0.289950288984683757E+01    0.344067823886871349E+00    0.305152288192510612E+01    0.152241678210340048E+02    0.152241678210340048E+02   -0.637367825831378241E+03   -0.706675511231549347E+01    1
    0.308504009246826172E+01    0.511401224136352539E+01    0.647897917032241821E+01    0.504263255572733371E+01    0.641353537761358083E+01    0.291242790222167980E+00    0.179365955210629102E+01    0.559976154565811179E+00    0.302323657208681107E+01    0.151942524214738146E+02    0.151549405126122405E+02   -0.637289234043978695E+03   -0.706775511231551956E+01    1
    0.169331884384155273E+01    0.396488761901855469E+01    0.404710429906845093E+01    0.580447976362591156E+01    0.788034761158937069E+01    0.217280054092407221E+00    0.243764418033051511E+01    0.350827312469482400E+00    0.295749115610122670E+01    0.154599439224652837E+02    0.153229430552958874E+02   -0.636783623908696200E+03   -0.706875511231552345E+01    1
    0.185571956634521484E+01    0.720241069793701172E+01    0.750154051184654236E+01    0.475026603406073988E+01    0.819782898224900691E+01    0.324528789520263650E+00    0.312117406499910377E+01    0.344067072868347146E+00    0.221812627577781640E+01    0.152061692295497579E+02    0.152061692295497579E+02   -0.635661412415372524E+03   -0.706975511231549092E+01    1
    0.881590843200683594E-01    0.712405776977539062E+01    0.620811808109283447E+01    0.197886117044374665E+01    0.541389001794804248E+01    0.391786146163940474E+00    0.162961024508912566E+01    0.308887434005737316E+00    0.226710900300741169E+01    0.148875464887545803E+02    0.148739829436324946E+02   -0.635230883987841139E+03   -0.707075511231549747E+01    1
    0.158608388900756836E+01    0.455504083633422852E+01    0.472116979956626892E+01    0.481549061576759385E+01    0.754627129826684317E+01    0.436868357658386275E+00    0.366817088316701057E+01    0.968494772911071777E+00    0.289899344599246955E+01    0.152987740504834413E+02    0.153262510993453116E+02   -0.633636446470179749E+03   -0.707175511231550757E+01    1
    0.122095632553100586E+01    0.338300561904907227E+01    0.513202074170112610E+01    0.169214745779707321E+01    0.280346784050155229E+01    0.416058170795440718E+00    0.189140304479587673E+01    0.268468636274337813E+00    0.256542894506454466E+01    0.149029356539740494E+02    0.149316357597609066E+02   -0.633559892251261090E+03   -0.707275511231550791E+01    1
    0.477487468719482422E+01    0.302987766265869141E+01    0.661196756362915039E+01    0.585867715376837772E+01    0.726001174882256439E+01    0.294323575496673595E+00    0.172522331046797039E+01    0.634241372346878052E+00    0.227018610131740539E+01    0.148305620871945845E+02    0.149109506679919495E+02   -0.633512689334247739E+03   -0.707375511231550114E+01    1
    0.212968444824218750E+01    0.287330722808837891E+01    0.617482784390449524E+01    0.459181924069417668E+01    0.517393357449474944E+01    0.277378702163696311E+00    0.177017361896724101E+01    0.275947546958923318E+00    0.268954788810014733E+01    0.150781693586936285E+02    0.151844617512273441E+02   -0.632977186766682394E+03   -0.707475511231550946E+01    1
    0.205159187316894531E-01    0.629160165786743164E+01    0.773133814334869385E+00    0.166163153573789879E+01    0.637603194259347106E+01    0.394693481922149703E+00    0.178711243731466540E+01    0.549121791124343894E+00    0.294156227511167545E+01    0.147884252423750056E+02    0.147777314792929992E+02   -0.632338230845072758E+03   -0.707575511231550625E+01    1
    0.442089796066284180E+01    0.158980941772460938E+01    0.732139217853546143E+01    0.271399901782275599E+01    0.600172896816178891E+01    0.160924661159515370E+00    0.222247102194567914E+01    0.972233074903488204E+00    0.298272136843204505E+01    0.149168874494825197E+02    0.150888378666617147E+02   -0.631791310181863651E+03   -0.707675511231548171E+01    1
    0.469342565536499023E+01    0.163621425628662109E+01    0.173792260885238647E+01    0.301345978918984336E+01    0.789158166280147277E+01    0.430487024784088179E+00    0.227426089868504411E+01    0.554767411947250433E+00    0.232109548771381347E+01    0.149007277616643172E+02    0.148887157518399693E+02   -0.630808847944151921E+03   -0.707775511231550514E+01    1
    0.583303594589233398E+01    0.373020315170288086E+01    0.676397728919982910E+01    0.578060198806449854E+01    0.640226223895894009E+01    0.451209878921508767E+00    0.160007458149051662E+01    0.339030635356903087E+00    0.226921976077556575E+01    0.147500518235002485E+02    0.148183102925134360E+02   -0.630286283680467477E+03   -0.707875511231553034E+01    1
    0.108400583267211914E+01    0.597403860092163086E+01    0.299175071716308594E+01    0.404268927886823981E+01    0.601094909098388808E+01    0.437211823463439897E+00    0.311198633038444505E+01    0.731902748346328735E+00    0.251664053851366054E+01    0.152233960216736914E+02    0.152180313344129310E+02   -0.629917494753783330E+03   -0.707975511231552090E+01    1
    0.264359855651855469E+01    0.198567581176757812E+01    0.218286219239234924E+01    0.367806924437029092E+01    0.571677728641519867E+01    0.493166959285736062E+00    0.503478236619631669E+01    0.216937607526779180E+00    0.249954451894760110E+01    0.154548297530249226E+02    0.152911299468532356E+02   -0.629759378628390664E+03   -0.708075511231552213E+01    1
    0.314907836914062500E+01    0.191538906097412109E+01    0.969287782907485962E+00    0.361007416692297944E+01    0.375133033137931626E+01    0.458481562137603715E+00    0.386251794050616626E+01    0.934061378240585327E+00    0.290048263061046585E+01    0.152265140777547536E+02    0.151788242768155932E+02   -0.629747986828856028E+03   -0.708175511231552246E+01    1
    0.156787157058715820E+01    0.700483369827270508E+01    0.717685240507125854E+01    0.596262734499936364E+01    0.601937543666388297E+01    0.423460102081298806E+00    0.348932172389997852E+01    0.607675164937973022E+00    0.242998505359888073E+01    0.153221601524482338E+02    0.153221601524482338E+02   -0.629254816421231567E+03   -0.708275511231552013E+01    1
    0.641905784606933594E+00    0.180798482894897461E+01    0.738093677163124084E+01    0.160763422428364211E+01    0.672330418833174104E+01    0.475033617019653298E+00    0.473215068384248649E+01    0.759111881256103516E+00    0.264821016144752486E+01    0.153501579614237276E+02    0.153501579614237276E+02   -0.629008681757226668E+03   -0.708375511231552402E+01    1
    0.267863225936889648E+01    0.119497776031494141E+01    0.242295655608177185E+01    0.270598730096768492E+01    0.346249500680315547E+01    0.449503099918365456E+00    0.398132021618218435E+01    0.192642265558242820E+00    0.304415681248903258E+01    0.155605659492053778E+02    0.153223377297206120E+02   -0.628746331335775494E+03   -0.708475511231548261E+01    1
    0.265664386749267578E+01    0.371842193603515625E+01    0.285098034143447876E+01    0.238487050337674322E+01    0.813002392433711663E+01    0.482760846614837646E+00    0.285706511936835028E+01    0.444710099697113059E+00    0.242389492207765578E+01    0.150181621046272120E+02    0.150598489342417299E+02   -0.628636111412835930E+03   -0.708575511231548649E+01    1
    0.254957675933837891E+01    0.701202392578125000E+00    0.807575613260269165E+00    0.295273284477407927E+01    0.701244997677525905E+01    0.363904976844787620E+00    0.252506854915224288E+01    0.730461651086807273E+00    0.254313702332973479E+01    0.151256382448000082E+02    0.151891346032141694E+02   -0.628248238713617070E+03   -0.708675511231549748E+01    1
    0.188894414901733398E+01    0.628796529769897461E+01    0.639489012956619263E+01    0.282806682432415935E+01    0.783945976201009032E+01    0.329500353336334206E+00    0.265373312360143077E+01    0.925967651605606124E+00    0.270662594312429405E+01    0.150040427340823221E+02    0.149739400759534540E+02   -0.627021859210629827E+03   -0.708775511231548361E+01    1
    0.119546508789062500E+01    0.368126153945922852E+01    0.104979830980300903E+01    0.776656516166863931E+01    0.781179977090542366E+01    0.321588873863220215E+00    0.164024530406919711E+01    0.243367022275924688E+00    0.228117048251628862E+01    0.149084525363793094E+02    0.149731554520217465E+02   -0.625702944522912048E+03   -0.708875511231548483E+01    1
    0.275191116333007812E+01    0.224529170989990234E+01    0.454099062085151672E+01    0.499527101799777373E+01    0.771857511930773832E+01    0.359074103832244917E+00    0.378594850442503716E+01    0.144193309545516984E+00    0.238467508840560916E+01    0.153958139867800909E+02    0.152603961505118040E+02   -0.625171495242793867E+03   -0.708975511231547539E+01    1
    0.318437623977661133E+01    0.113620758056640625E+01    0.842719256877899170E+00    0.802301249428293062E+01    0.804371171524979545E+01    0.306973445415496815E+00    0.218097465271372215E+01    0.236546272039413474E+00    0.302237913209199904E+01    0.151012444292039429E+02    0.152269638199682955E+02   -0.624885139277856410E+03   -0.709075511231549882E+01    1
    0.193483066558837891E+01    0.392440319061279297E+00    0.409462097287178040E+01    0.396602005562099791E+01    0.644354213809614862E+01    0.343208229541778542E+00    0.200446298633773345E+01    0.596020913124084450E+00    0.305556338572502151E+01    0.152298221998929524E+02    0.150703169029282140E+02   -0.624381517675429109E+03   -0.709175511231553379E+01    1
    0.205602216720581055E+01    0.485006618499755859E+01    0.493783462047576904E+01    0.606052429008327831E+01    0.810083766116500925E+01    0.412077522277832009E+00    0.299855281691936248E+01    0.806276005506515459E+00    0.254411495226621609E+01    0.153443760183124986E+02    0.152188932018395864E+02   -0.624064372787802768E+03   -0.709275511231555900E+01    1
    0.268904876708984375E+01    0.301465415954589844E+01    0.799159887433052063E+01    0.435389554862184092E+01    0.716992686570747750E+01    0.436575353145599365E+00    0.413425629215754853E+01    0.349518662691116311E+00    0.221358043700456619E+01    0.153061122115389967E+02    0.152648725983209559E+02   -0.624051672288383998E+03   -0.709375511231555222E+01    1
    0.112995624542236328E+01    0.386890840530395508E+01    0.744799959659576416E+01    0.265136330941263765E+01    0.274473884934096191E+01    0.325382840633392290E+00    0.166584245224865080E+01    0.608887416124343828E+00    0.225427452701330155E+01    0.149869082920364942E+02    0.149846668051332230E+02   -0.623856962994958621E+03   -0.709475511231548772E+01    1
    0.156634664535522461E+01    0.509220170974731445E+01    0.224043536186218262E+01    0.580877194304686650E+01    0.710280979064104212E+01    0.347275137901306152E+00    0.328245467039098759E+01    0.535797703266143843E+00    0.261128624683618549E+01    0.155479742679207771E+02    0.157877921365758933E+02   -0.623181199965531050E+03   -0.709575511231547384E+01    1
    0.237612342834472656E+01    0.450209140777587891E+01    0.111625495553016663E+01    0.458775104382504217E+01    0.505164210115844980E+01    0.397930300235748269E+00    0.325659281982021920E+01    0.523234879970550515E+00    0.247418870663642876E+01    0.153507259928365833E+02    0.153193461407822440E+02   -0.622014504914822965E+03   -0.709675511231547862E+01    1
    0.328541135787963867E+01    0.604655551910400391E+01    0.278485092520713806E+01    0.603630344354954040E+01    0.693215849099837378E+01    0.438046240806579612E+00    0.362157045411543255E+01    0.125919097661972040E+00    0.229682134324312193E+01    0.151858197098631909E+02    0.151208393358193831E+02   -0.620992232588514298E+03   -0.709775511231546563E+01    1
    0.609415054321289062E+00    0.251489067077636719E+01    0.413305255770683289E+01    0.273855709305038975E+01    0.789617986938592598E+01    0.239591598510742188E+00    0.272654976287666573E+01    0.903276270627975442E+00    0.224714477986097316E+01    0.155229563869326643E+02    0.155771033005372725E+02   -0.620257700367278517E+03   -0.709875511231552725E+01    1
    0.619608354568481445E+01    0.249414396286010742E+01    0.707097846269607544E+01    0.382668256797527873E+01    0.603156052858741365E+01    0.447456073760986284E+00    0.151663782611213915E+01    0.349186283349990856E+00    0.229752190977334969E+01    0.147814219392152086E+02    0.147927048790333320E+02   -0.620062522839791313E+03   -0.709975511231554801E+01    1
    0.137070512771606445E+01    0.111465072631835938E+01    0.407387855648994446E+01    0.205651232685307983E+01    0.319014755303046371E+01    0.278029119968414284E+00    0.165132437996373183E+01    0.728951835632324241E+00    0.284054993313550952E+01    0.152162076155928698E+02    0.151367809048252830E+02   -0.618056289921645089E+03   -0.710075511231553769E+01    1
    0.300993680953979492E+01    0.525215625762939453E+01    0.246575433015823364E+01    0.245183904487856674E+01    0.583192310437532058E+01    0.369928538799285889E+00    0.173109372640438086E+01    0.381976020336151190E+00    0.273304060071706756E+01    0.148518557100320816E+02    0.149313383826559445E+02   -0.617805485713506300E+03   -0.710175511231549716E+01    1
    0.178095006942749023E+01    0.785236883163452148E+01    0.563727337121963501E+01    0.662599768103939102E+01    0.684495620126367044E+01    0.237760472297668446E+00    0.256503647554402958E+01    0.221224153041839622E+00    0.240447332930564883E+01    0.153773018069969698E+02    0.153691008455615599E+02   -0.617387282498536592E+03   -0.710275511231548595E+01    1
    0.158561134338378906E+01    0.233311319351196289E+01    0.387374240159988403E+01    0.374112508900479268E+01    0.571488653966039628E+01    0.260636174678802512E+00    0.171819802361461527E+01    0.971241998672485396E+00    0.258335143476724616E+01    0.153971725657126211E+02    0.154363070676374452E+02   -0.617193894800715725E+03   -0.710375511231548451E+01    1
    0.194455862045288086E+01    0.529410409927368164E+01    0.359138670563697815E+01    0.768586334598603660E+01    0.772344771783228978E+01    0.329002428054809559E+00    0.310484576990906636E+01    0.836904954910278276E+00    0.220827710181474668E+01    0.156488353888462957E+02    0.155873316082465347E+02   -0.616707985380070681E+03   -0.710475511231546175E+01    1
    0.147508478164672852E+01    0.222326755523681641E+01    0.222463044524192810E+01    0.244740574886144380E+01    0.566905990195899268E+01    0.285160398483276345E+00    0.209915599743708992E+01    0.914973974227905273E+00    0.288553451240062708E+01    0.155229333364561093E+02    0.153995819122348010E+02   -0.615822057535858448E+03   -0.710575511231550738E+01    1
    0.471682548522949219E+01    0.221308040618896484E+01    0.247002261877059937E+01    0.219464069486514557E+01    0.592906080174441996E+01    0.506091022491455100E+00    0.337906036973726165E+01    0.742028516530990556E+00    0.263823047888278950E+01    0.152404371889634813E+02    0.151312361116292475E+02   -0.613835677501475516E+03   -0.710675511231549617E+01    1
    0.409516191482543945E+01    0.561818790435791016E+01    0.547984334826469421E+01    0.330536453305678224E+01    0.389586502770117082E+01    0.463711512088775590E+00    0.186165818092026125E+01    0.754351443052291848E+00    0.300452936083078370E+01    0.148887883246411707E+02    0.148853940362674368E+02   -0.613757875447325659E+03   -0.710775511231548851E+01    1
    0.485246181488037109E+00    0.359417486190795898E+01    0.284707370400428772E+01    0.175565479730171314E+01    0.274123251015717262E+01    0.346643602848052956E+00    0.221666037751698486E+01    0.464511293172836348E+00    0.303403123760223403E+01    0.152973656146096229E+02    0.151304212548429380E+02   -0.613620974950296386E+03   -0.710875511231553237E+01    1
    0.311394357681274414E+01    0.463961267471313477E+01    0.254370290040969849E+01    0.203556366968095892E+01    0.258789859723265270E+01    0.506464028358459495E+00    0.320687573358058353E+01    0.984478968381881758E+00    0.269646863931417480E+01    0.153348484450681362E+02    0.150434791264911496E+02   -0.613417510060750260E+03   -0.710975511231552026E+01    1
    0.188611316680908203E+01    0.202246713638305664E+01    0.499597194790840149E+01    0.278739773765145094E+01    0.496063491524909139E+01    0.314262259006500233E+00    0.227551396565037978E+01    0.925682264566421553E+00    0.230235067743062949E+01    0.152485946472031735E+02    0.152404846877163003E+02   -0.612382690103425375E+03   -0.711075511231553037E+01    1
    0.165774011611938477E+01    0.729728269577026367E+01    0.559969696402549744E+01    0.374406874087935382E+01    0.416824717407131118E+01    0.365767502784729026E+00    0.238314537347358479E+01    0.274309360980987571E+00    0.260752679955959321E+01    0.151229041891483469E+02    0.151299873908967282E+02   -0.610950376316049187E+03   -0.711175511231555468E+01    1
    0.155245351791381836E+01    0.293652963638305664E+01    0.593675631284713745E+01    0.511971471308794523E+01    0.551256767883480148E+01    0.429221916198730513E+00    0.354881999043802621E+01    0.268939203023910500E+00    0.273974972456693644E+01    0.152962660652481546E+02    0.152910963954006967E+02   -0.609374205273150778E+03   -0.711275511231549729E+01    1
    0.138588714599609375E+01    0.502929210662841797E+01    0.172521787881851196E+01    0.550901860444308156E+01    0.663794148803478912E+01    0.322709107398986839E+00    0.281556021134957657E+01    0.732442355155944802E+00    0.252270734143257158E+01    0.157437405255392004E+02    0.157543354158688302E+02   -0.609256959077656006E+03   -0.711375511231544433E+01    1
    0.409461975097656250E+00    0.582651281356811523E+01    0.330237376689910889E+01    0.162465354161238618E+01    0.192645473411155721E+01    0.467053508758544900E+00    0.198534891204878106E+01    0.382921659946441673E+00    0.290414921891689293E+01    0.148350655292593849E+02    0.148839698887528762E+02   -0.608453216457940016E+03   -0.711475511231546065E+01    1
    0.132376956939697266E+01    0.474090528488159180E+01    0.249136897921562195E+01    0.214292562514607043E+01    0.230660950699209444E+01    0.278296661376953136E+00    0.384831366863675717E+01    0.795024621486663863E+00    0.246800237625837315E+01    0.155839817997800179E+02    0.151558243718762462E+02   -0.608380507368020517E+03   -0.711575511231552138E+01    1
    0.451720046997070312E+01    0.269258880615234375E+01    0.704206290841102600E+01    0.226063404209072072E+01    0.781470429763222896E+01    0.281740725040435791E+00    0.434559980465514073E+01    0.879103827476501509E+00    0.275675855284929261E+01    0.150973274618452944E+02    0.151755467222244178E+02   -0.608127331956440571E+03   -0.711675511231550573E+01    1
    0.631709432601928711E+01    0.252873229980468750E+01    0.131076562404632568E+01    0.178095070126140609E+01    0.537451161239189901E+01    0.347873020172119130E+00    0.439483658413634259E+01    0.860719323158264160E+00    0.293951259678602206E+01    0.151115880561194285E+02    0.152744851270995383E+02   -0.608060051221154822E+03   -0.711775511231547409E+01    1
    0.127166414260864258E+01    0.639276409149169922E+01    0.312694299221038818E+01    0.335832077937142071E+01    0.385679185688068005E+01    0.267594754695892334E+00    0.179376201754809017E+01    0.613216072320938110E+00    0.229904115337133375E+01    0.153338509383989994E+02    0.155218657046761273E+02   -0.607979724634136232E+03   -0.711875511231553126E+01    1
    0.343529081344604492E+01    0.604408884048461914E+01    0.729946690797805786E+01    0.231967358918648525E+01    0.699241563126678489E+01    0.438496065139770463E+00    0.208895855128136887E+01    0.734940725564956709E+00    0.294274687218666076E+01    0.148429259919567365E+02    0.148720012657844265E+02   -0.607632262973847446E+03   -0.711975511231554670E+01    1
    0.139658355712890625E+01    0.687380552291870117E+01    0.607520657777786255E+01    0.413748933719018908E+01    0.721386516890956475E+01    0.200692844390869152E+00    0.201661367997775098E+01    0.156023353338241577E+00    0.239473791390657409E+01    0.151861707945672624E+02    0.151861707945672624E+02   -0.607329048061202229E+03   -0.712075511231549907E+01    1
    0.225357055664062500E+01    0.281079244613647461E+01    0.233571815490722656E+01    0.417863778389448548E+01    0.513997287860988283E+01    0.243611299991607660E+00    0.307673394901212482E+01    0.815150040388107344E+00    0.229825552093982699E+01    0.154532590326180816E+02    0.153812133153557902E+02   -0.607296977281837371E+03   -0.712175511231547542E+01    1
    0.109693527221679688E+01    0.385970354080200195E+01    0.266067895293235779E+01    0.323629020452628158E+01    0.451477822046665178E+01    0.470716047286987349E+00    0.430076050038448621E+01    0.467452442646026589E+00    0.282761278092861179E+01    0.152936863217135564E+02    0.152831031811767755E+02   -0.607026564896326931E+03   -0.712275511231546421E+01    1
    0.224665832519531250E+01    0.272533607482910156E+01    0.316443133354187012E+01    0.412122479564201427E+01    0.545633587367594242E+01    0.253437268733978260E+00    0.162686502512758979E+01    0.141805875301361101E+00    0.246603639751672743E+01    0.153374586896725855E+02    0.155321683827828796E+02   -0.606202659874226583E+03   -0.712375511231549119E+01    1
    0.315986204147338867E+01    0.292908668518066406E+00    0.718574705719947815E+01    0.526855105079626718E+01    0.701227903748513448E+01    0.430255103111267134E+00    0.198402113069880004E+01    0.228568202257156378E+00    0.249619967305660229E+01    0.149377992149073346E+02    0.149402566542361335E+02   -0.605367919434912324E+03   -0.712475511231554925E+01    1
    0.101786136627197266E+01    0.501394796371459961E+01    0.167931589484214783E+01    0.204235355516555295E+01    0.214933752944738599E+01    0.365416884422302246E+00    0.396962421294015044E+01    0.955875086784362837E+00    0.301968171817064279E+01    0.154830882367048357E+02    0.155906374522779991E+02   -0.605032481874708878E+03   -0.712575511231552827E+01    1
    0.256670475006103516E+01    0.159102582931518555E+01    0.563933464884757996E+01    0.530036088570991559E+01    0.689892875010070217E+01    0.339101123809814442E+00    0.340500333878278738E+01    0.677388083934783891E+00    0.267274648702144635E+01    0.151912540572054429E+02    0.152600527232305900E+02   -0.604631301153391746E+03   -0.712675511231549308E+01    1
    0.299621391296386719E+01    0.245313978195190430E+01    0.685953947901725769E+01    0.236668912314975000E+01    0.238581926877471329E+01    0.443884766101837136E+00    0.226056895402463098E+01    0.383128672838211060E+00    0.240607014936208730E+01    0.148981746643744550E+02    0.148918576371398199E+02   -0.603456997893030234E+03   -0.712775511231546943E+01    1
    0.131180477142333984E+01    0.702604246139526367E+01    0.471980723738670349E+01    0.525611902162347011E+01    0.601272788380235657E+01    0.395819437503814653E+00    0.392618740440412184E+01    0.921050196886062600E+00    0.228610389995574925E+01    0.153999360516598998E+02    0.153930458497082565E+02   -0.603308224968439504E+03   -0.712875511231544934E+01    1
    0.209719181060791016E+00    0.279567241668701172E+01    0.114431130886077881E+01    0.153058428317581630E+01    0.650001144675263465E+01    0.415137064456939653E+00    0.311851850229914174E+01    0.867241114377975464E+00    0.274954718089103700E+01    0.150185492319975324E+02    0.149462903599086268E+02   -0.603012474711017148E+03   -0.712975511231545589E+01    1
    0.267574977874755859E+01    0.668830633163452148E+01    0.291194963455200195E+01    0.400112292070198716E+01    0.746212794821867931E+01    0.498469328880310036E+00    0.200189921559605022E+01    0.536615133285522461E+00    0.288031199234724067E+01    0.150483037002579749E+02    0.148716352323181749E+02   -0.602627835716843492E+03   -0.713075511231547310E+01    1
    0.486341476440429688E+00    0.148271083831787109E+01    0.583602818846702576E+01    0.224444518482045607E+01    0.620443649018271248E+01    0.371989333629608177E+00    0.334121646656610372E+01    0.594548809528350874E+00    0.262881093579530711E+01    0.154061535793747169E+02    0.154061535793747169E+02   -0.602570979979917070E+03   -0.713175511231551518E+01    1
    0.392877101898193359E+00    0.763901853561401367E+01    0.991223335266113281E+00    0.232081180182068314E+01    0.692977851852688076E+01    0.452028381824493453E+00    0.205635105912548877E+01    0.853205543756484941E+00    0.226787626606225956E+01    0.149377476667243343E+02    0.149452154012509748E+02   -0.602237053436017391E+03   -0.713275511231555459E+01    1
    0.981068611145019531E+00    0.649426937103271484E+01    0.210901114344596863E+01    0.229486717110574023E+01    0.594184830916897422E+01    0.361708104610443115E+00    0.230964349655631773E+01    0.409197169542312666E+00    0.259075378751754748E+01    0.149468084863344490E+02    0.149209509922174757E+02   -0.601695324302675772E+03   -0.713375511231552295E+01    1
    0.127337646484375000E+01    0.507336997985839844E+01    0.369644123315811157E+01    0.261431385081133749E+01    0.551592204086509774E+01    0.242008912563323964E+00    0.209622932825570096E+01    0.655635422468185403E+00    0.286426687318086604E+01    0.150019136243637075E+02    0.150221777781063288E+02   -0.600934711137448517E+03   -0.713475511231551707E+01    1
    0.200309991836547852E+01    0.371979093551635742E+01    0.626759204268455505E+01    0.269493583028537920E+01    0.506961863288508141E+01    0.390959775447845437E+00    0.266873150264478332E+01    0.292557662725448586E+00    0.248813551670312894E+01    0.150851457753716911E+02    0.151586881579421053E+02   -0.600432577403684718E+03   -0.713575511231552095E+01    1
    0.989032745361328125E+00    0.751300048828125000E+01    0.692990320920944214E+01    0.351697690144413277E+01    0.468118542849345776E+01    0.364544844627380349E+00    0.229050167121021175E+01    0.681864207983016946E+00    0.276358482575416575E+01    0.151081768981355289E+02    0.151081768981355289E+02   -0.600138567025028351E+03   -0.713675511231547333E+01    1
    0.474490547180175781E+01    0.118545579910278320E+01    0.305253762006759644E+01    0.346800151173034221E+01    0.612218465656711164E+01    0.307656693458557118E+00    0.158866676230354309E+01    0.159355515241622947E+00    0.226898996645212181E+01    0.147789075920616906E+02    0.147798877300530300E+02   -0.600119321763134963E+03   -0.713775511231547721E+01    1
    0.669237613677978516E+00    0.351463222503662109E+01    0.149240794777870178E+01    0.239062771285354847E+01    0.523790287896823692E+01    0.189754903316497803E+00    0.194221523044474131E+01    0.259620404243469216E+00    0.234846383476257303E+01    0.152923276944168105E+02    0.154474334962535984E+02   -0.600106278187837347E+03   -0.713875511231551751E+01    1
    0.147253608703613281E+01    0.382515382766723633E+01    0.562429147958755493E+01    0.580162148798760402E+01    0.664501046884541946E+01    0.249834704399108876E+00    0.302830408488509040E+01    0.853693974018096879E+00    0.249816575300693522E+01    0.153814071155144863E+02    0.153808590052663146E+02   -0.599586664673682776E+03   -0.713975511231553206E+01    1
    0.440040922164916992E+01    0.696715784072875977E+01    0.440639737248420715E+01    0.591801362097124084E+01    0.805681548312489859E+01    0.355270481109619118E+00    0.153715653083242176E+01    0.346192187070846535E+00    0.295796142226457626E+01    0.149178175218244675E+02    0.148767605455272225E+02   -0.599196666710707973E+03   -0.714075511231547910E+01    1
    0.332998371124267578E+01    0.603932666778564453E+01    0.653834629058837891E+01    0.336187116450468482E+01    0.690823881608458024E+01    0.377929353713989280E+00    0.166113331131929765E+01    0.581435436010360740E+00    0.237536940509080896E+01    0.148862040132040239E+02    0.148973595408752804E+02   -0.598552420540143885E+03   -0.714175511231547588E+01    1
    0.138227987289428711E+01    0.323009586334228516E+01    0.166737961769104004E+01    0.403002422835458773E+01    0.767843192820275355E+01    0.305105340480804454E+00    0.280698299999230505E+01    0.545701438188552879E+00    0.268489077037572876E+01    0.157061418678849414E+02    0.156934074723545667E+02   -0.597713032531980389E+03   -0.714275511231552063E+01    1
    0.604962587356567383E+01    0.150124406814575195E+01    0.306856694817543030E+01    0.193604160303135120E+01    0.445696701730773714E+01    0.231622934341430664E+00    0.271309903894382121E+01    0.747812110185623213E+00    0.273716647404432312E+01    0.149810412018812613E+02    0.152138452437795131E+02   -0.597640816813680772E+03   -0.714375511231548810E+01    1
    0.256250858306884766E+01    0.345163488388061523E+01    0.447746115922927856E+01    0.216234980454256354E+01    0.648413827245647134E+01    0.461408710479736306E+00    0.371330264088613404E+01    0.617371779680252031E+00    0.273120108222961422E+01    0.151468746326097250E+02    0.151676390784500850E+02   -0.597558010825461793E+03   -0.714475511231548044E+01    1
    0.309114313125610352E+01    0.297931766510009766E+01    0.591799828410148621E+01    0.506782713442599420E+01    0.622332918046392169E+01    0.417596578598022461E+00    0.290054889123187065E+01    0.479688626527786321E+00    0.292506298196315750E+01    0.152558475654166141E+02    0.151909225850809744E+02   -0.596722107232722578E+03   -0.714575511231547544E+01    1
    0.247703456878662109E+01    0.645419359207153320E+01    0.788870978355407715E+01    0.676935754489220542E+01    0.765540893398846833E+01    0.273224389553070046E+00    0.328920244667280315E+01    0.646773672103881814E+00    0.242474795949459043E+01    0.153014942857954317E+02    0.150743662562618201E+02   -0.596510122153754082E+03   -0.714675511231546512E+01    1
    0.182585525512695312E+01    0.595385599136352539E+01    0.637681365013122559E+00    0.387750422221849522E+01    0.803477229018626105E+01    0.402524065971374467E+00    0.275502234751660824E+01    0.126621407270431530E+00    0.252054557448625571E+01    0.151593027852887445E+02    0.151590224597837544E+02   -0.596146200530240094E+03   -0.714775511231545746E+01    1
    0.199771261215209961E+01    0.634781122207641602E+01    0.654826062917709351E+01    0.599220306876958819E+01    0.756942062494388601E+01    0.443173301219940141E+00    0.371211148012521885E+01    0.543137997388839722E+00    0.220847622990608183E+01    0.152917547708281631E+02    0.153075364552388145E+02   -0.595803477556741200E+03   -0.714875511231547112E+01    1
    0.293869400024414062E+01    0.267090988159179688E+01    0.254064339399337769E+01    0.160779484001457362E+01    0.711279766632210197E+01    0.281960451602935813E+00    0.153955379523118130E+01    0.477059042453765847E+00    0.258795835298299792E+01    0.154305305567619122E+02    0.150413790118227446E+02   -0.595651775673101497E+03   -0.714975511231553895E+01    1
    0.215273141860961914E+01    0.181301641464233398E+01    0.406862992048263550E+01    0.226026326181663073E+01    0.410279376601209567E+01    0.372262740135192893E+00    0.249202984826212504E+01    0.247555828094482427E+00    0.255060915946960431E+01    0.152501315851006023E+02    0.151421568244877758E+02   -0.594898805255519051E+03   -0.715075511231556238E+01    1
    0.255136775970458984E+01    0.692930269241333008E+01    0.453569683432579041E+01    0.310102249808390784E+01    0.680633381228919454E+01    0.465816760063171409E+00    0.223521943066285855E+01    0.564751720428466775E+00    0.260145255780220008E+01    0.149421128405662564E+02    0.149815026987445545E+02   -0.594855243046701162E+03   -0.715175511231552363E+01    1
    0.101783180236816406E+01    0.379117441177368164E+01    0.755881014466285706E+01    0.177971418922341451E+01    0.549355113854177901E+01    0.301434111595153820E+00    0.166661521245555289E+01    0.719298940896987871E+00    0.253369845300912866E+01    0.150561297464346318E+02    0.150347594962465028E+02   -0.594691275671117637E+03   -0.715275511231548489E+01    1
    0.155517005920410156E+01    0.452479076385498047E+01    0.297326046228408813E+01    0.473162322116997380E+01    0.648946100703395512E+01    0.328852832317352295E+00    0.311939372794784298E+01    0.824943643808364824E+00    0.234715024721622445E+01    0.153132457566609101E+02    0.155444436653957734E+02   -0.594231349463086417E+03   -0.715375511231551631E+01    1
    0.757953405380249023E+01    0.669828748703002930E+01    0.565951496362686157E+00    0.582736849780663135E+01    0.772426790832488219E+01    0.486206698417663619E+00    0.161706890195224884E+01    0.431066989898681641E+00    0.258335371196269969E+01    0.147181676245440318E+02    0.147169555655163435E+02   -0.592416072559539089E+03   -0.715475511231555394E+01    1
    0.595964431762695312E+01    0.367950534820556641E+01    0.570622313022613525E+01    0.310673510525134056E+01    0.673311183049389772E+01    0.341284906864166238E+00    0.172345578159693469E+01    0.499674355983734109E+00    0.224070674347877485E+01    0.147979301964805625E+02    0.147462054794265285E+02   -0.591935807989099658E+03   -0.715575511231553918E+01    1
    0.409728813171386719E+01    0.642704343795776367E+01    0.720257389545440674E+01    0.304221674798311925E+01    0.432973310410690093E+01    0.509438526630401567E+00    0.218577345090464981E+01    0.786262971162795976E+00    0.288584137713909161E+01    0.149268722935185689E+02    0.149351512603252008E+02   -0.590307331231073363E+03   -0.715675511231548889E+01    1
    0.289967155456542969E+01    0.234294223785400391E+01    0.556566643714904785E+01    0.536397577061633335E+01    0.544382840646745070E+01    0.523470950126647905E+00    0.309749600915668033E+01    0.700876510143280007E+00    0.287696851277351406E+01    0.151984488047361452E+02    0.151169819825241873E+02   -0.589474820591662137E+03   -0.715775511231549810E+01    1
    0.235714530944824219E+01    0.618284654617309570E+01    0.614479649066925049E+01    0.464286154562074138E+01    0.769225166462331522E+01    0.301220321655273460E+00    0.186178839741921420E+01    0.995963114500045821E+00    0.293221165513992332E+01    0.150290915563511351E+02    0.150833337223285060E+02   -0.589325036788536636E+03   -0.715875511231551975E+01    1
    0.336729907989501953E+01    0.278533983230590820E+01    0.263810458779335022E+01    0.269220130817947334E+01    0.829197396861386338E+01    0.490781080722808793E+00    0.480306744305102828E+01    0.606646859645843528E+00    0.228422450524568532E+01    0.152575996288193299E+02    0.152513445468442743E+02   -0.589304418341685732E+03   -0.715975511231550943E+01    1
    0.393811607360839844E+01    0.503210544586181641E+00    0.293792414665222168E+01    0.304694740304458733E+01    0.594304166048467319E+01    0.454843413829803422E+00    0.298392800979923623E+01    0.705677396059036233E+00    0.270190541815757745E+01    0.151457712188832208E+02    0.151393581230586562E+02   -0.587530735929112666E+03   -0.716075511231549466E+01    1
    0.115341472625732422E+01    0.468761730194091797E+01    0.559228736162185669E+01    0.227580238240124055E+01    0.320540737578909685E+01    0.238682794570922840E+00    0.182856824730924372E+01    0.200084054470062278E+00    0.302918809831142433E+01    0.149484040072141191E+02    0.149802587534233584E+02   -0.585455553393327250E+03   -0.716175511231550654E+01    1
    0.265641546249389648E+01    0.559759807586669922E+01    0.805625647306442261E+00    0.231742453358509781E+01    0.699120250040037217E+01    0.373699080944061235E+00    0.165279518599289066E+01    0.730093276500701882E+00    0.295658452868461596E+01    0.148433022302449924E+02    0.148947752632466450E+02   -0.585430766823491808E+03   -0.716275511231549800E+01    1
    0.175655078887939453E+01    0.377264165878295898E+01    0.387183266878128052E+01    0.414602664401206233E+01    0.678942581177225613E+01    0.338966226577758767E+00    0.407948424412248745E+01    0.736912310123443604E+00    0.253180286490917217E+01    0.153808074403125019E+02    0.152775944285646634E+02   -0.584961689251297457E+03   -0.716375511231549744E+01    1
    0.516966629028320312E+01    0.734413146972656250E+00    0.231894585490226746E+01    0.170298315044413617E+01    0.278744884412167737E+01    0.337444806098938010E+00    0.259525524208796643E+01    0.871163630485534690E+00    0.275444163298606881E+01    0.153062161815144986E+02    0.152525730144296272E+02   -0.584026432187230398E+03   -0.716475511231552620E+01    1
    0.419571018218994141E+01    0.441407108306884766E+01    0.734841230511665344E+01    0.232939766591757591E+01    0.392899955288815805E+01    0.359338426589965843E+00    0.213419917853240371E+01    0.538751566410064719E+00    0.224943406975269289E+01    0.149126169175188981E+02    0.149718910805773540E+02   -0.583669618171058346E+03   -0.716575511231553186E+01    1
    0.196680879592895508E+01    0.166111898422241211E+01    0.694190832972526550E+01    0.159398443982012261E+01    0.305531381947761460E+01    0.192866873741149913E+00    0.170863458238002663E+01    0.452254992723465032E+00    0.227877396202087379E+01    0.150248332859121145E+02    0.150367872037566954E+02   -0.582573738667957969E+03   -0.716675511231552953E+01    1
    0.316131305694580078E+01    0.421349477767944336E+01    0.675287383794784546E+01    0.328445392801466518E+01    0.420572735708007972E+01    0.294093370437622070E+00    0.167568767344818714E+01    0.736045956611633301E+00    0.225167290711402890E+01    0.149901658626541288E+02    0.150557732124655441E+02   -0.582181382878282193E+03   -0.716775511231552542E+01    1
    0.193963670730590820E+01    0.371998786926269531E+01    0.316335397958755493E+01    0.679595982422109035E+01    0.760404393066814155E+01    0.295355367660522450E+00    0.214701162815070745E+01    0.639478170871734641E+00    0.251572131061553961E+01    0.153965693245247799E+02    0.152800358622391617E+02   -0.581619124316392231E+03   -0.716875511231552309E+01    1
    0.235315752029418945E+01    0.250453996658325195E+01    0.195546361804008484E+01    0.184765114785019824E+01    0.642193184198718470E+01    0.368390417098999001E+00    0.501442376372884535E+01    0.915346425771713212E+00    0.235824418681859971E+01    0.155321054911387098E+02    0.154752263978348186E+02   -0.579355307026439846E+03   -0.716975511231551454E+01    1
    0.343234014511108398E+01    0.302908182144165039E+01    0.211026909947395325E+01    0.202194819932149938E+01    0.495534837887467638E+01    0.273182260990142811E+00    0.212347446229075798E+01    0.271834754943847678E+00    0.281921311777830130E+01    0.150742532444156865E+02    0.153552632398034810E+02   -0.576993717982153498E+03   -0.717075511231548468E+01    1
    0.865651130676269531E+00    0.840285301208496094E+00    0.577693510055541992E+01    0.187646929772101712E+01    0.309305970542613062E+01    0.256926214694976784E+00    0.151142489676060676E+01    0.633163070678710915E+00    0.224228048795461632E+01    0.151239536735237543E+02    0.151528818288859828E+02   -0.576388623144699750E+03   -0.717175511231547969E+01    1
    0.208518171310424805E+01    0.749738883972167969E+01    0.682226973772048950E+01    0.486280093730058915E+01    0.750988872449303191E+01    0.426228964328765891E+00    0.323059221396368157E+01    0.253458672761917136E+00    0.263082200300693492E+01    0.151220846037653018E+02    0.151127628337678708E+02   -0.576211359641860440E+03   -0.717275511231553597E+01    1
    0.165769910812377930E+01    0.606512069702148438E+01    0.835770100355148315E+00    0.282930249782035492E+01    0.548387528974374394E+01    0.262673616409301758E+00    0.231919412961068172E+01    0.700083166360855103E+00    0.240373157083988165E+01    0.150390240403252111E+02    0.150466925387907740E+02   -0.576139560612986656E+03   -0.717375511231553364E+01    1
    0.188151264190673828E+01    0.681316614151000977E+01    0.699011567234992981E+01    0.231824047301711467E+01    0.273337465892064735E+01    0.494424307346344016E+00    0.234874900547962806E+01    0.267050874233245861E+00    0.230572102791070943E+01    0.149062840513425900E+02    0.149125654302621822E+02   -0.574705243435325656E+03   -0.717475511231548158E+01    1
    0.273472118377685547E+01    0.135217285156250000E+01    0.649107012152671814E+01    0.659487162695746321E+01    0.700334142056960829E+01    0.476547670364379838E+00    0.210470407417117356E+01    0.315519464015960704E+00    0.273037071555852862E+01    0.152181839813081030E+02    0.149060374813882266E+02   -0.573879122591710598E+03   -0.717575511231545082E+01    1
    0.236713552474975586E+01    0.336949729919433594E+01    0.386734980344772339E+01    0.268913383986025334E+01    0.475535242901182365E+01    0.365385985374450661E+00    0.336672182278727927E+01    0.443043750524520941E+00    0.231702487432956694E+01    0.152282587809279821E+02    0.152590345763462132E+02   -0.573170967376742965E+03   -0.717675511231549468E+01    1
    0.755887699127197266E+01    0.675884962081909180E+01    0.134304645657539368E+01    0.248262677772214913E+01    0.254321516898849165E+01    0.421154761314392112E+00    0.160908727097543469E+01    0.235694885253906250E+00    0.229492919623851765E+01    0.147343311266690602E+02    0.147370247295434247E+02   -0.572684848006341554E+03   -0.717775511231550745E+01    1
    0.414890718460083008E+01    0.211892604827880859E+01    0.536428126692771912E+01    0.310033072826445011E+01    0.357599315095199843E+01    0.315382206439971946E+00    0.176752446035739186E+01    0.505443572998046875E+00    0.261948556739091876E+01    0.148930702786596232E+02    0.150262922503792460E+02   -0.572592898557776948E+03   -0.717875511231551044E+01    1
    0.171639156341552734E+01    0.212333917617797852E+01    0.459115463495254517E+01    0.352573092297859070E+01    0.616983717899415574E+01    0.226120328903198248E+00    0.257026007837908299E+01    0.605662167072296143E+00    0.276881564491987220E+01    0.152655387805360316E+02    0.152263053083331421E+02   -0.572342814871156634E+03   -0.717975511231550723E+01    1
    0.270788717269897461E+01    0.575979042053222656E+01    0.626085790991783142E+01    0.620021996287708177E+01    0.726555280933206760E+01    0.472091484069824263E+00    0.254185793873037724E+01    0.594944864511489868E+00    0.257277406430244415E+01    0.150769085377144272E+02    0.150453477537301143E+02   -0.572074609944094050E+03   -0.718075511231548091E+01    1
    0.222532987594604492E+01    0.650469017028808594E+01    0.203703719377517700E+01    0.538987252596546718E+01    0.651343231125314492E+01    0.259442090988159180E+00    0.248275032168918841E+01    0.719527250528335549E+00    0.246418473398685434E+01    0.151117964170979064E+02    0.152308448390679168E+02   -0.571207771122418308E+03   -0.718175511231547059E+01    1
    0.140354061126708984E+01    0.387797355651855469E+01    0.327151852846145630E+01    0.507940213404929253E+01    0.775083341748048227E+01    0.306516540050506603E+00    0.296491853564878705E+01    0.456993168592452981E+00    0.239471367442607885E+01    0.154882480958604134E+02    0.155197825512752843E+02   -0.571080821151852206E+03   -0.718275511231549135E+01    1
    0.289390707015991211E+01    0.389411115646362305E+01    0.165487337112426758E+01    0.437090465722308785E+01    0.625799743020007426E+01    0.449333870410919212E+00    0.272604383975778219E+01    0.951565098762512163E+00    0.294696428877115268E+01    0.150174243590816658E+02    0.150541992591662499E+02   -0.570214974830318511E+03   -0.718375511231553698E+01    1
    0.289740180969238281E+01    0.185805654525756836E+01    0.320411461591720581E+01    0.637644335622278735E+01    0.716843539329610380E+01    0.473267650604248025E+00    0.456398995097312898E+01    0.793399846553802468E+00    0.289155830162763605E+01    0.151772492146815825E+02    0.153049350502476695E+02   -0.570150575489481071E+03   -0.718475511231550534E+01    1
    0.298745298385620117E+01    0.545137405395507812E+01    0.340612831711769104E+01    0.199301440367582572E+01    0.576167040900425675E+01    0.388959205150604226E+00    0.186870908413406611E+01    0.474253666400909490E+00    0.223832140654325462E+01    0.148259386185440238E+02    0.148671758423679687E+02   -0.570075901697241079E+03   -0.718575511231548969E+01    1
    0.478494691848754883E+01    0.546712541580200195E+01    0.426455903053283691E+01    0.172459577055222790E+01    0.626395466513947685E+01    0.470111477375030562E+00    0.171522225640903114E+01    0.320470178127288841E+00    0.266392139315605148E+01    0.147585062281443058E+02    0.147980866743339075E+02   -0.569269079645884972E+03   -0.718675511231548469E+01    1
    0.131281948089599609E+01    0.314545965194702148E+01    0.593181166052818298E+01    0.306249592219035760E+01    0.360278666500403633E+01    0.286687111854553200E+00    0.179686586655592317E+01    0.266068488359451294E+00    0.259123579388856884E+01    0.150964603854149466E+02    0.151088685181821365E+02   -0.568995223728052906E+03   -0.718775511231545927E+01    1
    0.174435472488403320E+01    0.293002080917358398E+01    0.623846772313117981E+01    0.726695585092977669E+01    0.751144316406825396E+01    0.274374127388000488E+00    0.205373819035961036E+01    0.928723245859146118E+00    0.253209895092248916E+01    0.154141529533677151E+02    0.154141529533677151E+02   -0.568426206252206612E+03   -0.718875511231549957E+01    1
    0.321482229232788086E+01    0.718006420135498047E+01    0.431825059652328491E+01    0.566928663130766974E+01    0.823589402389829139E+01    0.436768472194671631E+00    0.366633931339485075E+01    0.842026311159133956E+00    0.243286135387420632E+01    0.150839694001348832E+02    0.151505475619289491E+02   -0.568380729543370649E+03   -0.718975511231552034E+01    1
    0.685147809982299805E+01    0.148654890060424805E+01    0.579500335454940796E+01    0.160304018716052132E+01    0.403947073552446234E+01    0.357782852649688676E+00    0.214285750836443301E+01    0.363500213623046853E+00    0.272754997885227191E+01    0.151099674278889609E+02    0.150641691543722835E+02   -0.567883024328441138E+03   -0.719075511231547626E+01    1
    0.161590051651000977E+01    0.329320144653320312E+01    0.870082706212997437E+00    0.231364874978977308E+01    0.814688097600339667E+01    0.238444435596466053E+00    0.196750711699550163E+01    0.632467412948608421E+00    0.295624203848838807E+01    0.149713492137876862E+02    0.149380127139696004E+02   -0.567876192826700162E+03   -0.719175511231544284E+01    1
    0.195091724395751953E+01    0.372084522247314453E+01    0.559385555982589722E+01    0.445995811003446718E+01    0.530655479344599623E+01    0.271679222583770752E+00    0.177171273529093254E+01    0.601233679056167647E+00    0.247690074521303183E+01    0.152395639804066434E+02    0.151952607872373058E+02   -0.567711210776433859E+03   -0.719275511231546272E+01    1
    0.253269195556640625E+00    0.349279308319091797E+01    0.102639156579971313E+01    0.236641645842997761E+01    0.805220242492950433E+01    0.357756423950195357E+00    0.357014774520918143E+01    0.190274250507354747E+00    0.282161404085159306E+01    0.152994411138573057E+02    0.152189260508550319E+02   -0.567478819180052142E+03   -0.719375511231547016E+01    1
    0.453789663314819336E+01    0.170621299743652344E+01    0.524548175930976868E+01    0.666307836073951876E+01    0.788491862439513458E+01    0.471108901500701949E+00    0.236391389086590387E+01    0.785267066955566362E+00    0.244101836919784532E+01    0.148869042014206485E+02    0.148729720212279268E+02   -0.567137889498877257E+03   -0.719475511231544385E+01    1
    0.123540973663330078E+01    0.695726871490478516E+01    0.226469728350639343E+01    0.432115854630274754E+01    0.693103694860134212E+01    0.372498452663421631E+00    0.324596629962696426E+01    0.131680965423583984E+00    0.254327790582180002E+01    0.152081690730480084E+02    0.152081690730480084E+02   -0.567084521108688591E+03   -0.719575511231547260E+01    1
    0.270342922210693359E+01    0.422105312347412109E+00    0.507866936922073364E+01    0.421081475167706287E+01    0.488196286448213357E+01    0.420622038841247603E+00    0.276511305883712177E+01    0.395440280437469482E+00    0.265155389404296882E+01    0.150812108532589377E+02    0.151393390848646341E+02   -0.566192709412934846E+03   -0.719675511231546317E+01    1
    0.383268165588378906E+01    0.618008184432983398E+01    0.103865820169448853E+01    0.482567411964911130E+01    0.703377641845550983E+01    0.283888065814971946E+00    0.154173118586941360E+01    0.257047468423843406E+00    0.276499031078815438E+01    0.150186689666060325E+02    0.150093110610302798E+02   -0.566030769594651815E+03   -0.719775511231543419E+01    1
    0.138346052169799805E+01    0.407830047607421875E+01    0.570840108394622803E+01    0.503335749511831310E+01    0.586310029440371139E+01    0.506592452526092529E+00    0.455772034675304294E+01    0.771254187822341897E+00    0.296939380371570572E+01    0.152966097810665040E+02    0.153048121975408158E+02   -0.565492690752036538E+03   -0.719875511231543985E+01    1
    0.172399997711181641E+01    0.263704776763916016E+01    0.487963783740997314E+01    0.178915355170217660E+01    0.643297080720473247E+01    0.406628239154815718E+00    0.308313803912457240E+01    0.169863820075988770E+00    0.238848691117763501E+01    0.152515593246065748E+02    0.152066051326900613E+02   -0.565419715847293901E+03   -0.719975511231549614E+01    1
    0.235114002227783203E+01    0.398872137069702148E+01    0.599223852157592773E+00    0.283462669206152595E+01    0.441329005081115966E+01    0.396057510375976585E+00    0.334474938961147084E+01    0.587724304199218728E+00    0.299556712919473656E+01    0.151712942425134845E+02    0.152744580484416623E+02   -0.565232102720493344E+03   -0.720075511231550447E+01    1
    0.154730796813964844E+00    0.375202512741088867E+01    0.698979470133781433E+01    0.226153655937202380E+01    0.623084062218388368E+01    0.511800265312194802E+00    0.473211012460510716E+01    0.706605172157287575E+00    0.263161411279439905E+01    0.152844442607839444E+02    0.152220378224831094E+02   -0.564177612200702583E+03   -0.720175511231547638E+01    1
    0.620117664337158203E+00    0.488582038879394531E+01    0.312217625975608826E+01    0.229162847175692885E+01    0.241247694499107634E+01    0.349824023246765092E+00    0.273468295731947419E+01    0.989658850431442305E+00    0.290400464230775857E+01    0.151259036145170054E+02    0.152434373296631698E+02   -0.563770046970903877E+03   -0.720275511231552823E+01    1
    0.141380262374877930E+01    0.797407722473144531E+01    0.643530368804931641E+00    0.324177061708310266E+01    0.807953675859888776E+01    0.487486898899078369E+00    0.315509866502144343E+01    0.876548862457275368E+00    0.236680229216814020E+01    0.150481815931880423E+02    0.150481815931880423E+02   -0.563454006368310047E+03   -0.720375511231551080E+01    1
    0.113170814514160156E+01    0.462208032608032227E+01    0.609753149747848511E+01    0.349252974743061007E+01    0.534422613447696992E+01    0.285159790515899680E+00    0.201217991492323289E+01    0.121576118469238284E+00    0.301407693290710466E+01    0.151666968490732756E+02    0.151989915026541560E+02   -0.562006435748245167E+03   -0.720475511231545429E+01    1
    0.151335954666137695E+01    0.665752029418945312E+01    0.663232088088989258E+00    0.563467097254101112E+01    0.730310368075130789E+01    0.369710564613342285E+00    0.337568541424800195E+01    0.337140214443206798E+00    0.242948346334695797E+01    0.153141607784552356E+02    0.153141607784552356E+02   -0.561448158869180588E+03   -0.720575511231549548E+01    1
    0.207488203048706055E+01    0.570335388183593750E-01    0.628310862183570862E+01    0.385500767364134500E+01    0.773025454055055317E+01    0.362911379337310769E+00    0.264342253852038978E+01    0.849069041013717607E+00    0.291022482699155827E+01    0.152046259007340883E+02    0.151861017377129848E+02   -0.560993739850694737E+03   -0.720675511231549759E+01    1
    0.160059022903442383E+01    0.618866682052612305E+01    0.594275954365730286E+01    0.302859659546167048E+01    0.335943519060318030E+01    0.374410259723663374E+00    0.228421285471978797E+01    0.939106720685958907E+00    0.245469631838798508E+01    0.150461607583764252E+02    0.150669074699923673E+02   -0.560468840038696612E+03   -0.720775511231550503E+01    1
    0.147504138946533203E+01    0.358747816085815430E+01    0.677300426363945007E+01    0.479452238787518858E+01    0.604395279889010517E+01    0.509185039997100852E+00    0.415970187687100790E+01    0.872479307651519820E+00    0.273216362744569796E+01    0.152981620304692392E+02    0.152981620304692392E+02   -0.560152587132232497E+03   -0.720875511231551069E+01    1
    0.152777576446533203E+01    0.123508834838867188E+01    0.489626485109329224E+01    0.223376180219589848E+01    0.501721124550452302E+01    0.331332945823669456E+00    0.277506501487186563E+01    0.360238862037658758E+00    0.280453254473209368E+01    0.153402471678177754E+02    0.153265778839782723E+02   -0.559996726339829365E+03   -0.720975511231546129E+01    1
    0.224011087417602539E+01    0.130028247833251953E+01    0.563775795698165894E+01    0.769438646829320572E+01    0.816835325429524062E+01    0.429144561290740967E+00    0.391834025931966901E+01    0.806694000959396362E+00    0.275880281651020054E+01    0.154290592485926688E+02    0.153499394378171097E+02   -0.558362610871141669E+03   -0.721075511231547672E+01    1
    0.150251150131225586E+01    0.466502046585083008E+01    0.597688305377960205E+01    0.315143710067715244E+01    0.775267586712085777E+01    0.366726481914520286E+00    0.240026350634415753E+01    0.515023458003997847E+00    0.263156042158603665E+01    0.151609595511155639E+02    0.151267364563509030E+02   -0.557843284408495151E+03   -0.721175511231547617E+01    1
    0.318382978439331055E+01    0.427266740798950195E+01    0.706786173582077026E+01    0.261197736605253095E+01    0.268055043240423352E+01    0.326622378826141313E+00    0.211089896400661470E+01    0.930532824993133501E+00    0.261685818988084806E+01    0.148726331802909435E+02    0.148617188518755441E+02   -0.557435440245289328E+03   -0.721275511231547739E+01    1
    0.204013729095458984E+01    0.747927713394165039E+01    0.472949314117431641E+01    0.750365781158946543E+01    0.807016821782843508E+01    0.312756395339965798E+00    0.235070438766062839E+01    0.223353451490402227E+00    0.293697008275985727E+01    0.151042595813676872E+02    0.152189458059248039E+02   -0.556874889837688784E+03   -0.721375511231551858E+01    1
    0.665891170501708984E+00    0.145767450332641602E+01    0.782368454337120056E+01    0.153749417289378520E+01    0.570967115254623092E+01    0.264925563335418723E+00    0.286901942091158624E+01    0.446790850162506081E+00    0.287382426249980938E+01    0.152881628129779905E+02    0.152881628129779905E+02   -0.556770179483070820E+03   -0.721475511231550914E+01    1
    0.415234136581420898E+01    0.366089916229248047E+01    0.297468516230583191E+01    0.202565518490303820E+01    0.578433015130377726E+01    0.227785623073577886E+00    0.153301308452966811E+01    0.475692725181579568E+00    0.253039292669296234E+01    0.148419283606226085E+02    0.148602155287484194E+02   -0.554944811049212717E+03   -0.721575511231545530E+01    1
    0.261080169677734375E+01    0.504600191116333008E+01    0.498178663849830627E+01    0.441483815705797689E+01    0.809361735777001989E+01    0.343783581256866477E+00    0.367183188801462679E+01    0.874361950159072920E+00    0.221418510830402360E+01    0.151852021480939356E+02    0.151496265296029033E+02   -0.554910735844941655E+03   -0.721675511231545563E+01    1
    0.374818658828735352E+01    0.166093397140502930E+01    0.120551887154579163E+01    0.277628043413399439E+01    0.795878852722408858E+01    0.375557494163513139E+00    0.312654709660344743E+01    0.720286530256271318E+00    0.262564932823181163E+01    0.151383430834292589E+02    0.152680669083264409E+02   -0.554903112387812712E+03   -0.721775511231547640E+01    1
    0.372165584564208984E+01    0.543939304351806641E+01    0.704332622885704041E+01    0.163365585980166816E+01    0.729006166680763190E+01    0.428549504280090310E+00    0.165319650897327075E+01    0.814564675092697144E+00    0.252438937920331963E+01    0.147578428881205941E+02    0.148381508513454428E+02   -0.554724439780586295E+03   -0.721875511231550160E+01    1
    0.349305772781372070E+01    0.265989160537719727E+01    0.563832211494445801E+01    0.193985668727708460E+01    0.708830726931652144E+01    0.349382960796356223E+00    0.174268299481120703E+01    0.948468810319900490E+00    0.234350481152534496E+01    0.151446591368814740E+02    0.149290108157692192E+02   -0.554160345618536326E+03   -0.721975511231553124E+01    1
    0.471859455108642578E+00    0.235606670379638672E+01    0.706205341219902039E+01    0.239432087261270521E+01    0.527189981345742265E+01    0.512942099571228050E+00    0.424954485705853724E+01    0.870275014638900779E+00    0.249113908690214148E+01    0.152621648475007472E+02    0.152621648475007472E+02   -0.553010886403342738E+03   -0.722075511231550404E+01    1
    0.165046167373657227E+01    0.747629117965698242E+01    0.142017024755477905E+01    0.420291095539161219E+01    0.705198418368591184E+01    0.446546268463134721E+00    0.338182053257572690E+01    0.140986728668212907E+00    0.246152370458841308E+01    0.151581729855917686E+02    0.151581729855917686E+02   -0.552932328933888016E+03   -0.722175511231544753E+01    1
    0.108919620513916016E+01    0.690378808975219727E+01    0.329424086213111877E+01    0.326834849283337725E+01    0.390244718467231966E+01    0.358452439308166504E+00    0.231113991894592630E+01    0.678342038393020652E+00    0.291685809493064863E+01    0.153848143119771699E+02    0.151093666406006122E+02   -0.552517216734367366E+03   -0.722275511231548162E+01    1
    0.134008550643920898E+01    0.696932744979858398E+01    0.561359259486198425E+01    0.582062736640198874E+01    0.604755819870351807E+01    0.273992323875427268E+00    0.200071872831865560E+01    0.700820022821426414E+00    0.293910928016900996E+01    0.153407992784506568E+02    0.153441145290972649E+02   -0.549949067965138397E+03   -0.722375511231550771E+01    1
    0.339745807647705078E+01    0.651600885391235352E+01    0.438235896825790405E+01    0.216536165589893681E+01    0.675152086599680601E+01    0.381532847881317139E+00    0.195861610522272001E+01    0.847167944908142068E+00    0.295573432511091250E+01    0.148170328961052604E+02    0.147809491066177792E+02   -0.549842608756827644E+03   -0.722475511231551515E+01    1
    0.532304573059082031E+01    0.334673070907592773E+01    0.638007003068923950E+01    0.787365002459372665E+01    0.797024095114381392E+01    0.407909727096557595E+00    0.177856297701454746E+01    0.400407731533050537E+00    0.300481228971481329E+01    0.147891258115696989E+02    0.148014398495404400E+02   -0.549399679990189156E+03   -0.722575511231550394E+01    1
    0.649019718170166016E+00    0.516639709472656250E+01    0.695474851131439209E+01    0.273152312018381815E+01    0.463708667119883344E+01    0.332904434204101540E+00    0.220970767035157101E+01    0.103705149888992321E+00    0.264693184512853641E+01    0.151145463137839275E+02    0.151157821389436382E+02   -0.548510764180968636E+03   -0.722675511231548207E+01    1
    0.150295782089233398E+01    0.355671453475952148E+01    0.359104159474372864E+01    0.412105001806583360E+01    0.479136842906635874E+01    0.391662514209747292E+00    0.345847535652502192E+01    0.515760046243667669E+00    0.271753593593835818E+01    0.154718848501724242E+02    0.153373526188938296E+02   -0.545197111810446700E+03   -0.722775511231554280E+01    1
    0.300785636901855469E+01    0.696554422378540039E+01    0.408129978179931641E+01    0.329001095656871634E+01    0.543226269362559577E+01    0.482884192466735862E+00    0.206105166126802564E+01    0.386420333385467552E+00    0.279197765773534767E+01    0.149849139176051906E+02    0.149203647562015362E+02   -0.544056045896108571E+03   -0.722875511231555823E+01    1
    0.166942262649536133E+01    0.798400068283081055E+01    0.333956795930862427E+01    0.335970804660206879E+01    0.657725312252561700E+01    0.433676278591155984E+00    0.246805933897123353E+01    0.870108127593994141E+00    0.275012928265333167E+01    0.150296001458871782E+02    0.150438601843440232E+02   -0.543970467283907396E+03   -0.722975511231555767E+01    1
    0.200461006164550781E+01    0.166002464294433594E+01    0.292514967918395996E+01    0.600170088924652045E+01    0.658866634930839368E+01    0.363766896724700972E+00    0.426874004982224697E+01    0.554116922616958663E+00    0.236056712859869000E+01    0.154943692051710578E+02    0.153061763931395660E+02   -0.543847666738307225E+03   -0.723075511231550117E+01    1
    0.815165996551513672E+00    0.637248468399047852E+01    0.797947824001312256E+00    0.236924172400727251E+01    0.734830636749549004E+01    0.190726041793823242E+00    0.158001910595503459E+01    0.521554958820343084E+00    0.282334703719615909E+01    0.149641979489789758E+02    0.149704969666886925E+02   -0.543133567583812464E+03   -0.723175511231542778E+01    1
    0.140852594375610352E+01    0.615114688873291016E+01    0.379648271203041077E+01    0.495083154209346610E+01    0.801040176877028820E+01    0.158652436733245861E+00    0.155498124831206797E+01    0.603833168745040894E+00    0.293812026888132083E+01    0.152633707322489549E+02    0.152568279693717361E+02   -0.542794371810560619E+03   -0.723275511231545742E+01    1
    0.789190769195556641E+00    0.122488737106323242E+01    0.653073194622993469E+01    0.184740383292277932E+01    0.432551961991659972E+01    0.503774559497833230E+00    0.380015704568785440E+01    0.953194701671600364E+00    0.233397763299941996E+01    0.152401665690200012E+02    0.152401665690200012E+02   -0.541763132434135855E+03   -0.723375511231548263E+01    1
    0.822773456573486328E+00    0.246176910400390625E+01    0.526862877607345581E+01    0.203654706366372862E+01    0.652994642373367640E+01    0.384042215347289995E+00    0.406632170424470374E+01    0.841032391786575295E+00    0.233562819486856466E+01    0.153513099630978349E+02    0.153319217998107060E+02   -0.541659188557858897E+03   -0.723475511231547319E+01    1
    0.217700099945068359E+01    0.605706596374511719E+01    0.562487620115280151E+01    0.327403248379446365E+01    0.492522594246321077E+01    0.331535077095031716E+00    0.276671194666852927E+01    0.767619419097900435E+00    0.266068301880359659E+01    0.150473938543999548E+02    0.150453070086966854E+02   -0.541642149594029206E+03   -0.723575511231547441E+01    1
    0.190239477157592773E+01    0.638414955139160156E+01    0.317762780189514160E+01    0.634996150128148162E+01    0.688897230818789907E+01    0.483575987815856978E+00    0.524792115862209840E+01    0.705514425039291404E+00    0.256767896598577483E+01    0.154906555053130308E+02    0.153650649328096645E+02   -0.541432503104968532E+03   -0.723675511231545698E+01    1
    0.315073680877685547E+01    0.291949367523193359E+01    0.711051154136657715E+01    0.405398948996681696E+01    0.567718978568674881E+01    0.436789715290069602E+00    0.308922192473139745E+01    0.463448441028594948E+00    0.285304505640268324E+01    0.152391741025301926E+02    0.151897694378010151E+02   -0.541013353786583252E+03   -0.723775511231546531E+01    1
    0.157501220703125000E+01    0.349458694458007812E+01    0.716310206055641174E+01    0.468053801957100291E+01    0.597665979327598773E+01    0.329662752151489213E+00    0.262745073777994520E+01    0.822912031412124656E+00    0.253660850638151159E+01    0.152761637519884932E+02    0.152761637519884932E+02   -0.540593991615955815E+03   -0.723875511231546298E+01    1
    0.121790361404418945E+01    0.370976448059082031E+01    0.458673480153083801E+01    0.480661860245483652E+01    0.670836954520205175E+01    0.344037425518035844E+00    0.362380975095808511E+01    0.640656679868698120E+00    0.277023965114355075E+01    0.154021338020082901E+02    0.154110922759741875E+02   -0.539136004615199568E+03   -0.723975511231548907E+01    1
    0.182040596008300781E+01    0.542736434936523438E+01    0.294633644819259644E+01    0.612935474988441165E+01    0.752092305162076524E+01    0.478846359252929732E+00    0.337063899123939281E+01    0.327877688407897994E+00    0.292272222745418553E+01    0.152907783797888790E+02    0.151951249718760337E+02   -0.538838398863261887E+03   -0.724075511231549918E+01    1
    0.332382106781005859E+01    0.439261770248413086E+01    0.710150244832038879E+01    0.408669318502759715E+01    0.475582710626033478E+01    0.360559689998626753E+00    0.327516254644961347E+01    0.740675556659698531E+00    0.267159245496988307E+01    0.150779873880772062E+02    0.149664810717913603E+02   -0.536947700867213712E+03   -0.724175511231544267E+01    1
    0.213624668121337891E+01    0.309431076049804688E+01    0.190927553176879883E+01    0.479428377457553712E+01    0.807688577704850275E+01    0.294558966159820579E+00    0.297673194720954903E+01    0.536137378215789773E+00    0.263341775280237211E+01    0.152921359819994915E+02    0.154505234819476929E+02   -0.536921223876261024E+03   -0.724275511231549540E+01    1
    0.156765460968017578E+01    0.171359634399414062E+01    0.587264347076416016E+01    0.489395690566449559E+01    0.723338160539997155E+01    0.196636414527893072E+00    0.202144022922583222E+01    0.349881672859191917E+00    0.258594020116329171E+01    0.154381510753467097E+02    0.154381510753467097E+02   -0.536279837061165608E+03   -0.724375511231551528E+01    1
    0.858839511871337891E+00    0.759683370590209961E+01    0.120387065410614014E+01    0.285546474142190743E+01    0.441609729857210898E+01    0.379090714454650923E+00    0.212762217798691999E+01    0.652434206008911111E+00    0.227215334516763656E+01    0.150223309479419171E+02    0.150206404303751508E+02   -0.536149164527554376E+03   -0.724475511231550762E+01    1
    0.171680450439453125E+01    0.630939197540283203E+01    0.579134437441825867E+01    0.474014882098738166E+01    0.656109587844394682E+01    0.190031492710113548E+00    0.211238471291270269E+01    0.799763870239257768E+00    0.288384468156099327E+01    0.151988904214353937E+02    0.152011663816217979E+02   -0.536146251145821338E+03   -0.724575511231554259E+01    1
    0.135423278808593750E+01    0.475078201293945312E+01    0.574704858660697937E+01    0.476014276059611330E+01    0.602775803185184600E+01    0.328280556201934803E+00    0.271716350146852115E+01    0.698125851154327348E+00    0.247480370122194282E+01    0.153066226778532517E+02    0.153155777645211195E+02   -0.535565708026357015E+03   -0.724675511231552605E+01    1
    0.200285196304321289E+01    0.213798141479492188E+01    0.435712876915931702E+01    0.436938628113567518E+01    0.520219568988942527E+01    0.299268281459808327E+00    0.247666003199225049E+01    0.668455576896667458E+00    0.237442867034673677E+01    0.152346273682258140E+02    0.153761946444491517E+02   -0.535228315160924240E+03   -0.724775511231550862E+01    1
    0.344517850875854492E+01    0.123257303237915039E+01    0.598314601182937622E+01    0.377990181274214132E+01    0.588403013716170165E+01    0.216658461093902577E+00    0.221339429155963652E+01    0.382286298274993941E+00    0.298626417851448078E+01    0.152105783056249972E+02    0.152132439638219044E+02   -0.533925495597221015E+03   -0.724875511231552494E+01    1
    0.114191770553588867E+01    0.683615064620971680E+01    0.212027284502983093E+01    0.322386980661711764E+01    0.335915206301687608E+01    0.270087742805480979E+00    0.239061467724140275E+01    0.932099235057830766E+00    0.228960906040668455E+01    0.158729589344278388E+02    0.159876739581529019E+02   -0.530381060522811140E+03   -0.724975511231552172E+01    1
    0.742386531829833984E+01    0.193181562423706055E+01    0.258381667733192444E+01    0.787816674333038325E+01    0.789438168225266956E+01    0.481582319736480691E+00    0.160481360817372809E+01    0.373041796684265181E+00    0.221103650605678537E+01    0.147186105941542920E+02    0.147383970351300402E+02   -0.529647512949988595E+03   -0.725075511231550607E+01    1
    0.246209287643432617E+01    0.650149631500244141E+01    0.713129240274429321E+01    0.506318190255456013E+01    0.827962241166303414E+01    0.408306050300598189E+00    0.308794537610231679E+01    0.562398833036422796E+00    0.283288494384288780E+01    0.150724729144378031E+02    0.150054467326895757E+02   -0.529278275314579332E+03   -0.725175511231546910E+01    1
    0.400805091857910156E+01    0.845599174499511719E+00    0.148568633198738098E+01    0.405211722658915363E+01    0.608435469687489849E+01    0.203343546390533453E+00    0.222865310360089541E+01    0.932466375827789351E+00    0.291023226583003991E+01    0.149645445861834983E+02    0.149374024313318507E+02   -0.528781457439569863E+03   -0.725275511231546499E+01    1
    0.252823209762573242E+01    0.317569255828857422E+01    0.538116979598999023E+01    0.614997779502802366E+01    0.797357311186299356E+01    0.171752882003784191E+00    0.174264243557382814E+01    0.401732099056243963E+00    0.266101295912265767E+01    0.153673322207061442E+02    0.150578014772143813E+02   -0.528075950418045977E+03   -0.725375511231552927E+01    1
    0.683575344085693359E+01    0.733526277542114258E+01    0.277527186274528503E+01    0.590492323948662978E+01    0.657240956206751470E+01    0.377512788772582986E+00    0.160355413711827999E+01    0.668779373168945312E+00    0.229577201157808286E+01    0.147404184714310276E+02    0.147257872691497127E+02   -0.527623137539870072E+03   -0.725475511231552073E+01    1
    0.360866308212280273E+01    0.381925058364868164E+01    0.588570314645767212E+01    0.477865635734708505E+01    0.692822962394891029E+01    0.476380836963653520E+00    0.195333700027335877E+01    0.543201243877410866E+00    0.284198800736665724E+01    0.149470186490521115E+02    0.148963587977586371E+02   -0.527620050459510935E+03   -0.725575511231551573E+01    1
    0.209476613998413086E+01    0.889970302581787109E+00    0.635613131523132324E+01    0.229536608189575020E+01    0.341293013546068957E+01    0.339003133773803700E+00    0.213081995364973542E+01    0.500768911838531561E+00    0.260704469197988509E+01    0.150691136256384919E+02    0.150856239441974083E+02   -0.527474254262319050E+03   -0.725675511231548853E+01    1
    0.155764627456665039E+01    0.385567569732666016E+01    0.151528361439704895E+01    0.422234667235413141E+01    0.488065329405556181E+01    0.419804894924163841E+00    0.403075552245687252E+01    0.660959446430206321E+00    0.294754224097728734E+01    0.153624595029261659E+02    0.153595639655179248E+02   -0.526914525239116870E+03   -0.725775511231547199E+01    1
    0.925905704498291016E+00    0.588019514083862305E+01    0.636979717016220093E+01    0.499329171283187012E+01    0.570976439840082239E+01    0.373292887210845969E+00    0.172144916669503445E+01    0.486986005306243919E+00    0.263078141832351697E+01    0.147928817524528817E+02    0.148558616573113245E+02   -0.526448912738142667E+03   -0.725875511231547499E+01    1
    0.156094598770141602E+01    0.718153953552246094E+01    0.685352596640586853E+01    0.548515183710914833E+01    0.685273836877914544E+01    0.370133316516876198E+00    0.374950709698850515E+01    0.723974192142486594E+00    0.253265742045640962E+01    0.152801634389849923E+02    0.152801634389849923E+02   -0.526214536913616712E+03   -0.725975511231548154E+01    1
    0.191628551483154297E+01    0.339482116699218750E+01    0.684609043598175049E+01    0.251132748824754470E+01    0.811028324683877067E+01    0.432263255119323730E+00    0.301741072760381712E+01    0.322153693437576272E+00    0.255695185726881036E+01    0.152279994062741508E+02    0.151670760300625318E+02   -0.525446463989021936E+03   -0.726075511231553250E+01    1
    0.210679626464843750E+01    0.463952445983886719E+01    0.356492626667022705E+01    0.487179302080612331E+01    0.534856573360399068E+01    0.482485401630401656E+00    0.329405247758463027E+01    0.513703650236129739E+00    0.235113432717323301E+01    0.154525914843560894E+02    0.151769863732858710E+02   -0.525330851837691284E+03   -0.726175511231548043E+01    1
    0.215157556533813477E+01    0.197556829452514648E+01    0.176007854938507080E+01    0.502937884377082689E+01    0.533712421032756268E+01    0.464755070209503129E+00    0.491279085364429946E+01    0.413761430978775047E+00    0.230556253510713560E+01    0.154609287768677977E+02    0.152922953288400034E+02   -0.525205280658837523E+03   -0.726275511231547100E+01    1
    0.435405206680297852E+01    0.449481868743896484E+01    0.487943398952484131E+01    0.527650176037826668E+01    0.565938755134507421E+01    0.259340417385101329E+00    0.159360858517364856E+01    0.519042587280273415E+00    0.295391180968284583E+01    0.148214990174494314E+02    0.148640106726839445E+02   -0.524361805197567833E+03   -0.726375511231553883E+01    1
    0.221373319625854492E+01    0.195872306823730469E+00    0.660363572835922241E+01    0.633291519348247167E+01    0.790256663551523353E+01    0.186638319492340110E+00    0.191409700545768735E+01    0.328626829385757491E+00    0.265615899050235749E+01    0.152400884136931314E+02    0.150011088830643562E+02   -0.523134527227194098E+03   -0.726475511231553472E+01    1
    0.217924118041992188E+01    0.792300987243652344E+01    0.136977377533912659E+01    0.452258522771089488E+01    0.592825468576677750E+01    0.335393095016479514E+00    0.291473395083094244E+01    0.284650993347167980E+00    0.223947007453441627E+01    0.151468753347917975E+02    0.151415522873192252E+02   -0.523010616142547065E+03   -0.726575511231551374E+01    1
    0.799253892898559570E+01    0.262707090377807617E+01    0.318676787614822388E+01    0.158909131021877403E+01    0.362151286075492562E+01    0.261592221260070812E+00    0.166654476746431590E+01    0.459635949134826638E+00    0.273520464485883696E+01    0.149824003506997645E+02    0.151515963714045032E+02   -0.522648721376548451E+03   -0.726675511231550164E+01    1
    0.154239034652709961E+01    0.177253150939941406E+01    0.382495480775833130E+01    0.262720090969487341E+01    0.746337688033926661E+01    0.332613968849182151E+00    0.352211066527571104E+01    0.744480377435684182E+00    0.283297562682628623E+01    0.154046961896541141E+02    0.154701570528615271E+02   -0.522526664233533552E+03   -0.726775511231549043E+01    1
    0.536433553695678711E+01    0.281363534927368164E+01    0.740799266099929810E+01    0.209886460240797579E+01    0.644628911746772282E+01    0.477685391902923584E+00    0.219082200860996235E+01    0.421049904823303289E+00    0.284771950590610512E+01    0.152471775535208600E+02    0.149325543393447688E+02   -0.522174833087135198E+03   -0.726875511231552007E+01    1
    0.211829280853271484E+01    0.168440485000610352E+01    0.708877849578857422E+01    0.599334924969808114E+01    0.749568493719094953E+01    0.463780748844146773E+00    0.289342113893671637E+01    0.469084781408310003E+00    0.258778624761104581E+01    0.153187813860696398E+02    0.151171346746146860E+02   -0.521283626804662958E+03   -0.726975511231551597E+01    1
    0.579486370086669922E+00    0.601790618896484375E+01    0.370127859711647034E+01    0.255440692191359009E+01    0.799417276796145959E+01    0.438245725631713823E+00    0.237666656897649187E+01    0.124128669500350952E+00    0.229375922381877873E+01    0.150508120502877905E+02    0.150209616777333075E+02   -0.521269376080369739E+03   -0.727075511231552607E+01    1
    0.299852609634399414E+01    0.181575107574462891E+01    0.293305057287216187E+01    0.426367770857823203E+01    0.495471427799063946E+01    0.371441912651061967E+00    0.335139896984489560E+01    0.339002525806426980E+00    0.293645968735218066E+01    0.152534113613765374E+02    0.152695570610813682E+02   -0.521202775501421797E+03   -0.727175511231556371E+01    1
    0.660295295715332031E+01    0.181228256225585938E+01    0.222339975833892822E+01    0.175123595039548086E+01    0.792173636093436251E+01    0.264732551574707042E+00    0.287256088274376964E+01    0.492987072467803933E+00    0.256039922755956662E+01    0.153525719508245295E+02    0.153732610367386560E+02   -0.520952444317364552E+03   -0.727275511231552407E+01    1
    0.154223728179931641E+01    0.867900371551513672E+00    0.518246906995773315E+01    0.626203732975266369E+01    0.715893148943497959E+01    0.169033300876617443E+00    0.169879149587719436E+01    0.893419688940048196E+00    0.221703914266824720E+01    0.155001462237924468E+02    0.155001462237924468E+02   -0.520823607537446037E+03   -0.727375511231550398E+01    1
    0.126441764831542969E+01    0.406698131561279297E+01    0.543679881095886230E+01    0.587446626657491500E+01    0.734573846858194646E+01    0.222258877754211437E+00    0.260112352332767260E+01    0.899731892347335860E+00    0.257232773399353043E+01    0.154401509188449584E+02    0.154401509188449584E+02   -0.519760621929753597E+03   -0.727475511231547944E+01    1
    0.320868349075317383E+01    0.420722961425781250E-01    0.975919097661972046E+00    0.602241930353984234E+01    0.690225734144728342E+01    0.395149815082550093E+00    0.188086191247078771E+01    0.587542557716369651E+00    0.281101258271932597E+01    0.148949086536667146E+02    0.149342344155523818E+02   -0.519277909880465472E+03   -0.727575511231546734E+01    1
    0.408448743820190430E+01    0.724262952804565430E+01    0.352176550030708313E+01    0.475577713960763937E+01    0.592260596757015723E+01    0.486645185947418235E+00    0.208445647593231786E+01    0.195993578433990484E+00    0.225102061712741852E+01    0.149990802751999208E+02    0.149193521452993334E+02   -0.519246565062877153E+03   -0.727675511231552363E+01    1
    0.284527587890625000E+01    0.382304000854492188E+01    0.293314713239669800E+01    0.204612970709192021E+01    0.604782977383994869E+01    0.358926832675933838E+00    0.177139253078531023E+01    0.277031642198562633E+00    0.231992460441589365E+01    0.149652040534989030E+02    0.149327139142590291E+02   -0.519208790080379686E+03   -0.727775511231549910E+01    1
    0.516195821762084961E+01    0.473507785797119141E+01    0.823211550712585449E+00    0.280052249442548717E+01    0.670795765326294458E+01    0.357943606376647905E+00    0.150070658460907347E+01    0.340443998575210571E+00    0.224767875689268104E+01    0.147773061688109379E+02    0.148464864141264847E+02   -0.518624359058529876E+03   -0.727875511231544259E+01    1
    0.319151306152343750E+01    0.480811548233032227E+01    0.452141407132148743E+01    0.260172074173905088E+01    0.691311707380150064E+01    0.416945016384124734E+00    0.225254035972032529E+01    0.842562216520309493E+00    0.240127913254499425E+01    0.150020161317836234E+02    0.149989312296794406E+02   -0.517655078018026870E+03   -0.727975511231543937E+01    1
    0.238669013977050781E+01    0.699871110916137695E+01    0.309290039539337158E+01    0.426782837158431860E+01    0.675949690215322985E+01    0.463389539718627952E+00    0.232607212239145067E+01    0.897845977544784568E+00    0.296946181595325465E+01    0.149283449234259855E+02    0.149759535953779412E+02   -0.517031792035236435E+03   -0.728075511231544770E+01    1
    0.542950153350830078E+00    0.408594036102294922E+01    0.111249539256095886E+01    0.232427432345042284E+01    0.558799757014215448E+01    0.258153414726257302E+00    0.157555972454006676E+01    0.804616737365722701E+00    0.252521169978380211E+01    0.151172343166971359E+02    0.151308331800796445E+02   -0.516423554971492422E+03   -0.728175511231545958E+01    1
    0.338965082168579102E+01    0.265193510055541992E+01    0.514930891990661621E+01    0.200690581055440687E+01    0.224684339500704144E+01    0.400238502025604292E+00    0.189069859488350756E+01    0.545936506986618109E+00    0.223032581907510741E+01    0.149177598707099381E+02    0.149307625642209292E+02   -0.515782843622187897E+03   -0.728275511231549988E+01    1
    0.803886890411376953E+00    0.107302045822143555E+01    0.248837876319885254E+01    0.208300764989809650E+01    0.279690832276231127E+01    0.310496115684509300E+00    0.275441182425922193E+01    0.948883694410324052E+00    0.292005669426918057E+01    0.154173728374349750E+02    0.154120429417883429E+02   -0.514322728085938365E+03   -0.728375511231554551E+01    1
    0.154341602325439453E+01    0.579857015609741211E+01    0.707857760787010193E+01    0.464957423407179959E+01    0.550273718270905476E+01    0.337902176380157460E+00    0.303640739357404144E+01    0.189886134862899791E+00    0.239403512078523617E+01    0.152361668820235021E+02    0.152361668820235021E+02   -0.514069184121081889E+03   -0.728475511231552098E+01    1
    0.677896451950073242E+01    0.151571798324584961E+01    0.458374458551406860E+01    0.155502337633002830E+01    0.793211504881608853E+01    0.243886601924896251E+00    0.256204790015822059E+01    0.440679651498794622E+00    0.277685449910163884E+01    0.155278192883459898E+02    0.154702627389712806E+02   -0.514054034432644698E+03   -0.728575511231546269E+01    1
    0.231171894073486328E+01    0.211943197250366211E+01    0.209502252936363220E+01    0.213241339835178589E+01    0.322582820326579167E+01    0.266174900531768788E+00    0.204530400368151666E+01    0.608854639530181929E+00    0.259146290618181219E+01    0.153953702372425436E+02    0.154660206538552973E+02   -0.513141275997508956E+03   -0.728675511231543638E+01    1
    0.159205341339111328E+01    0.770187807083129883E+01    0.674759972095489502E+01    0.576202937952848160E+01    0.803958732625882888E+01    0.403747475147247292E+00    0.370504990342789320E+01    0.364405405521392889E+00    0.297423992866277676E+01    0.152695021580970902E+02    0.152583115206066910E+02   -0.512720457592189177E+03   -0.728775511231545448E+01    1
    0.110980319976806641E+01    0.586775684356689453E+01    0.316030117869377136E+01    0.207200575227457984E+01    0.483821153562355732E+01    0.472015416622161843E+00    0.213274118068346974E+01    0.401310670375824019E+00    0.274132245695590981E+01    0.148825298182126069E+02    0.149315158783164996E+02   -0.512683059638800046E+03   -0.728875511231547613E+01    1
    0.308153009414672852E+01    0.292613458633422852E+01    0.735406684875488281E+01    0.279722008907105568E+01    0.570871109746362393E+01    0.497526729106903098E+00    0.387006195865863001E+01    0.764658635854721047E+00    0.253395400494337064E+01    0.151672721358498155E+02    0.152237955692026894E+02   -0.512567636053014780E+03   -0.728975511231548268E+01    1
    0.439607191085815430E+01    0.114693117141723633E+01    0.743628191947937012E+01    0.155232479004930535E+01    0.350933535221224169E+01    0.413733196258544877E+00    0.255011281088532193E+01    0.641926759481430076E+00    0.296518782371282574E+01    0.150762510484857213E+02    0.150842905462528787E+02   -0.512407647347486090E+03   -0.729075511231548568E+01    1
    0.350272893905639648E+01    0.775960397720336914E+01    0.514417472481727600E+01    0.538302751709346161E+01    0.697632876380420264E+01    0.428249633312225320E+00    0.383817385929204846E+01    0.766606348752975508E+00    0.261252762198448174E+01    0.150774387696079497E+02    0.151234317532515856E+02   -0.512229237952151834E+03   -0.729175511231551710E+01    1
    0.312867307662963867E+01    0.275396490097045898E+01    0.496843549609184265E+01    0.218908526376795853E+01    0.347884319624086480E+01    0.301597833633422852E+00    0.210667653392580778E+01    0.638648241758346558E+00    0.221953677064180344E+01    0.149524380420496357E+02    0.150276972153054338E+02   -0.512193812482456792E+03   -0.729275511231555029E+01    1
    0.484129190444946289E+01    0.533744430541992188E+01    0.611082792282104492E+00    0.671011541545549939E+01    0.671492528271673894E+01    0.318581044673919678E+00    0.199286944853749870E+01    0.289767092466354348E+00    0.226957297909259781E+01    0.149007076875956184E+02    0.148507312044794908E+02   -0.511887019799364339E+03   -0.729375511231550178E+01    1
    0.152885627746582031E+01    0.290923023223876953E+01    0.148523706197738647E+01    0.275841708817829234E+01    0.783701111820846563E+01    0.306494760513305653E+00    0.225947598931210614E+01    0.434736466407775857E+00    0.228195484983921038E+01    0.152429710970751096E+02    0.152074043580615559E+02   -0.511299344831780445E+03   -0.729475511231547014E+01    1
    0.284540128707885742E+01    0.651278066635131836E+01    0.643853235244750977E+01    0.750012679508802371E+01    0.800390998444200008E+01    0.252435874938964855E+00    0.169958133365772968E+01    0.739810222387313865E+00    0.287989921271800986E+01    0.150759164345196819E+02    0.152546091265877450E+02   -0.511262966748308372E+03   -0.729575511231549267E+01    1
    0.214155483245849609E+01    0.975324153900146484E+00    0.187870684266090393E+01    0.748771012895966415E+01    0.810463423712544184E+01    0.482818281650543191E+00    0.474797092111693608E+01    0.121397429704666146E+00    0.232491166245937331E+01    0.155336991555630632E+02    0.152872129419839968E+02   -0.508739272044785992E+03   -0.729675511231546370E+01    1
    0.695230484008789062E+00    0.595864391326904297E+01    0.644281584024429321E+01    0.217774169626346925E+01    0.422717713079484803E+01    0.436247122287750200E+00    0.261450380226927992E+01    0.678482747077941872E+00    0.228468222153186806E+01    0.149760181147592402E+02    0.149851706477761510E+02   -0.508000535348086089E+03   -0.729775511231545604E+01    1
    0.196522378921508789E+01    0.543195867538452148E+01    0.112380895018577576E+01    0.306656761161938629E+01    0.569764849906302739E+01    0.385158121585845947E+00    0.237096479407970895E+01    0.210698682069778431E+00    0.304046492201089880E+01    0.149794175015481912E+02    0.150321949524241649E+02   -0.507428732082220506E+03   -0.729875511231548213E+01    1
    0.184593439102172852E+01    0.377529382705688477E+01    0.610359489917755127E+00    0.401451123090717310E+01    0.603920886802251378E+01    0.351583981513977073E+00    0.331276095949979421E+01    0.709218341112136885E+00    0.260002273207902901E+01    0.153777693616482534E+02    0.153808500000248731E+02   -0.506759446081327383E+03   -0.729975511231548513E+01    1
    0.197576570510864258E+01    0.250288820266723633E+01    0.614033195376396179E+01    0.634154047351281047E+01    0.803191944428161264E+01    0.192382931709289551E+00    0.208118185118815280E+01    0.714271247386932373E+00    0.227272573089599605E+01    0.153924289837294630E+02    0.153906617436235180E+02   -0.505835984970487630E+03   -0.730075511231550678E+01    1
    0.296297979354858398E+01    0.557774877548217773E+01    0.206126469373703003E+01    0.345038777554642273E+01    0.360152220106394161E+01    0.283761143684387207E+00    0.263230503808518090E+01    0.286332952976226851E+00    0.258250416624546064E+01    0.152702822001659388E+02    0.153699507926253407E+02   -0.505054119352404200E+03   -0.730175511231552044E+01    1
    0.189653301239013672E+01    0.652348709106445312E+01    0.289255771040916443E+01    0.404535798858180051E+01    0.699745876480108464E+01    0.353043460845947288E+00    0.250120904408996703E+01    0.766969627141952492E+00    0.222353512102365469E+01    0.151435622869874287E+02    0.151543076359352913E+02   -0.504978817931863830E+03   -0.730275511231551278E+01    1
    0.303244113922119141E+00    0.564508438110351562E+01    0.474044862389564514E+01    0.235643983295709925E+01    0.787875413524709067E+01    0.315075469017028820E+00    0.260934637503205558E+01    0.831315124034881614E+00    0.228784337365627266E+01    0.150590618604834994E+02    0.150520042951026625E+02   -0.503888461374191877E+03   -0.730375511231548291E+01    1
    0.127199172973632812E+01    0.495360231399536133E+01    0.360025095939636230E+01    0.323559710061542161E+01    0.770861896105908073E+01    0.380668997764587402E+00    0.251587014105406404E+01    0.463278174400329590E+00    0.304693554759025576E+01    0.151540004703971949E+02    0.151196912463338577E+02   -0.503648454158959282E+03   -0.730475511231544061E+01    1
    0.152822637557983398E+01    0.601656198501586914E+01    0.648906561732292175E+01    0.526613769619659067E+01    0.813665853701053265E+01    0.392580902576446511E+00    0.374804482974616304E+01    0.550805091857910156E+00    0.270757614088058496E+01    0.152905757493956269E+02    0.152956420504956405E+02   -0.503228358465307110E+03   -0.730575511231548891E+01    1
    0.223944187164306641E+00    0.232467937469482422E+01    0.488036829233169556E+01    0.211757790210040042E+01    0.555080953694147894E+01    0.270737767219543457E+00    0.208249255496450081E+01    0.997095435857772827E+00    0.267604452389478675E+01    0.152792452268605441E+02    0.153505034762537669E+02   -0.502303625620373680E+03   -0.730675511231549280E+01    1
