1.785240245268634895e+00 1.190523595830127768e+01
1.654500675130717413e+00 1.064082943093160161e+01
2.194385149094405740e+00 1.288819786191181294e+01
1.725067022942399664e+00 1.127761461940561105e+01
2.262251855478369933e+00 1.078055546625402350e+01
6.365087165043774586e-01 9.952072744791667702e+00
1.937632559714131120e-01 1.602388520891326351e+01
1.172885321595350527e+00 1.209783146907216178e+01
1.967518155407927072e+00 1.330665585934637107e+01
1.576939200903045846e+00 1.174638664394881538e+01
1.285091574274173754e+00 1.110514483421459175e+01
2.295816739640430093e+00 1.245871692234700134e+01
1.929120185244225238e+00 1.138787393835042216e+01
1.239167899266200079e+00 1.085989734235570481e+01
2.436162581672332461e+00 1.335519783785457015e+01
2.606190011773088067e+00 1.266714587433865979e+01
2.031361100006793485e+00 1.247921342363405195e+01
1.831844076362871609e+00 1.122545618891252950e+01
2.278948672692212352e+00 1.208268838985804550e+01
1.964300399800512853e+00 1.132302953932076406e+01
4.674165934340767659e-01 1.084624585287345511e+01
8.200205701125169444e-01 1.036574740924336524e+01
2.000487472251715637e+00 9.935786295138715474e+00
1.973615232250962137e+00 1.117998782227147458e+01
2.122486642321606887e+00 1.201162475883218050e+01
2.692431688695453573e+00 1.349993062281895639e+01
1.157276396158311904e+00 1.038961153742224397e+01
2.342916513760236796e+00 1.249554791403466858e+01
1.555606543199592240e+00 1.182265448964285959e+01
1.845519522400262735e+00 1.270649931133907096e+01
1.748123681235459692e+00 1.049122344640059623e+01
2.027361902680991257e+00 1.122741738611755480e+01
1.936638155606777545e+00 1.031869762565704463e+01
1.814727487169121245e+00 1.041328897582722846e+01
1.377763229007938905e+00 1.080954787482569657e+01
8.608077414942324479e-01 1.144301667075006712e+01
1.980807493961552312e+00 1.152129711679718405e+01
1.895816627399077747e+00 1.165544850741594729e+01
1.928685531350065041e+00 1.000048094137409116e+01
1.356341462925735541e+00 1.088883634031653003e+01
2.250865419439995296e+00 1.086374755949086790e+01
1.350107540511283011e+00 1.259193592094988645e+01
1.921384696823901450e+00 1.187824639399574878e+01
1.689140399036166640e+00 1.290752024416728716e+01
1.801083641869182239e+00 1.133003372592729718e+01
2.130325091874723409e+00 1.152622589741070058e+01
2.405647040970242845e+00 1.189030919493629135e+01
1.798172377786312559e+00 1.173682996260135702e+01
2.338403621926856690e+00 1.255643503573328701e+01
2.053408427807117409e+00 1.224614934188596216e+01
1.786930810221168286e+00 1.126324636656910627e+01
1.521956288476672192e+00 1.245263563905372095e+01
7.779303456853696730e-01 1.115203746961878650e+01
1.516158173583159519e+00 1.310807921166057710e+01
2.258980591548090278e+00 1.198790497049922088e+01
2.351614034178980628e+00 1.324301556601439067e+01
1.364423825326790185e+00 1.133824569096375257e+01
1.836765744101794162e+00 1.128619693411326530e+01
1.681187789077696726e+00 1.123142534513056567e+01
2.190798029704179584e+00 1.164516073683931552e+01
1.934183891352222906e+00 1.085445734707471743e+01
1.682075729029491207e+00 1.292796172795108767e+01
2.095118710848206778e+00 1.110434453186975645e+01
1.152443726063561602e+00 1.150056124596948770e+01
2.064295062097520006e+00 1.254082822012124154e+01
1.705259368039172330e+00 1.187239437375369988e+01
2.442327861576358283e-01 1.351777892811583293e+01
2.091314583069028732e+00 1.141236968501781135e+01
2.160936714174050088e+00 1.135568505287148255e+01
1.969081678786914980e+00 1.140704027748351912e+01
1.273292485630429960e+00 1.280630291356817096e+01
1.928883267177045502e+00 1.196137370190410820e+01
4.249278260156872933e-01 1.315683037483215578e+01
2.094378522545014665e+00 1.209867908092708966e+01
1.848516980295674905e+00 1.268341999941783804e+01
1.500564071152256096e+00 1.148878967773516457e+01
1.967704026338595424e+00 1.026900723816956074e+01
9.865840735457557242e-01 1.240030592618417948e+01
1.066576094096472360e+00 1.135091941213030609e+01
1.547786116219674657e+00 1.276160414040252533e+01
2.479498927143769293e+00 1.268047052460349100e+01
1.663793389308182880e+00 1.231825602578625833e+01
5.405835990965160986e-01 1.067232729971092198e+01
1.893502272760781979e+00 9.721180768735628419e+00
1.942454816165684273e+00 1.238852710137827096e+01
1.416157772118783464e+00 1.217329565015425885e+01
6.586001406259247570e-01 1.262897411500159173e+01
2.630407885648506472e+00 1.359344758030870004e+01
1.703464385582964535e+00 1.272801529002574306e+01
1.939621594754897149e+00 1.072715696528121576e+01
2.081658408398495030e+00 1.159238221717525796e+01
1.759233094958540411e+00 1.189507375969635383e+01
2.029948913480831063e+00 1.059098462487090409e+01
1.243732629272734203e+00 1.129588220693807799e+01
2.120552664181798441e+00 1.214016888477981837e+01
2.040499983221677027e+00 1.131912679107009900e+01
1.407179368678159070e+00 1.014546302617946338e+01
2.188848016681825825e+00 1.059668231642699965e+01
1.955243452318655484e+00 1.161471654801165876e+01
1.825639591393972472e+00 1.139941108944914028e+01
1.444739877703623110e+00 1.279540882916356281e+01
1.759554118132520939e+00 1.155759224767260740e+01
1.961550343025208143e+00 1.079784484963716196e+01
2.009564959588478583e+00 1.237103273537013948e+01
1.047339251816155059e+00 1.165729729177520113e+01
2.562656759794661898e+00 1.322426706062965351e+01
1.754663228314215395e+00 1.053321575113604602e+01
1.895608091532927197e+00 1.139458453885366218e+01
1.760381953975046487e+00 1.159972297188121892e+01
1.122835617565921318e+00 1.170475826399978736e+01
2.101843802788515347e+00 1.069547917114438462e+01
7.934256739126926972e-01 1.261176029825941924e+01
1.937120295249018964e+00 1.111528542953736221e+01
1.948173559120643050e+00 1.117345132799031937e+01
2.253964605612494676e+00 1.193041747991067858e+01
1.763726228488037506e+00 1.250001967762638166e+01
1.872650299073510993e+00 1.163773704687977428e+01
1.675084341353637818e+00 1.114274787866767724e+01
8.882968251555448669e-01 1.213645771171142762e+01
1.746581815406362370e+00 1.204533549849611873e+01
1.251257432756411880e+00 1.153108684590058175e+01
2.276192512188392136e+00 1.226308469455644889e+01
1.734430740381781577e+00 1.197690846595165404e+01
1.402526903331119845e+00 1.114055424908769254e+01
1.488316625102059199e+00 1.290067127871411579e+01
2.323019303546508763e+00 1.245667906399160785e+01
1.651957753748656055e+00 1.140554320527423116e+01
1.810064303258024365e+00 1.199722070865300871e+01
1.386758927293277877e+00 1.213678415848973025e+01
2.160857166923024320e+00 1.136267971788466724e+01
1.643507457162017626e+00 1.223645221863552912e+01
1.540246267451987450e+00 1.103030248227565124e+01
1.781695710059908233e+00 1.288866126369167553e+01
2.016690611479630135e+00 1.272227494983914831e+01
1.041744703324752885e+00 1.081439966664358820e+01
2.133621705019371095e+00 1.098807000050935656e+01
1.952101428829664309e+00 1.084693464391408746e+01
4.970623387615529243e-01 1.041211000857490276e+01
2.293983092151667069e+00 1.215710006833699097e+01
1.644983710373056685e+00 1.126540374040703973e+01
1.802710657553111995e+00 1.188371821048477983e+01
2.063786703979276549e+00 1.034776924846749147e+01
2.112609200214154992e+00 1.118424454896162779e+01
2.040331238894341315e+00 1.055814145832346718e+01
2.251107087474521151e+00 1.125476486800011955e+01
4.621107076109884360e-01 1.147232570954385444e+01
2.023046606150841420e+00 1.150538381911178654e+01
1.603184560841058204e+00 1.268509403565414040e+01
1.418479707758571573e+00 1.102548668139269417e+01
1.505118129714294151e+00 1.161130630474796455e+01
1.546139102044827629e+00 1.110307095118682597e+01
1.528601494331815358e+00 1.150799107201767413e+01
1.077414155600454393e+00 1.220284448541511146e+01
1.921459241018842246e+00 1.039188542963869999e+01
1.963356100871482601e+00 1.217784688010832994e+01
2.129973474267999212e+00 1.179175462510577432e+01
1.916415087253098060e+00 1.099652561822470709e+01
2.183863942376758960e+00 1.273581026679995887e+01
1.743616185192307544e+00 1.092413307014192370e+01
2.369794859253722130e+00 1.207914433235616691e+01
1.992473582050940495e+00 1.184293753944832517e+01
7.284115178119870970e-01 1.047972099485317443e+01
1.893676443246888441e+00 1.037390924650270385e+01
2.616273415799666990e-01 1.070565457867469128e+01
1.884419182250768099e+00 1.069813896937925435e+01
1.601845277777847798e+00 1.214263832231038265e+01
2.125111596149451998e+00 1.203300642919403884e+01
1.952271411143397417e+00 1.293590769748201197e+01
2.024332424454462931e+00 1.044453938971163076e+01
1.663243655524616393e+00 1.185975041743998659e+01
2.179518723442547490e+00 1.207285204802642120e+01
1.922502258702623257e+00 1.053201785294666237e+01
8.019977381466961708e-01 1.193615369929006320e+01
2.286437216584352505e+00 1.181731767218045448e+01
1.914278670287168582e+00 1.204483590368775836e+01
1.868123968576996141e+00 1.128281476388832871e+01
1.387520732510014287e+00 1.177620836611342092e+01
1.561222783844090856e+00 1.139696581235214801e+01
1.978588787241269076e+00 1.150629366303696344e+01
2.177410080784356605e+00 1.169924008974259522e+01
2.003069589357547642e+00 1.271013659646579619e+01
1.983310080794452368e+00 1.141434880792784590e+01
2.157370680048508405e+00 1.218526997583145466e+01
1.967619514665036595e+00 1.085295422624205663e+01
1.745488404091214196e+00 1.108809409902107213e+01
8.899885969311092104e-01 1.287057438085645877e+01
2.007286955842739307e+00 1.061126006547379497e+01
1.509481960606855910e+00 1.202027961285032021e+01
2.055881269149736568e+00 1.062052766239840729e+01
1.571969090873173158e+00 1.146228475877470387e+01
1.755353223916281680e+00 1.065824114873638884e+01
2.119858270598153460e+00 1.248514278655451726e+01
2.139518144757978746e+00 1.266153266354248608e+01
1.972051951509708356e+00 1.081977521912310003e+01
1.758791976411809399e+00 1.149154306083988253e+01
1.795237219069224954e+00 1.158936336515498411e+01
1.846733183633369579e+00 1.274701077149692630e+01
2.173208699494911134e+00 1.238886106456552660e+01
2.402765644180464566e+00 1.358306764578969705e+01
1.768850950457092175e+00 1.073210349253451845e+01
1.395816204029192820e+00 1.124500192463099779e+01
1.420220028114506761e+00 1.110850767445377585e+01
1.888602099770339438e+00 1.296851645643218376e+01
2.112609878811422259e+00 1.074770122390844129e+01
1.768493445418958254e+00 1.136168409959615921e+01
1.912191634604406554e+00 1.151970865641825803e+01
1.344400729851222831e+00 1.211193299342264673e+01
2.021363870752548308e+00 1.098733595403467156e+01
2.172177019583326096e+00 1.220444688237979314e+01
1.995028649918813901e+00 1.178852502394597757e+01
1.921283570914398497e+00 1.086546768412949682e+01
2.196849860028443402e+00 1.168448230012315392e+01
2.348258441726041035e+00 1.267471867536094798e+01
1.241398780761294507e+00 1.228343591167582005e+01
1.751412879526847544e+00 1.110274616224774569e+01
1.981220952739723096e+00 1.065300085183668166e+01
1.952461663736551056e+00 1.232709961899823092e+01
2.107229992517266393e+00 1.243197748568048056e+01
2.005877640595184364e+00 1.244265966759520836e+01
2.077646339702608369e+00 1.237698896531126991e+01
1.152687298998188670e+00 1.212360578786348952e+01
1.813401815760099067e+00 1.244669329310780803e+01
2.049109918496405669e+00 1.130917034637934115e+01
1.874530274159392995e+00 1.149006447834110745e+01
1.994963659430852410e+00 1.011567501960687032e+01
1.742306479695891586e+00 1.117437298433633686e+01
2.011415940206738195e+00 1.122209797876541337e+01
2.357321869186411067e+00 1.197609936588366963e+01
2.125630981941896813e+00 1.052698021460466293e+01
1.841942274373406407e+00 1.044039964463344283e+01
1.376946211201004244e+00 1.229114235845707270e+01
1.864067898240342913e+00 1.107901386032115632e+01
1.985027280629578339e+00 1.058778995136599477e+01
1.997063402747644156e+00 1.136408948736129076e+01
4.783444308277262080e-01 1.090169660121938300e+01
2.148343572325111861e+00 1.054937265198471330e+01
2.302896384682254105e+00 1.163925749462054071e+01
2.117527606277112895e+00 1.188917974498280294e+01
2.410930183351618794e+00 1.226792570205397404e+01
1.836961154205768887e+00 1.149750490468548669e+01
1.420232937786416016e+00 1.244808313574615788e+01
2.453986714172022854e+00 1.262610067912381595e+01
2.221356407360462359e+00 1.260104471260281578e+01
1.976736291253044842e+00 1.091364988012940351e+01
2.088196481735812515e+00 1.022323730603412884e+01
2.140425591430014318e+00 1.130649008935895949e+01
1.933781116629210484e+00 1.200123475857247790e+01
2.258265569136081563e+00 1.209135300039128680e+01
2.512543607159618997e+00 1.329625188413740666e+01
2.330523777628600524e+00 1.161865575758006841e+01
2.035747889771990504e+00 1.227646933338123780e+01
1.888425471406982359e+00 1.139881264843265285e+01
2.108302182118632295e+00 1.316978880849930711e+01
1.757612198161607742e+00 1.278995727990483466e+01
1.911965279355026803e+00 1.301569555871894401e+01
1.939444016960922612e+00 1.089484459622519275e+01
2.305652913276361460e+00 1.246576545745754849e+01
2.176796666209045661e+00 1.061938477819710513e+01
2.153047040102455956e+00 1.158075310373571654e+01
1.413036189564277123e+00 1.212087874349140293e+01
6.308117972014478658e-01 8.835160014587854604e+00
1.635478084336697169e+00 1.315321643811836339e+01
2.095549721626812634e+00 1.142524733819069560e+01
2.117583107878170612e+00 1.336811843978321335e+01
1.510022966648516096e+00 1.175925054180559037e+01
2.437486589457256714e-01 1.288596742955175500e+01
1.578126887916352805e+00 1.154445847828223570e+01
1.224071264823082927e+00 1.157518537788848434e+01
2.236550205767287913e+00 1.086539487106174739e+01
1.375691676674664521e+00 1.068199762835659961e+01
2.137995643025880632e+00 1.270793100597139613e+01
1.967097640314386275e+00 1.002075271379290022e+01
1.212661941490161155e+00 1.185239400327371229e+01
6.637885696324117291e-01 1.226941712080457236e+01
1.966649304263664799e+00 1.096735717044087188e+01
2.433470656814563871e+00 1.222360133340376187e+01
1.528886379757172564e+00 1.208934022634933036e+01
1.665988371206635454e+00 1.194007335489595967e+01
1.699867379428517955e+00 1.224242279151240176e+01
9.301532853577231252e-01 1.122486716137956186e+01
1.912611965586897389e+00 1.306132564981409061e+01
2.319551583557071250e+00 1.183148906633435260e+01
1.613425407409571299e+00 1.262137157693520351e+01
1.316406837196442803e+00 1.214830888324870095e+01
1.563301900265849087e-01 2.125390284831929932e+01
2.141617655395271047e+00 1.204076924160957063e+01
1.893791005664978488e+00 1.050584644020611158e+01
2.123268415912684226e+00 1.245146127689483784e+01
1.726434220971929223e+00 1.212154558859990416e+01
1.993348501841081033e+00 1.021818802389023517e+01
8.619513107318979017e-01 1.124643032046149038e+01
1.946666534395007586e+00 1.115653670479653670e+01
1.859179606085417991e+00 1.147557554038578864e+01
1.939992647981211071e+00 1.015628754850526505e+01
2.066504848794178173e+00 1.237119180113113970e+01
1.592618066014815037e+00 1.116597883289502491e+01
2.118186661224115142e+00 1.144792151609741815e+01
2.038750410480513864e+00 1.115029294637033885e+01
1.990166486059543827e+00 1.188995480250699899e+01
2.220329843404046599e+00 1.148631699662782246e+01
1.919029662743856557e+00 1.078221240181092355e+01
1.916705259449029031e+00 1.009238015300414482e+01
2.146903714793391149e+00 1.228011797189249243e+01
1.883901519686789650e+00 1.063697409322803544e+01
1.159280608238575594e+00 1.269118988072284537e+01
2.328556567467997329e+00 1.272183078377226373e+01
1.239510656199309446e+00 1.188843622683888768e+01
1.920162050162212308e+00 1.134559328226437991e+01
1.333018498975525379e+00 1.250111034807375887e+01
1.885846822450441662e+00 1.036206714959452135e+01
2.179218302325806711e+00 1.220947772982721702e+01
1.169982612432841185e+00 1.160469445979537895e+01
1.648877690227256831e+00 1.188407195046253939e+01
1.258827445266463618e+00 1.196359442244505189e+01
1.761849258521064776e+00 1.215804584245835152e+01
1.711481222515309986e+00 1.134088109909229836e+01
1.540033365812176092e+00 1.204723798723710537e+01
1.962477835253320535e+00 1.166342957875898811e+01
2.072450265794029356e+00 1.093231150940835050e+01
2.374810092526501215e+00 1.162584500075137051e+01
1.790602653112890463e+00 1.289794281310309110e+01
2.094965501577518818e+00 1.109644779935617009e+01
1.813785483839090329e+00 1.088670065127410780e+01
2.187104238348606788e+00 1.294521501795529872e+01
1.613653664645013253e+00 1.240397577345502533e+01
1.674323358919476812e+00 1.256093744013960745e+01
1.875256297299249031e+00 1.245899211926288253e+01
2.283817564607989681e+00 1.291947545517272289e+01
1.951456007494197120e+00 1.036959132136080619e+01
1.885412600816130047e+00 1.046912538262083281e+01
1.596998217373090334e+00 1.304190152632195776e+01
1.378702890745347354e+00 1.158154727740614476e+01
2.055129778478143265e+00 1.114087480724844603e+01
1.398726164249051163e+00 1.111390285392688071e+01
1.490438457713140652e+00 1.209238988727504172e+01
2.269323263185436534e+00 1.194403670293308828e+01
6.871017551919382793e-01 1.189471841003935992e+01
1.741156449353998159e+00 1.186948868479723807e+01
2.191362523020858433e+00 1.118857445302149323e+01
3.113287026522331136e-01 1.389472421274282432e+01
9.090097960354125428e-01 1.146402894733251010e+01
1.990132611419272779e+00 1.089472771348251889e+01
1.820854284009400192e+00 1.120580052095171375e+01
2.358756844922834883e+00 1.186777295955342559e+01
1.857522109455036929e+00 1.232270100491408193e+01
1.685554635620758468e+00 1.106984995716015163e+01
2.051567183632337699e+00 1.103727390292010746e+01
2.409872554747864548e+00 1.320112795731740718e+01
2.147973698573083734e+00 1.162621980765650598e+01
1.820870287322047476e+00 1.114698510646879193e+01
1.854692995262173127e+00 1.166330913543049874e+01
2.193314413176304267e+00 1.201670901076139231e+01
1.990089449372325126e+00 1.063394146464824175e+01
1.764152459195302169e+00 1.287036177774254675e+01
7.800955535860286671e-01 1.202855143379506586e+01
1.344424379537312975e+00 1.221824992859316339e+01
1.876889568789187335e+00 1.168475254830722676e+01
1.755316086590169133e+00 1.244749767447619249e+01
1.854251274487277001e+00 1.121354052811415691e+01
2.118010759318818881e+00 1.303235767892627273e+01
1.396028726117658936e+00 1.033346338026015410e+01
1.848592098098972958e+00 1.230671069436538545e+01
2.434359909287480694e-01 8.883730890115142387e+00
1.821981893623847215e+00 1.248297516018461373e+01
1.807890175459500037e+00 1.073916980983958958e+01
2.053231899959629292e+00 1.172539437262749296e+01
2.155129627223062894e+00 1.283297959196288751e+01
1.844021706335096100e+00 1.064479755485033330e+01
2.253614986176990964e+00 1.311536867284940122e+01
8.514780438529050421e-01 1.176180727629123979e+01
1.859257127672264698e+00 1.252030091998009098e+01
2.116892464552137199e+00 1.197982284776485962e+01
2.148538599571525154e+00 1.052974832305553754e+01
1.952100072669577635e+00 1.029843532948690310e+01
1.322941100971440687e+00 1.169618153325650312e+01
1.939693131664112835e+00 1.201780455351938492e+01
2.069009857321360002e+00 1.047541360091294216e+01
1.497405402912905137e+00 1.211987475709284467e+01
2.481947884226743728e+00 1.279256511647289152e+01
2.037726382215878651e+00 1.292370598018779582e+01
1.917670117146791586e+00 1.072519058681415238e+01
1.490673990046414765e+00 1.279040917564256041e+01
9.835663762486498429e-01 1.121825202819815814e+01
2.164601930163153387e+00 1.137557333194269304e+01
1.379811089935916391e+00 1.185868358326787408e+01
1.909273551552321813e+00 1.135465648418155737e+01
1.904618832061770517e+00 1.082897493876983930e+01
6.428232717219860559e-01 1.220359948551202933e+01
7.421265696620844565e-01 1.070075172176094114e+01
1.858083184971445201e+00 1.106339238052725271e+01
1.790640115227307927e+00 1.199651777992012391e+01
2.015011249332504306e+00 1.212825561078165926e+01
1.546651356346881556e+00 1.182344342750032951e+01
6.865861398490356038e-01 1.108199260466609637e+01
2.159377529563375031e+00 1.256110732505835159e+01
2.052217468651972965e+00 1.180256770122302257e+01
1.985484928944514005e+00 1.023676918512410516e+01
2.167165505742996157e+00 1.163273090842111301e+01
1.883009982974994001e+00 1.319260584599158470e+01
9.694139764655035352e-01 1.188343761512871311e+01
2.050685233699284904e+00 1.104786441063635927e+01
1.457061179156438291e+00 1.155998189094960971e+01
1.027905027316463382e+00 1.130032862801837901e+01
1.656472111861236218e+00 1.105030804228790764e+01
1.788023935414986054e+00 1.104903920307430987e+01
1.927897998159965987e+00 1.094443166189426009e+01
1.983373733859492782e+00 1.176230822893611538e+01
9.850958553381762295e-01 1.080723118737083688e+01
1.926829247430191794e+00 1.108850402301196425e+01
1.487324219410966597e+00 1.157325887263106701e+01
4.626521288186002390e-01 1.207618202830782117e+01
8.476038135226529047e-01 1.189053334166520237e+01
2.141377286067513097e+00 1.160348349941969381e+01
1.299632223369334261e+00 1.221361621470624748e+01
1.491583604737848789e+00 1.178477976500416169e+01
2.133169223731677278e+00 1.096879252530579407e+01
2.088983636224168716e+00 1.092160067572442550e+01
1.948075636887041773e+00 1.103656669826250081e+01
3.007390510743134793e-01 9.323167402415220906e+00
2.021791746096495590e+00 1.141659202046167287e+01
1.904194166328132098e+00 1.113821493908863758e+01
1.049290630805397306e+00 1.275348186831213226e+01
1.678392153967174671e+00 1.060808910528867344e+01
1.899849989996398314e+00 1.162542822695287903e+01
2.193075966526169651e+00 1.138489640572176143e+01
2.212317538105196491e+00 1.108905829161489898e+01
1.654637658445433646e+00 1.132984918988654854e+01
1.290753510439036855e+00 1.076810870078826987e+01
1.905831521486561320e+00 1.086864211956757664e+01
1.130682228655292443e+00 1.144686318706614436e+01
1.872982926804480197e+00 1.069219723914295272e+01
2.122819377714137534e+00 1.168747557968132966e+01
2.152584744771896208e+00 1.098419643955770120e+01
2.190348549006010614e+00 1.325700922873594401e+01
2.060054837407427009e+00 1.106718275826406206e+01
1.991156554647791177e+00 1.046947714911263816e+01
1.361582710608645774e+00 1.206052411666975210e+01
2.324651037261090458e+00 1.278491800851513460e+01
1.577128718994385892e+00 1.168437674214051292e+01
1.315142147875784762e+00 1.243260045694593785e+01
1.870536193210698972e+00 1.288988352018025196e+01
2.074446418272071213e+00 1.259361442737814052e+01
1.941391810346609459e+00 1.172880356263293855e+01
1.724581926396583587e+00 1.150871397397846962e+01
2.267594716076198669e+00 1.130139391989295561e+01
9.407332768051129834e-01 1.127874141021934840e+01
1.212117518023780871e+00 1.048032148576186451e+01
2.290205986846951536e+00 1.151179666473387897e+01
2.319529674159900523e+00 1.165257988848075321e+01
1.995833012390589856e+00 1.031601602249249794e+01
1.992807059662112579e+00 1.180412130486308087e+01
1.399005150284069243e+00 1.208928563261931011e+01
1.920593778510714111e+00 1.132148206264044887e+01
1.075995406012421496e+00 1.247381165872142716e+01
2.087137681480798257e+00 1.174300850637175309e+01
2.044739266639852726e+00 1.135269325804969220e+01
2.261537353266026340e+00 1.140354449939933446e+01
7.143041852076061904e-01 1.022645445713943779e+01
1.508553295333465050e+00 1.220897002994271929e+01
1.172127027812416955e+00 1.115319198071237494e+01
2.084298124800119112e+00 1.231673257876462735e+01
2.052861087988948618e+00 1.167196188333568685e+01
1.984971275559096693e+00 1.150687574341609398e+01
1.906469476554980558e+00 1.003068365102619453e+01
1.345807865681077686e+00 1.210485771114869991e+01
2.485607059961525866e+00 1.210268823309432307e+01
8.271367858917063609e-01 1.181889968983415251e+01
2.098647866940333451e+00 1.243208694371298151e+01
1.842823338238600117e+00 1.130170529954171421e+01
1.226165636623326449e+00 1.077417197473193688e+01
2.277654673329085888e+00 1.327068647158515446e+01
2.073826881819174073e+00 1.149194344745989937e+01
2.153961341541240859e+00 1.270514649059013657e+01
2.129871492202405125e+00 1.236814272346459020e+01
1.613240199996839763e+00 1.154833310678560743e+01
2.271561653835073802e+00 1.161325561788708249e+01
1.985941848699462220e+00 1.107395661795893460e+01
1.880252031505275090e+00 1.193176575545306051e+01
1.706208284873028891e+00 1.143676399687702983e+01
1.985565037711395364e+00 1.158325970663605986e+01
2.676635258004403384e-01 1.327471000470409024e+01
1.775691756791425657e+00 1.206161374828137767e+01
7.498651753762997085e-01 1.217266623396350766e+01
1.081303478007164198e+00 1.145147511322701561e+01
1.671399592881389395e+00 1.246051254927841967e+01
9.679107398655607541e-01 1.246937849864190362e+01
1.862066941388033081e+00 1.272426070145916022e+01
1.991210959546974024e+00 1.164910669507965935e+01
1.710931896230713400e+00 1.212261028407167807e+01
1.974341433005925461e+00 1.253881955376550295e+01
2.150869706456048469e+00 1.176782659806424469e+01
1.974727144676724944e+00 1.146909326140691476e+01
1.700857571470967944e+00 1.306364551334750779e+01
1.818711211729995947e+00 1.174391120483511841e+01
1.282702544568624647e+00 1.059192328174856534e+01
1.825582616983020046e+00 1.203899464492325500e+01
1.040646715019722723e+00 1.175682983643432067e+01
1.839665055199694033e+00 1.183495377105124113e+01
1.897086817417827698e+00 1.118240197469265418e+01
1.982747513928272198e+00 1.172953732858268339e+01
1.929100559502901380e+00 1.160712667354925287e+01
1.540950197470701388e+00 1.139517355690058942e+01
2.310728680293774318e+00 1.242401845583810527e+01
2.611253398192344477e+00 1.295421899765173279e+01
1.789778021713337886e+00 1.149672008639483245e+01
1.721200772412890823e+00 1.113846318386366363e+01
7.928910328969089871e-01 1.114810786769343309e+01
2.022575607832420630e+00 1.077152892786521399e+01
4.264875666342978211e-01 1.077735856638386380e+01
1.288243839771105126e+00 1.201598290817404546e+01
2.538926766627086717e+00 1.295869879153496562e+01
2.130872948401813183e+00 1.191182067310231751e+01
1.984691192618259103e+00 9.945030207272274936e+00
4.457912010348042409e-01 1.236792407614631095e+01
1.738640267405648698e+00 1.307058055851352663e+01
1.981522612645302273e+00 1.070365657950655169e+01
2.016207124227456404e+00 1.029505678851986517e+01
1.791147067535459492e+00 1.100610506188542992e+01
1.062289867867673765e+00 1.097137255388001265e+01
1.452769982247893221e+00 1.171029490983402788e+01
2.121127949335302354e+00 1.082112773252939775e+01
1.904130582235422198e+00 1.074074191920324672e+01
4.479467263854043368e-01 8.621537789754619041e+00
1.859459180397528444e+00 1.162976404290315280e+01
1.075255789369230719e+00 1.130377206989878580e+01
1.302773053337614950e+00 1.156725516716253033e+01
1.782277825862946141e+00 1.173483060422798907e+01
3.374839068540076981e-01 1.036191659493233708e+01
2.200574609693576100e+00 1.295019506800038478e+01
1.990170149620490880e+00 1.159902961533540555e+01
2.265558064441907327e+00 1.284216646301158526e+01
1.715820542901352219e+00 1.166222699696639076e+01
2.381981158865366321e+00 1.276878489605856437e+01
1.716362981435936019e+00 1.220352953400796814e+01
8.074685965609544880e-01 1.188330550573138211e+01
1.189375050827734537e+00 1.214603470812910047e+01
2.353734451063698163e+00 1.239362445726199269e+01
7.959514292034453042e-01 1.091096349561921031e+01
2.204255931176609895e+00 1.302126758026764897e+01
9.919642145481423201e-01 1.095742508774247881e+01
2.115679772213704180e+00 1.202148039663495460e+01
2.258718523719026816e+00 1.217224038941547093e+01
2.058145508884019481e+00 1.154678834624325390e+01
8.037673620526460116e-02 5.000000000000000000e+01
1.984294156826591493e+00 1.262739957709772831e+01
1.466446234001274940e+00 1.176524772831231402e+01
1.734785931195684361e+00 1.098812144621597398e+01
2.099561064253288034e+00 1.098758535933853331e+01
1.457312383631296893e+00 1.267868794450616754e+01
1.727851065105791006e+00 1.153022434355563952e+01
1.633341530697643096e+00 1.253225971842367237e+01
1.118194426400971109e+00 1.227578400879580833e+01
2.021580711354538984e+00 1.175739523974543488e+01
2.125416062431724207e+00 1.249959637825822512e+01
1.191285483040330329e+00 1.079648385022066748e+01
1.647663460503145272e+00 1.267269943102466101e+01
2.297603065436367054e+00 1.267410151634801885e+01
1.940633815125717865e+00 1.240857724935267647e+01
1.829269984973691754e+00 1.203840046657254170e+01
1.913324209492978323e+00 1.150138332354955573e+01
1.564468669457129701e+00 1.111163535589810003e+01
2.013146189653593154e+00 1.041589607869750189e+01
2.064923340499325022e+00 1.125292718667483349e+01
7.805159645187126349e-01 1.119455103091937254e+01
1.106475860332592598e+00 1.211103954993696341e+01
1.074970349030367478e+00 1.170705683202275615e+01
2.009596912835662330e+00 1.127062480862189986e+01
1.674574429443294044e+00 1.114662320814702490e+01
2.210644902963637026e+00 1.269694613572031905e+01
1.825359746258701898e+00 1.316693455118487854e+01
1.904974104796644419e+00 1.124409644148123455e+01
2.044536493561390333e+00 1.038403673378249614e+01
2.265357525640384395e+00 1.189377591272728196e+01
2.107446762594662459e+00 1.267049688731006363e+01
4.870976856298561142e-01 1.204855492051317611e+01
1.796114257789845681e+00 1.082786177781284565e+01
2.190822238499217978e+00 1.255123231430858155e+01
1.957976383707002110e+00 1.267022014313156930e+01
1.917184140794813807e+00 1.044681474650231756e+01
1.780332079039718574e+00 1.180256672063817724e+01
2.007234108314772225e+00 1.010620669705851959e+01
7.920768437529559503e-01 1.155539566617227010e+01
2.007194837475609894e+00 1.195813504270211958e+01
1.388031523522459176e+00 1.255094902992267869e+01
2.147274153050117818e+00 1.246341176255831051e+01
1.896527688506328468e+00 1.211468263626842834e+01
2.178025213987476061e+00 1.205290425758342110e+01
2.129348843048940676e+00 1.041904220352270904e+01
1.808530163008868374e+00 1.204815842565597528e+01
5.820186162593261603e-01 1.042738385400138057e+01
2.407560423150038709e+00 1.199692374147674911e+01
1.481993345393668671e+00 1.190868532277292502e+01
2.573690600931722638e+00 1.300837857858316049e+01
1.874127856616566667e+00 1.046382272445034367e+01
3.481370928212093596e-01 9.032818233946228403e+00
2.085537835757963698e+00 1.238980716668103810e+01
2.108356842743608794e+00 1.222397942803746318e+01
2.036150986005234920e+00 1.042236038285788524e+01
1.600231357267973165e+00 1.215739582799901441e+01
2.213163338440746308e+00 1.269900277375090170e+01
1.984515400347901082e+00 1.169545600820443099e+01
1.524429375230456296e+00 1.084920710023381574e+01
2.359167760449202955e+00 1.197592439113573448e+01
2.080928263872539485e+00 1.146224134396924654e+01
7.895452299606744440e-01 1.252129658152709091e+01
3.603046596577418326e-01 9.393971549178356639e+00
1.959072307333119323e+00 1.041102745874016300e+01
4.051609969973160030e-01 1.280967622731538924e+01
2.171907122101031540e+00 1.261760455290629146e+01
1.828312642952537370e+00 1.121415903522646218e+01
9.911078577237094622e-01 1.186066750202293818e+01
2.058672047666633365e+00 1.173969715104235867e+01
9.533102128099156802e-01 1.198260268870666856e+01
2.298639393193262492e+00 1.142539300883323428e+01
1.591734932541450931e+00 1.194376516820509160e+01
2.361972381851844105e+00 1.243562684606520641e+01
2.221726226498313750e+00 1.223656761945375493e+01
1.313447151785507527e+00 1.152679052368209156e+01
2.052677804617183632e+00 1.119143781401411886e+01
1.763519207807174860e+00 1.194846261020674305e+01
1.972362790396229526e+00 1.248101804774476165e+01
2.072161493519188102e+00 1.130860018062304384e+01
1.777612637547920871e+00 1.314435975281542923e+01
1.449780481697559908e+00 1.281515869499199489e+01
1.559592723544186432e+00 1.255834499918864999e+01
3.828935038191761397e-01 1.324725039450181363e+01
1.773397410459402357e+00 1.070543043904909375e+01
1.947192896226366488e+00 1.087564255238312150e+01
2.018034665197220523e+00 1.285256476341981013e+01
1.163533965266620784e+00 1.070915463291614245e+01
2.273517928746894956e+00 1.253567991665572912e+01
1.465444547289991295e+00 1.179103839840683143e+01
1.848207173812875581e+00 1.216627567349905625e+01
1.964600910338894613e+00 1.131216184686700998e+01
1.007007166127975806e+00 1.211267454304151947e+01
1.921013333123106293e+00 1.009507577278812462e+01
1.252182013248553272e+00 1.187253959138627835e+01
1.755331532932059346e+00 1.114913618633439718e+01
1.680616379911853198e+00 1.085623861518658018e+01
1.604957104845779359e+00 1.278646676815002436e+01
1.976078257261522975e+00 1.209347066180248298e+01
2.404294818143730694e+00 1.198872439634120290e+01
1.841480246076270699e+00 1.226897773832575034e+01
1.774783066544439514e+00 1.283207128204234238e+01
1.780613976812798649e+00 1.182334689833308516e+01
1.999899642029885793e+00 1.075144463961913210e+01
2.522037599817850140e-01 1.464593141309080160e+01
8.286082219486212708e-01 9.855618773308281177e+00
1.507366167140741009e+00 1.132483863079838393e+01
2.307412919481024005e+00 1.159770861697393940e+01
1.939654391977066350e+00 1.070611553639819924e+01
2.129230041989544464e+00 1.276394774752082384e+01
1.965752820912297416e+00 1.082641666368107281e+01
1.879412830770609277e+00 1.051956421105265704e+01
1.694622100208210025e+00 1.191596700139025522e+01
2.258231589813302520e+00 1.339776815151063971e+01
6.594432001456522752e-01 1.196025771631948942e+01
1.503332573382519799e+00 1.175259607471267209e+01
1.891038319313165017e+00 1.156179363245020220e+01
1.936870569879668658e+00 1.251828444006477881e+01
2.488555647123462222e+00 1.240185590185424225e+01
1.636765933580957288e-01 1.795983532544028805e+01
2.336894201108628000e+00 1.244056893344708214e+01
2.017764197389798397e+00 1.289858979837450015e+01
1.589995994008966074e+00 1.271544183348897228e+01
2.040752645060025738e+00 1.066357215107936796e+01
1.335584484238441449e+00 1.217629105246575705e+01
1.256243293099175151e+00 1.155836995293254965e+01
1.928698719846765997e+00 1.152822189464474079e+01
1.937353963308772631e+00 1.115854656928798683e+01
2.096094576702578927e+00 1.170085114334234078e+01
1.803946265399496429e+00 1.158840433323554464e+01
1.411629491691076321e+00 1.117905617879377012e+01
1.977501924061788596e+00 1.084257468713147787e+01
2.008543467859873033e+00 1.198153251422858290e+01
2.132537845951760769e+00 1.207844743630294992e+01
2.032817414622748231e+00 1.174811794984697322e+01
1.798997667092576691e+00 1.140983363501181991e+01
1.966914216208376809e+00 1.025979059487975320e+01
2.117370333861707810e+00 1.218727203965603145e+01
1.292066053215559229e+00 1.154018211921949444e+01
2.111333666476154836e+00 1.141069985904091055e+01
1.501985664938835896e+00 1.154150074712227791e+01
2.041863763190881365e+00 1.145514872852491273e+01
1.987886012065108954e+00 1.099537230570746971e+01
2.163564989437632313e+00 1.256883719626130080e+01
1.830367624277202232e+00 1.116991810975613575e+01
1.786504610902212908e+00 1.176149722168290523e+01
1.981348960349581745e+00 1.155055690137576541e+01
9.313247961992668911e-01 1.108726478853088082e+01
1.622978258999452361e+00 1.250620411385806818e+01
6.210329016322083673e-01 1.162600985966676603e+01
1.972426692827292882e+00 1.087706945286650750e+01
1.968383538820251522e+00 1.207619726201635402e+01
2.166787634931707007e+00 1.243778079535267977e+01
2.064709812093825203e+00 1.141140884691214019e+01
1.940144035780257514e+00 1.220815684393787670e+01
1.906582600930797566e+00 1.131095767583818024e+01
1.528689178922307379e+00 1.221873668018458226e+01
1.827660831706876099e+00 1.129360038526907317e+01
2.077764830119043449e+00 1.273438394297185994e+01
7.216153081247576873e-02 3.540087085749111395e+01
5.787494800681516338e-01 1.094394713688502385e+01
1.961373609163294063e+00 1.214363098364821880e+01
2.130841316010889219e+00 1.186638759290513612e+01
1.915802257344412451e+00 1.091240774615990183e+01
1.993927773636346990e+00 1.044909978218273672e+01
1.777725015056566438e+00 1.157948986909707223e+01
2.145596893963497287e+00 1.203788840107288927e+01
1.995056808779270829e+00 1.127191236199363544e+01
1.762624228151881578e+00 1.073746239058425900e+01
2.066775101899249734e+00 1.254069278169218471e+01
1.959227262038312878e+00 1.140106853401912446e+01
1.655433356757914032e+00 1.229850971685165284e+01
7.841043314355200522e-01 1.035067146503483748e+01
6.840538389966073218e-01 1.042374982193319610e+01
2.052592117193901444e+00 1.210262729649690527e+01
1.192525508784539889e+00 1.155877401180534569e+01
2.068391500362944058e+00 1.209393843774287802e+01
2.469811138158728880e+00 1.214429508465925522e+01
1.325875408805675004e+00 1.081313896120401274e+01
1.618243614854437018e+00 1.326976420850057359e+01
1.982349786707289674e+00 1.080591355279894294e+01
1.894479920450488075e+00 1.152471265762688191e+01
1.949832758698323731e+00 1.228613368090120872e+01
2.003782656387850469e+00 1.121034351546273022e+01
1.272427209419113803e+00 1.154330749284478763e+01
6.646222421607667075e-01 1.002565559662065908e+01
2.005275965910823022e+00 1.327434994599197537e+01
1.143755363575333917e+00 1.185034150439920175e+01
7.894888139414737438e-01 1.170326553695661254e+01
1.938622176203984804e+00 1.072524782161526780e+01
1.926925489304435413e+00 1.303686283824345260e+01
1.726197305391351522e+00 1.080034416718890000e+01
2.163334142626706313e+00 1.072659276697288533e+01
2.038596867568131632e+00 1.070889693024352596e+01
8.344512541762679758e-01 1.241857953342469933e+01
1.932015792468785520e+00 1.221565625666142374e+01
2.017018713390732909e+00 1.159382378694592930e+01
1.970937779703564763e+00 1.187246993047356192e+01
1.169295414425178814e+00 1.096276952574508101e+01
1.520649337580968874e+00 1.090812997407451235e+01
1.535537560963024850e+00 1.241166900857152733e+01
1.532227666307679037e+00 1.141616602179830409e+01
1.105207405266257048e+00 1.081597314921475750e+01
2.106529734246564534e+00 1.126920352047331697e+01
1.655433173693774407e+00 1.164628330624646502e+01
2.098314498526633098e+00 1.240805632367542977e+01
2.335098427957182921e+00 1.187009195152963770e+01
2.082958251021109319e+00 1.030495804081895095e+01
1.999808605962522190e+00 1.027042037845812317e+01
1.957128172098909991e+00 1.058713341216303583e+01
2.111250591574632463e+00 1.208159899833612450e+01
7.797859182062577554e-01 1.056896157456155372e+01
2.020464956663659439e+00 1.255055021943297078e+01
2.092847984954489871e+00 1.079977683077055239e+01
2.153443665422089648e+00 1.158967687299889526e+01
2.363994865399635437e+00 1.146778937781490448e+01
1.886521692634167247e+00 1.134292921600472148e+01
5.546542186437900535e-01 1.242487216857848509e+01
2.062675736929601378e+00 1.264884520871949647e+01
1.999672061201025253e+00 1.179948283879841675e+01
2.004384648548304337e+00 1.105352770403034235e+01
1.852036258552777204e+00 1.310545428513931832e+01
1.767975731873933531e+00 1.159707871607109375e+01
2.056404447993688045e+00 1.177618150614530812e+01
1.880180107166956827e+00 1.121297168479145689e+01
8.119738295163196895e-01 1.197734648376747479e+01
1.991020081294562205e+00 1.076314597485424507e+01
1.706889276451575954e+00 1.264373117425011195e+01
1.962540864852711842e+00 1.171219546968577241e+01
1.886123703284221076e+00 1.169451980285799841e+01
1.504631056833302116e+00 1.203072068657591309e+01
1.148418184561733169e+00 1.154081101896399097e+01
1.471750923129036215e+00 1.139556636252178734e+01
2.586150508209117405e+00 1.333038280800729325e+01
2.094887068233639571e+00 1.139981780028503699e+01
2.086226753655949118e+00 1.068490466802855110e+01
1.949107014641835223e+00 1.083050793374921916e+01
2.029459833971088756e+00 1.096952498333848247e+01
2.193505710863710156e+00 1.215235465863877629e+01
1.902556433542291092e+00 1.066221833314757639e+01
2.141265877452556587e+00 1.146679259226686831e+01
1.209082284354597414e+00 1.208057487330877677e+01
2.167988049809141060e+00 1.296846910926380403e+01
1.986031132155095413e+00 1.287127325434954805e+01
2.299129461604209279e+00 1.175702376462988497e+01
1.799194964100660377e+00 1.161643295312823554e+01
2.183114419801333916e+00 1.144419307681462250e+01
1.501574255624923859e+00 1.278052741975960593e+01
1.920903815987069718e+00 1.128530917100768249e+01
1.637863192540477408e+00 1.079675950933808082e+01
2.206287508784341878e+00 1.246445409042652663e+01
1.885702816840762353e+00 1.341565644480611930e+01
1.967053573986151660e+00 1.186214556847880175e+01
1.903954285160773141e+00 1.211013371651592863e+01
1.872779495745979128e+00 1.191765568806378006e+01
2.064782481676429526e+00 1.182548076356606259e+01
2.089855276657810013e+00 1.159323019194035354e+01
1.947170366540239339e+00 1.078588344333035209e+01
1.375827187034320387e+00 1.118517404332099652e+01
1.265707411704239505e+00 1.198047554620424116e+01
2.389813083768883128e+00 1.279391023703384711e+01
1.369208218357308215e+00 1.221584008451265291e+01
1.550422957162451709e+00 1.110336224081925316e+01
1.301506108585577914e+00 1.085081277609092254e+01
2.000537089049410522e+00 1.053296220500723379e+01
2.110358451723032047e+00 1.078049838937264582e+01
2.148915442517079111e+00 1.210941857498729846e+01
1.239883963545109546e+00 1.196596778914628523e+01
2.058253136078850964e+00 1.275087218183168147e+01
1.651876939712128012e+00 1.087445558158269598e+01
2.275078525183415135e+00 1.118569439323324310e+01
1.942770382956350739e+00 1.150796571772119670e+01
2.310218284806493383e+00 1.175853080427606301e+01
2.058582390758040948e+00 1.251252248707491432e+01
1.454520027404478055e+00 1.076360708356771134e+01
1.867507397434969407e+00 1.094246449839329394e+01
3.384372479469909267e-01 1.244147767259835469e+01
1.673069681410232601e+00 1.161237665547876929e+01
1.549392151457710254e+00 1.126282922791455832e+01
1.887084029683312458e+00 1.106675009914185104e+01
1.931209752382365252e+00 1.098977304945551126e+01
2.049106523935583901e+00 1.242536640075743115e+01
2.367857174838470247e+00 1.219415112605336837e+01
2.002247440517058497e+00 1.087653862042133213e+01
1.280493273992645564e+00 1.122021340028624792e+01
1.706607872591977104e+00 1.101574767959255752e+01
1.679056506918975789e+00 1.237210402223012196e+01
1.940048752832449486e+00 1.138853940363147998e+01
2.209798772677423084e+00 1.231045797096309080e+01
2.143988085546995326e-01 1.348624590133006507e+01
2.232903083920300791e+00 1.165970668946988731e+01
7.669636356619454753e-01 1.179475231255425527e+01
2.275434840595099484e+00 1.197694767073480904e+01
1.874754313215003299e+00 1.166757725343820162e+01
1.994570278770109617e+00 1.149482095192780662e+01
1.958197487009522675e+00 1.190565181142039819e+01
9.511684677821521938e-02 2.650944672391457502e+01
1.853872784344927860e+00 1.154947695752448489e+01
1.977305924531829628e+00 1.037665029998259669e+01
2.051417912926575493e+00 1.170278255702083214e+01
6.612935858379475063e-01 1.195624447996585360e+01
1.512793444959043443e+00 1.271573911924423150e+01
1.963098491595121953e+00 1.160579466071502353e+01
1.972590686122376979e+00 1.169309392963855032e+01
1.311964426733436939e+00 1.175063849535037974e+01
1.736618479359713918e+00 1.178702826882112298e+01
1.596542572941873628e+00 1.270835530509638289e+01
1.872513443744717510e+00 1.158056770183812567e+01
5.231759362511966271e-01 1.143144900464849556e+01
1.765951272161053520e+00 1.096849313375287949e+01
1.962731685770946255e+00 1.251385290141025486e+01
1.356873196799622150e+00 1.103292283220285697e+01
2.062756679967511886e+00 1.115079636322550449e+01
4.190604293547992576e-01 1.263697958356702067e+01
2.111819027464211018e+00 1.152491548153668610e+01
2.064522748521716355e+00 1.229607764424225813e+01
2.072342495381632954e+00 1.194639547969828541e+01
1.983919735419961139e+00 1.117747075911362664e+01
1.863851871292286022e+00 1.201751187500159013e+01
2.497038440222218103e+00 1.208975323644708766e+01
2.383303918559357637e+00 1.200302026962019575e+01
1.172520741425549629e+00 1.157714538921013947e+01
2.099490690909006751e+00 1.262724443864179236e+01
1.715553192564267748e+00 1.214650898265549728e+01
2.055509984538909762e+00 1.339258946366280156e+01
1.334533199034887652e+00 1.177335892492202518e+01
1.968468179542168794e+00 1.115329645506358069e+01
1.793980361862343997e+00 1.247997369431223724e+01
1.879569384099817553e+00 1.297449903808678684e+01
1.584037724972335193e+00 1.297751586551433611e+01
1.663507654196827890e+00 1.135078271406857908e+01
1.416788260906571617e+00 1.054523928542409550e+01
1.668200232875621802e+00 1.159379170696939099e+01
2.140556813910943212e+00 1.188865648831593802e+01
1.825881728293774264e+00 1.178555440976378321e+01
1.704349004678402668e+00 1.165606781381438672e+01
1.762762718729472988e+00 1.225429470453815028e+01
1.305469588619708965e+00 1.123527169851348440e+01
1.218569379399104369e+00 1.080197708810650425e+01
1.430820437718744120e+00 1.059583544146385492e+01
1.895150906623528364e+00 1.132697733347023394e+01
4.399532114959732176e-01 1.134980212536091138e+01
2.154828020680909173e+00 1.122264373756512157e+01
1.811091439375628331e+00 1.105790398379120276e+01
2.288908401895470401e+00 1.264607352888356395e+01
1.897856628849290406e+00 1.207866672515997131e+01
2.178480703906912730e+00 1.170463588445914027e+01
3.356888132635227895e-01 1.214842905168221776e+01
1.633404906722150551e+00 1.212758559635733491e+01
2.124504886577641916e+00 1.235119252669801071e+01
2.509598948092413462e+00 1.278547211258930005e+01
1.684941395418900756e+00 1.187181450892718004e+01
1.882985828409063256e+00 1.156333395505186168e+01
1.941276680958387013e+00 1.223438339932790342e+01
1.330815959445088792e+00 1.158338176554769916e+01
2.036463109512476333e+00 1.102486292684471891e+01
1.838011179471922274e+00 1.170588105997121886e+01
1.950077295292802715e+00 1.059312686059476150e+01
1.243994971621913193e+00 1.047897866553331525e+01
2.457072997055702590e+00 1.319269832762669736e+01
1.855748275987281648e+00 1.211217445530400205e+01
1.654811046859307577e+00 1.121112915252318842e+01
1.690467469125519706e+00 1.252913558365363400e+01
1.850252817886844925e+00 1.087298642702046614e+01
2.125940286720739536e+00 1.168104839457277500e+01
1.287082172953595505e+00 1.172587514015709509e+01
2.003472882312463010e+00 1.040923689420234766e+01
2.261109850175706981e+00 1.214132071624440812e+01
1.889105063231010906e+00 1.187553600948941046e+01
2.104609614367733528e+00 1.040071068214093586e+01
1.821500839256366300e+00 1.141893982617737890e+01
2.249283573703297900e+00 1.141317770105750817e+01
1.509950865989401203e+00 1.191049151370845927e+01
1.974704908898043065e+00 1.099512546900639265e+01
7.678666163193376137e-01 1.085547345385924878e+01
1.920845814963499265e+00 1.315462988959416357e+01
2.080761605305933237e+00 1.041497415923838332e+01
1.999192657867457035e+00 1.088192341133972718e+01
1.718621626925939561e+00 1.158754133655727436e+01
1.055871437226193699e+00 1.142067626842389849e+01
1.047084602884963550e-01 2.884572120189761790e+01
4.809946436278672577e-01 1.270465697272134875e+01
1.938012672794611646e+00 1.053968347609141887e+01
2.094729189472185116e+00 1.075111040370775939e+01
2.318219514969856121e+00 1.319543314895370933e+01
1.960228096340102644e+00 1.097447138761421215e+01
2.165999130964145980e+00 1.121422860395474608e+01
1.835841419517876938e+00 1.106324457152601148e+01
1.891819105628611331e+00 1.174626680997625527e+01
1.933681951859394843e+00 1.140576938405838803e+01
2.155984915307189442e-01 9.491626067859728622e+00
1.880088167392659271e+00 1.102558086795002623e+01
1.464915347644571764e+00 1.138106079364524881e+01
1.373404166018428185e+00 1.254974851074508102e+01
2.135105352107894650e+00 1.115406037385646165e+01
1.838495237435471719e+00 1.305337557297731266e+01
1.863957672448367076e+00 1.099571577944992740e+01
1.881263191735949025e+00 1.245497374226380316e+01
1.296892335898101489e+00 1.204133705153019207e+01
1.205748432671632120e+00 1.099435814079673790e+01
1.906726993774404244e+00 1.315599543134849370e+01
1.994714233341301712e+00 1.095118412257376406e+01
1.867884832778713422e+00 1.212084287485885348e+01
1.874501900196765991e+00 1.145222979577224898e+01
2.119385517026713295e+00 1.233037651660740153e+01
1.710095512096609260e+00 1.237397157198314979e+01
2.193860420647158360e+00 1.195514526647969156e+01
1.940492142421835098e+00 1.012665358773369029e+01
1.553882918425241177e+00 1.192908798189549557e+01
2.167493678748865449e+00 1.170824779916941161e+01
1.524232982175831363e+00 1.269941683979634028e+01
1.470235964821220431e+00 1.161193388605242305e+01
2.324758248054739518e+00 1.175048536645199881e+01
2.168539452051610805e+00 1.117985062418754438e+01
1.832413444284348492e+00 1.245441786847519694e+01
1.254317995500955352e+00 1.187547975050108029e+01
1.091237512866004788e+00 1.042366682864408212e+01
2.392636831525191354e+00 1.228296554685531206e+01
1.738709339652090957e+00 1.193621787427405856e+01
2.091813666915291137e+00 1.129543739508257438e+01
2.453521722680607642e+00 1.246900923741174338e+01
2.267873745909911865e+00 1.262068405630537349e+01
1.670634629938314131e+00 1.196216439348015470e+01
1.052697798977951127e+00 1.134508877219693446e+01
2.272463761429303730e+00 1.170041131841127680e+01
2.313108371605727687e+00 1.126614880989221135e+01
1.833892395915488693e+00 1.214974727947363142e+01
2.548332801220904553e+00 1.212788224563688821e+01
2.131944861558051407e+00 1.304880324218276577e+01
1.837522704525452966e+00 1.094362654596100981e+01
2.022211165095403107e+00 1.305424549650613031e+01
1.576477801015037095e+00 1.109189040505122392e+01
1.616667726702855745e+00 1.161318411917062754e+01
2.108677256491509500e+00 1.209565396889702882e+01
1.735130523655827428e+00 1.166435563606930437e+01
1.885279027796927576e+00 1.123192903594446079e+01
4.885571156165181006e-01 1.218131692555773959e+01
1.867006382056536129e+00 1.162989093816497643e+01
2.318548182563897608e+00 1.218440362488067485e+01
1.960808296423407704e+00 1.193411813246929043e+01
2.504960915259359933e+00 1.235184009414257744e+01
1.899638628654754857e+00 1.150495375025139388e+01
2.040341608795444017e+00 1.137740170969905051e+01
1.860054943764705149e+00 1.153542282725855017e+01
2.224498325095921825e+00 1.148213695209029872e+01
1.340168241179669151e+00 1.267711035347802095e+01
1.853180583403427617e+00 1.179627189931071918e+01
2.292316518831732708e+00 1.195185994149827557e+01
1.808454688061127635e+00 1.212252839646344604e+01
1.746168871151505320e+00 1.114697258186656015e+01
1.933763669362140947e+00 1.077299590048165356e+01
3.551973678313404825e-01 1.084643543958779155e+01
1.301037032255021320e+00 1.280624836221703156e+01
2.019874826669206147e+00 1.275076277951190740e+01
1.754625467250290338e+00 1.223517020166596225e+01
2.076697218323251271e+00 1.059124274181461622e+01
2.010512288950764059e+00 1.205445124634939624e+01
1.779554510035093351e+00 1.107846016618608687e+01
2.023658130422175461e+00 1.060942594204435352e+01
4.968937453494802203e-01 1.262910506809208222e+01
2.024681730288491632e+00 1.064501092209428634e+01
5.770708611578900804e-01 1.019194483011793650e+01
1.656313838159084950e+00 1.266312037914603295e+01
2.221294675857734546e+00 1.271403167327359540e+01
2.113750428328304398e+00 1.059043979709909955e+01
2.021701165607579842e+00 1.202322932821303425e+01
1.993783222489092122e+00 1.176665041271087730e+01
2.047898961011500152e+00 1.156994104006732726e+01
1.874931248128030914e+00 1.121138799180672940e+01
1.739937831214705577e+00 1.098842689178978382e+01
1.222893570937406915e+00 1.214443642664965495e+01
2.494125644261534713e+00 1.296535475183612363e+01
1.923285923049727453e+00 1.237217214606034155e+01
1.748653527476599079e+00 1.288159126234180540e+01
2.046551701546243329e+00 1.174612619613430908e+01
2.389848024128734316e+00 1.230960656424586830e+01
1.463718860286665979e+00 1.078674066169814516e+01
1.529796745352270726e+00 1.239982891827230027e+01
1.924652977839913071e+00 1.054239344974246073e+01
1.565031883850854122e+00 1.187563737481330683e+01
5.401721010285435165e-01 1.173389546134937511e+01
2.345467719323511613e+00 1.189668245423689186e+01
1.469666257663840625e+00 1.159600802227432226e+01
2.158680429827620095e+00 1.160867816356259397e+01
2.092400739582700453e+00 1.146892951285449591e+01
2.118353827919684296e+00 1.169620997645282579e+01
2.175604384471338193e+00 1.196162484735113374e+01
1.001120083361086932e+00 1.220601435693109238e+01
1.961104643600949826e+00 1.136188580236489720e+01
1.322916051036622243e-01 1.789655011190412282e+01
1.633734438564728553e+00 1.142670978780675028e+01
9.405809954102676285e-01 1.192136249394895131e+01
1.335659567436372708e+00 1.074075732226170565e+01
2.053692097737754629e+00 1.139061497876875961e+01
1.398797776493658773e+00 1.122811450569099279e+01
1.755540096312582010e+00 1.096862862460380939e+01
2.204882504508987928e+00 1.171906458130135675e+01
1.053481075102777220e+00 1.231077349298645274e+01
2.028224831181658860e+00 1.235478792200287579e+01
1.909333513079702227e+00 1.074990102709650230e+01
2.046366698181890875e+00 1.081006656428555068e+01
2.274216448265898194e+00 1.267519583368317271e+01
1.716932546432380358e+00 1.275802605422393476e+01
2.201299627329889042e+00 1.165662782740332659e+01
1.829816354598953643e+00 1.180947505248831142e+01
1.569226147746191735e+00 1.224196796081307781e+01
1.963133557972259968e+00 1.228099366328548392e+01
1.114103194558729859e+00 1.125929264755117210e+01
1.764939007765190304e+00 1.146722454393689716e+01
1.900777318089742707e+00 1.298596995370488294e+01
2.031447308378211414e+00 1.222924659069857611e+01
2.263837039908719984e+00 1.234054699490387996e+01
1.689813524973887704e+00 1.295172141863351989e+01
1.118102281312480351e+00 1.194664824913870937e+01
2.148529333139975961e+00 1.139857490215920066e+01
2.060142933807004972e+00 1.119192589582742592e+01
1.315241833214725764e+00 1.255880766772853718e+01
2.202939951538694707e+00 1.200983064194595684e+01
1.805571869925170381e+00 1.216304416526605081e+01
2.097853687269049416e+00 1.066479698996705849e+01
6.370785565823110508e-01 1.143021884907169650e+01
4.633922328720783690e-01 1.207590508289802322e+01
1.662163422474485008e+00 1.272193302786556934e+01
2.027844239149664052e+00 1.036544969679325945e+01
1.860049390269118197e+00 1.129674884452182404e+01
2.353532557237775436e+00 1.231083819862583972e+01
1.879143735349743327e+00 1.177610988048307128e+01
1.259667538049912272e+00 1.143564984329477419e+01
1.500814683237244207e+00 1.300889409079332104e+01
2.048271647129844553e+00 1.217376345765533330e+01
2.023775004071938888e+00 1.134742172936275217e+01
2.017788572274281655e+00 1.133477013662758814e+01
2.130987628106983944e+00 1.231154727126557624e+01
1.437078684669167217e+00 1.247575149591661692e+01
8.357835265547233217e-01 1.147612017406820506e+01
2.153541502396839835e+00 1.275485135317199870e+01
1.904981508737143781e+00 1.089126586577326350e+01
2.169743093213914786e+00 1.090254637908437374e+01
2.045917677631092335e+00 1.112523930070212863e+01
1.595878153112704645e+00 1.099277337532743992e+01
7.602838514622397570e-01 1.196199736575901440e+01
1.688019389283794469e+00 1.090885242992915849e+01
1.347027057347046419e+00 1.137647776961619250e+01
2.162306136179012128e+00 1.064383699943137174e+01
1.943517493257068018e+00 1.184584262508505681e+01
1.967346888303384445e+00 1.159529722444886524e+01
2.165990395988231842e+00 1.134923294086323509e+01
2.046730265370334312e+00 1.199851234919369070e+01
9.368719945094681201e-01 1.210383534822396889e+01
1.735628189616713390e+00 1.120538578838125332e+01
2.357598995410731479e+00 1.313692734980491394e+01
2.387258664277920328e+00 1.322626967990830593e+01
2.071217258442240805e+00 1.131684966942183834e+01
1.945340702128487642e+00 1.081333076363952905e+01
2.446850309287139869e+00 1.266602763303072621e+01
1.924691682719493091e+00 1.115370831280400488e+01
2.081872688694396345e+00 1.112764222333901110e+01
1.842594999886186136e+00 1.115813251493189995e+01
1.970016947335204716e+00 1.126773893312112662e+01
2.199245537529468830e+00 1.112134958541221685e+01
5.641526073474298908e-01 9.335026039473330428e+00
1.058875108583871016e+00 1.215356422507015566e+01
2.593953125259425896e+00 1.412357304677033731e+01
1.969721670268071545e+00 9.956628408033513011e+00
1.465649016418733019e+00 1.232299830857668255e+01
2.339047458223016740e+00 1.185769131327806925e+01
1.833378639745250505e+00 1.130832736781156633e+01
1.998070461204584758e+00 1.223440784312678886e+01
1.538077465284738210e+00 1.105941344550917549e+01
3.495005017730405394e-01 9.667329936312015093e+00
1.488715655074421385e+00 1.175289067972628487e+01
5.761519856167454101e-01 1.022205063096517641e+01
4.522019137038659209e-01 8.992073350397333797e+00
2.362013229389233526e+00 1.265759339755686064e+01
1.816901600093633551e+00 1.130443691097736547e+01
1.792291873886159514e+00 1.137535319696004699e+01
1.844664402496455358e+00 1.102140019034956531e+01
1.920509308418368422e+00 1.169149498848918611e+01
2.010594419999197857e+00 1.131606825749353717e+01
1.430998480038723653e+00 1.227803011516826537e+01
1.015844692275118311e+00 1.282068902303426583e+01
2.049856963081884587e+00 1.177270829690169585e+01
1.861500338764906504e+00 1.176836732424250265e+01
1.995448510741241410e+00 1.137616288469882164e+01
2.009612673148858164e+00 1.144803218227848340e+01
1.868493167750677308e+00 1.239331344160426163e+01
1.914668144710347075e+00 1.132279692725436249e+01
1.789786941683805921e+00 1.205013741220150081e+01
2.202974189347309597e+00 1.219765884960313507e+01
4.931644263566771214e-01 1.148618453516153437e+01
2.172566913413938483e+00 1.164066680476222260e+01
2.128744356800679860e+00 1.153019039286522407e+01
1.800542272025556834e+00 1.107242104836415209e+01
1.805215372298916821e+00 1.249398116542022485e+01
2.138347167022358608e+00 1.145272962131022254e+01
2.129412502442208144e+00 1.246804994694230295e+01
1.907581715671637257e+00 1.219461739984284421e+01
1.188196381744323515e+00 1.216304850955894601e+01
1.558290998778126157e+00 1.109613295268274413e+01
2.095824147761768064e+00 1.159962617083137637e+01
1.435291335127034662e+00 1.147285825966435802e+01
1.519195554515500701e+00 1.305856455715001374e+01
1.479437565423472600e+00 1.147602613104978353e+01
1.737603461936837457e+00 1.097988636331858636e+01
1.147981296953258123e+00 1.124259805618236463e+01
1.969672515385762157e+00 1.230763628708444557e+01
1.870212352813174661e+00 1.232018382294796233e+01
5.324640461495395716e-01 1.288806670766144080e+01
2.253775560553588075e+00 1.233591756878569079e+01
1.408501479236944576e+00 1.202944075654106904e+01
2.247484090747402075e+00 1.314573354035305641e+01
1.904957793407007216e+00 1.167499286781395540e+01
1.958617124157145728e+00 1.193224934150118699e+01
2.120489046098988251e+00 1.245246121950809659e+01
2.083936146330720440e+00 1.211439388181015886e+01
2.377657362661354856e+00 1.279279299779797618e+01
2.569433067006279714e+00 1.220856742367935155e+01
1.843228150950821931e+00 1.183280286630834688e+01
1.904259960680985353e+00 1.153288905404152587e+01
1.622475638402092635e+00 1.139080762055285057e+01
2.252852689959349508e+00 1.167320641501289025e+01
1.640997184626855621e+00 1.263082981258252602e+01
1.489878400039060136e+00 1.287351544731832753e+01
1.812054285205796811e+00 1.186891752613746753e+01
7.345837402572791275e-01 1.172430263614608137e+01
1.567512075499181146e+00 1.118976211124590847e+01
1.404787512359656709e+00 1.179174352796781378e+01
1.072778248093330555e+00 1.243128519207726690e+01
1.991052040106670251e+00 1.007548723038894956e+01
1.201688032178144239e+00 1.159896384664982527e+01
5.103210617738012100e-01 1.112352173094744856e+01
1.682843228141362335e+00 1.113160134461491424e+01
2.101736677416989885e+00 1.257176518326639147e+01
2.035177546806788307e+00 1.091827860565709152e+01
1.595340413074320396e-01 1.935447085292443958e+01
1.151318562058160966e+00 1.286779234978865638e+01
2.086660220300077917e+00 1.273069354045554036e+01
1.881825248982002652e+00 1.107971720601706700e+01
1.937658428243273390e+00 1.073955584647740302e+01
1.782899084777074039e+00 1.285873545408410479e+01
1.959839689947116437e+00 1.187405016643180566e+01
4.212659099169536736e-01 1.163614374588603440e+01
1.181668705854893586e+00 1.182990681656916898e+01
9.641025380317089777e-01 1.084882438386142312e+01
1.880495994104786295e+00 1.159912026231731907e+01
1.805762683901888987e+00 1.220772420927576185e+01
1.942173079101084276e+00 1.235027286757607534e+01
1.944454850952474834e+00 1.245512024156328934e+01
2.133857620916720155e+00 1.287980584712060228e+01
1.070769891002297136e+00 1.097824135937206513e+01
1.821634601677543541e+00 1.252208976111480965e+01
1.330056048615410047e+00 1.112252239729239101e+01
1.063742289775105432e+00 1.188148548454693554e+01
1.906790028867348052e+00 1.316008349316428117e+01
2.173408755051467800e+00 1.156193257634678595e+01
1.527591168350868278e+00 1.204533987746201973e+01
2.317852115263623780e+00 1.335479488461294650e+01
1.766048398417512377e+00 1.190604341360310592e+01
1.991276380389353395e+00 1.146760750412587626e+01
2.015754825551741902e+00 1.229783213831450084e+01
1.135797772802520145e+00 1.204304063746334563e+01
1.961519513663089409e+00 1.162979431551308451e+01
1.770851042733903480e+00 1.204914909505685294e+01
1.604092187959988758e+00 1.226874772739472164e+01
1.860678603226400440e+00 1.070154155573324317e+01
1.993278591149018952e+00 1.005717482191738377e+01
1.038044791530258637e+00 1.212825586482736107e+01
1.602621214858713228e-01 1.776906221477785763e+01
2.011589774263907504e+00 1.260035598724040717e+01
1.849955238548890879e+00 1.189310040106321509e+01
1.598286902945894150e+00 1.194304049150549751e+01
1.955816586949657321e+00 1.305340091866880670e+01
1.725587765503673099e+00 1.131374604560409480e+01
1.089742449040113081e+00 1.205910742205312047e+01
2.847639815325173629e-01 1.195217296911260263e+01
1.681594361505160728e+00 1.135198037590058284e+01
1.995110196469901842e+00 1.018919991784382262e+01
2.107774880642474091e+00 1.109467758774906798e+01
1.797206633252618202e+00 1.301725934302174181e+01
2.100563628771288993e+00 1.125465841624404284e+01
2.041183845785027984e+00 1.104547900930509208e+01
2.058542270485156589e+00 1.086137146200273662e+01
5.553440671971077158e-01 9.452065138654340615e+00
1.913890412172764677e+00 1.169227608042869093e+01
1.794359146945058159e+00 1.123646165497966187e+01
1.753135541365857808e+00 1.221389163954637525e+01
5.420629863686552419e-01 9.694948610715810489e+00
2.144315401698515089e+00 1.163471972587792180e+01
1.499324604693522911e+00 1.147931982235372850e+01
1.766469529412351802e+00 1.238910455048872805e+01
2.154994976811654084e+00 1.240993557216044429e+01
1.824855448799573399e+00 1.072533054706188338e+01
1.017739859832818894e+00 1.134835853020511820e+01
2.133849150802977768e+00 1.076139273390593765e+01
1.796972723284286033e+00 1.105996485405153607e+01
7.615857234267682241e-01 1.229361763004764185e+01
8.827085770023970213e-01 1.079949961045135076e+01
2.213168075647826694e+00 1.192509785082459040e+01
2.140745009027862356e+00 1.261571136002079108e+01
1.342396312762369037e+00 1.134796325705797848e+01
5.498455015978420679e-01 1.066850758900730689e+01
2.113402215337057299e+00 1.164249017306841871e+01
1.750627901618787563e+00 1.103409496951150182e+01
1.836207400867598150e+00 1.156706694943868818e+01
1.866233506096902861e+00 1.241450543574420706e+01
1.883506082712807617e+00 1.137774846566456688e+01
3.168266033160186401e-01 1.197290383419629833e+01
2.025992106190112718e+00 9.999354134248669368e+00
1.389980747302085540e+00 1.278843600178352347e+01
2.038725684075124889e+00 1.277868166969258823e+01
1.805960590866017457e+00 1.160653910270883848e+01
2.204065975158254975e+00 1.134911362069844820e+01
2.033922617756843909e+00 1.264585764604565021e+01
1.986017484046110004e+00 1.114710729420622393e+01
2.138368672733919063e+00 1.196090334733775862e+01
8.228103449336060526e-01 1.190319129496604589e+01
2.037853485669139264e+00 1.140857383634454791e+01
2.038319222940910613e+00 1.207333130938722121e+01
1.594593343940007069e+00 1.236928150310470542e+01
1.891145179317199609e+00 1.192037444308441430e+01
2.053703801622289493e+00 1.252391066946657361e+01
1.314346925086250506e+00 1.177298583539902310e+01
1.543746838638273111e+00 1.170759656387760828e+01
2.211559041088191790e+00 1.158872151339603285e+01
7.067563043369581299e-01 1.019685691231224389e+01
1.724338327689383110e+00 1.180384164712753226e+01
1.704046664116954046e+00 1.134560498980017584e+01
1.860553250167614525e+00 1.209307164317656458e+01
2.160184123333181549e+00 1.162893594761719918e+01
1.510651134756145764e+00 1.079279653939022943e+01
2.038495073516512601e+00 1.162604489898662230e+01
2.222671565553295814e+00 1.109684357425326162e+01
1.131147372781947658e+00 1.157703785672605790e+01
1.741464866075989271e+00 1.205590184738738913e+01
1.405774361755720347e+00 1.256588055250218083e+01
1.767635411277875379e+00 1.061765144866319766e+01
1.763242176072808753e+00 1.161160265584805984e+01
1.231412134281498094e+00 1.163150876634231068e+01
2.106877465079546763e+00 1.259024298769718087e+01
1.987479139665330630e+00 1.179149026835411362e+01
1.378667043696384154e+00 1.192515272179733898e+01
9.372968671745666169e-01 1.104446295299943337e+01
2.302757701001937551e+00 1.159929893239414156e+01
2.336484516763100316e+00 1.231842005006780205e+01
1.093516384478619097e+00 1.200904654904906721e+01
1.676245632568420296e+00 1.178248367753327841e+01
2.115712102024899899e+00 1.137544230231358178e+01
2.062374741582694071e+00 1.213707887197014834e+01
1.913106311119224578e+00 1.150928142329827963e+01
1.713301068548537809e-01 1.643139189355155239e+01
1.966158992958316309e+00 1.167876407407085892e+01
1.978018837823537490e+00 1.267170517560773213e+01
2.071851075087058902e+00 1.175731609349187856e+01
1.725136721581640220e+00 1.238798474201153788e+01
1.698442988410582277e+00 1.227501921175615429e+01
2.456382229646808746e+00 1.286430545403144166e+01
2.276648825202116200e+00 1.170250030061918523e+01
1.816582382325127254e+00 1.090550246803576151e+01
1.866530274013828095e+00 1.172932668820889823e+01
1.945909414864135822e+00 1.050345173545826682e+01
1.971656275806878522e+00 1.272328978104356523e+01
8.064878536520798669e-01 1.138053608742644052e+01
2.412943290992350054e+00 1.193290547600089369e+01
1.923255612472581477e+00 1.186315391958190801e+01
1.988649437700099609e+00 1.176425580572524332e+01
4.971873332336555484e-01 9.942082693368840651e+00
4.216748331986578391e-01 1.172047359470543526e+01
2.100925734891471386e+00 1.144279642422522336e+01
9.160937152863209976e-01 1.246564484087325653e+01
2.089873695174067514e+00 1.189419109927698770e+01
1.734618343643586913e+00 1.230975711110802351e+01
1.557107859631716273e+00 1.242677840231172759e+01
5.860978017327939105e-01 1.121671789784863904e+01
1.949722156553735930e+00 1.247807023817162708e+01
2.106965932779973460e+00 1.179667446416579857e+01
2.042363834259800726e+00 1.064933184793227205e+01
1.931183080191241297e+00 1.142897193274734313e+01
1.816607501648940470e+00 1.241090917732755727e+01
1.889433526518937922e+00 1.254827938411927946e+01
1.748580013347541540e+00 1.212527962258480763e+01
2.443900038093348215e+00 1.250057899313131138e+01
2.212243785178066968e+00 1.244922609195880625e+01
1.553411925619844869e+00 1.221988291985036490e+01
1.789855370024415526e+00 1.259483052283547266e+01
2.082914728950547634e+00 1.180220563222403207e+01
6.026625123405203732e-01 1.112306088861484987e+01
1.904274435634011331e+00 1.084091226084695236e+01
1.983143309568267121e+00 1.144698151746617576e+01
1.823001312729851442e+00 1.272639123519067361e+01
1.620172903904806505e+00 1.218231634870629598e+01
6.540454279861100950e-01 1.140151761912643025e+01
1.883767690742667700e+00 1.113077846652274872e+01
2.055794366219155123e+00 1.107270737841594688e+01
8.927577005739238958e-01 1.112705167584167754e+01
2.062516725345060475e+00 1.237982713354274189e+01
1.754257275602912225e+00 1.292706763665318448e+01
1.295709401860640986e+00 1.239914437283894699e+01
2.079913184693122030e+00 1.082814851036773085e+01
2.005714855699706423e+00 1.185513233179077197e+01
2.181512793714161180e+00 1.120580451991704685e+01
2.147675413599893002e+00 1.189860561191369470e+01
1.600765464683869821e-01 1.998749434459205077e+01
2.084163649358106607e+00 1.179639136907280417e+01
1.850846604685740582e+00 1.163794298463170662e+01
1.542289168217755524e+00 1.075899051414302754e+01
1.875726671824977210e+00 1.210568147430585206e+01
2.105246837249194591e+00 1.245830277603886849e+01
1.866126507802188472e+00 1.155762796004067461e+01
2.388422090165960743e+00 1.199689607373815470e+01
2.070339507061570661e+00 1.243713940529782036e+01
1.671531637827487593e+00 1.150520334649446497e+01
1.751359349204096860e+00 1.096681004396487502e+01
1.127910098457643562e+00 1.096228931653880956e+01
2.011926248285549779e+00 1.253609584304684077e+01
2.130090407651389572e+00 1.103683982089315130e+01
2.306616085367089397e+00 1.180417818424090903e+01
1.816321182110614219e+00 1.224078629951155683e+01
1.272609365399400394e+00 1.190174463196024135e+01
1.966811906588915804e+00 1.082114709263122343e+01
1.750087626423804554e+00 1.146375891113231660e+01
1.720465970813197965e+00 1.167084399093837099e+01
2.341475252617504221e+00 1.205692764532472694e+01
5.872646141856077140e-01 1.198129083142459805e+01
2.185755051455545939e+00 1.150400663701821635e+01
1.261746554049203439e+00 1.187406359383842158e+01
1.913611378330216883e+00 1.220802169326159792e+01
1.997355144734975774e+00 1.115115751665036115e+01
1.872260046448430915e+00 1.218762222959973585e+01
1.712874487167971971e+00 1.123441296395651356e+01
1.539292428606904073e+00 1.192152195761059907e+01
1.540089143160935370e+00 1.241681911155260920e+01
2.127502277860591207e+00 1.146683731546587381e+01
1.724899049131554341e+00 1.136901259239781581e+01
2.151372398071893954e+00 1.201606238475813271e+01
1.009460876216113689e+00 1.166901415197545511e+01
1.840099767172820977e+00 1.124780644170471078e+01
2.086992385411321038e+00 1.172772844876496734e+01
1.941976267822620006e+00 1.101882110365925982e+01
1.887339861076344993e+00 1.261944336421930757e+01
2.058943177093440990e+00 1.092729345601439661e+01
1.310472705582659714e+00 1.199476868292267717e+01
2.286639328761307599e+00 1.173531680042309766e+01
2.286229851929714840e+00 1.165117722356593788e+01
2.160144901938454876e+00 1.278428881317433152e+01
8.126947853713321068e-01 1.237356872758388704e+01
9.491359252931749757e-02 5.000000000000000000e+01
1.852598613141886563e+00 1.085767416388297235e+01
1.999410409432602620e+00 1.182492750422581373e+01
1.197074776481147573e+00 1.237910486806823585e+01
1.400484146648348416e+00 1.244594124714943284e+01
7.690545500742855811e-01 1.244960102790533263e+01
1.473798589187089503e+00 1.085616824920883872e+01
1.566927397063504701e+00 1.125452493957135758e+01
7.582050117048978466e-01 1.110652560974578229e+01
2.154952803047680998e+00 1.244191781414876452e+01
2.261151418180522121e+00 1.236690935114122958e+01
2.176698418374632293e+00 1.141055540028790283e+01
2.086260723753712298e+00 1.151557691196390643e+01
1.959542963549759209e+00 1.181856556928302560e+01
2.067154428763042340e+00 1.175550974188367626e+01
1.240080493098414394e+00 1.081209086490119375e+01
1.780214012734280704e+00 1.107567643974276983e+01
2.317647295376941141e+00 1.169333469226040556e+01
1.964662328728459473e+00 1.052245683734185988e+01
2.224561264500543700e+00 1.143973321638885032e+01
1.878768212525020687e+00 1.101741566616403212e+01
1.866881853237275957e+00 1.168376657899230864e+01
1.650623520323742266e+00 1.126468926482381683e+01
1.971901478750529568e+00 1.279144416508152560e+01
7.772520914974144768e-01 1.188555413298593599e+01
2.042879712200091014e+00 1.207952802857066565e+01
1.706294567455866051e+00 1.129443304560204098e+01
1.590954485503185412e+00 1.268167503686814968e+01
1.985703777010477067e+00 1.293658412716902006e+01
2.181252670941905780e+00 1.194013302442927404e+01
2.091472763816810243e+00 1.166448743048677983e+01
1.507248052160232943e+00 1.193736905533664228e+01
1.926431537264195137e+00 1.082698001602104831e+01
2.056884708741516743e+00 1.174086653690714144e+01
2.115557246413708903e+00 1.138415459895944437e+01
2.104710232633085543e+00 1.149194308037192158e+01
2.319024016703591151e+00 1.178197535341760371e+01
2.002335334118163335e+00 1.229366332030501852e+01
1.764463535803147076e+00 1.176757651915883152e+01
1.981779270624909106e+00 1.181780923380786064e+01
1.178511387475817962e+00 1.182642808311642924e+01
1.624710675511644942e+00 1.209945770628091566e+01
2.122070456915005732e+00 1.241307873548773344e+01
2.114717528822858128e+00 1.111614068533945776e+01
1.628032244385074323e+00 1.241930242978929044e+01
2.067750124240187226e+00 1.123034369895334805e+01
1.458289693771050777e+00 1.215368847636898586e+01
2.057506497176535554e+00 1.146476356963675514e+01
7.924498149434975325e-01 1.186763208346954102e+01
1.507569582015432230e+00 1.149022806148824927e+01
2.125234392765623426e+00 1.098171484543700060e+01
1.371321952568382629e+00 1.093899525556312824e+01
4.847075605579884150e-01 1.255538799089620561e+01
2.045713314783481618e+00 1.209217125430629736e+01
2.033875033834335877e+00 1.104865348462463537e+01
1.175767978096547539e+00 1.153593344740469995e+01
7.631326497922032992e-01 1.030499160746546217e+01
2.364805094309221367e+00 1.139350296237810767e+01
1.880863925908906609e+00 1.159790392983780727e+01
3.103185575632326776e-01 1.316730289079184146e+01
1.505462168358800090e+00 1.214185552941606794e+01
1.998178954092190596e+00 1.050749962195401288e+01
8.530964105894403571e-02 1.186680912297578239e+01
1.896858490161822397e+00 1.253475804712621056e+01
2.051102513682852457e+00 1.139975919322589704e+01
1.306013616474395400e+00 1.134568524954907431e+01
2.142756780701411401e+00 1.291621466158079734e+01
1.652729354653976968e+00 1.251377925100761246e+01
1.061411309933785407e+00 1.277641254509900293e+01
2.353980749530776073e+00 1.361782347621835143e+01
4.370119193154908266e-01 1.008847386663128454e+01
1.266078060141924366e+00 1.155392735616372235e+01
2.072611620816986910e+00 1.167930820471677400e+01
2.078497194797106928e+00 1.215305420932787861e+01
7.380903476896725213e-01 1.039107891289963881e+01
2.001471793388042819e+00 1.106629220883235654e+01
1.326205837039146518e+00 1.244205069485786908e+01
1.875813146692411948e+00 1.261671109007489378e+01
2.069185658595801058e+00 1.124677823570864277e+01
2.137683698517145903e+00 1.288189968397570162e+01
1.637454185243841343e+00 1.168337373309971383e+01
5.698615222823590898e-01 1.195845357892393679e+01
1.999083267258377816e+00 1.236520930182419953e+01
2.122220629779011603e+00 1.133920004161084272e+01
2.079536019364780941e+00 1.120988187137635883e+01
2.088752362074649316e+00 1.169534980641104482e+01
2.032857537596721720e+00 1.198721484966383066e+01
1.654302966868158364e+00 1.195194981033024106e+01
1.916452785481548293e+00 1.105438275175442975e+01
1.345755925721621171e+00 1.164246874840198309e+01
5.976746038228951674e-01 1.022043913519108038e+01
2.082785868661054973e+00 1.153963347004031448e+01
2.111518566726480639e+00 1.210639757664923088e+01
2.017859576880816963e+00 1.045133893471502518e+01
2.077987590518314498e+00 1.231508874162980405e+01
1.524835053540415597e+00 1.146384770023831656e+01
1.544082436199474273e+00 1.166223196868249445e+01
2.026351195896807234e+00 1.185153716657471534e+01
1.630652891627658585e+00 1.258848688791915293e+01
1.410785510614971816e+00 1.114972189551805393e+01
1.340294665477135494e+00 1.258832441556680415e+01
1.714638490256887415e+00 1.127023475394088514e+01
1.472605481579384756e+00 1.102533593194238115e+01
1.698761535214946772e+00 1.111203032455050099e+01
1.456236727761168748e+00 1.125381284470098819e+01
2.300652872364779444e+00 1.214763861131753764e+01
2.176818820971253565e+00 1.197506959418123884e+01
1.238016376591344336e+00 1.087250066501586687e+01
2.060416218464415472e+00 1.216282089902288988e+01
1.798247928178670740e+00 1.200397624661034612e+01
1.538583099541720234e+00 1.232218243729080953e+01
1.316362256301719658e+00 1.261792096818698994e+01
1.889538826860599485e+00 1.094566465467606164e+01
2.018787106908343620e+00 1.221721697602449019e+01
1.753279941043578871e+00 1.227815487078094669e+01
2.247379574329386287e+00 1.256028590257167288e+01
8.470952491256232841e-01 1.101998876297683871e+01
2.292472670704515547e+00 1.218810589648318654e+01
1.884595558864150533e+00 1.259281122181424095e+01
2.202973471147114726e+00 1.198330139263191008e+01
2.168521296239438900e+00 1.172007353655943795e+01
5.053173085297413270e-01 9.146689709515298361e+00
1.023072387953939399e+00 1.151912818902087565e+01
2.024743137284251482e+00 1.202973788959537416e+01
1.134006403994025414e+00 1.201172657750339923e+01
2.017501304423010566e+00 1.162867298704705732e+01
1.608862095387379565e+00 1.209932904592416669e+01
1.944545971901971981e+00 1.066255266795501377e+01
1.997797977925083401e+00 1.026066299551790983e+01
1.294831395693084364e+00 1.218471769956435935e+01
2.155319603064554723e+00 1.223675269193009640e+01
2.416978331738226071e+00 1.336542609072449395e+01
1.867357124315138339e+00 1.303977283428115364e+01
1.539543053765449088e+00 1.162175437683318791e+01
1.883600467399491496e+00 1.147202555456351725e+01
2.486201356690293185e+00 1.321468210281798328e+01
2.026266030171218979e+00 1.145578225208218903e+01
1.472687149528213890e+00 1.159871788207028231e+01
1.069188945803719815e+00 1.183245035092861386e+01
2.293423554845920975e+00 1.238293905046828591e+01
1.439189603624409397e+00 1.097902924641902267e+01
1.992790813963190466e+00 1.121018500128602646e+01
2.024338445135148046e+00 1.233963942301587124e+01
1.980369653724052714e+00 1.141639487910978268e+01
1.651979336311484081e+00 1.124471748107570690e+01
2.059121918552671460e+00 1.178063075458146791e+01
2.249044424943358322e+00 1.288769886987712709e+01
8.794642329209318987e-01 1.141897302890192201e+01
1.848562230260672345e+00 1.124394462750501233e+01
1.926611198685049375e+00 1.092496513227156996e+01
5.612449790924837201e-01 1.053180153825665144e+01
1.405830869270791705e+00 1.192624521461103093e+01
1.489113251581227315e+00 1.183147168797962401e+01
1.508114774881408549e+00 1.243465629863496957e+01
1.222763530018801781e+00 1.158292450502357163e+01
1.960334988423634739e+00 1.275546169535827090e+01
1.559431453856859662e+00 1.196920019814727532e+01
1.987323150500536428e+00 1.129032527381247597e+01
5.528317342453734629e-01 1.141904475748669867e+01
2.312534620878603508e+00 1.264638648707856383e+01
2.110364332589414804e+00 1.157762760289806181e+01
1.671286860268236696e+00 1.252679543847732901e+01
2.144268298681833773e+00 1.246993805858837412e+01
1.725233736137725016e+00 1.175927579646806542e+01
1.920676373002993653e+00 1.253977370909579037e+01
1.859830877971924590e+00 1.235636239376417045e+01
2.281154920271908360e+00 1.274073316777540832e+01
2.145320164990852430e+00 1.058290438935395983e+01
1.011790494546475960e+00 1.241175262605416840e+01
1.452236019559402624e+00 1.166530145692951059e+01
1.968824484244693362e+00 1.313299270766167481e+01
1.784162884661511628e+00 1.096435616734570573e+01
1.959170661938758995e+00 1.044225151738540802e+01
1.781845053158017445e+00 1.197821305425461702e+01
1.711807752732214194e+00 1.239278981259347390e+01
2.087044855054594805e+00 1.176007070293994161e+01
2.258354977398606245e+00 1.133047044335765463e+01
7.447140662900161301e-01 1.019157842737173958e+01
2.128899811980677459e+00 1.236895942363485013e+01
8.274471347200992311e-01 1.157025242155797784e+01
1.008910258290168338e+00 1.230127477967128868e+01
1.951038308745693062e+00 1.122973674660622123e+01
1.536586381866763551e+00 1.092923629223735382e+01
2.052086610832568603e+00 1.175204259993188316e+01
9.700556322024752598e-01 1.237096648019573664e+01
1.988921769537956186e+00 1.099913978737030718e+01
1.899948531627665638e+00 1.141930997862079877e+01
1.753609977306473056e+00 1.070538459715883661e+01
1.722685709237284701e+00 1.116656402363348199e+01
1.867078384294920790e+00 1.166654793981186344e+01
1.883808694167095510e+00 1.205260163064432710e+01
5.082308059514594190e-01 1.228578520059036805e+01
1.814084791121023832e+00 1.181689496057062350e+01
1.767288726005017185e+00 1.152553139762187584e+01
8.394949178787176614e-01 1.215199910228930236e+01
1.917516608889009433e+00 1.271360250112891244e+01
1.355987741035577621e+00 1.125770252591850706e+01
1.996895526962176204e+00 1.148147248010928045e+01
1.935862307706422314e+00 1.065264103766055293e+01
1.942256783095042350e+00 1.070475540343090159e+01
1.674163824634516962e+00 1.229294083018622175e+01
2.045825390808148736e+00 1.163127076722468978e+01
6.548640797714136985e-01 9.089146300644564747e+00
2.031356427714571922e+00 1.338631223176499319e+01
1.280401768106234961e+00 1.226597777035829395e+01
1.890753263886511215e+00 1.089432141943891352e+01
1.918912141578279495e+00 1.106189748567112296e+01
6.045802595769195209e-01 9.330686052412209719e+00
1.536618585363251466e+00 1.242049762015825998e+01
2.037783108059546322e+00 1.227442712500213418e+01
1.773822133960016423e+00 1.102608142078094211e+01
7.801292154744825513e-01 1.139118924490448492e+01
2.051769764626498294e+00 1.222088461833150674e+01
2.272044741332005735e+00 1.171006642409337850e+01
1.910715775141805572e+00 1.177772695236566314e+01
1.827931827603899162e+00 1.156390248779862695e+01
1.955190920718981484e+00 1.230374954482219607e+01
1.985806229424759595e+00 1.116166502664230542e+01
7.095685068188494204e-01 1.246092392670539262e+01
2.373157969208352203e+00 1.164297750131414055e+01
1.901885651632192031e+00 1.250640601365304150e+01
2.343074158411413421e+00 1.282523491008797656e+01
2.047484610546061568e+00 1.063037486043583790e+01
1.894615598393207367e+00 1.103294533546860734e+01
1.644966934953232540e+00 1.198211177467799793e+01
2.200172516516258447e+00 1.047754530385711291e+01
1.397206138441289269e+00 1.305798910776344535e+01
6.125082157986746489e-01 1.194777152653038677e+01
2.069468433374670902e+00 1.161957500050648839e+01
1.925692320328106222e+00 1.056299898929574965e+01
2.251593033787874010e+00 1.211751424285606049e+01
1.579744585822173031e+00 1.160301003221207594e+01
1.963241823698887556e+00 1.258301764883583118e+01
1.926104694860599320e+00 1.087007923704071821e+01
1.414262024876510093e+00 1.138106167153584103e+01
1.630912849601316550e+00 1.276627833134936196e+01
4.350210916875644762e-01 1.123704298258333623e+01
1.413795628012194827e+00 1.144239586452808410e+01
2.076056214281369883e+00 1.225589835773263303e+01
1.915303146517302491e+00 1.076826497282841899e+01
8.990541838218442106e-01 1.277626223175352216e+01
2.015019339391546982e+00 1.118518709229709884e+01
1.996829953677869973e+00 1.155860370627385159e+01
1.988514780356146483e+00 1.307419271615273360e+01
7.944044089689903387e-01 1.180970579641110874e+01
1.742257084900214803e+00 1.294971947599812623e+01
1.909380275242911873e+00 1.180996356609430009e+01
2.016651663469596567e+00 1.058579550839638550e+01
1.825633925695380855e+00 1.199021228344478729e+01
2.070196445428110987e+00 1.038399968068078927e+01
1.658994868666009648e+00 1.187130402021780462e+01
1.695551973439704874e+00 1.200990240630810568e+01
2.271960648367352231e+00 1.215069451593943839e+01
2.071092413438403224e+00 1.076610477388799225e+01
2.462747745540839972e+00 1.268222684190803129e+01
2.079623823605010635e+00 1.085116622179811330e+01
1.171649277375295561e+00 1.141335252179410276e+01
1.952034905760784866e+00 1.192016640840780894e+01
1.981698535752396406e+00 1.079209848039474373e+01
2.085849481076420098e+00 1.298137741890663577e+01
8.632145800312580608e-01 1.101322127947565122e+01
2.049512520291032036e+00 1.072934269052618639e+01
1.982770030755835133e+00 1.254545521263775854e+01
2.143897193037150206e+00 1.153140120443551098e+01
1.462204770852553626e+00 1.229677198001327199e+01
1.236540270808748954e+00 1.185813114964995307e+01
1.501068257144577256e+00 1.206336868423148978e+01
8.511393332703351966e-01 1.003115553107304869e+01
2.032254691692719994e+00 1.142083338170717965e+01
2.113806948187741508e+00 1.255401603672951438e+01
2.193474369393242362e+00 1.174058175768923284e+01
2.173376218441650298e+00 1.238201299550233436e+01
2.162714649282328150e+00 1.118497066566250986e+01
1.390329826034673699e+00 1.175581749412613952e+01
1.185377999514117597e+00 1.216847442456636585e+01
2.250750773508323643e+00 1.293154731206549535e+01
3.215544191398980733e-01 1.136450042767854640e+01
2.214253046335645347e+00 1.123486905489506427e+01
2.137319997171846619e+00 1.196030539443111351e+01
5.143791438197425903e-01 9.915490380918853930e+00
1.454982970213496207e+00 1.176681739961899176e+01
2.033199121525608888e+00 1.047031848401626419e+01
1.901674166417306466e+00 1.115834269579775828e+01
1.596553171227335310e+00 1.212569894057923392e+01
2.518850085596081367e+00 1.308728962086564707e+01
2.264754496498178504e+00 1.243400159831966789e+01
2.120422177675871822e+00 1.252078417802476551e+01
2.146416483445544365e+00 1.084207347665401322e+01
2.194879354236688229e+00 1.232843412304139541e+01
8.953491740568382262e-01 1.103979660777029892e+01
1.839790250259141668e+00 1.186601447163436873e+01
2.019173666208073037e+00 1.100911595672608101e+01
1.794209397813195217e+00 1.169678268989359715e+01
4.675918012775670540e-01 1.187960677436991652e+01
2.014586456058013564e+00 1.258995058724348048e+01
3.977614662360530184e-01 1.280659005524304028e+01
1.203308617753082732e+00 1.082819767059353566e+01
2.170235009169115603e+00 1.189349551202495903e+01
1.458955244271971319e+00 1.186550699724788593e+01
1.964434114252486596e+00 1.081375069124431398e+01
1.954261288115600070e+00 1.059609067524898407e+01
1.987481052910600399e+00 1.210101426135566172e+01
1.951097631658398335e+00 1.148570566120035785e+01
2.336219071431507643e+00 1.244946003550992764e+01
2.642737516973915901e-01 1.054946980781373256e+01
1.698044249500876735e+00 1.269803971052101765e+01
1.232043740251485886e+00 1.218847233506188488e+01
1.947408758428883724e+00 1.068453689581506616e+01
2.015321744716311425e+00 1.103238910669165129e+01
1.850516432481400964e+00 1.117983861194364259e+01
2.011069256581455189e+00 1.053036610987125954e+01
2.294672003243091396e+00 1.169999967290667797e+01
1.718673660454953289e+00 1.168109372416942371e+01
1.679051755126373724e+00 1.149627610952502188e+01
8.768003461920532704e-01 1.239467549350023745e+01
2.250849482630802978e+00 1.187130430263154501e+01
2.113033817264879488e+00 1.169335287948273283e+01
1.921071467729629001e+00 1.103242568987826289e+01
1.865042317836378416e+00 1.117291020705196480e+01
2.258019411581702496e+00 1.184132404468817867e+01
1.508798006336136144e+00 1.135901320570752482e+01
2.144392542185211692e+00 1.141991772556731988e+01
1.929431178432210459e+00 1.166082512978935881e+01
1.614740551087282983e+00 1.160658833637836373e+01
2.065977591096051835e+00 1.121979719458166436e+01
1.826445724564126571e+00 1.128138121348338352e+01
2.108170652465264361e+00 1.171157640741790473e+01
1.989282107883312722e+00 1.229065589609253450e+01
1.259744001425704196e+00 1.146832614934481498e+01
8.004302764121185021e-01 1.229557388060665524e+01
1.810617142150605208e+00 1.101339546219198517e+01
1.108141298280769460e+00 1.187653781643693485e+01
1.916252209689522479e+00 1.136165721648057669e+01
8.001874025258627343e-01 1.067835254804001366e+01
4.265505996830187829e-01 9.985817232343876526e+00
1.935335082584118904e+00 1.087771267440128220e+01
2.011978444893393725e+00 1.171962788345365247e+01
1.774411349372206459e+00 1.081890946988810498e+01
1.716596096246325143e+00 1.181267614678892564e+01
2.195222537819851105e+00 1.102155891978939550e+01
2.027916223260405548e+00 1.107790804022114806e+01
1.882852389953258543e+00 1.197472048468957162e+01
2.050222933374672873e+00 1.192785952690621798e+01
1.797158461238641980e+00 1.257605573182484981e+01
2.114709222806583355e+00 1.249898838028079595e+01
2.032559421585338200e+00 1.141708237226014511e+01
1.952944603719924066e+00 1.117927364844368476e+01
1.742416865421315908e+00 1.122219082110182597e+01
3.165526145287846926e-01 1.078493752664842908e+01
2.200948400682302353e+00 1.151627052084398528e+01
1.212285970122467749e+00 1.205068891645727902e+01
1.903900862126864046e+00 1.152116701420024469e+01
1.841924635259287513e+00 1.094882349423729728e+01
1.819786094311800051e+00 1.139270045778546425e+01
2.110199105468528735e+00 1.103437011844711790e+01
2.104188964940625794e+00 1.179031444605221424e+01
1.900952803680662884e+00 1.193433593418394700e+01
1.890827380140145841e+00 1.150502550845217975e+01
1.763724490689136504e+00 1.231393003986201862e+01
1.993559323044629128e+00 1.154552164432344696e+01
1.991040808755322633e+00 1.133231007002087232e+01
2.013040586141429333e+00 1.249537005981600224e+01
1.880061225876346942e+00 1.183387755031787592e+01
1.498936240698668598e+00 1.227213456966775418e+01
1.207666161502038982e+00 1.226679451861937942e+01
1.574670119967804593e+00 1.174330630291698441e+01
1.127043895553674124e+00 1.205597395973211228e+01
2.057970721638920697e+00 1.226459679528443658e+01
1.687614662345122252e+00 1.114838138704523196e+01
8.854562450987477074e-02 5.000000000000000000e+01
3.853499773558886621e-01 1.240197113679689878e+01
1.573992717816317999e+00 1.163241383648945693e+01
2.134524643794773358e+00 1.237561786278463849e+01
1.714901162528510659e+00 1.244979998993381365e+01
2.489576031235499531e+00 1.267986412653448269e+01
1.181808852716204727e+00 1.111186078600674598e+01
1.652232931206809141e+00 1.113828382726402744e+01
1.304423356516025700e+00 1.080798091321267407e+01
1.652689749496944360e+00 1.103522496614971971e+01
2.336071692627326168e+00 1.258512265539437358e+01
1.861522522630486565e+00 1.193695518988135440e+01
1.863347035623948544e+00 1.105948775897706149e+01
1.383736559594353155e+00 1.146562280045776383e+01
2.037907634925256950e+00 1.249219628973489904e+01
1.998679057376389068e+00 1.105002132706986018e+01
2.354084337367995161e+00 1.288406485522070177e+01
1.347301003772623851e+00 1.051497553648266781e+01
1.836462141679142901e+00 1.202495402600916563e+01
1.999170169320185320e+00 1.174873273844678145e+01
2.020922390232786636e+00 1.090316878919706944e+01
1.886029040502251730e+00 1.229388600227230910e+01
2.177509557380792771e+00 1.194958734710922776e+01
2.160906609703633574e+00 1.143546893364639416e+01
1.833599475095810005e+00 1.125273499518463183e+01
1.695349227183617025e+00 1.168353794684392177e+01
2.116480798851357648e+00 1.288482073575535836e+01
2.045082512632677041e+00 1.101471763254376590e+01
2.115500897794771795e+00 1.254632347464862008e+01
1.910452228026149557e+00 1.082941911317738004e+01
1.338417780543841529e+00 1.228730775317868940e+01
1.428931212871960454e+00 1.177942044957805479e+01
6.547688719567350546e-01 1.070102445274846836e+01
4.485722166179663684e-01 9.554954387464794863e+00
2.226334506696003857e+00 1.201414467702700506e+01
2.148202656388033205e+00 1.074982388232386654e+01
2.236824964816131800e+00 1.167312476017807654e+01
2.170604384133063114e+00 1.248674990228944282e+01
1.341576695452905588e+00 1.234225343584330048e+01
1.831807020317004930e+00 1.285576326093502431e+01
1.977400741582167276e+00 1.195659682327770845e+01
1.882262811563575333e+00 1.152232014832309837e+01
1.661775590271048486e+00 1.181657717750203318e+01
1.822319588713787741e+00 1.094772104305629767e+01
1.458497749981385816e+00 1.105314429692609757e+01
1.916915336642525114e+00 1.282143924704899618e+01
2.115678131000582773e+00 1.207899994530226628e+01
1.945617685940774111e+00 1.179320481407699361e+01
1.628926858270566935e+00 1.141325727759405950e+01
1.676196388337298115e+00 1.223552780786739369e+01
1.913569362250024275e+00 1.163654722673792463e+01
1.903854721331616373e+00 1.219097398448519876e+01
2.172268280445026178e+00 1.128390756656659022e+01
8.934369261771679671e-01 1.045414259567340309e+01
2.403598364309845470e-01 1.445941525417323703e+01
1.155278573544319620e+00 1.038475005350517044e+01
2.104866901115801436e+00 1.184288768509860468e+01
1.626077558313970606e+00 1.273090645957465661e+01
1.995333467663791494e+00 1.193923664275330943e+01
2.013847684510907676e+00 1.152486295031703811e+01
1.972782851747143740e+00 1.091134068826893966e+01
2.345472784124610133e+00 1.225171599438217385e+01
1.956554310260252061e+00 1.063255646155273482e+01
2.350517926686217951e+00 1.256780464845491885e+01
5.409204339161388653e-01 1.232998603749590671e+01
2.088336301408634910e+00 1.329099281419612666e+01
7.685751414520720637e-01 1.180065324180306696e+01
1.708903248566990607e+00 1.267269052442326860e+01
1.739416222361134690e+00 1.245837916518308930e+01
1.970445766621091277e+00 1.180067586394713963e+01
2.193120825660579420e+00 1.117446178098226461e+01
1.970420932756237420e+00 1.144984337339079516e+01
1.504824763817684374e+00 1.207155637162867201e+01
1.896286098940836773e+00 1.325963582790214979e+01
5.213057340825845154e-01 1.111998660863099708e+01
2.149577584466635383e+00 1.171707613129277092e+01
1.782632759049421090e+00 1.173323020859448285e+01
1.792425825486958502e+00 1.234904434056019795e+01
2.302387834172839653e+00 1.219997118713632389e+01
1.879601044722627012e+00 1.190696820495356789e+01
1.978990386635059551e+00 1.132109495431516777e+01
1.494182400960851087e+00 1.207777318089989649e+01
1.922082291833442591e+00 1.260203266777766373e+01
2.112631514902079122e+00 1.262006659403214037e+01
2.080288509286413845e+00 1.126753354310108612e+01
5.507188119636335921e-01 1.054953687418871588e+01
1.907850161989224747e+00 1.185760879991746108e+01
2.102147076477309806e+00 1.181871677735514226e+01
1.406163999635329231e+00 1.161870073181153806e+01
1.720095191109086707e+00 1.208474374303661314e+01
1.638362101620286282e+00 1.235467297349497606e+01
3.757530874831049306e-01 1.347453530793766063e+01
1.957590737502299116e-01 1.527825846827007794e+01
1.295701196142911016e+00 1.217985062451592881e+01
2.263008661752043515e+00 1.269673500756817930e+01
1.942895529268701127e+00 1.183334274148650778e+01
1.152192069808773311e+00 1.249041145154254195e+01
1.928585304022075730e+00 1.183267472152883570e+01
1.543062963823743861e+00 1.216225690770583157e+01
1.852426382074689570e+00 1.094636827683430091e+01
6.245498935856272915e-01 1.058407950822335586e+01
1.069675299748255037e+00 1.121130642886788031e+01
1.893755224013724980e+00 1.268121917528758047e+01
2.201634776143526206e+00 1.299955562198133130e+01
1.549369537535891128e+00 1.158619848504743821e+01
1.883104328072858324e+00 1.133257180978193190e+01
1.636035398366856519e+00 1.105489306087363666e+01
1.366245059281248508e+00 1.135821473102263823e+01
9.320540892530758681e-01 1.102758271374172949e+01
1.068588974015861170e+00 1.174870781408900910e+01
2.448857437248990465e-01 1.399723715363572829e+01
1.751583432098830606e+00 1.225399848956688587e+01
2.179123831031783975e+00 1.182910915786121819e+01
2.177522984665510641e+00 1.263333751111903958e+01
1.936729410492471271e+00 1.201760553806643550e+01
1.895557433765442390e+00 1.191613461382610062e+01
2.240201500117610767e+00 1.137688258228061677e+01
1.785006436240700323e+00 1.136997152492999064e+01
2.339869256190821645e+00 1.285155777522426490e+01
2.128017155729931886e+00 1.134488362702561126e+01
2.426673039702955670e+00 1.292476524201781451e+01
1.960986233519325994e+00 1.137099054444062318e+01
1.684634910597232249e+00 1.279848413495562198e+01
1.562552170716987154e+00 1.173566809465496519e+01
2.028958931735878490e+00 1.203477638389469639e+01
1.974939658394745168e+00 1.209606659475904422e+01
1.770322556650976376e+00 1.102571238516322083e+01
2.239297282579678416e+00 1.318835876462487455e+01
2.106867313448792522e+00 1.278908355679218722e+01
1.867964500547890427e+00 1.117604544905532649e+01
2.651785960215702342e+00 1.351444127516960769e+01
2.147590142921782519e+00 1.198173709336283110e+01
1.842907676768831271e+00 1.206394933609212927e+01
1.536010142326404981e+00 1.162169030434959716e+01
2.088953035123744861e+00 1.159290997908272480e+01
2.181969378127318837e+00 1.292307950373200853e+01
1.948441006623760297e+00 1.279951697094574747e+01
1.916277676534396290e+00 1.128654732149689011e+01
2.035763413290921697e+00 1.075674593577582350e+01
2.052017799005565468e+00 1.140519353627490062e+01
1.895703657727980662e+00 1.296583089032262137e+01
1.795112932365894753e+00 1.276336896359425666e+01
1.750074109252626631e+00 1.180793662624157214e+01
2.421272050341754412e+00 1.250266179176905013e+01
1.131814394902340259e+00 1.171757043178132918e+01
2.026750468432681807e+00 1.153258018770085869e+01
1.666832031102633005e+00 1.187607516830519749e+01
1.887002468062390026e+00 1.200243095123320280e+01
2.026770658155319094e+00 1.248911362197140740e+01
1.851544494734924440e+00 1.166406663747739891e+01
1.334679359561324663e+00 1.067222287158033112e+01
1.093744609694565995e+00 1.055097633207504693e+01
5.702783071949555360e-01 1.196476093839361532e+01
2.275662929321236483e+00 1.291786398326104290e+01
1.861652603803354733e+00 1.202476677033456021e+01
1.657287221644702546e+00 1.111169661286391808e+01
8.457574213282679221e-01 1.166790639133986396e+01
1.691631146963344046e+00 1.190992221149440766e+01
1.255110835432055927e+00 1.204690016712547518e+01
1.446620296138436457e+00 1.215806541790944273e+01
2.067556231899859043e+00 1.163445581558298336e+01
1.272067793211473452e+00 1.196944163290557306e+01
2.395725266997736025e+00 1.220496592487448062e+01
1.850818824865787970e+00 1.146117873339187199e+01
1.629450451417454371e+00 1.200823217497751649e+01
2.396178519695209896e+00 1.242220278731112160e+01
2.054968081735147667e+00 1.184563772818246186e+01
2.024786551335401530e+00 1.107490078281342782e+01
8.967383349432500594e-01 1.069922138952737001e+01
1.496531816186911890e+00 1.203228445166191385e+01
2.010902237006638504e+00 1.035587904674085280e+01
1.742852447630225399e+00 1.090330741260317104e+01
1.562026630949306272e+00 1.201121019626578779e+01
1.269462774990698595e+00 1.089564880110356704e+01
1.690197767518831995e+00 1.247128236680416613e+01
2.082244462096884519e+00 1.257403281892452362e+01
2.283788702893303046e+00 1.223567815159802485e+01
2.199015658694967623e+00 1.185334720472136993e+01
9.177572348705522742e-01 1.089136805070638481e+01
1.194049878306262080e+00 1.176733843641809152e+01
2.150495477370405251e+00 1.091674148926176180e+01
1.963683771868476535e+00 1.107350823467300316e+01
2.012201843839007687e+00 1.047907892163723353e+01
1.695292667243410545e+00 1.187971466299157797e+01
1.541023794402057501e+00 1.281615287090153821e+01
8.555881865010417364e-01 1.144924530846053479e+01
2.191865450740690946e+00 1.166628124163519864e+01
1.991106273121449721e+00 1.043081711070375128e+01
2.106207658962789608e+00 1.185744408295375329e+01
2.439171658874763615e+00 1.259099088525592158e+01
1.938946492096208729e+00 1.113546362531429779e+01
2.036234828572921263e+00 1.302272293511995827e+01
2.441160781870001628e+00 1.229413666441729269e+01
1.924896555144526955e+00 1.134727316099114702e+01
1.138658667423733339e+00 1.210085497628820583e+01
1.072998345920347596e+00 1.244565875003502242e+01
2.005527417421759218e+00 1.120003596938764900e+01
1.562979943108390612e+00 1.147851301642040767e+01
2.107936244141898730e+00 1.105620986053111565e+01
2.243298376894257373e+00 1.117112055156583850e+01
1.954003471395306946e+00 1.158994105568095101e+01
1.922473864061848392e+00 1.190067253740973818e+01
8.807920311036190331e-01 1.169805205163385509e+01
1.590058135698296571e+00 1.112898486636716910e+01
2.078319180252240272e+00 1.076024769358273758e+01
1.468009036220432995e+00 1.233255811180836226e+01
2.390572189189448693e+00 1.190870951104926867e+01
1.124542891597100969e+00 1.291454812519231865e+01
9.598231638368907026e-01 1.129655526750540773e+01
1.783605992326412037e+00 1.244603754785680927e+01
1.351730399507623304e+00 1.132421488379870489e+01
7.961288299237994082e-01 1.212412961085333052e+01
1.014565885628297970e+00 1.148939081103405435e+01
1.957588593850105418e+00 1.032245990473600727e+01
1.557794837115825226e+00 1.115452149035852258e+01
1.474349859458848888e+00 1.197787310354002699e+01
2.206937727935138316e+00 1.153152859097858851e+01
1.590201709412460973e+00 1.147871367085953409e+01
9.320480048114149207e-01 1.149993873431480473e+01
2.231679375679507693e+00 1.188252406120783355e+01
1.939941634998189057e+00 1.095260797053039070e+01
1.976815033202252048e+00 1.218403795859619976e+01
2.109638221240153655e+00 1.276520007578082527e+01
1.850586378435308044e+00 1.288818799519374103e+01
2.132102352372232890e+00 1.187008810478926613e+01
2.108801914235476360e+00 1.118692806940195439e+01
2.049824541784176279e+00 1.220473444007688002e+01
1.645720310877216708e+00 1.262563865878500913e+01
2.025211631625777553e+00 1.198516418742268996e+01
1.948662720883304500e+00 1.136959072543642968e+01
2.099421272103960234e+00 1.213637391410188826e+01
1.771526211959192576e+00 1.255523407233190092e+01
2.077713067381696810e+00 1.187656515991734629e+01
1.888946270343672351e+00 1.121102534717913457e+01
1.224868563022275314e+00 1.103746979374888859e+01
1.876530801444729279e+00 1.129420563419230916e+01
8.432416753824164557e-01 1.212922170949304501e+01
2.123165510184006344e+00 1.135582387577467145e+01
2.106226112121868166e+00 1.203325947358932169e+01
8.475523522912961072e-01 1.196169872878696339e+01
2.063802682981662251e+00 1.092213299973336760e+01
2.231369705294002692e+00 1.258165986224898347e+01
8.342058610038884936e-01 1.000468833991404694e+01
1.875513584831054015e+00 1.184942392842988923e+01
1.993230467500644254e+00 1.324201994045025721e+01
1.991298576828071543e+00 1.160134425967815552e+01
1.993291130096611408e+00 1.206141289946513950e+01
1.927805173439794517e+00 1.163280562151705766e+01
2.260805733754099656e+00 1.334341416184874873e+01
2.176710821408716967e+00 1.266387683734411773e+01
1.882341497891911741e+00 1.242502834263218858e+01
2.146198156840730675e+00 1.245545023700218934e+01
1.298406571525234199e+00 1.218259454489506055e+01
1.953811590324040282e+00 1.120949275675344659e+01
1.775837947090579849e+00 1.197416833690286353e+01
1.959379422579719643e+00 1.043756954309282747e+01
2.171700230951532085e+00 1.097234166002028921e+01
1.877098652916748156e+00 1.129535742326810777e+01
1.977614509031252910e+00 1.212967341727996740e+01
1.815211509946833557e+00 1.165164331747435433e+01
1.991163947023446568e+00 1.047062568690726003e+01
1.344704281450685324e+00 1.157772648509776658e+01
1.460636936745971948e+00 1.184708050808393942e+01
2.276635470164064312e+00 1.167144142491632763e+01
2.025947031492497441e+00 1.100115815561820476e+01
1.175946376239908053e+00 1.139345753121620497e+01
1.630124214669186111e+00 1.253237534787050755e+01
1.746261652574682577e+00 1.267768860271817921e+01
6.973252788586059570e-01 1.237552429018760591e+01
1.244331836674438918e+00 1.198365058282876205e+01
1.542732890362411347e+00 1.172308128196522681e+01
2.267333025193600804e+00 1.189174064049517199e+01
1.992787737467327291e+00 1.245332239399903074e+01
2.118930505056789038e+00 1.269751325467043124e+01
2.091218108425700883e+00 1.220428203904690712e+01
2.006858768585098485e+00 1.213837229783935001e+01
1.866553888884044499e+00 1.113483833528205480e+01
1.487917908560661528e+00 1.092641679516151854e+01
1.652016774974861546e+00 1.184450382293857551e+01
2.051513935552855106e+00 1.170203041464855609e+01
1.426632356522620437e+00 1.249003111867827087e+01
2.049990303711879847e+00 1.140573311959036573e+01
2.140886006878184311e+00 1.060881095798976936e+01
1.854701341080806642e+00 1.267355803113423995e+01
2.262262146260855644e+00 1.266826849040583447e+01
1.994181126308089747e+00 1.045536917218259099e+01
1.746178842064143089e+00 1.090205996070370631e+01
1.771769203366299950e+00 1.193450358325258520e+01
2.569420017799301625e+00 1.326752848119725314e+01
2.284703549904126607e+00 1.278662555464435790e+01
2.221692037409030540e+00 1.118958725718708003e+01
2.132443471904478027e+00 1.162624775266513666e+01
1.781081723543460837e+00 1.091176624857030575e+01
2.155898367217979672e+00 1.122565261791076097e+01
1.963885119111398181e+00 1.283561532072501699e+01
2.161465820706764074e+00 1.150439257562452866e+01
2.069057287764000108e+00 1.204541947141079916e+01
1.992615043812832276e+00 1.180535364245441521e+01
2.146770443172214549e+00 1.159548450724294888e+01
2.006770368288644857e+00 1.146179648932698036e+01
1.698699743899547476e+00 1.233940991124021735e+01
1.992250300930363149e+00 1.180560542765146081e+01
2.108126370829943141e+00 1.219190498661673416e+01
1.923643133090896074e+00 1.124367253277775980e+01
1.846526604238984959e+00 1.074891060640291762e+01
4.757233699426987594e-01 1.116130486144016309e+01
1.116120810781218164e+00 1.238967723229688822e+01
1.516291255933516879e+00 1.083013075451732199e+01
1.522407703393255929e+00 1.199381860380998077e+01
1.604217279822889530e+00 1.192238131555026825e+01
2.327201227591593646e+00 1.212559856528497448e+01
3.985015789105251227e-01 9.504268890066523312e+00
1.969288694351021940e+00 1.167783276522705727e+01
2.126011060761062055e+00 1.205785855070715940e+01
2.132650254989790550e+00 1.244285166410069010e+01
2.218532814644035955e+00 1.270506002748397911e+01
1.115173555539072936e+00 1.199320194826104746e+01
1.298674101635935330e+00 1.141708750448379917e+01
2.273961144437656845e+00 1.259726270429505490e+01
1.838364896320026087e+00 1.218853972980270406e+01
1.634884606048605749e+00 1.161832405663573731e+01
2.154790378602899459e+00 1.227380500958732057e+01
1.652575800388822236e+00 1.227440934600982203e+01
7.887802703628632450e-01 1.049761480658180801e+01
1.598546275879834555e+00 1.254958685839523369e+01
2.191890803907693197e+00 1.178598107378143034e+01
1.804818369711424619e+00 1.118095824066363519e+01
1.838112999965916261e+00 1.062867205333439458e+01
2.039413593671216329e+00 1.132202816394422662e+01
1.803706096330477404e+00 1.219518159474022490e+01
7.635893217244755782e-01 1.139999909999444583e+01
1.233356654821840426e+00 1.151010766840733268e+01
1.286615958164819107e+00 1.141156403946299136e+01
1.876328883058923314e+00 1.188466378598856821e+01
1.925127195486293630e+00 1.092513606007597105e+01
1.526868711231002873e+00 1.159360179223439147e+01
9.811025184661741338e-01 1.081985197260580200e+01
1.939239270938076520e-01 1.276060871232488658e+01
1.817345549175307440e+00 1.197348995336536603e+01
1.173638094752531780e+00 1.182339332160296408e+01
2.067857680686230548e+00 1.171216168009371650e+01
2.113299311862735674e+00 1.200090312408324777e+01
1.156005825064408077e+00 1.168046139380103909e+01
9.531179542459538023e-01 1.136785009093593146e+01
2.377387891086168992e+00 1.199897125212753224e+01
2.347109232101347143e+00 1.221813253681839484e+01
1.484287051829161763e+00 1.204188294416077909e+01
2.079172637534818957e+00 1.252135024181646017e+01
1.727298179751133533e+00 1.284127542649094700e+01
1.529599505656547676e+00 1.144876665776465607e+01
1.918373522913420670e+00 1.229666942453282807e+01
2.226901963413189911e+00 1.170213867831440879e+01
2.048326788203736815e+00 1.299533612942796168e+01
1.971786767749587499e+00 1.047712850178926480e+01
2.561858314940214765e+00 1.245500231742943598e+01
1.489752602275126847e+00 1.169326104698294344e+01
1.468483249610441632e+00 1.267814044806860352e+01
2.097155680325055727e+00 1.277521059105431966e+01
2.205212652439216381e+00 1.258322095523634943e+01
2.055363738695088482e+00 1.292634141716921725e+01
1.323359474717586970e+00 1.078310043508561833e+01
1.706420748766973139e+00 1.233149913919932850e+01
2.025221810207507467e+00 1.067828553488688570e+01
2.020477054155284780e+00 1.143202051108633199e+01
2.213212510358904872e+00 1.299267688834060230e+01
2.087778652308711624e+00 1.148647223090364555e+01
1.999122169476549082e+00 1.251646223712765682e+01
1.286552365427318323e+00 1.185271607251971560e+01
2.079627975799095640e+00 1.271431773575752899e+01
2.226843418260163521e+00 1.087836478121206163e+01
9.415066851290866401e-01 1.091613668957178973e+01
1.804913758064454532e+00 1.178858403710670011e+01
1.859809401151610642e+00 1.136612912013128174e+01
1.881999172834742495e+00 1.205115523581535975e+01
1.806631500789540601e+00 1.165443778031533739e+01
1.854697514528583113e+00 1.156610552177699347e+01
1.737768877950420787e+00 1.204468157312107657e+01
1.353876259536006099e+00 1.100057357248729240e+01
2.241128921931418105e+00 1.154163732744603443e+01
1.745284094802860286e+00 1.309687636322199822e+01
2.213676849453924067e+00 1.254897790719067530e+01
2.191256603939375491e+00 1.146957679854506651e+01
2.173593643991621693e+00 1.205937253216574412e+01
1.947897692556164406e+00 1.168348446084347358e+01
2.283949298900357583e+00 1.165952558089010971e+01
1.679789457296893662e+00 1.193704950875161153e+01
2.092931945217855638e+00 1.046462558972754131e+01
8.740532594948094980e-01 1.068570581362257776e+01
1.426580291409693446e+00 1.240285699147885978e+01
1.488800508318192106e+00 1.240393055484489260e+01
2.162542549278264392e+00 1.208231347354196927e+01
2.073223451866379019e+00 1.071741295732244303e+01
2.252644349283978276e+00 1.132138398585426664e+01
1.751589146048858625e+00 1.224658168142872583e+01
1.385059489673626576e+00 1.241177612660379204e+01
2.221547922481096116e+00 1.083599151601111998e+01
2.077362994000587992e+00 1.114644111767602119e+01
1.667490198954903136e+00 1.214081838799670976e+01
1.682243676408631039e+00 1.214385206938814754e+01
1.576515752937563297e+00 1.192112870705150485e+01
2.211934996347157956e+00 1.173898427334463967e+01
2.118400390789301202e+00 1.140646984054288993e+01
1.478776256484342078e+00 1.166895941687283589e+01
1.882175946314680104e+00 1.103538138840706573e+01
1.611691782754947733e+00 1.224613816746082939e+01
1.878120025724568709e+00 1.090835210572065961e+01
2.144755829836400451e+00 1.156377524937609458e+01
2.094067026279297306e+00 1.190706728512482293e+01
1.944738134674692143e+00 1.285697112111500395e+01
1.882181737106768393e+00 1.265276072020745524e+01
1.448317227557438969e+00 1.263002760186038920e+01
1.635664691928579106e+00 1.158183491831806222e+01
8.587169743656639098e-02 5.000000000000000000e+01
2.150155074663371746e+00 1.299805673018320640e+01
6.558574953419646358e-02 2.807434343438461255e+01
2.235342150481194778e+00 1.250755114558812231e+01
2.232334056371598763e+00 1.253302376427967779e+01
2.743979594243585396e+00 1.382864577804834560e+01
1.226799067890676831e+00 1.184409361580968856e+01
2.175491932814531015e+00 1.218795479995775466e+01
9.666065090031173979e-01 1.132225947374805308e+01
6.261010097726419366e-01 1.168300711499971634e+01
1.906843472824709673e+00 1.252516364953497252e+01
2.112419059116075637e+00 1.182201295105164007e+01
2.148625222137814816e+00 1.277238779211773156e+01
2.241227241862733255e+00 1.185197302519648588e+01
1.918465938058257603e+00 1.172211023441697719e+01
1.327732817576467994e+00 1.188759290768983590e+01
1.792480415799583726e+00 1.133411925686712785e+01
2.106448334130832212e+00 1.135321554344572803e+01
2.280947296893650833e+00 1.096371202645400800e+01
2.189203719844104779e+00 1.145757824598610952e+01
1.676386309243937278e+00 1.241893528067916819e+01
1.524874913144712130e+00 1.251048578413971946e+01
1.005227163202589535e+00 1.194351438861455073e+01
2.111885221335773721e+00 1.118551016460363101e+01
2.155527753810205560e+00 1.153243197759861083e+01
1.952802435743590914e+00 1.171804875780798660e+01
1.329277942893310804e+00 1.221250641805676729e+01
2.446124508012428755e+00 1.297422035649217520e+01
2.024041560416610430e+00 1.126429136329755210e+01
9.043999729244636132e-01 1.245035662260722553e+01
2.115021660615961530e+00 1.192514094743412478e+01
2.016733492099636926e+00 1.099448849540501172e+01
1.022451061452820165e+00 1.226209996761420662e+01
1.154179248462076535e+00 1.174662463624511766e+01
1.775278005316719199e+00 1.244384406713015423e+01
2.003161283751919708e+00 1.105506376544300018e+01
2.139562108833778176e+00 1.159091513067383339e+01
2.008788251218672105e+00 1.067118414345035404e+01
2.099988109888049959e+00 1.181120279135490492e+01
2.085239634258397423e+00 1.265431855720939502e+01
1.648627925701138031e+00 1.155797953826833435e+01
1.829672564135134794e+00 1.153913703319369333e+01
2.030272314433384739e+00 1.103859083434701382e+01
7.286853120607831302e-01 1.041686369480012608e+01
1.823705899782013029e+00 1.103110661843078510e+01
2.142022962356159965e+00 1.070768042418979604e+01
1.179440173924984681e+00 1.207119142765268194e+01
2.099008227314659525e+00 1.151451302711511282e+01
1.667536182632769259e+00 1.276310239531357560e+01
2.032342873108258896e+00 1.296217380135688657e+01
2.037939629355246751e+00 1.089872908445466848e+01
1.227260381172116777e+00 1.209852883741661955e+01
1.860420482229714567e+00 1.204912314686973041e+01
1.550674349715442712e+00 1.161221969385027464e+01
1.984471523024250894e+00 1.188244671902212524e+01
1.527736865405177058e+00 1.176543322007647241e+01
1.691510238160243818e+00 1.184067819922328013e+01
1.954164975464647958e+00 1.130513970425035808e+01
2.037293878598433583e+00 1.069016680600761937e+01
2.018816784393960173e+00 1.241302258297762329e+01
2.039251622020947785e+00 1.159997450910099381e+01
1.919770377680701356e+00 1.169330254919532308e+01
1.152789947981485819e+00 1.202852088234623729e+01
1.797806442085190470e+00 1.219057836202491352e+01
1.859317607865576427e+00 1.189382126570567344e+01
1.258899942097082336e+00 1.192474470745021797e+01
1.471898297853837301e+00 1.199268100629351075e+01
8.186590709365314522e-01 1.117165885256901703e+01
1.572827023076676989e+00 1.117193562758990311e+01
1.778031782568456398e+00 1.190694046249769222e+01
1.855958661836567325e+00 1.246438651765719818e+01
1.981972273760634451e+00 1.062617306134743345e+01
1.846198579828568942e+00 1.165212374415243701e+01
2.012941513385007042e+00 1.126954936092212556e+01
2.030834513354404791e+00 1.038385308879201041e+01
9.919983283405791052e-01 1.195088093470736901e+01
1.222427120037382187e+00 1.272229805660280810e+01
2.632083157034789789e+00 1.331243020027909374e+01
1.999180580956618769e+00 1.164469725535914613e+01
1.099832203459028213e+00 1.077582483039371475e+01
2.225510088304713197e+00 1.219129581946529228e+01
1.913870741356398009e+00 1.298238571666531449e+01
7.865715469347871469e-01 1.071692866868216498e+01
1.801635433990988355e+00 1.120622330167737957e+01
1.757012241593583823e+00 1.202194483665572911e+01
2.037168906023601345e+00 1.192733751574439083e+01
2.216078230412700467e+00 1.249863319645054816e+01
1.947742583328904598e+00 1.270307109871953877e+01
2.229867652174633008e+00 1.199522826687159416e+01
2.076861722723616133e+00 1.303284313571195518e+01
1.707997264043168650e+00 1.289682231618179920e+01
1.887720518839038908e+00 1.143706796148712002e+01
2.400859275741281884e+00 1.238355459056548469e+01
1.854478467637327821e+00 1.096419929562098261e+01
1.807318264548286812e+00 1.099545741747556882e+01
1.853048492816095738e+00 1.118248590500731332e+01
2.009574137695752771e+00 1.183080066011461007e+01
1.463441562627304071e+00 1.190716885268930803e+01
1.775537643039885261e+00 1.178504924010318256e+01
2.107839712156807987e+00 1.183412574227267200e+01
1.618061744693286785e+00 1.304311754436118953e+01
2.230107888863707810e+00 1.139496367290476364e+01
1.193358361018195923e+00 1.274457043098435349e+01
2.114983875312640205e+00 1.274417712687550797e+01
5.847280026909843498e-01 1.174666409639256059e+01
1.573438355335249561e+00 1.080138209082292100e+01
2.245235663283256411e+00 1.131613208854504116e+01
1.747522858810352631e+00 1.155421063431278306e+01
1.919726981435079693e+00 1.289012045862409295e+01
1.790972151880771079e+00 1.213465910494181621e+01
1.459553825963595841e+00 1.130394902245996747e+01
1.598404805809837903e+00 1.234891660373994604e+01
1.236274190950279905e+00 1.159475572345324146e+01
1.987774665939549879e+00 1.202883438986367004e+01
2.179978427592657475e+00 1.144910864314409693e+01
1.018214071815868094e+00 1.197229541564363942e+01
1.497214826491832573e+00 1.189447708859241537e+01
1.932668159881530956e+00 1.271141338879075455e+01
1.756757356225207900e+00 1.260597903838791112e+01
2.047522374544496149e+00 1.172934171265260694e+01
2.054297533244568541e+00 1.171784172391861212e+01
2.075262958602557717e+00 1.139897290303160382e+01
2.115461028483937245e+00 1.122732101512353786e+01
1.445449511758060135e+00 1.259334800354859318e+01
2.201337055093264272e+00 1.207356958713829265e+01
1.712156258174215129e+00 1.103271788269010756e+01
2.011861147222135937e+00 1.177177295841425142e+01
1.491183856664173302e+00 1.147353250412161607e+01
2.120975012367050549e+00 1.119170431243771269e+01
1.179622953797744067e+00 1.163988272571915239e+01
1.845683103471391195e+00 1.238918400514989671e+01
1.928381225905213769e+00 1.214221415937289805e+01
2.028531150325291854e+00 1.081966313862793605e+01
1.644610939610991807e+00 1.102703001637812719e+01
1.017190190613488143e+00 1.020134746959124250e+01
1.639426114090193343e+00 1.106371111568408061e+01
2.024986875059029856e+00 1.100339358707954673e+01
2.203774316582254755e+00 1.286765793091578658e+01
2.140810045363386482e+00 1.228628810183716524e+01
1.735105312609275696e+00 1.091117103177617587e+01
1.876965301329598823e+00 1.172747445937519650e+01
1.589788960691263187e+00 1.149461676654870423e+01
1.311715776396060518e+00 1.210721465259705631e+01
1.941758564861158609e+00 1.049657042383643635e+01
2.038257046144281048e+00 1.274224739656682637e+01
2.231762869397889482e+00 1.198007099559688449e+01
1.488059411218563222e+00 1.152501553642871990e+01
2.183476960738108819e+00 1.176528283494760707e+01
1.822032028511129775e+00 1.176386805179724959e+01
1.251415156552664998e+00 1.215965753328645604e+01
1.760429395427028920e+00 1.278406980257980052e+01
2.051949328186811528e+00 1.143657981574984994e+01
1.815464624999675980e+00 1.112570824021084626e+01
2.153338184191022187e+00 1.294455672664634349e+01
2.142301550339434257e+00 1.214693128209667350e+01
1.245586536296915625e+00 1.214366785282950367e+01
1.710218653499937735e+00 1.244566379368037978e+01
1.090424842197026178e+00 1.208556393394551698e+01
2.188110703498442167e+00 1.255637744526869604e+01
2.217729916986405758e+00 1.213195209410336517e+01
1.444280538842497075e+00 1.240367133170685499e+01
1.761276992184478418e+00 1.223284998367743093e+01
1.714502084901661005e+00 1.214280960238990303e+01
1.393509939081449156e+00 1.120258281026775293e+01
1.800361259525475210e+00 1.176461502833984518e+01
1.588363932145852697e+00 1.238572722337108090e+01
1.777664391333749760e+00 1.182462868019426416e+01
2.063645879058733090e+00 1.198454374358417063e+01
1.609019013571158618e+00 1.227160105016709046e+01
1.812143059641823317e+00 1.183995993637193500e+01
2.065809386303251394e+00 1.266420637290628193e+01
2.237707279736537824e+00 1.242047617344618082e+01
2.267988833622853306e+00 1.217845726462755529e+01
2.229006823166350681e+00 1.162422184770712086e+01
2.076395529139908547e+00 1.220810487458700599e+01
1.901732535634399923e+00 1.090450437529713135e+01
1.924255332207144509e+00 1.072447255908841512e+01
2.128268550724685682e+00 1.177543374554592681e+01
2.284365448345259342e+00 1.227276043646052983e+01
1.842842374766398006e+00 1.135278583334055469e+01
2.106233865489055113e+00 1.072881727853989453e+01
1.635274488885269051e+00 1.205539307162188045e+01
1.815463185348151320e+00 1.111274816275751220e+01
2.014220032323179588e+00 1.094797179901008910e+01
1.852390854645041829e+00 1.180640186435299910e+01
1.891882327304406530e+00 1.178986529864850219e+01
2.094020744492135044e+00 1.087124358483476350e+01
2.032613255775548744e+00 1.146194891636148050e+01
1.996681673137222335e+00 1.225661722656663066e+01
1.559731031656826472e+00 1.265817449204190481e+01
3.856668091030441836e-01 1.265706125474470589e+01
2.224836382253525979e+00 1.236421641534723292e+01
2.133732319003715627e+00 1.241785277865769999e+01
2.129295690740760083e+00 1.242009159185277234e+01
2.133477098194833665e+00 1.079694847862851326e+01
2.219406857434493396e+00 1.229743151054649886e+01
1.790088203911155196e+00 1.121069808178138771e+01
1.325195938470989931e+00 1.195945472460379300e+01
1.966270842882735126e+00 1.122949322806409533e+01
1.824740243854544142e+00 1.148841979253833401e+01
1.751875572887445331e+00 1.140820909081461210e+01
1.889388809869603669e+00 1.163666795000577281e+01
1.737659094032212970e+00 1.274056951104315694e+01
1.651970359939610278e+00 1.144414185348097313e+01
1.888148461199942396e+00 1.104773742686335858e+01
1.440863661997148437e+00 1.138844569647079297e+01
2.110002325975141702e+00 1.076436744873527473e+01
1.627289209612037491e+00 1.084097427322462437e+01
2.273477225541333802e+00 1.221840106627403522e+01
1.894230240575499602e+00 1.067499164008681412e+01
1.500803781930485359e+00 1.269177355109369820e+01
1.555089881203301161e+00 1.266708980080634639e+01
1.978985071471023538e+00 1.044863403722753858e+01
2.030218939671556200e+00 1.220840368195836589e+01
1.992014941287664431e+00 1.191455381467873487e+01
1.759552033709115504e+00 1.332287419921714999e+01
2.273905197301328673e+00 1.232210282147863722e+01
1.520248840596399198e+00 1.120991048056452755e+01
1.449819147507799055e+00 1.115544629512596586e+01
2.150604570009495564e+00 1.041570740352916680e+01
1.855764045990551780e+00 1.123448037503201924e+01
1.574797958906659412e+00 1.209976195359672424e+01
8.377617753627577546e-01 1.188319256953156611e+01
1.908149621592309497e+00 1.292382802713738066e+01
2.014285815642089528e+00 1.304704831598727033e+01
1.990869970823824664e+00 1.158628089630166791e+01
1.982775504381946163e+00 1.068086063024872701e+01
1.974848716849999741e+00 1.083609899109624308e+01
7.976741352289560272e-01 1.076544732673917970e+01
2.161918461619209975e+00 1.115787288086305828e+01
9.413838913045166068e-01 1.259282598605541992e+01
1.944751057201880018e+00 1.180290355537564473e+01
1.973377609689288992e+00 1.244651518337571083e+01
2.312737214018763865e+00 1.222272437276132884e+01
2.048390209431575126e+00 1.175725761053942620e+01
1.736819386305686663e+00 1.271747656733017884e+01
1.788536876944509135e+00 1.227073322235613517e+01
2.121909924794594726e+00 1.250545082413287545e+01
1.255687251213424505e+00 1.090031277286584022e+01
6.367218167940279505e-01 1.023678429988040328e+01
2.000415431076228323e+00 1.172639503635678260e+01
1.585443165192062631e+00 1.179183492825878155e+01
1.708182205051571145e+00 1.182717553985393621e+01
1.655511297866217424e+00 1.191793139733003848e+01
1.775687523287934555e+00 1.279710441379014441e+01
2.011555618677443036e+00 1.046277832214105352e+01
2.112508280808143013e+00 1.170819652615469408e+01
2.016400444945014581e+00 1.266211929539782233e+01
2.447637770825429326e-01 1.163353255184779655e+01
3.373626297592557388e-01 1.131784535116675272e+01
1.911566554219902292e+00 1.113128889177900049e+01
1.637074064767884751e+00 1.198379208646820082e+01
1.410941695180460309e+00 1.183860307497439734e+01
1.954983223785182300e+00 1.229974400932175627e+01
1.947615986281837186e+00 1.181876598678768175e+01
7.837861471499343868e-02 1.658558207166719356e+01
9.272031932087780870e-01 1.089392820818785168e+01
1.915286145118589634e+00 1.049506793480330558e+01
9.261712763313421082e-01 1.049859589603077659e+01
1.944740336694340987e+00 1.201392983667144776e+01
8.112451290827322747e-01 1.246204807492092215e+01
1.319198889555926346e+00 1.122247236350461819e+01
1.152272963223576197e+00 1.108949150147683760e+01
1.982569475726253749e+00 1.122349388940334336e+01
2.065710607189733317e+00 1.095192892593151157e+01
1.749639835455171877e+00 1.138391902511555642e+01
1.455670876066588848e+00 1.141061936927311748e+01
1.846677291962180556e+00 1.141052789367128106e+01
2.226479242572048989e+00 1.260143781916966965e+01
2.259651475008375154e+00 1.195157764618535978e+01
1.456738430175584131e+00 1.066887653720642248e+01
1.464836666314080160e+00 1.270479565762878416e+01
2.092270914864851949e+00 1.200340370691469616e+01
2.407680423177987361e+00 1.304460643063890224e+01
9.287795469000287296e-01 1.020665529128331173e+01
1.599538045202597347e+00 1.148289061285264623e+01
2.213641387326141352e+00 1.254358589576828109e+01
1.950907712829511809e+00 1.246602453665371435e+01
1.584252813751436673e+00 1.250628099554409012e+01
5.684320265511090264e-01 1.272426473669216662e+01
2.253470618105275491e+00 1.109996590268361771e+01
1.961829083392928386e+00 1.070420045705615486e+01
1.983213312685203178e+00 1.141212194909146938e+01
2.101926919995857013e+00 1.160489983108693934e+01
1.133007578405397453e+00 1.060674749644905290e+01
1.308778270845809555e+00 1.080792943960281605e+01
1.797754074422569515e+00 1.137920415101795690e+01
2.112750386052584695e+00 1.219381084476500909e+01
1.578658938523509692e+00 1.211648033913744804e+01
1.965275647276856885e+00 1.206647345396109472e+01
2.016548446709722775e+00 1.143321081677824047e+01
1.731551284332929708e+00 1.205972384508119255e+01
2.605571979542042005e+00 1.324286020860762569e+01
2.199780513077256305e+00 1.160324619801500390e+01
1.552420993644065161e+00 1.107998817811799874e+01
1.883526578570717369e+00 1.166942200557441289e+01
1.960432252619206395e+00 1.089978792224388293e+01
1.807457551687274400e+00 1.140653615560935741e+01
2.188539427948404281e+00 1.244349317045148773e+01
1.842362234454313352e+00 1.180995600446548011e+01
1.599065174155444025e+00 1.132103297977908340e+01
1.965135425120867252e+00 1.029345697929907111e+01
2.039405129571184805e+00 1.164201930430950682e+01
1.564795557189581077e+00 1.190462215364650511e+01
2.622837012719920757e+00 1.303530828161939681e+01
2.326617710812195927e+00 1.227475175067125512e+01
2.355489501277020281e+00 1.311154225472923684e+01
2.136872005132280705e+00 1.096657282367735675e+01
1.821406403298456933e+00 1.116079804796539676e+01
1.233365874918099125e+00 1.213704271260999334e+01
1.351873325516062208e+00 1.235940701198710201e+01
1.542278444088422296e+00 1.235192116589977118e+01
1.898764194039148867e+00 1.098894207115180954e+01
1.651244406271747067e+00 1.296612760604003256e+01
1.315343029030068722e+00 1.266706878175823903e+01
1.330658122139815713e+00 1.148643181506417754e+01
1.809146392973375095e+00 1.265334385121375149e+01
1.479727961276972481e+00 1.217892265445544453e+01
6.822718791896762447e-01 1.191772733564780395e+01
2.001746108388518852e+00 1.065023266956016634e+01
2.143385939027658615e+00 1.146291540203453252e+01
1.863885709714063976e+00 1.175774569737353126e+01
1.845079501099210040e+00 1.180013847019320750e+01
2.373439854900038615e+00 1.249883789553227587e+01
1.466464554742563875e+00 1.204208040496423848e+01
8.406555382069188509e-01 1.183197679766648847e+01
2.631518244407460849e-01 1.277036384833303906e+01
2.084406462152002426e+00 1.192071405095611425e+01
1.952569228789670541e+00 1.194420156494704344e+01
1.487900018949379399e+00 1.233012182744798757e+01
1.999159531492831432e+00 1.125300179722814065e+01
2.105589651299428766e+00 1.243318959705713134e+01
2.007504374983411832e+00 1.237849609992115063e+01
4.875845428273614113e-01 1.051518265817632880e+01
1.706748046611485048e+00 1.235468479641572870e+01
1.337850931937554888e+00 1.192294768224907564e+01
1.876171953990741770e+00 1.233395110671938077e+01
2.266288682352458395e+00 1.082731843590168985e+01
2.055222751755831911e+00 1.207930460036596543e+01
7.243230448917680198e-01 1.152640673885978728e+01
4.031131770246516033e-01 1.205648529699256599e+01
2.170579871551400863e+00 1.130030580167738918e+01
1.918779300899942752e+00 1.116582249974131358e+01
1.242006319446826712e+00 1.238997770576412627e+01
3.047178932919238914e-01 1.215499396197037996e+01
1.675136043285446963e+00 1.118541365327938664e+01
2.108610568624576853e+00 1.197656758901231733e+01
1.241615214082033125e+00 1.208635738825710781e+01
1.653441287859684472e+00 1.120526298645533814e+01
1.371269929355639627e+00 1.242731818132563326e+01
1.716952484825029268e+00 1.285526637322919719e+01
5.055179266642175762e-01 1.075457952048543220e+01
1.906434633207549911e+00 1.082976902215160386e+01
1.645767272672378434e+00 1.181967760957539326e+01
1.519279098335085676e+00 1.286454431848519064e+01
1.928392684353430475e+00 1.129576692634862844e+01
1.891416627824196173e+00 1.283526692533738967e+01
1.955472872654869576e+00 1.062510515762788188e+01
2.484317551812734448e-01 1.456122592045471542e+01
2.255893970133957982e+00 1.245747716875114897e+01
2.101064585858385847e+00 1.135648697170376131e+01
2.057294472918294925e+00 1.147579643686090911e+01
1.528475709879030475e+00 1.121853522363513989e+01
1.610672673727780113e+00 1.121585850601558398e+01
2.031829761304142945e+00 1.239157053797731933e+01
1.987138316765902912e+00 1.189422749021686343e+01
1.855878509377722363e+00 1.143557321911915281e+01
2.028395941926181223e+00 1.188288078314527318e+01
1.809596844048176445e+00 1.180427608470632528e+01
1.975277859828709737e+00 1.108624756855592430e+01
2.007029764001457828e+00 1.104208908245350251e+01
1.911039654807956678e+00 1.122373687228454564e+01
1.991156347656329872e+00 1.270103378694299145e+01
2.017242648258167570e+00 1.152273210974341744e+01
1.936468932103494023e+00 1.127020589586727262e+01
1.320973150057767942e+00 1.270659645585990027e+01
1.807259676360866596e+00 1.167320759432831601e+01
2.017071075316169360e+00 1.122519960705743181e+01
1.123266357427270101e+00 1.208412254537330632e+01
1.719106504837834226e+00 1.218866764272809533e+01
2.033355066007298095e+00 1.077164696487291273e+01
1.821494485935584162e+00 1.193627716639436720e+01
1.508020884441793941e+00 1.208606128423462245e+01
2.380519969840602990e+00 1.300182896881411487e+01
1.682562193100207715e+00 1.230774941620053653e+01
1.962683087403668480e+00 1.230802266906929354e+01
1.927191857103903061e+00 1.112506692402741493e+01
1.988128487404002165e+00 1.124099885961740775e+01
1.903904566016957789e+00 1.098929750727926447e+01
2.036220249292521878e+00 1.143657399287203802e+01
1.906838136105106329e+00 1.146063976465533507e+01
5.527978362040678606e-01 1.020356072422316807e+01
9.691098733002645460e-02 5.000000000000000000e+01
1.938266350880157640e+00 1.090984898221188182e+01
1.986508184832076696e+00 1.086982521432220672e+01
2.263747842678460742e+00 1.157928042987930084e+01
6.868222280884078712e-01 1.159499271868653913e+01
2.098423991526668253e+00 1.043668768029158400e+01
2.127340434881036302e+00 1.147538505740636339e+01
2.096530524432089315e+00 1.084700058355715768e+01
2.038544006664487540e+00 1.214078630150770977e+01
1.977792573680715149e+00 1.105010244363264960e+01
1.629370514096127431e+00 1.234710661113644470e+01
2.141685009207555002e+00 1.251335072727524178e+01
2.025614676712783169e+00 1.053437775169385304e+01
2.050675529583227519e+00 1.222474899686406680e+01
1.646469927079832862e+00 1.229245232743476279e+01
1.791043451430104794e+00 1.222247946488149672e+01
2.178814727907897542e+00 1.069453734826990221e+01
1.514086516943826677e+00 1.276247330857808215e+01
1.829495376513082139e+00 1.096426664990992705e+01
3.027296450584399112e-01 8.850669026173671128e+00
2.282111723962934491e+00 1.256160872444907817e+01
2.185392370036224108e+00 1.072185137193598159e+01
1.903883466196176766e+00 1.197805120504881238e+01
8.443691277195328748e-01 1.234169461757783992e+01
9.471101208525601889e-01 1.197079785419713716e+01
1.953293382158780345e+00 1.191419890116212343e+01
1.639388584586350950e+00 1.215632462542945369e+01
2.205334394125238795e+00 1.256468284326319740e+01
1.969569756446875486e+00 1.132452484870629306e+01
1.839435796482949526e+00 1.176793715687389508e+01
2.029989899945582099e+00 1.064943070917919066e+01
1.280354392437045075e+00 1.215991335414130248e+01
2.187126421222436168e+00 1.283447943088168763e+01
1.931211987667446728e+00 1.138371572265983289e+01
2.189359406465126945e+00 1.175212745505645628e+01
1.686289809630754810e+00 1.147172598563274626e+01
6.329543926571059576e-01 9.385508099459972442e+00
1.976865166304494048e+00 1.076923712852166659e+01
2.107373337764005150e+00 1.101346541206924634e+01
6.185598362154823837e-01 1.040401212691777566e+01
1.960539197430143821e+00 1.196860867022717656e+01
2.104082779234417000e+00 1.279503383539122829e+01
1.893958930483427006e+00 1.178165872886211218e+01
2.228287252643568195e+00 1.118133955250233846e+01
1.201052068244058857e+00 1.140415389814292624e+01
1.992863537561205156e+00 1.103002345337549883e+01
4.841148022106273596e-01 9.845482152689353228e+00
1.959670247684032418e+00 1.065480815978898654e+01
5.564338671955209037e-01 1.265323734474805129e+01
2.076906705006577258e+00 1.214506800406306475e+01
1.626492425229503436e+00 1.249851532412177946e+01
1.829689050318908716e+00 1.260864640081724453e+01
1.969558219823951628e+00 1.222518691866984319e+01
2.330407295705713810e+00 1.193999159045982950e+01
2.144185295261214375e+00 1.249032064109023388e+01
2.281393140346670290e+00 1.114262260727912590e+01
1.090059678165681500e+00 1.174656691018525656e+01
1.570539515341937920e+00 1.251636941066728426e+01
1.997946380749955564e+00 1.190125166741227325e+01
1.826966811945185620e+00 1.111415506096528105e+01
2.358749477870961897e+00 1.285066085295875737e+01
1.766248490095196688e+00 1.190982634092526560e+01
1.655420611522214092e+00 1.201743711675561066e+01
1.468816955747472175e+00 1.188285638457284143e+01
1.424030221749503555e+00 1.228383595411309948e+01
2.407891863670660548e+00 1.191528343369961718e+01
1.670019819997143662e+00 1.192409427293675961e+01
1.799064201828998399e+00 1.104605248617486168e+01
1.569378102792181373e+00 1.157971516807491419e+01
1.957324844918350015e+00 1.173656885651653781e+01
1.171698486234494574e+00 1.239839466751765862e+01
1.366309519397086170e-01 1.608889595201327083e+01
1.972389508492772725e+00 1.140709100150666622e+01
2.013855744259577030e+00 1.235432500965806035e+01
1.903076811196304785e+00 1.156345196671489006e+01
1.717720762379070010e+00 1.206243883361206848e+01
1.873755195595359302e+00 1.115158159865308818e+01
1.763035936294861328e+00 1.075181546630262552e+01
2.294442583460936547e+00 1.277184244880630715e+01
1.985477451519710224e+00 1.055092061299879624e+01
1.961620887744087716e+00 1.246654785771135465e+01
1.842329384204904663e+00 1.294047691035516578e+01
1.965565850101549383e+00 1.135058374064461795e+01
2.168044987544308189e+00 1.215243873740222469e+01
2.431043111713175442e+00 1.204513264231126790e+01
1.949516145361500641e+00 1.070986056417128829e+01
1.519134481818970261e+00 1.150162830694029026e+01
1.159801627325933060e+00 1.235594701462269462e+01
9.888098340709495782e-01 1.248476587768420032e+01
1.701424614132091229e+00 1.205702577198784553e+01
2.201651089570822784e+00 1.195005116600874295e+01
1.895595816226183228e+00 1.099363364710419511e+01
8.124577354539384011e-01 1.135178620676240868e+01
2.196916980024235411e+00 1.213544064234519837e+01
1.128714444815395179e+00 1.135824219463336426e+01
2.294467905878762704e+00 1.258494644847935540e+01
1.703557630716309168e+00 1.128373512761418063e+01
2.457220258818973324e+00 1.180686765290746010e+01
1.421284064111726142e+00 1.056427814520178643e+01
2.128118610669626598e+00 1.067174441918410999e+01
3.023076963884973600e-01 1.321682157577266992e+01
2.151602226130370887e+00 1.248967801289369817e+01
2.186898365697032443e+00 1.237452916980174678e+01
1.628384269359329117e+00 1.147525497411145423e+01
1.406849564511979844e+00 1.264957202236664280e+01
1.799222730700313244e+00 1.160624862946816727e+01
1.847432581850373179e+00 1.118876658871405283e+01
1.037761438366044286e+00 1.163068761016995900e+01
1.586381189051255358e+00 1.244016707594665938e+01
2.081027299964951727e+00 1.293448115569859347e+01
1.957718979360073552e+00 1.223978199440098180e+01
1.452067098446124582e+00 1.142256033087958578e+01
1.947357990038401487e+00 1.201167170532549200e+01
1.983701870037654080e+00 1.179383014707647348e+01
2.101674694556707301e+00 1.125267402970216679e+01
2.233647318292830253e+00 1.270009437005795938e+01
1.557899193190209974e+00 1.226063976634877228e+01
2.461096222997899208e+00 1.240575627808963155e+01
1.001733100988404512e+00 1.096739692129944999e+01
2.202680610914484305e+00 1.223357666384028342e+01
2.109762602944889931e+00 1.061617215046072538e+01
2.320930497130552883e+00 1.183846297728965524e+01
1.949105917964065515e+00 1.115154854298866205e+01
2.046637463886193498e+00 1.227603773528129061e+01
1.888902612042453466e+00 1.086840870056297881e+01
1.840584835851638568e+00 1.195113482963702367e+01
9.723527814831753879e-01 1.058317790630601074e+01
1.339122576916042195e+00 1.096698517389313032e+01
1.662420469773800757e+00 1.197187474931245355e+01
1.748241118127280780e+00 1.189545932084875446e+01
2.161723693425806392e+00 1.224513055865685196e+01
1.089830676841728518e+00 1.167810133556230312e+01
1.242590744622237287e+00 1.132340997792483250e+01
2.205844604469576087e+00 1.095926889014915950e+01
2.041764693018788712e+00 1.068680352759703567e+01
2.024672045102380746e+00 1.056800145497537891e+01
1.918370326046442198e+00 1.113061415365385365e+01
1.338081313141774586e+00 1.278507786130997559e+01
1.073122680860938427e+00 1.072421942383520488e+01
1.215171099643924668e+00 1.151651535483667388e+01
2.079432363687851559e+00 1.134358891189716090e+01
1.682704446923904751e+00 1.308756430215933442e+01
1.969883399756289677e+00 1.192014086230602032e+01
1.994457647115494892e+00 1.084935885304876635e+01
1.756056172169077279e+00 1.222478628129285561e+01
1.570872189027168853e+00 1.186448061333308424e+01
1.890452237913973654e+00 1.171073993206989883e+01
1.512114825280271413e+00 1.263066221095925812e+01
2.122310192327856893e+00 1.146023079564522540e+01
1.862008542480090956e+00 1.173387017812423494e+01
1.020545012302543242e+00 1.209203497282955730e+01
2.144197071508175068e+00 1.209716363954472662e+01
1.467475484352311899e+00 1.154058043192760508e+01
2.213750932277259498e+00 1.140125639868190355e+01
1.571889434042894385e+00 1.153056487089272331e+01
1.363118776194705450e+00 1.286777148539859716e+01
2.155145676175580505e+00 1.200951588001999326e+01
1.391325295294143949e+00 1.187740976373373947e+01
1.580332903153133239e+00 1.276974405054250283e+01
1.723773880015567084e+00 1.275261184502374689e+01
1.928894809050476722e+00 1.285451799038876608e+01
1.423164692146230426e+00 1.224485011938567780e+01
2.202719779383538246e+00 1.263511704415336645e+01
1.672626519966802672e+00 1.275346076589699074e+01
9.697583168512646790e-01 1.025619081582605752e+01
2.089914364104297206e+00 1.085291164127041519e+01
2.055601817276434762e+00 1.208144139003489670e+01
1.701096036199869710e+00 1.176338979138406060e+01
1.946896915388998117e+00 1.153515045179958243e+01
1.824148214679469637e+00 1.138329362188147797e+01
1.043338777822114150e+00 1.185893496934040492e+01
8.057905356036152433e-01 1.084768540773210610e+01
2.350295697543458129e+00 1.190898431381064526e+01
1.353317466129915658e+00 1.069178971731178152e+01
1.557432489467992287e+00 1.202170966220364257e+01
1.711834992375356468e-01 1.882907261743260463e+01
2.082729537308719348e+00 1.165324270195248957e+01
5.756590027891530514e-01 1.036732799346869172e+01
2.023168725993371719e+00 1.083444362385012205e+01
2.377270737369637121e+00 1.282846679113876576e+01
1.833256043302265992e+00 1.235625969535896473e+01
1.473284126439655228e+00 1.198342353779493763e+01
2.169004643851477176e+00 1.262101301557471267e+01
1.446922270093522256e+00 1.204465892284700956e+01
2.041302608870649848e+00 1.156368691072808375e+01
1.908714853220913943e+00 1.198745961290727102e+01
1.937658363380101001e+00 1.173078125155969786e+01
1.957569438691850738e+00 1.192473774878105530e+01
1.863064713743736611e+00 1.264295418066717502e+01
1.073916459334600670e+00 1.240917282656429954e+01
1.956928866273161649e+00 1.239035788671571936e+01
1.930966871409216967e+00 1.214425517064577242e+01
1.761849299556557558e+00 1.200626734296320208e+01
1.494942585008821379e+00 1.089207978024249357e+01
2.004973505540085021e+00 1.288990994072172569e+01
2.369280083062886622e+00 1.201263478271797958e+01
1.985736194877860017e+00 1.109544314506607599e+01
1.860477982711207678e+00 1.250596282151018279e+01
1.820767656356884423e+00 1.164214617164939192e+01
1.403110659643452607e+00 1.108521687917300547e+01
1.695107983984405653e+00 1.235814906066691421e+01
1.472091739058376092e+00 1.278481453625471254e+01
1.966357798303285165e+00 1.209792118247591119e+01
2.160436329143176515e+00 1.247940407188804635e+01
2.130336946396452547e+00 1.244327875191443056e+01
1.456771797275796532e+00 1.075680814469133217e+01
1.853541655337269001e+00 1.261960122398077111e+01
1.703313520038421069e+00 1.259460911271488470e+01
1.788009088628329524e+00 1.285133806271950441e+01
1.191453157382465156e+00 1.156685600857209195e+01
4.021629354014756297e-01 1.294784859893972495e+01
1.830629563335713694e+00 1.147115273192181562e+01
2.001429883049845149e+00 1.085198440222292859e+01
2.260333333266747680e+00 1.147129252110775255e+01
1.910175782634444763e+00 1.114928983824327169e+01
1.772817263809454369e+00 1.133519094952188411e+01
2.220874387514236936e+00 1.274642586345388473e+01
1.843484438595770269e+00 1.219419798264311083e+01
2.270201103542515142e+00 1.208440248059231337e+01
8.966039187595276072e-01 1.049485841906039596e+01
1.541599266131484125e+00 1.207013290025523844e+01
1.625643177111731230e+00 1.131499285433597635e+01
1.911657661318998613e+00 1.241332859521421916e+01
1.920094203992787296e+00 1.208894403607370727e+01
2.222714283862444073e+00 1.206223900668681281e+01
2.042607396444441559e+00 1.174421745650234250e+01
9.156693946982703558e-01 1.063819323199108524e+01
1.962268777563636712e+00 1.179448850392054560e+01
1.343114891823671719e+00 1.118145283690806480e+01
2.023204394114783700e+00 1.094369245199316865e+01
1.407741328313071083e+00 1.129453397700031481e+01
1.854551298899677958e+00 1.163407946983243058e+01
1.590053134673800717e+00 1.139978578571627565e+01
1.811165140144312513e+00 1.290987613437543580e+01
1.457495106211229574e+00 1.215983317344476689e+01
1.514757656427718091e+00 1.201050393954668039e+01
2.017946077569934271e+00 1.135288299057663863e+01
1.304130161509441832e+00 1.224347490686891149e+01
2.204678245152690508e+00 1.267174126282041691e+01
1.924136629574795698e+00 1.168473376418698351e+01
2.086788182415567405e+00 1.113889762757449375e+01
1.217184535951708169e+00 1.188797888800696256e+01
1.559885665620146300e+00 1.181831399437156449e+01
1.939817028168975721e+00 1.243004680056215783e+01
2.290781723103007206e+00 1.151268551163996534e+01
1.972161939109111639e+00 1.264449023741482314e+01
8.978135317726095854e-01 1.184760714135300574e+01
2.167272875141661004e+00 1.232958907661504178e+01
1.995597394977712602e+00 1.111974551874982886e+01
2.064060468227363998e+00 1.084824513713419236e+01
2.071745739560720168e+00 1.094278163282761618e+01
1.708077503189814550e+00 1.210345460851275590e+01
1.998360505346225890e+00 1.154044309236410015e+01
1.510058803499455315e+00 1.151970940933515131e+01
1.909165764088901485e+00 1.137506639699005362e+01
1.997107051386449061e+00 1.074205549487870037e+01
1.961586818226352280e+00 1.145124289983705168e+01
1.823624581748914952e+00 1.156633067534082393e+01
1.534189705797443848e+00 1.258049752353193185e+01
1.038899953643625196e+00 1.185175641177767147e+01
3.851898125692065356e-01 8.619136242744243503e+00
1.648303503769996459e+00 1.215555746161872364e+01
1.151476231954163376e+00 1.154703252500656596e+01
1.963969617060147277e+00 1.136326495686535942e+01
2.426964366018907526e+00 1.290781344958342380e+01
1.558545990201027465e+00 1.117225448382613884e+01
1.705329693507248834e+00 1.118371702530192735e+01
2.174157698428645702e+00 1.087104586667938477e+01
2.334898189602442997e+00 1.215976646830349850e+01
1.399739998823328113e+00 1.226865985562650252e+01
8.200500722342300985e-01 1.178119188034953346e+01
1.685045845197937098e+00 1.133693789643556826e+01
2.077080781577162139e+00 1.158175329057443470e+01
1.739565918376275944e+00 1.187272119664636882e+01
3.223126751563072934e-01 1.304766228502888481e+01
1.710462532333959729e+00 1.270684255638884785e+01
8.326599199475535062e-01 1.144803058453098643e+01
1.190934027266535189e+00 1.196088921011661377e+01
1.083953504834001880e+00 1.193969067796574279e+01
2.101634936540859755e+00 1.234706488483320008e+01
1.886635091381784424e+00 1.199779677139207479e+01
1.911140504086426439e+00 1.171369611911065789e+01
2.010582222598658042e+00 1.229388582897848892e+01
1.858898131216731864e+00 1.158696612509657697e+01
1.909226405978271979e+00 1.160480525121155004e+01
1.963366365396147950e+00 1.196869525567424297e+01
1.590233441649619106e+00 1.207671279919313534e+01
2.074444926580576887e+00 1.053364145452007250e+01
1.720917863427577243e+00 1.221685870639698202e+01
1.586985221465544216e+00 1.223349634126844876e+01
1.844307946639177631e+00 1.145517330804648992e+01
2.005039890243416334e+00 1.236731569015371335e+01
2.249141473649576284e+00 1.331506625932462917e+01
4.210641388514672623e-01 9.031516199200911643e+00
1.621052277088564031e+00 1.084715262518905732e+01
1.943082028488742674e+00 1.105002415696462315e+01
2.188952985273107998e+00 1.259491231416393475e+01
1.466574123394648987e+00 1.091837897935845270e+01
1.408211707797442536e+00 1.270027978544674596e+01
1.784541442229855113e+00 1.198802247373039087e+01
1.196712269048819444e+00 1.144830308979406297e+01
2.007367146528390212e+00 1.173501902528685115e+01
1.073410776345899098e+00 1.124775043693751542e+01
1.325196229430333883e+00 1.169814807827444270e+01
2.152471501622721828e+00 1.226830311865628076e+01
2.144682339490599610e+00 1.315430805165870609e+01
2.221126106054277738e+00 1.290442347891486286e+01
1.726789583611138212e+00 1.164087606643440687e+01
1.538293423759845568e+00 1.179195914863818118e+01
1.511539226585021600e+00 1.179346363274373743e+01
2.079209326237846600e+00 1.082232065240904717e+01
1.692318737329549183e+00 1.203677318969681664e+01
2.142276410002610820e+00 1.154455717661289427e+01
1.934333887316966871e+00 1.140045544751526485e+01
1.796669011435385821e+00 1.299819486922097944e+01
7.900782668066589354e-01 1.030858799574887463e+01
1.956609382563299970e+00 1.070058630016276346e+01
5.377696336594028903e-01 1.257475841745988276e+01
1.968043248747968876e+00 1.253499483245495050e+01
2.328203459417558463e+00 1.274573994127527143e+01
1.711682736133075533e+00 1.119271593148136112e+01
1.965841440671335150e+00 1.084413360634642132e+01
9.085711098942926833e-01 1.190082168156157394e+01
1.824323103303078897e+00 1.222032386128693204e+01
2.325874458367338971e+00 1.161499106815190707e+01
2.037828878898691798e+00 1.095190108630095338e+01
1.887421262699577440e+00 1.170719014734316765e+01
1.170081405057466384e+00 1.162608411950640352e+01
2.170143986560546967e+00 1.194272042252094046e+01
2.052045770762576993e+00 1.165889638264103034e+01
1.396805198165717243e+00 1.142632586803481232e+01
1.965362070141216888e+00 1.189036287517300750e+01
2.167267477549569943e+00 1.241590178868744943e+01
1.704738973760137499e+00 1.116316670711698755e+01
1.381211738954943424e+00 1.264573476863123780e+01
2.201925006323835809e+00 1.288727584310449714e+01
1.573846758661884948e+00 1.205308300618864870e+01
1.921352917294125939e+00 1.296560239914088974e+01
2.155450619073161267e+00 1.238954527580393083e+01
2.180969064248750477e+00 1.208152244832742639e+01
1.889374254326039448e+00 1.096473238555112850e+01
2.227927393922516597e+00 1.155140010540472773e+01
1.852122364567224233e+00 1.183613944716958244e+01
1.934289123262628252e+00 1.332515483758551511e+01
1.992169921998803384e+00 1.145361435271205863e+01
1.837081397165684971e+00 1.170708848420305159e+01
1.736194330153350673e+00 1.234015676384409410e+01
1.826034854198481661e+00 1.183662651435534663e+01
1.074557793126301952e+00 1.215108401019019091e+01
7.179862681355075882e-01 1.021612185948468543e+01
6.316622386383838883e-01 1.145578064128962836e+01
1.443965007675314993e+00 1.136836512957490442e+01
1.245341625557079057e+00 1.083115771657062076e+01
1.950725070818717599e+00 1.254906216875967750e+01
9.023447440850848045e-01 1.178727543280807843e+01
2.107696116826075716e+00 1.300681634387825447e+01
2.149206398151356723e+00 1.269308270732099686e+01
1.704179496190950882e+00 1.240157389800345911e+01
4.472529349023372514e-01 9.650976637362390420e+00
2.135451897943275501e+00 1.280428463805349537e+01
2.152725460897483067e+00 1.179855035521471329e+01
2.150562376390734887e+00 1.105510815088060994e+01
1.906545200737267853e+00 1.166781058508905389e+01
2.191584006912170590e+00 1.142784982264503846e+01
2.137534109034081808e+00 1.281802793423072906e+01
1.935643514675516208e+00 1.141385064263195659e+01
1.905394680549290731e+00 1.147467504664335003e+01
1.491044436346067092e+00 1.245829565388657301e+01
2.036581390750310749e+00 1.157888848927404091e+01
2.099527520359785182e+00 1.118341970927471785e+01
2.168463775517315284e+00 1.166625626325074094e+01
1.954455510415566533e+00 1.105582892266365391e+01
1.648301433977332309e+00 1.082044222975767234e+01
1.495967234148610547e+00 1.101623469500206021e+01
1.924915509948149861e+00 1.100695712443515184e+01
2.270860344825748722e+00 1.226896002786681272e+01
2.179632651391020470e+00 1.243418803809162476e+01
2.045899323903819234e+00 1.252069855254166519e+01
2.044193632862538301e+00 1.135731770012192676e+01
1.336861332667111935e+00 1.133767394328677725e+01
9.870902503026898200e-01 1.046307794337485397e+01
2.092585561758777413e+00 1.117225032041835675e+01
1.949278225176547474e+00 1.118739578911018562e+01
9.709510168522390572e-01 1.201867452728146901e+01
1.024872781831403623e+00 1.252933370262031687e+01
1.198564392770628650e+00 1.257896191559344778e+01
2.225501531863117499e+00 1.206978704458518337e+01
1.875064914587394993e+00 1.139090837666410216e+01
1.929910027324691413e+00 1.172855213415996189e+01
1.957317831541263820e+00 1.210793206999130511e+01
1.269251106246934990e-01 1.325067563352495981e+01
2.078688962099879856e+00 1.187054162899871734e+01
1.696252998413129376e+00 1.245561165022993677e+01
2.171105346521231994e+00 1.150746407149256356e+01
7.409273292062620309e-01 1.148865395690723368e+01
2.042920199284062210e+00 1.059879587388878441e+01
1.952622585745969808e+00 1.204929219930623141e+01
1.942851555426555299e+00 1.204918123764225335e+01
2.014559010406608675e+00 1.326192682758129493e+01
3.695572014420361318e-01 1.078542851841902639e+01
2.069257798148504079e+00 1.246420905855381456e+01
2.029891859510140950e+00 1.115310260652602814e+01
1.943597611803902891e+00 1.167119017013225424e+01
1.847646989898123371e+00 1.214036551009763976e+01
2.101571015686920063e+00 1.318147426963105495e+01
1.401054439939643848e+00 1.247213766145082481e+01
2.136391129035728920e+00 1.193732195587402423e+01
8.646060717619290514e-01 1.128745730876555520e+01
1.990947269759288263e+00 1.222718577691236597e+01
6.634254784316716558e-01 9.554407560452650827e+00
1.074734912579420554e+00 1.162214023595061008e+01
2.354366969033049539e+00 1.154236131837960500e+01
2.032746376066547622e+00 1.232582229546878239e+01
2.092409081710801644e+00 1.229494970894247530e+01
1.814173297262109852e+00 1.111389683340224366e+01
1.430677963730920377e+00 1.208321023974114716e+01
1.899413812623531372e+00 1.171698846910735092e+01
1.846600089599790939e+00 1.157138097024964551e+01
1.639782691911334522e+00 1.138545707400631102e+01
1.535082193160373754e+00 1.127700245084606578e+01
1.615701295498180201e+00 1.069116413396546150e+01
2.124850966103074779e+00 1.072418066786621971e+01
2.071492252968283321e+00 1.087818446611454526e+01
2.034028071813341221e+00 1.240386793876477789e+01
2.059443637194502852e+00 1.093172099557768817e+01
1.807069010588483238e+00 1.116386050900519855e+01
2.412110668796740853e-01 1.059819311241260031e+01
5.036044790152313100e-01 1.172905941655900541e+01
1.814826396505321959e+00 1.128873686920198338e+01
1.891972045031245386e+00 1.152166976488558880e+01
2.292301811638226550e+00 1.158892990925601651e+01
2.194339051157190301e+00 1.268518852016723741e+01
1.923756121782158601e+00 1.109576613411710433e+01
1.931596352698285557e+00 1.220436331892969051e+01
1.612098429958551016e+00 1.246762187368056018e+01
2.044513296346361475e+00 1.269565945327389755e+01
8.562559104658931108e-01 1.144766186791353135e+01
1.998967348338843264e+00 1.123170024397595768e+01
2.467554167212979266e+00 1.272363511384109103e+01
2.103352641949873369e+00 1.098951331656101083e+01
1.813050815443264518e+00 1.223865913087960244e+01
1.444686687524196378e+00 1.199954290590474848e+01
2.064371086408756550e+00 1.111647348063978136e+01
1.958702533944506108e+00 1.261509959345430865e+01
1.155224118297687896e+00 1.108159012944769550e+01
2.177999398694084210e+00 1.140338090783758140e+01
1.379568517603040334e+00 1.088095689506190844e+01
2.511374120341232974e+00 1.228616070746801725e+01
1.937868654905785304e+00 1.281036119805549234e+01
1.411850447696376465e+00 1.203359833581151150e+01
1.501909892011952907e+00 1.152376937983168226e+01
1.466540775492525484e+00 1.184670434696764474e+01
4.131628096606712597e-01 1.130230493334466679e+01
1.435425312115863550e+00 1.148450943286522552e+01
1.779066386807076849e+00 1.272238337655071838e+01
1.913372293238058131e+00 1.297333790188114655e+01
1.908485248946629076e+00 1.296962535904223301e+01
1.548082742306497561e+00 1.101168302284636091e+01
1.923688419003750427e+00 1.136934536562499787e+01
2.126303077743092462e+00 1.186818063079434715e+01
2.226757670928914745e+00 1.262150375449784256e+01
1.497726401025850196e+00 1.199548801858728986e+01
1.893213605185117610e+00 1.183343353905277873e+01
1.889265874193098105e+00 1.206982792870048016e+01
1.879113700607861093e+00 1.100093561150537802e+01
1.362011514972691018e+00 1.195514198972836084e+01
1.103484052420368622e+00 1.168394997448889505e+01
1.474789404749354160e+00 1.129325146219008680e+01
1.970428659380099701e+00 1.129839806308033090e+01
1.233595095934989061e+00 1.142817536841388382e+01
1.631012665186937660e+00 1.141834244373936258e+01
2.146258683833544900e+00 1.243356480205145154e+01
2.072419059095470750e+00 1.153270899026551533e+01
2.009713713184118511e+00 1.183157769368477119e+01
1.878204319496401986e+00 1.248726674228653089e+01
2.193168300065723830e+00 1.105911478009368309e+01
1.930277734971751258e+00 1.268335378868802721e+01
1.403029871307906573e+00 1.228388734169062246e+01
1.425071462512707221e+00 1.169536195148555535e+01
1.212475187462749737e+00 1.145295181003162810e+01
2.009689938238072404e+00 1.161715753092199144e+01
2.262907931745164802e+00 1.201103652274001377e+01
2.258486411110996794e+00 1.203695639973294007e+01
2.000092933714577192e+00 1.187135333754929434e+01
1.900148166972886576e+00 1.066499390787455326e+01
4.849817457272366239e-01 1.229823575427597682e+01
1.964993295918942895e+00 1.144861101169100692e+01
1.375517475397005862e+00 1.215634014114866090e+01
1.959413543623741205e+00 1.088621354960220167e+01
2.522064730654731246e+00 1.294987238534662843e+01
2.170799965708239743e+00 1.137478756728376084e+01
2.137990411688533765e+00 1.217923785809457726e+01
2.051900740480007812e+00 1.096870309071260507e+01
1.910808401745297980e+00 1.209059754177029866e+01
2.063914048772784948e+00 1.176355274392312822e+01
2.086430237554677269e+00 1.136551210894775110e+01
1.566862603741826510e+00 1.136612629012100406e+01
2.080514454038479677e+00 1.135941128873441919e+01
1.943513235327918087e+00 1.181531528877622961e+01
1.732216885829067632e+00 1.173780974167820546e+01
8.016833396520387511e-01 1.052346140340740277e+01
1.502501393671691776e+00 1.170517486795090178e+01
2.204049910119934008e+00 1.229352864567191084e+01
1.671352449577801602e+00 1.235805285189564273e+01
1.818608582602348589e+00 1.194948392980612972e+01
1.642914591764591536e+00 1.104950740891434435e+01
1.646977522958021467e+00 1.190603050294954812e+01
2.413729767962590866e+00 1.309748418826972305e+01
2.260028568712261432e+00 1.091267921399849783e+01
2.260383346955144646e+00 1.090967281133798217e+01
2.002423504696476453e+00 1.301303795365141092e+01
1.911964374649752108e+00 1.120023490563835544e+01
1.261186242830706350e+00 1.098841887453832911e+01
2.322260675394003826e+00 1.201269172838675559e+01
1.456138755023861142e+00 1.193955960786902359e+01
4.849773667340579464e-01 1.044390317568296389e+01
1.032925798788806526e+00 1.178444593649784267e+01
1.703106527558458261e+00 1.132761693842813600e+01
2.132955395983522351e+00 1.092444137484982924e+01
1.732854982337063587e+00 1.223749296854816926e+01
1.891666494076982286e+00 1.202234109677731944e+01
2.058788078403622990e+00 1.165014248121394758e+01
2.068459224667055896e+00 1.308046385175457971e+01
1.877919947667152645e+00 1.311615958768153156e+01
1.763127046956640465e+00 1.180176445289584741e+01
1.821004090129413111e+00 1.209229154046436072e+01
1.880401724862766244e+00 1.175323612950640317e+01
1.244683658389457825e+00 1.170043042367404063e+01
1.947057400139051930e+00 1.077833844443974343e+01
1.248864074553383219e+00 1.153847951876687539e+01
1.918994319732409748e+00 1.292763374607935134e+01
2.222726831841301820e+00 1.200790263769705746e+01
1.482677350243390979e+00 1.197835209604720319e+01
2.038853894352494756e+00 1.181448502958925495e+01
2.025332792660575087e+00 1.191243872941166693e+01
1.776461419592203717e+00 1.225739945641011275e+01
1.954434376571720922e+00 1.213115988858344885e+01
2.038580285478043042e+00 1.108643020762434261e+01
1.424810200722469888e+00 1.217851988648596162e+01
1.806031829185749782e+00 1.181780923974192987e+01
1.225755398385323325e+00 1.223867438644805539e+01
2.016458025469240134e+00 1.224127349313387825e+01
2.082283533878234394e+00 1.225218817350752332e+01
1.412398799202964517e+00 1.253221100977558322e+01
2.150213030492568844e+00 1.177891417438160815e+01
1.929454052240869188e+00 1.100057465635430454e+01
2.293961399692996395e+00 1.218469428869769899e+01
2.004521978664143500e+00 1.203975814418481249e+01
5.214090946359001277e-01 1.160199938071408710e+01
2.019403433685418303e+00 1.161328661029231490e+01
1.706496135768929223e+00 1.173970615647796123e+01
2.114795954138098288e+00 1.209423330164196919e+01
1.860592063309151056e+00 1.272248451409025627e+01
2.041121079469047306e+00 1.268864683364301449e+01
2.346453119741815918e+00 1.215630276340791305e+01
9.550883277743288380e-01 1.064095963200210626e+01
1.916966447150225905e+00 1.073469800355194792e+01
4.527028975533546884e-01 1.168548762999013491e+01
1.635977553520868932e+00 1.260929973758673128e+01
1.989987815479632216e+00 1.266071349382486133e+01
4.370556110563775243e-01 1.060979833368797287e+01
1.975478290637090684e+00 1.162247329128271289e+01
1.345376457358647526e+00 1.234643677802093542e+01
2.259768127630495727e+00 1.180631793394266360e+01
2.089942388041697630e+00 1.183988752583920778e+01
1.413612225008473944e+00 1.248070074297322130e+01
2.088367351074924994e+00 1.057534304306807726e+01
2.074315741859005691e+00 1.066429817786314693e+01
2.163603196966274123e+00 1.200807664385499862e+01
2.308595169409388248e+00 1.190588261594247932e+01
1.943553487164975335e+00 1.183719643757118156e+01
2.144108133675663108e+00 1.155526463606817700e+01
1.832674293647257979e+00 1.137261153709556716e+01
6.080587445421062887e-01 1.158701855571439054e+01
1.601001145036632822e+00 1.277494920731344408e+01
1.544157153422551554e+00 1.276671082243974809e+01
1.566861465594671765e+00 1.124853975490843006e+01
6.825323908974426645e-01 1.058221392654252035e+01
1.448406441878446360e+00 1.205977950178075986e+01
2.083726251434542487e+00 1.241978056485178428e+01
6.319198807592876221e-01 1.097617118519503876e+01
2.117269179073208996e+00 1.204539847782863937e+01
1.773914722506091168e+00 1.275186841227403534e+01
1.869957088991147209e+00 1.081782547795640070e+01
1.760370549574856724e+00 1.321625342727443275e+01
2.164561771945627822e+00 1.269981259480433344e+01
1.446580976673464969e+00 1.264723829207186334e+01
1.184223595530568218e+00 1.142950312372357402e+01
1.774594354774993388e+00 1.158329004974349807e+01
1.968538496709987040e+00 1.190611179234119810e+01
1.881192518240733635e+00 1.148998250011191935e+01
1.994038570638389407e+00 1.184228756574915309e+01
9.405849723492974990e-01 1.173234813690178413e+01
1.830892894259837034e+00 1.163337831246188614e+01
5.584142358814641049e-01 1.074912166930426061e+01
2.174459145913086644e+00 1.209210196844184004e+01
2.000974089160389546e+00 1.211469380573992893e+01
1.618759449946524986e+00 1.256728704043482736e+01
1.464831472973180171e+00 1.207836645203805048e+01
1.366807599890313751e+00 1.192093470849442305e+01
1.980613309046012516e+00 1.071625110607320686e+01
1.821577652919150303e+00 1.137073582493583856e+01
1.922311601840876127e+00 1.160320371131907713e+01
1.919633420642692601e+00 1.160342337386323130e+01
2.006383077038711882e+00 1.145845133891202217e+01
2.189669828621040537e+00 1.238537090087583081e+01
1.353273475931182412e+00 1.222145801378700902e+01
1.569100833354246660e+00 1.178286625689835532e+01
2.070565486270746991e+00 1.213917270210188271e+01
2.199200963829256228e+00 1.165612530891715615e+01
1.580599110677503694e+00 1.220251163649634840e+01
5.945177480938974579e-01 1.126078610936322200e+01
2.407445017479342919e+00 1.169834078753441631e+01
2.408182884427006343e+00 1.166122648328955336e+01
1.715844127934258445e+00 1.097732215936608569e+01
1.065164911015963556e+00 1.041917148922614267e+01
3.338550035612017353e-01 1.371958492985437239e+01
1.747639052996789344e+00 1.264696350179220730e+01
8.085061596504067305e-01 1.139067873019050658e+01
2.009849538251198275e+00 1.209870637459960463e+01
9.859610634760802572e-01 1.160798907813210690e+01
3.811934576262790975e-01 9.530930677091987491e+00
1.908868622338772303e+00 1.101280716448498431e+01
2.077328763473665241e+00 1.155676573990051637e+01
1.829888142366166592e+00 1.216065470155046313e+01
1.368287033007402398e+00 1.241415263976908534e+01
2.128775428993655794e+00 1.249177004878224118e+01
1.953781876533260853e+00 1.159953318598017979e+01
1.887063886184485728e+00 1.180753454356599086e+01
1.889338292933088637e+00 1.092696084046543170e+01
9.156544070294233562e-01 1.041791961479283302e+01
2.694238678553052546e-01 1.408084718554358084e+01
1.907345842326111596e+00 1.148093816742525952e+01
1.358966362889526103e+00 1.126048429770398585e+01
2.433202529498558420e+00 1.206540456804883910e+01
7.314064113977505333e-01 1.149873598688125931e+01
1.033995882681592926e+00 1.203149324252499319e+01
2.386527392995327346e-01 1.222772130028953264e+01
2.144244814751300243e+00 1.144597336555334444e+01
2.158325769569565011e+00 1.192666503503894582e+01
1.803278943920932242e+00 1.310951846769799012e+01
2.087884082806435337e+00 1.185707316463087224e+01
4.379167620504531011e-01 1.223768665529200739e+01
1.999689903814265923e+00 1.332449749636686143e+01
2.452191018851934690e+00 1.359316097316200178e+01
1.925380628589420162e+00 1.077581632674939272e+01
5.510324129548924699e-01 9.542843956706205333e+00
2.056413694070006404e+00 1.274544348006067018e+01
1.840646170273660509e+00 1.169070869997060136e+01
1.823623850059513440e+00 1.117855886376497132e+01
1.711617271563502518e+00 1.126363905685524713e+01
1.466420817579735969e+00 1.217219329010852391e+01
2.027742555835948757e+00 1.101450314613895465e+01
2.186299185478102203e+00 1.178884010708738828e+01
2.086578201565266077e+00 1.290879726977067854e+01
1.839042407778997745e+00 1.239944678581442261e+01
2.026674626929030776e+00 1.274728968633955795e+01
7.125386291947900519e-01 1.087542442828442901e+01
8.164912313954142409e-01 1.142339713613704077e+01
2.009065751757777907e+00 1.099662640710326222e+01
1.991361540798604501e+00 1.122609836901905034e+01
1.683487771934519150e+00 1.071203826522702585e+01
1.573908299921146225e+00 1.135482329622059083e+01
1.381817924721588930e+00 1.083191955717709298e+01
1.916034459648531030e+00 1.253362977488146868e+01
1.387364770015946602e+00 1.274009096218575898e+01
1.275024149120537631e+00 1.191821731310363219e+01
1.860299193856155053e+00 1.205504671899006297e+01
1.956305826847296814e+00 1.082342280576153115e+01
2.104069339855259901e+00 1.115514921341768506e+01
2.196942794642067209e+00 1.187815906181475079e+01
2.021053560557406037e+00 1.153196501218200432e+01
2.111288506720690350e+00 1.241489549396782266e+01
1.976020516805276017e+00 1.083971301077134619e+01
9.693639465804825273e-01 1.141002081427325443e+01
2.051736868152843840e+00 1.241337350539335205e+01
2.067389882894783870e+00 1.228937778778116474e+01
1.005384001771986169e+00 1.217657207702461086e+01
1.340205536213213477e+00 1.210593711385680216e+01
2.034391424332678611e+00 1.063373187503196604e+01
2.038623357807828995e+00 1.127092279327818147e+01
2.010100261344534456e+00 1.142735721521051673e+01
2.024790801519714467e+00 1.183989472991408576e+01
2.089566495533733193e+00 1.158536709291103328e+01
1.937518706475666486e+00 1.237568772184939547e+01
1.930558978528992276e+00 1.080025535354906907e+01
2.030289514330845702e+00 1.129129381761637596e+01
1.515387160141146161e+00 1.115927393215394758e+01
4.651471696718282867e-01 1.210821755186607795e+01
1.968939344699297544e+00 1.108399461150719034e+01
1.869459993793058272e+00 1.108465461990899570e+01
2.079990816255746999e+00 1.151702109732424795e+01
2.028318796425187198e+00 1.162926681988829891e+01
1.690861039821080380e+00 1.234634330440874628e+01
1.969512464931443940e+00 1.141039009728410925e+01
8.952018731131829998e-01 1.274947683047164304e+01
1.786923981971314968e+00 1.150483781444614451e+01
2.010481991589589068e+00 1.191507353684968251e+01
1.950580628747187628e+00 1.238585357344566873e+01
1.749398107365599531e-01 1.012119488308474935e+01
8.034304930469549078e-01 1.164233925693793914e+01
1.289626515398357265e+00 1.141438223576383848e+01
2.156952873673887883e+00 1.076226485658591869e+01
1.664972046298375252e+00 1.101189942793575760e+01
1.570994034754898294e+00 1.240484631507529478e+01
2.120241318065119618e+00 1.202062556492266054e+01
4.810653359926393979e-01 1.227166112032549883e+01
1.621133833044918537e+00 1.086568220797580508e+01
7.856210537943325578e-01 1.034267595919419236e+01
1.667142409729972963e+00 1.139975512549557557e+01
9.812439245023872880e-01 1.102258130823984317e+01
2.105737208096331248e+00 1.231968955144784239e+01
1.544937250897890024e+00 1.129653546614271065e+01
1.533173559251350238e+00 1.129549619919852432e+01
1.005657604904291347e+00 1.090662327521374841e+01
1.680758296724121914e+00 1.228189010898032940e+01
1.791230394684498739e+00 1.210430160736526162e+01
2.061997678496370501e+00 1.222973604059544606e+01
2.044315111648922212e+00 1.227351712510953163e+01
1.240311132860158372e+00 1.150518784175348230e+01
1.772574795091135469e+00 1.180485962589813198e+01
1.918046917269566887e+00 1.139391939602749204e+01
8.222955471848504283e-01 1.182939696191962753e+01
1.874853186700620400e+00 1.182213756338715704e+01
2.027367862246803210e+00 1.191825771368842268e+01
1.635144090498692915e+00 1.166965402383039496e+01
1.932515809838066811e+00 1.196191725737203448e+01
1.939068392733867663e+00 1.195463440106843045e+01
1.833640606792218630e+00 1.192509050976736695e+01
5.261411671874812734e-01 1.031527537634314307e+01
1.301148837336196351e+00 1.182071441127200906e+01
1.986473529004475491e+00 1.265605751855409622e+01
2.091814893790272745e+00 1.124961030394140238e+01
2.136610539830502642e+00 1.143331739248343126e+01
2.024935769593689372e+00 1.177885598782689769e+01
2.241954330234591453e+00 1.282778502764399420e+01
9.801461833315636696e-01 1.208674157641617164e+01
2.040021039682068604e+00 1.175841225784451005e+01
6.515602077147390758e-02 2.103195993247746998e+01
1.327718814203998621e+00 1.230743824892792659e+01
1.501339108605605377e+00 1.181333715102019788e+01
2.013316959901277237e+00 1.170409059820672759e+01
2.125920408859160116e+00 1.125096523831874684e+01
1.740676491136520010e+00 1.157334235286512580e+01
2.144720041805019406e+00 1.139922975366262570e+01
1.776344973971294428e+00 1.191239344380316112e+01
2.313306658561932405e+00 1.266354169606537639e+01
1.886585226736126275e+00 1.224864728810668879e+01
1.425276652274070077e+00 1.209905063001885139e+01
1.713186150318054990e+00 1.170591797459980299e+01
2.016401345538861634e+00 1.016018506238809849e+01
2.001296729752154668e+00 1.154748641841426426e+01
1.699281330840596738e+00 1.227364899798358344e+01
1.916233280568002018e+00 1.172762317604811777e+01
3.511716556914711296e-01 1.002728266099962617e+01
1.957901619295480122e+00 1.171625920275670474e+01
2.434960480078444123e-01 1.223439164993929218e+01
1.761723532319382057e+00 1.202948979528530415e+01
2.087308626814846857e+00 1.276993051614975982e+01
2.120567056002881312e+00 1.274481289510004167e+01
2.007354641570343379e+00 1.057128469257953540e+01
2.012590031945848512e+00 1.047083484806203657e+01
2.211906934302567240e+00 1.199703167927649083e+01
1.859361844971231248e+00 1.079645087097742362e+01
1.863243364838137461e+00 1.123324106765084629e+01
1.475019228427001616e+00 1.200622439125590901e+01
9.643241770078611053e-01 1.217535925559000631e+01
2.092738621101941643e+00 1.247744373339413393e+01
2.267672623047915614e+00 1.333373875223793625e+01
2.017233500674342928e+00 1.210456325694565471e+01
1.397356383683381553e+00 1.213178869976300689e+01
7.171628204311588650e-01 1.008819452787680859e+01
1.856241668081717977e+00 1.108630986221880832e+01
1.940407328494295980e+00 1.099224803720163735e+01
1.257929784533053263e+00 1.164876440216925246e+01
1.638283416387329661e+00 1.199323500846209178e+01
4.357675597111605459e-01 9.684857285500257262e+00
1.413286195110919241e+00 1.118234831293779230e+01
2.014937764810459608e+00 1.094670460993515526e+01
2.059238030610286430e+00 1.101460892235913569e+01
1.929862186923949618e+00 1.151921821530484102e+01
1.506639092228898802e+00 1.139894788963391470e+01
1.849982185709866611e+00 1.213810969092767245e+01
2.140568047800033291e+00 1.192734993662217313e+01
1.942306082539141610e+00 1.105372924634642828e+01
2.109690628719242067e+00 1.166306906153725009e+01
1.943682507535288817e+00 1.208990968652748776e+01
2.006083803827088285e+00 1.077084919619658265e+01
9.642313858586504249e-01 1.024686445902522891e+01
1.966243178645383782e+00 1.254318763506620016e+01
1.695470158591552812e+00 1.264180459270898460e+01
1.885574634120209536e+00 1.097983876042285445e+01
4.854708796026596662e-01 1.010891201219424573e+01
1.201939000722443307e+00 1.177042538801882365e+01
2.144375031474839322e+00 1.266910724326607074e+01
2.139954562752493850e+00 1.267725957909410539e+01
1.565060360487058766e+00 1.126406921689785356e+01
1.903344800829639194e+00 1.210438735431242208e+01
2.969989694889229037e-01 1.374639662422549513e+01
1.932302311554394469e+00 1.170944718403212903e+01
1.378111131971658354e+00 1.143648779855622166e+01
2.361577285710064977e+00 1.169148055993018964e+01
8.601819970156325823e-01 1.174171225360058912e+01
1.932356322197465559e+00 1.259399489893340096e+01
2.085022601141659493e+00 1.251411689149997208e+01
1.919595091616064453e+00 1.138402020075849030e+01
8.807941128422795973e-01 1.253827877478753905e+01
2.092321352815658120e+00 1.072876487900974141e+01
1.656010650629420766e+00 1.182009210761567175e+01
1.720138725110212263e+00 1.183617518100720112e+01
1.586193907665676583e+00 1.242029072571528836e+01
2.381205058381993478e+00 1.222681283081452897e+01
1.915669751229042372e+00 1.131274889709675868e+01
1.335970284330047830e+00 1.128415226669019766e+01
1.985867967478863294e+00 1.093534731488741940e+01
2.244116866944689370e+00 1.205658795166242392e+01
1.918433727464970984e+00 1.226756521843124226e+01
1.976132906608670137e+00 1.189471966941517600e+01
2.038601443780175160e+00 1.286442264430380611e+01
1.802155721128214427e+00 1.260066171413886060e+01
1.143348685883414317e+00 1.138378321454625031e+01
1.570899604922325832e+00 1.176625061514760873e+01
2.274228014839715151e+00 1.227382520117224374e+01
2.059711250486000456e+00 1.261243017281547019e+01
2.083855795755092721e+00 1.195703929746548155e+01
2.263374389421821231e+00 1.278409214109867165e+01
1.677521763754449058e+00 1.217639497448582375e+01
2.145762121202287709e+00 1.171359188570635190e+01
2.073119147050646927e+00 1.086470139780792898e+01
1.983684459595420169e+00 1.248370178706783307e+01
2.093202772029834513e+00 1.121465956830718547e+01
1.911628453002507833e+00 1.185082871330365784e+01
2.021922890442230170e+00 1.090795841775857866e+01
1.129368088360539035e+00 1.094271909225397721e+01
1.767924954661312054e+00 1.182350384241924424e+01
9.400776508551973443e-01 1.173811683315463661e+01
1.235775716009596792e+00 1.159301083605442884e+01
2.209743364749210404e+00 1.305039139028603756e+01
1.724889609994393558e+00 1.123666468543048325e+01
1.720830659734689627e+00 1.214156512733779003e+01
1.574741267527180355e+00 1.173252823141254986e+01
2.518456055457806153e-01 1.177306304518923596e+01
9.274215762854384204e-01 1.130902609177532625e+01
1.646467532929981603e+00 1.124226192431055260e+01
1.836704660454125282e+00 1.175954754004910185e+01
2.188289962928104071e+00 1.128315884572051075e+01
1.816415027029721463e+00 1.122887803626223047e+01
1.372073475976792523e+00 1.195867654127133228e+01
1.095243385014983195e+00 1.146487299519225544e+01
2.106904524956572544e+00 1.109546155693838188e+01
1.364875906469933620e+00 1.129448914880053856e+01
2.041364120712780839e+00 1.127506715028578732e+01
1.834926025008135841e+00 1.231828903592851709e+01
1.766475883394343027e+00 1.232224664470512820e+01
1.535626658798920019e+00 1.240262792119153623e+01
2.299568866542568701e-01 1.294811885530663176e+01
1.404444000416671390e+00 1.273175990998850615e+01
2.090472006910087721e+00 1.134531042813753388e+01
2.044837531876723347e+00 1.147835278508239476e+01
1.416486983700709468e+00 1.211440883168882898e+01
2.510280324595663970e+00 1.189905821474090253e+01
2.630682279526050049e+00 1.254501883454542188e+01
2.038742354761882147e+00 1.213537684639251601e+01
2.250423896528571888e+00 1.139097639336783452e+01
6.280412641985240185e-01 1.095318616653329968e+01
2.025371011226714479e+00 1.197459014845092362e+01
2.041243252250035667e+00 1.197506831598494159e+01
1.950254824335606374e+00 1.170435859557088421e+01
1.977710901501498197e+00 1.140911656466971102e+01
2.100455794951570532e+00 1.115577898969542403e+01
1.653969623217399709e+00 1.152970313898872057e+01
2.707219992224886296e-01 8.491150412082989263e+00
2.046289895128300618e+00 1.160571907993999830e+01
7.050429329577406756e-01 1.066834662988859783e+01
2.301940931705233950e+00 1.294526758511379683e+01
2.202496272022838486e+00 1.194026164754430575e+01
2.301969291824534469e+00 1.170266957568887811e+01
1.960610988168330016e+00 1.163733265226260372e+01
1.867454704198467041e+00 1.188986292128228328e+01
1.918988523778101918e+00 1.135476055546543961e+01
1.543458870815795914e+00 1.136189554685842751e+01
2.010770911735763722e+00 1.210828506352515177e+01
1.914437389629559672e+00 1.253904493273265963e+01
1.758080039867936595e+00 1.198892807773792946e+01
1.702187179173362486e+00 1.262915262067039812e+01
1.972289206585847721e+00 1.224972241975822485e+01
1.767817171722933400e+00 1.183797510405019615e+01
1.694860498654297887e+00 1.208148998267255969e+01
1.886618507604896022e+00 1.114295874802772168e+01
1.767884705928097766e+00 1.138712452076141268e+01
2.002471539667241451e+00 1.102740814182961770e+01
1.553081283408072499e+00 1.106649172828442929e+01
2.147643659121856619e+00 1.084657024346424947e+01
2.232817430239195655e+00 1.254738939624927241e+01
1.983244208775585937e+00 1.237408763037555559e+01
1.967333255251906277e+00 1.189355312687649402e+01
2.071033383463051436e+00 1.111510357700690577e+01
1.834279093316719456e+00 1.172045055458464269e+01
2.091394576495805069e+00 1.167322971030864664e+01
1.977956027156796415e+00 1.195011659018196859e+01
2.001183179493681852e+00 1.180002653395165169e+01
1.995678392656639932e+00 1.140994859280130669e+01
1.858179242315866730e+00 1.169132262923816867e+01
1.881251058697877454e+00 1.119884868259008925e+01
1.873556590126793431e+00 1.156393892940633705e+01
9.508496888794166768e-01 1.235353513923127267e+01
2.391883523255299959e+00 1.233705535188931712e+01
2.308055417854501190e+00 1.265614225283001382e+01
1.172763065582550945e+00 1.210310380498435734e+01
1.169718095516119938e+00 1.103078276113488876e+01
1.795898617952281118e+00 1.114939789612382270e+01
1.939183122268959059e+00 1.136312244283551998e+01
1.830033763279683923e+00 1.259013588280410900e+01
1.971624864751209127e+00 1.233586177284271379e+01
1.764740973446689898e+00 1.226023545321567454e+01
2.193590896774083809e+00 1.131274904865796671e+01
1.852001452784349356e+00 1.285207009211570472e+01
2.327900998337872007e+00 1.266024588678822838e+01
1.871717527174317164e+00 1.240730462945215251e+01
2.106111234331666360e+00 1.131855262874069901e+01
8.539436554031315518e-01 1.078314624474883132e+01
1.277594294707486755e+00 1.161377001278511045e+01
1.706313048251716591e+00 1.266128129422056681e+01
2.147004874675889408e+00 1.116943618034419750e+01
1.880794372101546319e+00 1.189851738406537329e+01
2.147502762181223268e+00 1.263540849898630114e+01
1.363452406331803868e+00 1.246797814898748946e+01
1.910289641872261246e+00 1.125910699723547026e+01
1.850658632484586397e+00 1.135381319329759364e+01
1.464246582467895408e+00 1.113373635199728717e+01
1.912363605247052067e+00 1.112842756027690072e+01
1.984259103287704606e+00 1.073762125358852515e+01
2.183651262722120290e+00 1.136569060299031975e+01
1.975993252852368709e+00 1.184843807636740642e+01
1.516076516469477609e+00 1.219626539946468569e+01
9.303360952341633849e-01 1.191932896221212523e+01
2.008935900737045532e+00 1.107709916804379624e+01
1.693720986035910814e+00 1.295450366367045980e+01
1.936727819262262562e+00 1.199247646035665582e+01
1.629891070917987461e+00 1.182339934826598515e+01
1.767269104783313338e+00 1.192280992781915927e+01
1.778650429636348784e+00 1.163308406208352963e+01
1.324415458045365979e+00 1.108480512732047352e+01
2.070852484007735583e+00 1.190662570651108609e+01
2.134475136166050113e+00 1.284031087796461001e+01
2.052480473253502691e+00 1.223348045923553151e+01
2.165452614411765175e+00 1.101776439314990519e+01
1.904272452876138111e+00 1.222823055799286074e+01
1.981604977470958984e+00 1.220276550117147885e+01
1.496884341277240793e+00 1.197552343551883780e+01
1.818373029633885363e+00 1.100226751241528689e+01
1.773587274908927647e+00 1.245264243331519260e+01
1.722593448502046876e+00 1.140676048384800723e+01
6.921910120104060038e-01 1.136272487416305133e+01
1.994341008090396050e+00 1.090128790528982883e+01
2.208362690325901934e+00 1.226787864415571327e+01
2.032844641920467321e+00 1.229177480016967472e+01
2.042217092932204103e+00 1.119164211050087054e+01
2.104899562975575122e+00 1.109878359217328203e+01
2.105532448778051346e+00 1.104029322459921758e+01
2.255755444680664912e+00 1.169711106532191636e+01
1.615481742874944837e+00 1.217285629330195462e+01
1.944775514994542265e+00 1.208476658723086672e+01
2.229086648081080035e+00 1.164512295335415537e+01
2.090442015347096838e+00 1.151449229894946491e+01
1.957620182983131896e+00 1.159412563768553284e+01
1.872042660576117346e+00 1.097746312364450816e+01
2.177595929316992418e+00 1.071989039992740800e+01
2.196437709615904232e+00 1.235885704983309807e+01
2.226888916420998843e+00 1.216104779634968125e+01
1.665278802184572804e+00 1.158670566172390792e+01
4.962402028698381096e-01 1.033228111236273250e+01
2.138291795979875509e+00 1.242296194640590556e+01
1.411304880442717291e+00 1.188029144856305841e+01
2.138614963278517855e+00 1.077402620946299727e+01
1.214339536060301983e+00 1.163202958119842201e+01
1.656425929865335434e+00 1.170805879342733569e+01
1.975634513045996909e+00 1.124537548316155267e+01
1.863501328569177273e+00 1.275220117827602451e+01
1.990881285145809088e+00 1.106275717084024635e+01
2.144762974971479164e+00 1.204874218386388840e+01
1.294486619079421086e+00 1.220741269214671654e+01
1.040316171626166630e+00 1.234119608711883842e+01
2.294564849134470563e+00 1.276687167956891322e+01
1.597894365859632071e+00 1.212731213162245858e+01
1.911247829667699127e+00 1.267134734177023958e+01
5.783740517308361140e-01 1.113395601423915160e+01
1.553035839926059536e+00 1.235272058307511678e+01
1.474340863047884032e+00 1.145860385886222055e+01
1.965129535544119843e+00 1.087354364763623593e+01
1.189050087157950131e+00 1.178261780049242269e+01
2.290115424101883512e+00 1.153892358315987998e+01
2.089334590906264832e+00 1.184655053794056379e+01
1.911878664459836230e+00 1.176661745901728118e+01
2.246803177041936106e+00 1.129253280491585798e+01
2.188096673319271268e+00 1.250699810835376091e+01
1.666865174420894657e+00 1.174735925001946057e+01
1.949235675592784434e+00 1.109784850703861103e+01
2.180711640668714590e+00 1.247288138499358645e+01
1.485187134972128842e+00 1.254653472178592644e+01
1.562970412293256173e+00 1.255237946332895582e+01
2.146716614300927084e+00 1.213238083231138909e+01
1.184510133080773686e+00 1.181257148605233276e+01
2.058576797759466448e+00 1.201115729854652159e+01
2.107337864050565113e+00 1.172601737603881311e+01
1.865969207150562026e+00 1.168807345249932261e+01
1.138941732892569503e+00 1.124946889473929978e+01
1.997675930107591924e+00 1.092496332480606824e+01
1.059386058936952812e+00 1.184189791016495619e+01
1.244531979978649838e+00 1.064832460061692565e+01
2.066665791889932269e+00 1.190285268696618814e+01
1.667711864074678862e+00 1.124296977094143202e+01
1.822732443137368818e+00 1.196221594798276833e+01
2.101148135455631838e+00 1.191343016837083724e+01
1.812481507841418038e+00 1.248201989741115980e+01
1.885548509370203796e+00 1.179610763604027746e+01
2.057418810365561956e+00 1.201970579301069186e+01
2.265697610084649760e+00 1.252251926390102987e+01
1.977731580590138316e+00 1.165987778898911564e+01
1.766930713727502766e+00 1.218523196800036423e+01
1.966534144663610872e+00 1.178978085322426139e+01
1.286172504104102998e+00 1.155951704437973682e+01
1.758693973874827288e+00 1.159966326024857608e+01
1.935494036723808930e+00 1.052435405479783803e+01
1.917302093443369548e+00 1.069385579074455173e+01
1.787205570058096438e+00 1.207068983310711729e+01
1.546486918787987719e+00 1.231235378089454535e+01
7.810185424239961538e-01 1.189367291334709087e+01
8.385502933048812890e-01 1.069583970453500754e+01
2.093749817768351118e+00 1.166664446494689500e+01
1.718056575125996854e+00 1.264592622638090802e+01
2.097294851715898023e+00 1.078947764054377245e+01
2.098136523581922486e+00 1.186407376470280539e+01
2.290262768429836893e+00 1.262864582885017128e+01
2.243681530552290582e+00 1.151251220733437997e+01
1.927349354534220405e+00 1.201023185762580958e+01
1.882062157604513786e+00 1.206690707117435757e+01
1.746008105019076773e+00 1.229417277665827690e+01
1.629428137696176782e+00 1.191475651201462149e+01
6.975581839905162229e-02 5.000000000000000000e+01
1.983744720228026281e+00 1.119623509763361646e+01
2.139084354458441695e+00 1.163428484075665992e+01
2.139889610532063280e+00 1.160616337932553677e+01
1.835797408393110119e+00 1.124833346218012942e+01
2.079246244195381621e+00 1.172687340140866041e+01
1.404000115279529393e+00 1.226025138156114558e+01
2.159577128437611737e+00 1.154973974896083355e+01
2.140605740979816929e+00 1.156033388764146785e+01
1.955481777529848531e+00 1.230955260726556411e+01
2.011669229994904384e+00 1.147599298970352777e+01
8.205832200135658727e-01 1.158665264626492331e+01
1.815099235139449041e+00 1.190173929285081833e+01
2.222853475624071429e+00 1.150246918218120662e+01
1.398913671007981030e+00 1.079399920509241007e+01
1.771073873381196373e+00 1.250855809821365661e+01
8.232255616702740530e-01 1.189858665938615090e+01
1.364486187133129969e+00 1.156315297861322122e+01
2.344743524788367672e+00 1.208259393420468086e+01
2.073103306545831970e+00 1.168347337822435428e+01
2.172512900017844029e+00 1.128252855267519550e+01
1.809755900917313864e+00 1.242624821578558958e+01
1.453781309480629780e+00 1.161556228832248117e+01
1.939913857352133064e+00 1.254010812261130425e+01
1.886353013818188096e+00 1.304549946383272996e+01
2.211581660691899209e+00 1.180089495216348361e+01
2.315223211539613857e+00 1.148380181089912710e+01
1.943538352253926460e+00 1.136895222284731943e+01
1.500460217608190705e+00 1.205858416392753085e+01
1.364969793469815507e+00 1.191022214713402150e+01
1.855312876968768787e+00 1.152929557910172242e+01
1.853927564157019425e+00 1.187498935742186390e+01
2.266537272793043734e+00 1.116132233664854212e+01
7.524703315102931889e-01 1.113018185247630143e+01
1.961878670400504898e+00 1.190680755862253903e+01
2.071629126535866394e+00 1.132747816297558607e+01
2.281185430674478098e+00 1.156143645009173149e+01
1.580979073540966118e+00 1.188121434265500653e+01
2.144784364458561132e+00 1.281203069954809237e+01
1.874163445264795946e+00 1.140245841088461454e+01
2.034072180626545823e+00 1.087934817005941923e+01
1.509643824814179247e+00 1.170247894922439080e+01
2.040029199074113730e+00 1.093725855171823902e+01
5.096799432613170477e-01 1.120909133535296043e+01
2.210324274423213442e+00 1.202413697754160893e+01
2.128866862494884327e+00 1.125711748668039647e+01
1.904461717406175980e+00 1.167324760762362246e+01
2.134445671145346335e+00 1.154757244909265346e+01
2.092091198166128319e+00 1.170197335512775538e+01
2.264696900179652861e+00 1.085104631504737327e+01
1.785703026236144852e+00 1.159283225177517096e+01
1.573663024975460845e+00 1.158224312896989083e+01
2.600771404281908339e+00 1.251376449675653824e+01
2.394659310191073587e+00 1.288103273397365989e+01
2.104630151490554546e+00 1.165976003216920631e+01
1.433349055705220199e+00 1.248775862736347975e+01
2.051713168221580563e+00 1.202424466466404063e+01
1.892796937071809182e+00 1.142700410947277234e+01
1.425604454882797301e+00 1.259527661232763940e+01
4.624865511841083632e-01 1.213970114292776259e+01
2.001306273698905347e+00 1.172739053885405625e+01
1.696138881173521185e+00 1.240842726440008015e+01
1.305429899856819453e+00 1.064342531455027796e+01
1.543413514573563239e+00 1.176268420297698292e+01
2.203156382706643157e+00 1.170536637721049544e+01
2.117958054293636039e+00 1.200800896536051354e+01
1.955304144523152710e+00 1.167249027598879607e+01
1.847651007104052612e+00 1.169415884380855175e+01
1.258925463465714767e+00 1.253345969854487407e+01
1.023163197036045524e+00 1.246155642006461761e+01
1.714911932187241028e+00 1.191377713487924339e+01
1.808853385611342013e+00 1.215598498926530802e+01
1.962982768760497931e+00 1.182528915208000697e+01
5.372191284735136074e-01 1.230536755723768927e+01
1.937573511703366114e+00 1.218526592169657974e+01
2.066709831832571620e+00 1.176331323884344116e+01
1.852155221585566780e+00 1.183648041387272976e+01
1.884304955842879492e+00 1.143469834596664469e+01
9.710240715439436565e-01 1.142069961734508432e+01
1.968204632083845551e+00 1.060942658895496216e+01
1.637132307809209042e+00 1.105450862577386673e+01
1.810414689632814822e+00 1.183047365854324795e+01
1.802691411601274440e+00 1.264737916865481537e+01
1.740725455660193655e+00 1.267400632644879011e+01
2.038562949594430851e+00 1.202578384110836929e+01
1.887682517948940264e+00 1.121027473252194717e+01
2.132676813723276776e+00 1.265866096726317025e+01
1.810678271767418579e+00 1.251642245284201849e+01
2.359615359591446637e+00 1.244554072114235233e+01
1.335348526580472317e+00 1.244287046858095280e+01
1.971924842816517032e+00 1.129339204600154112e+01
1.434206339722642998e+00 1.213863776484919477e+01
1.919326219329123617e+00 1.200608080270053080e+01
2.109398133991320812e+00 1.132195111909647522e+01
1.994213814397505891e+00 1.225717392400631844e+01
5.606009697018611293e-01 1.225559171491311083e+01
2.114303699521382640e+00 1.065405069255204928e+01
1.962124895199296670e+00 1.111498674247495799e+01
1.982382246269363213e+00 1.155905861736405882e+01
1.752611479622797175e+00 1.188543640172576765e+01
2.041651537918326653e+00 1.102285284250237041e+01
1.972339579774695428e+00 1.232876322855134887e+01
2.044955094954082675e+00 1.196998600845819993e+01
1.213878196557709899e+00 1.133004484394542644e+01
2.093051583805093596e+00 1.181206904414450065e+01
2.122855564934305495e+00 1.059907825562302186e+01
1.733496872817564149e+00 1.133956778682617994e+01
1.894805786818443361e+00 1.162721514060220152e+01
2.000015308911638812e+00 1.272254244762310016e+01
1.963747878756763932e+00 1.166670411724793510e+01
1.589212783724372358e+00 1.129153909058638661e+01
2.082231241306250258e+00 1.084387065681547568e+01
2.112559878870376551e+00 1.201705922186613051e+01
2.091952255021946261e+00 1.162532890486009407e+01
2.196027157261803087e+00 1.198385707726068539e+01
1.987316553493549520e+00 1.082235430791098807e+01
1.337879007397234865e+00 1.064122572117541132e+01
2.143773423605220607e+00 1.146293840835276256e+01
1.658779588499075697e+00 1.228051891171276111e+01
1.950505132731419344e+00 1.106532735024796565e+01
1.909862990949451778e+00 1.135173160987955043e+01
2.076012394536154382e+00 1.249144528304348967e+01
2.054207700804714154e+00 1.251912028045069647e+01
1.878806574038731414e+00 1.139274599063937288e+01
8.539957794948634939e-01 1.054421910683110575e+01
1.868042792161033416e+00 1.177605877662279710e+01
7.879365492874136623e-02 1.226413113168816515e+01
1.966737842682471316e+00 1.142816092680030415e+01
1.944449426366521072e+00 1.150394624240198205e+01
2.380322863589696247e+00 1.215096398039970715e+01
1.837081480983679294e+00 1.241196354434566373e+01
7.080672835154828981e-02 2.874080736495865906e+01
1.857753670726083772e+00 1.146111044523777878e+01
5.380909104329570924e-01 1.114623211814628512e+01
2.012652610068292436e+00 1.167982257051593109e+01
4.830741514199755060e-01 1.104634007846453692e+01
1.665464774789283897e+00 1.193009520083168518e+01
1.877857035441336198e+00 1.183463691604188384e+01
1.964026913268677177e+00 1.136488858824549197e+01
2.055649041247725517e+00 1.082212612697137111e+01
2.151228393816244644e+00 1.101630264788145652e+01
1.985801962718796387e+00 1.267555324950706286e+01
1.215770370549924984e+00 1.261727155888725349e+01
2.362040582500959829e+00 1.177255842043246403e+01
2.399400969968942920e+00 1.153770917655146278e+01
1.371406427082375368e+00 1.096874070633859333e+01
1.907308548220209454e+00 1.146275767269964341e+01
1.276538668906437968e+00 1.142026501152003171e+01
1.964531674913443160e+00 1.150404506231798507e+01
2.094391837937904288e+00 1.075956719869542688e+01
7.818327383797273322e-01 1.211267642500102681e+01
1.487030329324215305e+00 1.264965541431754303e+01
2.077667140683288505e+00 1.275054363435293858e+01
2.233277238821737676e+00 1.184256863657981640e+01
2.101203018125595179e+00 1.236702436261288618e+01
2.238400586399386327e+00 1.208635357205365146e+01
1.682927180939580936e+00 1.142069093313102535e+01
1.960307349720189718e+00 1.200147341460110795e+01
1.962760284026942692e+00 1.199929454138315243e+01
2.450171238046689126e+00 1.222021413599579276e+01
1.377146056196449919e+00 1.267919542614761319e+01
1.994897030854196451e+00 1.061167725558518349e+01
1.766556310704494814e+00 1.095437421304387549e+01
2.260333722883777874e+00 1.109404795302955193e+01
2.266195325372572178e+00 1.096363521229094395e+01
2.031012190107488902e+00 1.091914304588581963e+01
1.941641160011534639e+00 1.198027689515106786e+01
1.394341269373085446e+00 1.181455103439654941e+01
1.647073746608093137e+00 1.171268622959119909e+01
1.328086837466295078e+00 1.217583367483364931e+01
1.991128959122100639e+00 1.114349962457180965e+01
1.033452753783631994e+00 1.080606936973578769e+01
2.166652510110647523e+00 1.144650854934302231e+01
1.743601618825813881e+00 1.247426885772665450e+01
1.986855206180724087e+00 1.200281206704343617e+01
1.907833526049784956e+00 1.174914134172233204e+01
1.963429784985250892e+00 1.104740399831450048e+01
2.069046948429108301e+00 1.249355667900036870e+01
1.721517610143460386e+00 1.250538828586623374e+01
1.985652031114743199e+00 1.123298583395347983e+01
1.842881154646634156e+00 1.240029203551601533e+01
1.775184046827660955e+00 1.241613216255896468e+01
2.056898388078116646e+00 1.037490263857741546e+01
1.691803334172686801e+00 1.123882518774677131e+01
2.087748304421163770e+00 1.083192648182939521e+01
2.128550787303059799e+00 1.150957351787907079e+01
2.054472426983563249e+00 1.180062008862619827e+01
1.377114659907582084e+00 1.236251298725000858e+01
1.845614639376993216e+00 1.200842733252466843e+01
2.051418255138043101e+00 1.169802443875505205e+01
2.059084347219026334e+00 1.151135454110898948e+01
1.777097404378784162e+00 1.267923608324977813e+01
1.648963091820278004e+00 1.148324222620980528e+01
2.179740850396234109e+00 1.167615261812071559e+01
1.449134036976408746e+00 1.093359216763075459e+01
1.723916689315969419e+00 1.109277820722761732e+01
1.580925192771962973e+00 1.210969200065966689e+01
1.749748663797581205e+00 1.204235646281256855e+01
1.847343552246895948e+00 1.200245229257495794e+01
2.128683165373122410e+00 1.167163501706287043e+01
1.817927636485118681e+00 1.247765342666692945e+01
1.662416610062222855e+00 1.249765243875157239e+01
2.159041234158825873e+00 1.163223129252885180e+01
2.087855413297951213e+00 1.184104078050399345e+01
1.712449013849627999e+00 1.100282706665704424e+01
1.582584124218493038e+00 1.089427594166974700e+01
4.416861370007549303e-01 9.756346524867344883e+00
2.072978081173123766e+00 1.064972596549994499e+01
1.816722432518991459e+00 1.115525378163179582e+01
1.475983612561076130e+00 1.173489268359705129e+01
1.933980700025242916e+00 1.117236886144047148e+01
2.090580541202695652e+00 1.044237254715196883e+01
2.036640831735863078e+00 1.088551674335212738e+01
1.767632784122540324e+00 1.105613499618963758e+01
2.877046451606891098e-01 9.630069095993851747e+00
1.714225687307468826e+00 1.219096402679124935e+01
2.135297462933951063e-01 1.386020729847306576e+01
1.102146538545363486e+00 1.183560723677402571e+01
1.828603105780748805e+00 1.245885470570988574e+01
1.629935719156831164e-01 1.444107657131653433e+01
2.078686250608188679e+00 1.211575212620397046e+01
1.942910294703638074e+00 1.171524653089506174e+01
8.473869699228407937e-01 1.257554116945319045e+01
1.944531746904960334e+00 1.121665098419177653e+01
2.003882453010974896e+00 1.098322757316492471e+01
2.241951280908631272e+00 1.232350269230252060e+01
1.693264308010843378e+00 1.114913223827081445e+01
2.018785418318051139e+00 1.193594729956947020e+01
1.933190751765831328e+00 1.197120606450286928e+01
2.158722049896794726e+00 1.180217433853373699e+01
1.623612444011269584e+00 1.153366786700039093e+01
1.876464657963275329e+00 1.208943874434427812e+01
1.896101721492369885e+00 1.211763386579803203e+01
2.117153136371290767e+00 1.252175627420390569e+01
2.065544095125037671e+00 1.166602620965309889e+01
2.148851387464787432e+00 1.132497400649373454e+01
1.580139313297734383e+00 1.207429735913601476e+01
2.001432459321260460e+00 1.064458745148846930e+01
1.725120736757935536e+00 1.151272910899405844e+01
2.260877149021410126e+00 1.176042717863487930e+01
2.075449034181348296e+00 1.170254744727651186e+01
2.057125334298671504e+00 1.152393418683584159e+01
2.109381749899985614e+00 1.149114950722552919e+01
1.882525784968200666e+00 1.202010629174299972e+01
1.901006186584861979e+00 1.200253731806362545e+01
2.269335513799374482e+00 1.198463036925432590e+01
1.538005919878350225e+00 1.220269763352533765e+01
5.491235953657768176e-01 8.942107422769094427e+00
1.960978172169934197e+00 1.097398929004585888e+01
1.929086638608429771e+00 1.119257719046069255e+01
6.240071109459905951e-01 1.143553265426866261e+01
2.084208733412622916e+00 1.155961022631269941e+01
2.079666776230199243e+00 1.189730424006423881e+01
5.107486732038437616e-01 1.075860202608830996e+01
6.590530527872363598e-01 9.904791296072197326e+00
2.058668308279203885e+00 1.223059861796283343e+01
1.250894513133429919e+00 1.123513902441339063e+01
2.130757141860759152e+00 1.098527383677128277e+01
1.073218221039651699e+00 1.129173945370285459e+01
1.476114044393141533e+00 1.221196257713066657e+01
1.950553316160589024e+00 1.145642505914958420e+01
1.814836278206244602e+00 1.251894571930255928e+01
1.869588008236597432e+00 1.282214100834956660e+01
2.076222907595037359e+00 1.240641939502661373e+01
2.282557739898154470e+00 1.139392281076787938e+01
1.843451986726924785e+00 1.186514569266941876e+01
1.968400214386866409e+00 1.117681729627504517e+01
1.708823495669713255e+00 1.140420362118632092e+01
1.882531221254549969e+00 1.170797280624399050e+01
2.043308111178432362e+00 1.150822250704558414e+01
1.919749349416657758e+00 1.160395882516105637e+01
1.630640879176670888e+00 1.248257882730699109e+01
1.839256388428120115e+00 1.264920649306560918e+01
1.518008121317848458e+00 1.234271172079449741e+01
1.977997923760169474e+00 1.181260770982525798e+01
1.808928024160757264e+00 1.228126602388304889e+01
2.044753875496959417e+00 1.297648346439878253e+01
1.839823624541790270e+00 1.174167093256988181e+01
1.526319836119043094e+00 1.150064470529789418e+01
2.109675083474946256e+00 1.209222153878701356e+01
1.990480736280319407e+00 1.224796331961054285e+01
7.919631883520080740e-01 1.095299990154763492e+01
3.469342692746029688e-01 1.283106138154910170e+01
1.200236423234125827e+00 1.070088727559770447e+01
1.734272732663568073e+00 1.143931014958557668e+01
1.781265645930662389e+00 1.145065535900995179e+01
1.770361211108129940e+00 1.180791016627047441e+01
1.038049116940265915e+00 1.067947581368347620e+01
1.773106779549703083e+00 1.154455902088642638e+01
1.956224429709905843e+00 1.108650210507789780e+01
2.151310602060721333e+00 1.170636475383837904e+01
2.240814390593828698e+00 1.225825632413348210e+01
2.658613128447131491e+00 1.314343506030459174e+01
2.242192035521382465e+00 1.094736875993914893e+01
2.103927621763900024e+00 1.201886019870692124e+01
1.602375064073153998e+00 1.240713597070280017e+01
1.767130245238357045e+00 1.157105011646406467e+01
1.984692666134109329e+00 1.123327297950187642e+01
1.913322325247502231e+00 1.153712346498654640e+01
2.137912606948760619e+00 1.270065380781693065e+01
1.366958384463196730e+00 1.274453090372241171e+01
1.669791285680374715e+00 1.204192690021727508e+01
1.905886013052176864e+00 1.174964382571077870e+01
8.350083490636663885e-01 1.168970005122653966e+01
1.904377262926118863e+00 1.073212173038642803e+01
4.074206026354264543e-01 1.292287836553013136e+01
1.928436610698795350e+00 1.154743172001486862e+01
2.074803791837756428e+00 1.263285181942472057e+01
2.307836247909386351e+00 1.150030807140275435e+01
2.114336734769586279e+00 1.191436639292467348e+01
2.168643261940140565e+00 1.188948958107551768e+01
2.643882615440065642e+00 1.261553822527771729e+01
2.115185534746059748e+00 1.217205045138162411e+01
1.575241055580665961e+00 1.149375297534048102e+01
1.619478912584176422e+00 1.269459461638712305e+01
1.775396173421676327e+00 1.269692201544318877e+01
1.964793335581764611e+00 1.154820580279699982e+01
1.356436025693737779e+00 1.155609576593592713e+01
2.147239735541110583e+00 1.152424413758961030e+01
1.604117633271464616e+00 1.173543508468776864e+01
1.972138735011432331e+00 1.134132003818881529e+01
1.979961447350401249e+00 1.086474162730026904e+01
2.355797606081254103e-01 1.491680307579563625e+01
5.078547024328713411e-01 1.041090149461574299e+01
2.117848601331176361e+00 1.113855769989123168e+01
2.119541390498351774e+00 1.112326565518610266e+01
2.118333891643950917e+00 1.115653988221978388e+01
1.078706617136298895e+00 1.202276406599138348e+01
2.266083639913439196e+00 1.237990385901120760e+01
2.327101460455791582e+00 1.211769479164493291e+01
1.285620592012776342e+00 1.087892666449805645e+01
1.324023026666543368e+00 1.093463563424610463e+01
2.045292872516666804e+00 1.186964580909893563e+01
1.527533004096710778e+00 1.134323959748106958e+01
1.899165118506864536e+00 1.148210274098101280e+01
6.647214244078316625e-01 1.223700352040528294e+01
1.889557336345313754e+00 1.113085455700582393e+01
1.883826149868265798e+00 1.200297914455779313e+01
1.973108940601124628e+00 1.299772777330695739e+01
1.950397005529149741e+00 1.153652148451106463e+01
2.000898043418568140e+00 1.143914811360836303e+01
1.950917119398443145e+00 1.127529147911853080e+01
1.859592487735840738e+00 1.138688404763185424e+01
2.006112457722494469e+00 1.091334958008504508e+01
1.863532791216956586e+00 1.101113711285139907e+01
1.980446329313106268e+00 1.196450842047944718e+01
1.618863914741785592e+00 1.168375854867579378e+01
1.911024061492658799e+00 1.202652758222321516e+01
8.045689351941773815e-01 1.195069760586756225e+01
1.807679787734386201e+00 1.173958933057973653e+01
2.000454704450675969e+00 1.142929121764233535e+01
1.168385270466319570e+00 1.132532566448547584e+01
1.737045069317690649e+00 1.217674070620286741e+01
5.368780063013823822e-01 9.606640248515677882e+00
2.117428938039043196e+00 1.222361290651295640e+01
2.118622117132594518e+00 1.156801784385869425e+01
1.867272537725361836e+00 1.172656118056542773e+01
1.695157281870948163e+00 1.203210213073278290e+01
3.019317951077729600e-01 1.242864136836993261e+01
2.051200257891935053e+00 1.100375194061856021e+01
1.989179068100705550e+00 1.115507131616278613e+01
1.753336793625803081e+00 1.147175398095418153e+01
6.092884433909767639e-01 9.733856672025522627e+00
1.005138266385437129e+00 1.255573579936418049e+01
1.555993310382881356e+00 1.132638539092145180e+01
2.177587477149090844e+00 1.202985479931322388e+01
2.338076075879551130e+00 1.190695922238199422e+01
2.225112795970098922e-01 1.116196767516247945e+01
2.069049630959131747e+00 1.196062517026422611e+01
2.103815674377649270e+00 1.087486896912975709e+01
1.600687094563492563e+00 1.210730534160290439e+01
2.012140878447093773e+00 1.261022264159527850e+01
1.876125940090325184e+00 1.195664794576376977e+01
1.183918077217537057e+00 1.048061567073675349e+01
2.009216468326045835e+00 1.168037607173030246e+01
1.425889698306847198e+00 1.230105420550652617e+01
2.129857034059412513e+00 1.108905842876236392e+01
1.665929558355304652e+00 1.136901625758587997e+01
5.059370238229160543e-01 1.055654530223633003e+01
1.973009710003986728e+00 1.336042580131936752e+01
2.095488732530960352e+00 1.093062579874328399e+01
2.244202239293582313e+00 1.193526952464423196e+01
2.097075205965104772e+00 1.165464271640902538e+01
1.684102333475542723e+00 1.205094039024695540e+01
1.979298765181014330e+00 1.073723167695736969e+01
2.031859579244221781e+00 1.050165678389079638e+01
7.872215157863072799e-01 1.094549909382275388e+01
2.063754166765563891e+00 1.209828613514095785e+01
1.692985961828253894e+00 1.219315066454470653e+01
6.484681625916770553e-01 9.986900424129785847e+00
1.662533231513546594e+00 1.193125334096904311e+01
1.828379209836968666e+00 1.217229518616939821e+01
1.910585247738095127e+00 1.169842460181042121e+01
5.660089396755154656e-01 1.166523198807272976e+01
1.927794667681268947e+00 1.147559183076327471e+01
1.310969111008684518e+00 1.245323547696383848e+01
1.964212954228734320e+00 1.133956588920126585e+01
1.734903599802104734e+00 1.132507905367748791e+01
2.174995198664764207e+00 1.310359465299581849e+01
2.280292175394774912e+00 1.292786067839345598e+01
1.945305565408718795e+00 1.198279797578674710e+01
2.094747023694925492e+00 1.145110181914582448e+01
1.899809264658868679e+00 1.206277662321143040e+01
1.651129691740765404e+00 1.202512980634032580e+01
1.293790584641875574e+00 1.116730227046720714e+01
1.586357174020980088e+00 1.197601444445750651e+01
1.786016755488532226e+00 1.140232145283169096e+01
1.340102095669035265e+00 1.177543639411216780e+01
1.698552527824560121e+00 1.180931025208018958e+01
2.075421564473559854e+00 1.028971973530793171e+01
1.398913148979042953e+00 1.190080441378109910e+01
1.529567657775204204e+00 1.174392307590484386e+01
1.462776083314658138e+00 1.170519861855109411e+01
6.654480195184017122e-01 1.176157955970819025e+01
1.416565186229329143e+00 1.098216935898070368e+01
1.583998729952624585e+00 1.108912718894976379e+01
1.814277109411406297e+00 1.197211047374832837e+01
1.929415919338955510e+00 1.251136242211380889e+01
2.046231345851641237e+00 1.116520492377066986e+01
1.898790973546550243e+00 1.091452498389375947e+01
1.807773023045416538e+00 1.091431516224953491e+01
1.938527641032621762e+00 1.214174656141019604e+01
1.361500381183982977e+00 1.161663972053710658e+01
2.149172347555216689e+00 1.077753511846304946e+01
1.976216104384282746e+00 1.112201857962492646e+01
2.133923154121908805e+00 1.240693480310364905e+01
2.326356870296946155e+00 1.253582314532906672e+01
2.446552425152090038e+00 1.235298277354246288e+01
2.038452276262149976e+00 1.238978684274889908e+01
2.286102485623966896e+00 1.265441500227367655e+01
1.999599687252420210e+00 1.092458207714254037e+01
2.097243054954685881e+00 1.247041301323676166e+01
1.098284753073338615e+00 1.136183416774838939e+01
2.115916255918566247e+00 1.138430037912045556e+01
2.101392388223466412e+00 1.129171885117786900e+01
1.455611511693128746e+00 1.154089828205558277e+01
3.995655945653169838e-01 1.027964359161998331e+01
1.661940502548716170e+00 1.210766273472189880e+01
4.105877910150101950e-01 1.264918587504709180e+01
2.098951372073851740e+00 1.116652712905773726e+01
1.964575513355810044e+00 1.156282536518676629e+01
1.929818222896934055e+00 1.146541358509082542e+01
1.564189939109012162e+00 1.224702426132083488e+01
1.809252890854016638e+00 1.224254585651044458e+01
1.507730384325803863e+00 1.181541922471783046e+01
6.625100986483410948e-01 9.663158235901185833e+00
1.645414375972442445e+00 1.211091273239564359e+01
1.807752920690393728e+00 1.199347824715375666e+01
2.039473654132557989e+00 1.228016300640454084e+01
1.307876399946064527e+00 1.273564653167231953e+01
2.026626996699820271e+00 1.084480562118319824e+01
2.000001679153432743e+00 1.202412937308030827e+01
1.140841393953703875e+00 1.202221305987960420e+01
1.877625779934556371e+00 1.126322393886295892e+01
2.060199839439589287e+00 1.050043639716851906e+01
2.431803547169570479e+00 1.219609433831077538e+01
1.881906734952593085e+00 1.142200737978017244e+01
5.604716807610257145e-01 1.259043294390808754e+01
2.136981527285819915e+00 1.159026884705719951e+01
2.374222579953405021e-01 1.221012722966096575e+01
1.870307428836492036e+00 1.160165410778873785e+01
6.334828037146541524e-01 9.503847462659386736e+00
2.429215389086623489e+00 1.176408684958870765e+01
1.565272563812129647e+00 1.161754378590642212e+01
1.511371942797167023e+00 1.167961782814895955e+01
1.618854761382747975e+00 1.221739558671718306e+01
2.232631622952249817e+00 1.069305044331882470e+01
2.164046457400913948e+00 1.099103190577901934e+01
2.132236932514084859e+00 1.228335141856069690e+01
2.136853639701715935e+00 1.106934719735061456e+01
2.085876069048708814e+00 1.119246512400161642e+01
2.067294910900070004e+00 1.133779468193280060e+01
2.181413686517734263e+00 1.075989602459761052e+01
1.978005686149979292e+00 1.146624713420164277e+01
1.377000732769964486e+00 1.154538418788993503e+01
1.700986304848832287e+00 1.234851444648595731e+01
1.668167263773358444e+00 1.200133145399097145e+01
1.906410441587022220e+00 1.174804352059626567e+01
2.177026573494983630e+00 1.241429394784716678e+01
2.198986848121804893e+00 1.231035352375966951e+01
9.771044529339683038e-01 1.152748723042467560e+01
2.240637993271015649e+00 1.222396560872262050e+01
1.461231123408107457e+00 1.108095000032381172e+01
7.302683914154893818e-01 1.169842865567532186e+01
1.751814894761223540e+00 1.210904699966894960e+01
6.432659982803096144e-01 9.569658552444654021e+00
1.691717010690053868e+00 1.242909230177913571e+01
1.929886585636806817e+00 1.258340170999807484e+01
1.939944310704390107e+00 1.261490627902717954e+01
2.119285642741595144e+00 1.072485002200014392e+01
1.189859233229267899e+00 1.133432885742425533e+01
1.369524840001641763e+00 1.149763040940746173e+01
7.542828178871603395e-01 1.021013740587703822e+01
1.946940129608505599e+00 1.185519670292610783e+01
2.036845254183290432e+00 1.039746230621821610e+01
2.105565422038108370e+00 1.094461404153638107e+01
2.014512993277112418e+00 1.056995651674877656e+01
1.639717746601063730e+00 1.133431086946585964e+01
2.044821740310591718e+00 1.143082129738681196e+01
1.553300914253547216e+00 1.151977765459735359e+01
1.597764082059674573e+00 1.133745314198093901e+01
8.477527015716783687e-01 1.071780540668022752e+01
8.784205476699032955e-01 1.133669088977357120e+01
2.110224364268796560e+00 1.257956782122720440e+01
1.863951617839270991e+00 1.124054008606189647e+01
2.051765944980365131e+00 1.090444271407872989e+01
1.391795635560620470e+00 1.117876345618211431e+01
1.959026530758039009e+00 1.124185454095102443e+01
2.168850094835745423e+00 1.100667270329533132e+01
2.174743904042127696e+00 1.098472052300243362e+01
5.650182648932868812e-01 1.122454570340779334e+01
1.922758431576385707e+00 1.159844208607010785e+01
2.030317590736159250e+00 1.226310223288329304e+01
1.931403936998995707e+00 1.216128528128735020e+01
2.045874066161177396e+00 1.133120552426981043e+01
1.785780900541684924e+00 1.268775684077893118e+01
2.187799513190022971e+00 1.216672631190986387e+01
1.956219708251054401e+00 1.153261805106870064e+01
2.392610797284260293e+00 1.148427095234277040e+01
2.203215400352798170e+00 1.192150790845074049e+01
1.570960401497231596e+00 1.237284426527589609e+01
8.747299901822470636e-01 1.074930044359549264e+01
2.068250177193689421e+00 1.082736481884807667e+01
1.449105762280280096e+00 1.166242710595066612e+01
1.284268884661952326e+00 1.232221941102967122e+01
1.801986973147567950e+00 1.288569312165062364e+01
1.971378310961987124e+00 1.116647979027350601e+01
1.391331527738266294e+00 1.289048389512483972e+01
1.367893697480756954e+00 1.168583313224406517e+01
2.087619726638016093e+00 1.223939186807726465e+01
2.255644506058077425e+00 1.150369665841576605e+01
2.116679328554614603e+00 1.226781541660412600e+01
1.162294379342433404e+00 1.234663560096522517e+01
1.992617946364263259e+00 1.155416674181251047e+01
2.155563569503013088e+00 1.117010882696099827e+01
1.560050720735288721e+00 1.210205463140771442e+01
1.301901431839324497e+00 1.169888495046807897e+01
1.170498296272953320e+00 1.093551559752956948e+01
1.816057805731927433e+00 1.126292805217554616e+01
1.931049638369609411e+00 1.115675130179767294e+01
2.190835217301296822e+00 1.234509683752952647e+01
2.062964155838545643e+00 1.243206638477456139e+01
1.457124331186723909e+00 1.198559616435392350e+01
2.166663330212947436e+00 1.218603820788936432e+01
1.444681973801927199e+00 1.169453203488785498e+01
1.358564898802751442e+00 1.201855115466682733e+01
2.128025420867705630e+00 1.256492387607749350e+01
2.379252699796789994e+00 1.192407639562421195e+01
8.876804986669351027e-01 1.055451985454828723e+01
2.043260555322921057e+00 1.186533139641614021e+01
1.803962524381939714e+00 1.307786921486012943e+01
1.999772070661987255e+00 1.225788952340569082e+01
1.556744944013458642e+00 1.191847033791809984e+01
1.394608033373641032e+00 1.179801930515558261e+01
1.791511771519288532e+00 1.237365551774580652e+01
1.963983779185789258e+00 1.220788242731828710e+01
1.991617024440797801e+00 1.086335447750276906e+01
1.921735988682639729e+00 1.205493045796486129e+01
1.608682360252513321e+00 1.199857134068449049e+01
2.134677548194209518e+00 1.155378115778770365e+01
2.077547787624973719e+00 1.165995965984447480e+01
1.014019309925052292e+00 1.175768864090334098e+01
2.014756828398164501e+00 1.107708262890681183e+01
1.909871552376974035e+00 1.157168165390767101e+01
1.884877479355509866e+00 1.158479341665740847e+01
1.805973946742211123e+00 1.172722467552646286e+01
1.558268536743264931e+00 1.140726267721136367e+01
1.888813010890173949e+00 1.163598455257012354e+01
1.995805440335289394e+00 1.125172482397971407e+01
1.403495601749941812e+00 1.156148345526646182e+01
7.810028928698382611e-01 1.077337442735389850e+01
2.335042224963387092e+00 1.120508491798716655e+01
2.129031571343602103e+00 1.055940655345524881e+01
1.756326249104287918e+00 1.305058863230250488e+01
2.177630413386556274e+00 1.275140538972481785e+01
1.263791336775120566e+00 1.104669594671904775e+01
2.113325712351811436e+00 1.089384083343482956e+01
1.932713637024072950e+00 1.103869321802504544e+01
1.978205227351535811e+00 1.172214791113036014e+01
1.828077691242936398e+00 1.120504715284479502e+01
1.869995214880293188e+00 1.112521061654459409e+01
1.851274767233197949e+00 1.129519203252412396e+01
2.396651196102170811e+00 1.197984098901718575e+01
2.186488468469307112e+00 1.215412164360605196e+01
2.141210149929694495e+00 1.162931668981564393e+01
1.279252186176992323e+00 1.229177096583085138e+01
5.287812264746739599e-01 1.137968760212855912e+01
6.754451233229178397e-01 1.114101987362069579e+01
5.029531005316494330e-01 1.139312029253494707e+01
1.848449945230061564e+00 1.163078511232150269e+01
1.889142548463841553e+00 1.144844181785726889e+01
2.019958892681575247e+00 1.113996153142827517e+01
2.114331879178735996e+00 1.200183696572173453e+01
1.405756198464316986e+00 1.279469713583762669e+01
2.343253426443375975e+00 1.268532069062065304e+01
2.414084419989348529e+00 1.264080387333864586e+01
2.229892779983884576e+00 1.308377693393349261e+01
2.372289018234599034e+00 1.265118366051808430e+01
7.570253000393218912e-01 1.188317149316973520e+01
2.115575748739985773e+00 1.250941268591903821e+01
2.295894053188094919e+00 1.254229654211002654e+01
1.364612240985266123e+00 1.134484129423296572e+01
2.276652811743538951e+00 1.196008825746391047e+01
1.887450444906817459e+00 1.188144815841778623e+01
1.987393884299967883e+00 1.138768963794683309e+01
2.351874998817234275e+00 1.233845081612932226e+01
2.361280582041592524e+00 1.226439114272541531e+01
2.221206202550921383e+00 1.199350889189148539e+01
2.142201825862640074e+00 1.171868066575532730e+01
1.960502525013456454e+00 1.231941535749304606e+01
1.880229858266157406e+00 1.268699904203566575e+01
2.033445102047955366e+00 1.210750619332719857e+01
1.629812351228199896e+00 1.221003999183624700e+01
5.888548149511748653e-01 1.219523420396413371e+01
1.976370774325645785e+00 1.136975779404063047e+01
2.152122330039426323e+00 1.304972266630870514e+01
1.850998643136566368e+00 1.175279092561003758e+01
6.090531333663916636e-01 1.227857560219036337e+01
8.361716138624836203e-01 1.039979479205059576e+01
2.159944284710037188e+00 1.252402710526908969e+01
1.927182044672726136e+00 1.159639439019287899e+01
2.062515321646177124e+00 1.129090542905316497e+01
2.127433642752358356e+00 1.090108598071050672e+01
1.341675987352350496e+00 1.165991041666463879e+01
9.810962619852174882e-01 1.159752509057437386e+01
1.760141587654445061e+00 1.209901955904993898e+01
1.883868069145243629e+00 1.210871686183749674e+01
2.071382865795753592e+00 1.079137872848992252e+01
2.160699267418734415e+00 1.089378085122702444e+01
2.240273000909934087e+00 1.239811952226577141e+01
1.933746077369677518e+00 1.086607829260976743e+01
1.502457353443491517e+00 1.139231964647599682e+01
1.690014713574603311e+00 1.082043490313636802e+01
2.189842405084273302e+00 1.045650888644740029e+01
1.383301684212425942e+00 1.198573318086213924e+01
1.898623273100420894e+00 1.209632637888083551e+01
2.192167448516961770e+00 1.151206230138330078e+01
1.992814575921614484e+00 1.144850197032480921e+01
2.118333440103596033e+00 1.152683517903509625e+01
1.578036669767478140e+00 1.261637023586490614e+01
1.575987454432112855e+00 1.223774383309848446e+01
1.766344963361564657e+00 1.208378081817845029e+01
1.432841147851227293e+00 1.242957781091515379e+01
2.161788980888023737e+00 1.272592333243620288e+01
2.164754888206496197e+00 1.172594020584548602e+01
1.986472535140765938e+00 1.149479410561097836e+01
1.821417264760760268e+00 1.254073814902595529e+01
1.451061847425451523e+00 1.210712026916807105e+01
2.321740867062140001e+00 1.149385542387839187e+01
2.504311363263539647e+00 1.271516919680622237e+01
1.333265936786346195e+00 1.165543852844876227e+01
1.298420166212858717e+00 1.160269483320368522e+01
1.146456526483958349e+00 1.207950288149934792e+01
1.805106106086577400e+00 1.160722066386210471e+01
1.653602560967398105e+00 1.256381485691229649e+01
1.952156145160637513e+00 1.088609473959028406e+01
1.104397271738885467e+00 1.053901912933182672e+01
1.640926212809211471e+00 1.211810777128036598e+01
2.100392839659400046e+00 1.107634892146843875e+01
1.880644199641052561e+00 1.110693372356549879e+01
2.020502693866161437e+00 1.170459013726822306e+01
1.949410366176832055e+00 1.175110015910648542e+01
2.053041760390885706e+00 1.095766008955647486e+01
2.012130638967821739e+00 1.122591921589476271e+01
1.740875503501954968e+00 1.207507015184085652e+01
9.853315280922329000e-01 1.126296626692136904e+01
2.257324114572714535e+00 1.194595816797780330e+01
1.585553524575731954e+00 1.195009184433667748e+01
9.319758034078896580e-01 1.155927011361229617e+01
1.965008356021851643e+00 1.139041945103391917e+01
1.662761493317574946e+00 1.257731016381521272e+01
4.958025350536388598e-01 8.386118598589398232e+00
8.064789818348001849e-02 7.558074449825087804e+00
2.038703158407860094e+00 1.190385795576656491e+01
2.055648377217632827e+00 1.176961535826035465e+01
1.993883785019676891e+00 1.144274682858816305e+01
2.201302605061262074e+00 1.142725192367773701e+01
1.798552076855039816e+00 1.126902612537187487e+01
1.574296217583105451e+00 1.216544936383964703e+01
2.582487970109432762e+00 1.271582910882084327e+01
2.520168981570253042e+00 1.301185910415075675e+01
2.039229119406819279e+00 1.070769089064017798e+01
1.775419085253386875e+00 1.226412214192087013e+01
1.953818748338874256e+00 1.195942050407925450e+01
1.529724562144289424e+00 1.251787663087335112e+01
1.825410899248206098e+00 1.242453026055864029e+01
2.190547857940434717e+00 1.209901422527328130e+01
1.835065970917722389e+00 1.243127716672453786e+01
2.178853472858655493e+00 1.121610179856831380e+01
1.900061342142587817e+00 1.188046663470647601e+01
2.067780462264158459e+00 1.160273541353256199e+01
1.459261568905005690e+00 1.250894428535651670e+01
1.436099223618944931e+00 1.119571790482876850e+01
2.058197177788393173e+00 1.239962081833905572e+01
1.985105268452542981e+00 1.240506610265400944e+01
1.940704591856663663e+00 1.149666514141060425e+01
2.140964008066837287e+00 1.219825636145825243e+01
2.000466281332955454e+00 1.122287017245133889e+01
1.810718271341213992e+00 1.156603581978671436e+01
1.607184959485105091e+00 1.185394152739673324e+01
1.988354263634696473e+00 1.185595837027512722e+01
2.100577002922528802e+00 1.166164780649136290e+01
6.442120610391183222e-01 9.609414552365528550e+00
9.956069146601831399e-01 1.021887617470656906e+01
2.093871213997122727e+00 1.247924133996282769e+01
2.080593226460512035e+00 1.251376031139575673e+01
2.107467473339144082e+00 1.096598288720249847e+01
1.193773491160029288e+00 1.211498782894473258e+01
1.940839636911751542e+00 1.084222198073597809e+01
1.895440955504198222e+00 1.109351950290237987e+01
2.202771145948969167e+00 1.119155418300784710e+01
1.175813667050523259e+00 1.173137684108109902e+01
1.086098115455560453e+00 1.201785507644548545e+01
1.998829547448780497e+00 1.209629541692055099e+01
9.142834997467619296e-01 1.154180797089610166e+01
1.620209411947251654e+00 1.300312239093730149e+01
2.151517459335971161e+00 1.261243965193220617e+01
2.075905222435847186e+00 1.052497706755025497e+01
2.068129650775372141e+00 1.057112092122276081e+01
1.007060122593715468e+00 1.101473263250209200e+01
1.437416335377270649e+00 1.162865564336970436e+01
3.140398123064401248e-01 9.703459538608621315e+00
7.623696771099716107e-01 1.082377045207448596e+01
2.144994127751881363e-01 1.053674565370253369e+01
2.276231687946379090e+00 1.125782927995066451e+01
1.506269869486057456e+00 1.247215520211329043e+01
1.999070482731304832e+00 1.224414198023273137e+01
2.013393265329777915e+00 1.103162349742265214e+01
2.141859760043760108e+00 1.179652796087461120e+01
1.586718857143350592e+00 1.213405374311504836e+01
1.936470325188952790e+00 1.174193773949241759e+01
2.132490108779735660e+00 1.142238697804209302e+01
3.009321215296547614e-01 8.470724662616175848e+00
2.115139953120565242e+00 1.089036996000050728e+01
2.093210153736245527e+00 1.052499877837424336e+01
1.483023255980380428e+00 1.206578097014524253e+01
1.399950209685312474e+00 1.195054980858549065e+01
5.006560395365243776e-01 9.944321494674232653e+00
1.257644762928888937e+00 1.086936680005958777e+01
2.136298301544246936e+00 1.126067623496619596e+01
1.152282564379928154e+00 1.241587518369961529e+01
2.130029533831360400e+00 1.230250597305383131e+01
1.754268345739285140e+00 1.103788814077999980e+01
1.034276305889432424e+00 1.112744927837291087e+01
5.270894842814203285e-01 1.156007383393530752e+01
2.026516295269674028e+00 1.190877996819803997e+01
1.959522064752831971e+00 1.192752465757239655e+01
1.622675114479616765e+00 1.150368722604133609e+01
1.982758753214368452e+00 1.132248639720702776e+01
1.646441754929905965e+00 1.138548188187244747e+01
5.456777314827190306e-01 1.088849806720308067e+01
2.324985851126835534e+00 1.194608463895037076e+01
1.794446289144873141e+00 1.286635860865674452e+01
9.569435859985981896e-01 1.211138721364740967e+01
1.317605057114190625e+00 1.251879326459085284e+01
1.703446976048023531e+00 1.190786559123738897e+01
2.033212767114553454e+00 1.146803402510314207e+01
1.829351086692575956e+00 1.182817316167863630e+01
1.776338270858505819e+00 1.240778774298831877e+01
8.997951473385634724e-01 1.154280691219658195e+01
2.220882092308534173e+00 1.225746825060936374e+01
1.703486397339944114e+00 1.190928667979463995e+01
1.776333688024609003e+00 1.236234143714532685e+01
1.211293015231804659e+00 1.198959665853874768e+01
2.076211389859484946e+00 1.091460470533899496e+01
1.975765128536415949e+00 1.172056148875932635e+01
1.559042204350697514e+00 1.215783641215767297e+01
5.369748839270460650e-01 1.261685690576482344e+01
1.946903988369711014e+00 1.144063074097213395e+01
2.011867454277799894e+00 1.090117317306319045e+01
1.871764381852012660e+00 1.172523529346266358e+01
1.881084050667742424e+00 1.154558926967497534e+01
1.003416283039207046e+00 1.196202473774338593e+01
2.034085724339704804e+00 1.143171593384090734e+01
1.878677883804772186e+00 1.154931267337298983e+01
9.957676144036861077e-01 1.122834659190840512e+01
2.031210672846415211e+00 1.191438317387202339e+01
1.902482435116354065e+00 1.244396575284878459e+01
2.112936163318990701e+00 1.248297424032108616e+01
2.033774750389375718e+00 1.103498423076832147e+01
1.794836831933970700e+00 1.095181532862222795e+01
1.791492190694507158e+00 1.253451196487270280e+01
1.583056369825057264e+00 1.232776603058811205e+01
1.378956547235883123e+00 1.086866910077184833e+01
1.596340379351667504e+00 1.107796200868376957e+01
2.076716174137932747e+00 1.169127729506826086e+01
2.122687065284952990e+00 1.141064451487564213e+01
2.342277386217768154e+00 1.325573745673507631e+01
2.207261979125932694e+00 1.266506793556586175e+01
2.164029575802578265e+00 1.279342759067445279e+01
2.210939082732691574e+00 1.075231930538053682e+01
1.388118828300802132e+00 1.123436140045262022e+01
1.561643295348197569e+00 1.135278726402640537e+01
1.706114989827671513e+00 1.168135317246563787e+01
1.569050159287544544e+00 1.180972024139307486e+01
1.994816290607511533e+00 1.103849058361652702e+01
1.081216538367340441e+00 1.148261775956604858e+01
1.827351021205106285e+00 1.222414198045467515e+01
1.820049251467370732e+00 1.156025334277874528e+01
1.470409503755735203e+00 1.135020020865883872e+01
1.831749133777544225e+00 1.162874119554282615e+01
6.674052501426591677e-02 1.402122429947905857e+01
2.270886915397718031e+00 1.199546584017230444e+01
1.979353962369443609e+00 1.179979505557977859e+01
1.548356370409063265e+00 1.166503710880412470e+01
3.965389041122115987e-01 1.150842372121740986e+01
1.034387090664037334e+00 1.083382266968094498e+01
1.409317399316460717e+00 1.153140071981544068e+01
1.851828673661248814e+00 1.209074339098035544e+01
2.121866734372479524e+00 1.171924709826341449e+01
1.795582050978840050e+00 1.143179730278540163e+01
1.969530813612384801e+00 1.156192287132610375e+01
1.440559959651782851e+00 1.249789988982326783e+01
1.935315145406218962e+00 1.190668366322283944e+01
1.890394428443080477e+00 1.224517836768644941e+01
2.024318653537649393e+00 1.105751637381316144e+01
1.289542389820365953e+00 1.120654348937942935e+01
1.862324472573828382e+00 1.193714340314901001e+01
1.753941671612085917e+00 1.150664618175929199e+01
1.968068441607931707e+00 1.213601375402140725e+01
1.395334865176284245e+00 1.136915263234766371e+01
4.459525628541903264e-01 1.189313289546447727e+01
4.933818752528953966e-01 1.068836656083507641e+01
1.947591839553065141e+00 1.151488554969930611e+01
1.975009709421250426e+00 1.126817144302731144e+01
2.196835327624651946e+00 1.244053211221642385e+01
2.243380985055001720e+00 1.243188982506686813e+01
1.845366192876463307e+00 1.105954392683086596e+01
1.775382520100204475e+00 1.117259835953182545e+01
1.918949411431698282e+00 1.189306909480773200e+01
2.018115715119227715e+00 1.266502293092373677e+01
2.186679298389420545e+00 1.240987053348382929e+01
1.988818236598888234e+00 1.252263295914382724e+01
2.131726609449464238e+00 1.233696815564178628e+01
1.912316262870238592e+00 1.169221242082371681e+01
9.234631707516397503e-01 1.174483955384062916e+01
3.788365530038816931e-01 1.223052725999777124e+01
1.901940669948471996e+00 1.137197783085432867e+01
2.113456170539956158e+00 1.170327310779223851e+01
5.930547336312469442e-01 1.015920517813702872e+01
2.098300199780722242e+00 1.064057525484489020e+01
5.715022962554060504e-01 1.156567202441056175e+01
2.203965658305843789e+00 1.263569750501211253e+01
1.818088989747731254e+00 1.187109177172908758e+01
2.091982008281563221e+00 1.180768227087038369e+01
2.162758741862163880e+00 1.253255371799571982e+01
1.888164431070457727e+00 1.178210212815531754e+01
1.836402433735743411e+00 1.179988959920698832e+01
1.798060105622264038e+00 1.237954860918212496e+01
2.100500693321694534e+00 1.191106334966754510e+01
2.015679241545535572e+00 1.205503882392940973e+01
2.120526604429363804e+00 1.100245736578977152e+01
2.033939999442178070e+00 1.130450765151950776e+01
1.464830648381044931e+00 1.292240865044887599e+01
1.439337912254958773e+00 1.290873912595317030e+01
2.098293409057293779e+00 1.125511736340009605e+01
1.472723746825441937e+00 1.225447711884432245e+01
2.081888338787075021e+00 1.167533878012938153e+01
2.041925937254741363e+00 1.188291596601210109e+01
1.597647602043111403e+00 1.222232835216987645e+01
2.263522659236407164e-01 1.346146153126159462e+01
2.236763693657558338e+00 1.261486550091487580e+01
2.317301892188413870e+00 1.223267464247728320e+01
1.607557762321185857e+00 1.177848513569801625e+01
1.990149696519790457e+00 1.149716557842273268e+01
7.784071267278337425e-01 1.061291204187047654e+01
1.045987011764158758e+00 1.113275432581987978e+01
1.729161898867756397e+00 1.156558435131703355e+01
1.773165162841708886e+00 1.148583592451774038e+01
2.156067931768284485e+00 1.162232996104182625e+01
1.984400983568983312e+00 1.229318643738375449e+01
6.949910563774488459e-01 1.184080868504584849e+01
1.967365475144708276e+00 1.157512290506670638e+01
2.007861857202712041e+00 1.081032214547012238e+01
1.448248613222591796e+00 1.076887506113861370e+01
2.052572371494596482e+00 1.129280037945790660e+01
2.058452999648947568e+00 1.144299068916583018e+01
1.046260263122728906e+00 1.187891721797260303e+01
1.672846958345322266e+00 1.261010178601238430e+01
1.693663459229930668e+00 1.187266674702175884e+01
1.668397306689977988e+00 1.186985379237408011e+01
2.261568758230096510e+00 1.171813301494005799e+01
2.287052575836270307e+00 1.154515313373261876e+01
2.070537196756232934e+00 1.154328539413180721e+01
2.154595371908987200e+00 1.121188401262251411e+01
1.594282735728299372e+00 1.128471909127893902e+01
1.850932670917622813e+00 1.118362496056804289e+01
2.120650302474635041e+00 1.176352984346294583e+01
2.460149189980991025e-01 9.434318083145031508e+00
1.784655999370095225e+00 1.114063032273367071e+01
1.205253648766390517e+00 1.074759501966587116e+01
1.714966045783764326e+00 1.122268036760101850e+01
3.403221214868167310e-01 1.303667367382356268e+01
2.236287247790557764e+00 1.106614976172425102e+01
2.215346410112787989e+00 1.127981179184628857e+01
1.350930061192667564e+00 1.131977022679161315e+01
1.020064619599464484e+00 1.078948950558111264e+01
1.856960874899781455e+00 1.109058993150147998e+01
2.218062992174080872e+00 1.269076048893419717e+01
4.380156288855751590e-01 1.136497788857966462e+01
1.789186922143599867e+00 1.097930570360800040e+01
2.098465372605868406e+00 1.238222372684849582e+01
2.221487434634215496e+00 1.114615308219407730e+01
2.154029584114549589e+00 1.142927525852208248e+01
1.715503606172723128e+00 1.142823133058927709e+01
1.768090354328341940e+00 1.148194188269698301e+01
1.513542262414855344e+00 1.160123528283165761e+01
2.096561720390262451e+00 1.176666638349621330e+01
2.411227318423405652e+00 1.301110280819917797e+01
1.999235328286603330e+00 1.188495703855910968e+01
1.566908375621220761e+00 1.216068982821418842e+01
2.078645236237671057e+00 1.164324813190910213e+01
2.141781868371562592e+00 1.136081290019323120e+01
2.086229461907211036e+00 1.145868729332624092e+01
1.836975536488495875e+00 1.243055976337785751e+01
1.940040626320389539e+00 1.233787730227413526e+01
1.861445533787269735e+00 1.209840833012281891e+01
2.025720397598579581e+00 1.212256660041711243e+01
2.092739522753053194e+00 1.071192130779803442e+01
1.766072796653611388e+00 1.170355614363423236e+01
1.439162853479802440e+00 1.215627139219436614e+01
9.423070444468574225e-01 1.127624966422948027e+01
2.146303593245238339e+00 1.107978427351112671e+01
1.973864041290077198e+00 1.153470524837422495e+01
1.975863089911297887e+00 1.146621905650803797e+01
3.065759720254029874e-01 8.893656132296214878e+00
2.025904924545816943e+00 1.076088607094420979e+01
1.564733959194470669e+00 1.257800910372098002e+01
1.313525274207924198e+00 1.278505530699343673e+01
1.927037252241551757e+00 1.081913075942446412e+01
2.135983314894631668e+00 1.147584268827646348e+01
2.320159923232841592e+00 1.108829933359439401e+01
3.498391552390576753e-01 1.128664806273169319e+01
1.298464351525986826e+00 1.170613534799414168e+01
2.000360371256654890e+00 1.176952031227780537e+01
1.129893978896861384e+00 1.196188800188516765e+01
1.683952055157749816e+00 1.172680287831300916e+01
2.204594037319583144e+00 1.116865811039797940e+01
2.249313310420578471e+00 1.098293191111581812e+01
1.360753177652086032e+00 1.179447676936269040e+01
1.989009363003146236e+00 1.095320779681391343e+01
1.105601075482981033e+00 1.240962921982235478e+01
1.925099260923628375e+00 1.157357699391436689e+01
1.897224209109327431e+00 1.160081131333072868e+01
2.172328947758046525e+00 1.187581075698906297e+01
1.827826519344413647e+00 1.216892622388376921e+01
2.131741495585820267e+00 1.123232974745567958e+01
2.105528218826108411e+00 1.107024858898659403e+01
1.130029530458789067e+00 1.150790498512210824e+01
1.985527457942640073e+00 1.191691648649045909e+01
1.673644277110683420e+00 1.185411384301760762e+01
2.197659119110262349e+00 1.159509647465976379e+01
1.972918724785789557e+00 1.238554501704646249e+01
1.028429383345930592e+00 1.199798888686061460e+01
2.141583014558372078e+00 1.137063167579250589e+01
2.111626294297547446e+00 1.147879350947707877e+01
2.181881157105829860e+00 1.177162371607517777e+01
2.182191919865270613e+00 1.176799898123614874e+01
1.339457734133484790e+00 1.160229862363979692e+01
1.987833910488774558e+00 1.147598874908226563e+01
1.321353681545719638e+00 1.172118252968908436e+01
2.120535425129691731e+00 1.187757395772857194e+01
1.969430525342870553e+00 1.204657206707640604e+01
2.147804540002355989e+00 1.149040046464411802e+01
2.040851658238532540e+00 1.213063570711337746e+01
1.739397558064857741e+00 1.224387617725018451e+01
1.660488673474257215e+00 1.194246749552148401e+01
2.066519019299904780e+00 1.202719697407239963e+01
2.061439687734796244e+00 1.209927504334793191e+01
2.037941111622061374e+00 1.260301132884528919e+01
2.014489726085544330e+00 1.261570396838875219e+01
2.054349887283536180e+00 1.127291085009174942e+01
1.940159426686086874e+00 1.140852244520348258e+01
1.690179322289805164e+00 1.175828115760144499e+01
1.952062325973483947e+00 1.144402402764994875e+01
1.716396928565807833e+00 1.155333954106962757e+01
1.906764414114222372e+00 1.130730959958414239e+01
2.329829033094420243e+00 1.137333579832496788e+01
2.201011831035219579e+00 1.167863931044410286e+01
2.088635821110575108e+00 1.147960736087362932e+01
2.005645716018956914e+00 1.212401429834764421e+01
1.625095060716296391e+00 1.210324871343772557e+01
1.493561912635980260e+00 1.197614516616953928e+01
1.993914218581706310e-01 1.056738250330671391e+01
2.267030489998257625e+00 1.203552627373745487e+01
1.530800238756801601e+00 1.157339005104210194e+01
2.188917427857764775e+00 1.148439122832601811e+01
2.113638145440998706e+00 1.067441057408740512e+01
2.068042912654824317e+00 1.080418795457441661e+01
2.233154623509324477e+00 1.126964262752475143e+01
6.741597520548227029e-01 1.152568226905460769e+01
1.207744160374757403e+00 1.221819235327534159e+01
2.198674656581715681e+00 1.253466482762832612e+01
1.895935232974158113e+00 1.294559319021925958e+01
1.914143174509781664e+00 1.260240605600396790e+01
2.109484082878997135e+00 1.256481715921540321e+01
1.301418215442745163e+00 1.158517316896817562e+01
2.028005517460090168e+00 1.114931537613657930e+01
1.293864075912306122e+00 1.134912003610686249e+01
2.108428575501816837e+00 1.198552381895585661e+01
1.684602699760036515e+00 1.269477166790071720e+01
1.970364058194252532e+00 1.243539929476479244e+01
2.062226328480005311e+00 1.105575036859844751e+01
1.915033767479517923e+00 1.235862794956387312e+01
4.035325750486001839e-01 1.006710709586727681e+01
1.916848248123751874e+00 1.218451839138348802e+01
2.057741495220808403e+00 1.224903734094785079e+01
1.717778325380117765e+00 1.209433378130785108e+01
2.059345954604737905e+00 1.186261746822709462e+01
2.008993921091676516e+00 1.277998699469540789e+01
2.136585414500705049e+00 1.090078100377014358e+01
2.115494764190748445e+00 1.094594540068351485e+01
7.265166540975100951e-01 1.131140168826376069e+01
6.380654126088044498e-01 1.177202423657983132e+01
2.203176366232192596e+00 1.337575724198040739e+01
1.922972522575272070e+00 1.249722927348794599e+01
1.957248437417031361e+00 1.243055838040347183e+01
1.679001056535303515e+00 1.244997929410592974e+01
2.490444725546279603e+00 1.258726385989760033e+01
2.029917331043983975e+00 1.183791575228873683e+01
1.217345306376686809e+00 1.129435253023732244e+01
2.007126170355626016e+00 1.172083912558161245e+01
1.729098194141163614e+00 1.134164464299300512e+01
1.848642514668328518e+00 1.141078649645564091e+01
8.062162593097378371e-01 1.154176436820709917e+01
1.830927747376965842e+00 1.181943351357961092e+01
2.049881106768635330e+00 1.234606886658544589e+01
1.903166567100225359e+00 1.105090703956027731e+01
2.052728385231868291e+00 1.221163729745219939e+01
1.431564477902996124e+00 1.239797508711681395e+01
1.891971334696084694e+00 1.197415791817802067e+01
1.350875271599070615e+00 1.192211164081506247e+01
2.363912205701653502e+00 1.160687914276001109e+01
1.580201934317545520e+00 1.239022428475130155e+01
2.030574955003030091e+00 1.219126946949405976e+01
1.240157736353195039e+00 1.073081419910427137e+01
2.016076225659651389e+00 1.113964927040541752e+01
1.920847890440180228e+00 1.273227293113663094e+01
1.967369653408516994e+00 1.264933299531763566e+01
2.311879527496399689e+00 1.203990740322369568e+01
2.254363307994641907e+00 1.218563529137424162e+01
8.061041176175151035e-01 9.765994341875067875e+00
1.756474598761267547e+00 1.106205906039394193e+01
7.677136902602793578e-01 1.211259516257286251e+01
1.999381254812603537e+00 1.144534271874493392e+01
1.169830432880459625e+00 1.181177404573098499e+01
1.204550743970352000e+00 1.039354287664049892e+01
1.981206974531930731e+00 1.111450157912097403e+01
2.127279908902704797e+00 1.116414993006691780e+01
2.071170286694137275e+00 1.147517010361725021e+01
6.471518034594064828e-01 1.096401442905735202e+01
7.833136177575531489e-01 1.110942927769606037e+01
1.900642533601168749e+00 1.255436260398646375e+01
2.060991575440228041e-01 1.280634694335615187e+01
7.892066915876992939e-01 1.222411349974727202e+01
2.092039113827935726e+00 1.073889166940030115e+01
7.714300014667760941e-01 1.060010975015993218e+01
2.100040179277185004e+00 1.040782020090933102e+01
2.038204032407547217e+00 1.126175360014268456e+01
1.782110263248731119e+00 1.207843008529779105e+01
1.923730015493499090e+00 1.165318405112389755e+01
2.122599559954884363e+00 1.068292046788632810e+01
2.122474424409279692e+00 1.068732908280264660e+01
2.104067372974943062e+00 1.126623168784614570e+01
2.256963109679214430e+00 1.091723756841770765e+01
2.061710814474181586e+00 1.108168774354558472e+01
2.019842145117821897e+00 1.141628330914820033e+01
1.511853915372555868e+00 1.202160957102933203e+01
1.930451036079864569e+00 1.194132447232626149e+01
1.716615388431811384e+00 1.229320001671506546e+01
1.984289615153225439e+00 1.225726369677192551e+01
2.007309815194999292e+00 1.206379261198951447e+01
1.089680612850851604e+00 1.198081034940586420e+01
1.686498720941422169e+00 1.185817659044073658e+01
1.538827138197049083e+00 1.179203715894895765e+01
2.032118795015627644e+00 1.181991374757437185e+01
2.211221555595884958e+00 1.105780251571285255e+01
2.005398230537173809e+00 1.155723315920776528e+01
1.802840019773668478e+00 1.190202748294922230e+01
1.597820619288423227e+00 1.186888368987182218e+01
8.174016447654408601e-01 9.597622556311721453e+00
2.108722933439707514e+00 1.088045970338211887e+01
1.287882590066479427e+00 1.186962106217605495e+01
1.235373223703944534e+00 1.182812701099728159e+01
2.187440682773577727e+00 1.135373676646330310e+01
1.980070826210110990e+00 1.097427467508852317e+01
1.242098448354133078e+00 1.123537411211711579e+01
2.081548093813048617e+00 1.204951895892045854e+01
1.816603100559784023e+00 1.265719397439857552e+01
2.982957872508667507e-01 1.179622171302228040e+01
2.061536367145174964e+00 1.094949781405833633e+01
1.915158972417331462e+00 1.174539766226932613e+01
1.373428953911826622e-01 2.345617769625081550e+01
1.508896530973408145e+00 1.109937564016099998e+01
2.324142501036088770e+00 1.218710616533224744e+01
2.101452786105739712e+00 1.271030193196626534e+01
2.080079507968280339e+00 1.217821166110213760e+01
2.236047921446170594e+00 1.181666066724548436e+01
2.000950029747470271e+00 1.079466564585824528e+01
2.056382045884165510e+00 1.042902347756425918e+01
2.605522506539820760e-01 9.649157401773006626e+00
2.079483632175733288e+00 1.136320301242594333e+01
2.053043231297944526e+00 1.058640210707824636e+01
1.838488340151000822e+00 1.141398227676073240e+01
1.786729260552612164e+00 1.171461017897901513e+01
1.532417969579040529e+00 1.145815348513952969e+01
1.627181417957730636e+00 1.099056665429694846e+01
1.656960420449353988e+00 1.129753895323256785e+01
1.359777286137390018e+00 1.204977632739914384e+01
2.035735385748302040e+00 1.159632766516423530e+01
8.349158477891499563e-01 1.216089641212933081e+01
1.881712648202138460e+00 1.190366226451051190e+01
2.253729921933517844e+00 1.170012868194726252e+01
5.071983666385840861e-01 1.000770983069006270e+01
2.151719365590791799e+00 1.160441222391432703e+01
2.385138448084506424e-01 1.435311078304580334e+01
1.640848568118545181e+00 1.145339634069527257e+01
2.081289954919142371e+00 1.141767308933040326e+01
2.230242928630894905e+00 1.078402556720446981e+01
1.229925094599042534e+00 1.192356563492724497e+01
1.856486980647426899e+00 1.217430190466275164e+01
1.488278826292818602e+00 1.172251993318758423e+01
8.653067929270354952e-01 1.199355647622427590e+01
1.852825573031506856e+00 1.177131294512957815e+01
1.418838000363607188e+00 1.151118346508414270e+01
1.256809491656745603e+00 1.262623763297709445e+01
1.382846610739716375e+00 1.269714323572923220e+01
2.093720697370816008e+00 1.224982786587462336e+01
2.118955672311632288e+00 1.214022528001745904e+01
1.698815990672928100e+00 1.209869644587312543e+01
1.948155253956144861e+00 1.121919957787142330e+01
1.883491634808700521e+00 1.089683465817032904e+01
1.954438720817454289e+00 1.061463417629567196e+01
1.245808762531702696e+00 1.074601677269588151e+01
2.282298092674268197e+00 1.098189634067784226e+01
2.040247109844947282e+00 1.169618308134197449e+01
1.482371266589885161e+00 1.124215530348342185e+01
2.019887705562401603e+00 1.203290235235088090e+01
2.009692796072812371e+00 1.214452015958207198e+01
2.076031163960625925e+00 1.222331249084123606e+01
5.552163063095435502e-01 1.200924845910556904e+01
2.143650474657771365e+00 1.180527286318821645e+01
2.084833730707452482e+00 1.212249419910632753e+01
1.454360644086537091e+00 1.166001148197959125e+01
1.986260133923935411e+00 1.092453346847472417e+01
2.102296139017736820e+00 1.118507501899249412e+01
2.188323341459824434e+00 1.097653512351120852e+01
2.114334860484615053e+00 1.186792441928995601e+01
1.859003195380757756e+00 1.292455681978077386e+01
1.992359292428445894e+00 1.088884338259859064e+01
2.061902529451442145e+00 1.076045084538429286e+01
2.069876892798014456e+00 1.141540101719561306e+01
1.272762014038506306e+00 1.124420706498375466e+01
1.973876675254427226e+00 1.164105709312313408e+01
5.763846965333797590e-01 9.686853288273477247e+00
1.833073384717579080e+00 1.187231583370789600e+01
2.126658342451043460e+00 1.147656468040595712e+01
1.818827908257569792e+00 1.161728851680002705e+01
1.646037400039924936e+00 1.288228018862248803e+01
2.026992706526665078e+00 1.191814193264985988e+01
1.980829149085460372e+00 1.223847806958362661e+01
2.100794663878806645e+00 1.174357572691923401e+01
6.859882856494038395e-01 1.071798907869237460e+01
1.914354808899198845e+00 1.153230129303530127e+01
1.941489012151658589e+00 1.132943293974101984e+01
4.067627639746746460e-01 9.404000936314320214e+00
1.935404887482881087e+00 1.081335812288224929e+01
3.337815373950688280e-01 8.736141721205152422e+00
2.018768768769358513e+00 1.233936358788615628e+01
1.931981959196275023e-01 1.455301808013828868e+01
1.332004665782209551e+00 1.185454853168916145e+01
1.973207621609676554e+00 1.279331645303394893e+01
2.003705025695545761e+00 1.278191733778407801e+01
1.983389148924469048e+00 1.087721840487813552e+01
1.972421274307210037e+00 1.199921772266237774e+01
9.499746003411765338e-01 1.179652693538526265e+01
1.421783294870224479e+00 1.120368087658166623e+01
7.909937373891511303e-01 1.027267925340395216e+01
1.784392903047014256e+00 1.209881684585353767e+01
1.507343077395531195e+00 1.218220647084386066e+01
1.965383812291432442e+00 1.188424643845526951e+01
2.449999226612498138e+00 1.206872039532733787e+01
1.614930302455521716e+00 1.190836576753780918e+01
1.985532795444477250e+00 1.121671054477612550e+01
1.612731016369079118e+00 1.224335263359870218e+01
2.431888952334032350e+00 1.304150435802566754e+01
7.000685649967386404e-01 1.098370615733420763e+01
1.467312172726066954e+00 1.121811406753083951e+01
9.687304747239822156e-01 1.100649918292564955e+01
1.998270377785275498e+00 1.199297536237225437e+01
1.967559709508243104e+00 1.201015470320757927e+01
1.696246753355559855e+00 1.189739331724216775e+01
1.953742343921665015e+00 1.189322595941296967e+01
1.839806295802875358e+00 1.231688825914584484e+01
2.152876022597422168e+00 1.160582814033551102e+01
2.231685152035737918e+00 1.130495904130947693e+01
2.088649368103092208e+00 1.078691571236053548e+01
1.797055497436388816e+00 1.128638001585494521e+01
2.171894071714108421e+00 1.074637138419985227e+01
1.629689175869706741e+00 1.111518926901134208e+01
1.895662413746359132e+00 1.117496006204788728e+01
1.585898277836985892e+00 1.131083773672168391e+01
2.176962296628744742e+00 1.119843750116793224e+01
2.265019088607643116e+00 1.221389045011645358e+01
1.274731413610619146e+00 1.196859624428493873e+01
4.173716513831676744e-01 9.006149355129165812e+00
1.710870138144598096e+00 1.145543485927471039e+01
1.873921926563853591e+00 1.157328688308175835e+01
2.337714954591106675e+00 1.176506402178635113e+01
2.360564046234141067e+00 1.170994063634893578e+01
1.959351857219580051e+00 1.144889841508755879e+01
2.140524243033486318e+00 1.064491927544792560e+01
2.267748954649052795e+00 1.161101330022828115e+01
2.059707553996305229e+00 1.196287125308396782e+01
1.841363114638371101e+00 1.231996854507212547e+01
1.361545579807200701e+00 1.210532222709280248e+01
4.391491083829278663e-01 9.974941771787342759e+00
1.880866925884632890e+00 1.282598475752748790e+01
3.031885915111922070e-01 1.328566826767099052e+01
1.980405355142020873e+00 1.164649636219516715e+01
1.864615050651246664e+00 1.283490769258203379e+01
1.587658868973640613e+00 1.267003158508363825e+01
1.822143147545813635e+00 1.180093182047359690e+01
1.937952839107236480e+00 1.125182522766112569e+01
2.037584849882582372e+00 1.087869083484440047e+01
2.055525809353965005e+00 1.146394955529766868e+01
1.454647109013468276e+00 1.200630239653667886e+01
2.441783040069827493e+00 1.211660531813777553e+01
1.415542508187578541e+00 1.209406358070170739e+01
1.944839918134980028e+00 1.261889523600710561e+01
8.475258644477046133e-01 1.155841578627154043e+01
2.084456909371993127e+00 1.086138119731019103e+01
9.258031129739209275e-01 1.120482502648919798e+01
1.869342588181176046e+00 1.140487520375580033e+01
1.849049811222851281e+00 1.166490332132717533e+01
2.127271596569664691e+00 1.147192388588952383e+01
2.384613367223910263e+00 1.212385720164946790e+01
2.337637888882720283e+00 1.239347252161832458e+01
1.552278927639979322e+00 1.162928209086622111e+01
1.780601027254679947e+00 1.182203713412041779e+01
2.150106860969579259e+00 1.237953678016184433e+01
1.658174113959955287e+00 1.268454399890156736e+01
1.218048122321826909e+00 1.204784536772955406e+01
2.075320264322721986e+00 1.241994142344057472e+01
1.945770166773171939e+00 1.136389351468559816e+01
1.984705364477643563e+00 1.114858271378346188e+01
2.005583678158536998e+00 1.099163880313080277e+01
1.841073839042839166e+00 1.108790325870959492e+01
2.004329743697125021e+00 1.128625682023952237e+01
1.073372780361620871e+00 1.223857329177313069e+01
6.166104127712015437e-01 1.254689368266802774e+01
2.445174996720245630e+00 1.320293873122474437e+01
2.614575655322679548e+00 1.288070055354362964e+01
2.307411210126177004e+00 1.187582054758338934e+01
1.719364011268143644e+00 1.196753941225544970e+01
2.224114364474249150e+00 1.173344189545592542e+01
1.778824090125624258e+00 1.121466629588671182e+01
1.738416263700556463e+00 1.205491899606506756e+01
1.738509502021462261e+00 1.205494303056573280e+01
1.885520472190468588e+00 1.145652839805922518e+01
2.230735606290607187e+00 1.140672472018147054e+01
2.203698609682609000e+00 1.174102877838313574e+01
1.250888967582684863e+00 1.177076081598978519e+01
1.816902512275399229e+00 1.216004120099078101e+01
1.895523684556243538e+00 1.115288927354543880e+01
1.773708627677898164e+00 1.131913222597290236e+01
1.926210136964100705e+00 1.296820272417768827e+01
2.164601200234683276e+00 1.094942384389127987e+01
2.158956225517941530e+00 1.102312661485649947e+01
2.096077815528705202e+00 1.192281256917083176e+01
9.190613146376801490e-01 1.232603203661805935e+01
1.911459264314283368e+00 1.218606182606095700e+01
2.254950299587590745e+00 1.197941043172881947e+01
1.577585177881529965e+00 1.253516249950205363e+01
2.277894908926310968e+00 1.217943935901804053e+01
1.341080422210362721e+00 1.172215761459471928e+01
2.038218774931158883e+00 1.141107555143370078e+01
2.209425440333339985e+00 1.108516374348696587e+01
2.075132383194508101e+00 1.191172810418604833e+01
1.752291205990476719e+00 1.188049446726766156e+01
1.911852797400773518e+00 1.172815302954651706e+01
1.852733897298920906e+00 1.103656878169268118e+01
1.431291346202896664e+00 1.104596337857281085e+01
1.040616456334809703e+00 1.215153337719704219e+01
2.238315860644296773e+00 1.215347055504194884e+01
1.667942588891060396e+00 1.189054600545989615e+01
1.943163164610637317e+00 1.183922454679347602e+01
4.699459825239035715e-01 1.101761668285471885e+01
2.205093142167148912e+00 1.177381456134572701e+01
2.239613741788716583e-01 1.133611965679197375e+01
2.231316773041345236e+00 1.259372442087901511e+01
3.778345557060757698e-01 1.192162625662343522e+01
1.978111416417611457e+00 1.122530008741750152e+01
2.303786099936513843e+00 1.263164004428324994e+01
1.542426661451888226e+00 1.163139730889293766e+01
1.747231090593545977e+00 1.176281438532958212e+01
1.849680717711258415e+00 1.208491269933944423e+01
1.866300286499084748e+00 1.207768107043726147e+01
1.462773416708212260e+00 1.129357191789123682e+01
1.686695329689586353e+00 1.154037110483474571e+01
2.032846883313271569e+00 1.074654248283271940e+01
1.928142968264441315e+00 1.112629222613847801e+01
1.833118107966964727e+00 1.220589803229669812e+01
1.849284730415688971e+00 1.236387479630413466e+01
1.077851266317089607e+00 1.124410297982232443e+01
9.859230282901789710e-01 1.125498819927805627e+01
1.984293365337508774e+00 1.179631128720501820e+01
2.001161089351723987e+00 1.177582559481480828e+01
1.980210100385599858e+00 1.193070080152642376e+01
1.800667700643292957e+00 1.226857716519086416e+01
6.363377056459370573e-01 1.084207457525414142e+01
1.949226530637232946e+00 1.114968451707426844e+01
2.086537312331155025e+00 1.210942702931188464e+01
1.806300894017379477e+00 1.245422748637830423e+01
3.694059840138154138e-01 1.139904839182008978e+01
1.958410351045789533e+00 1.191379379881174749e+01
2.428507133426352382e+00 1.182318795138747625e+01
1.383365458084651722e+00 1.193459929169241818e+01
1.245435667796916501e+00 1.255850270601520968e+01
1.360061737887656053e+00 1.254595470908002675e+01
2.039535289608240820e+00 1.086964845425107029e+01
1.960735671105879208e+00 1.088175498516856621e+01
1.457185433612635528e+00 1.171414602532784599e+01
1.817619846927043703e+00 1.186917876773404501e+01
1.654903841809866494e+00 1.137313111392350606e+01
1.868238616131747909e+00 1.180238622088408640e+01
1.958613365930288452e+00 1.148320814556563541e+01
1.578165903868452125e+00 1.179104027515978004e+01
1.253029138781755814e+00 1.068884841884858616e+01
1.057153002198721214e+00 1.030659896668555398e+01
1.949628353258061386e+00 1.260438305041352969e+01
2.118572308635547241e+00 1.210494005903061776e+01
2.189923512236203962e+00 1.182545830147055455e+01
2.106292033295803279e+00 1.156473003917083631e+01
2.118374245695193725e+00 1.130604576519456472e+01
2.100927790144138552e+00 1.154541718348223434e+01
2.050304793173295614e+00 1.265079616860713152e+01
1.985857510676681148e+00 1.279828422656025744e+01
2.151702364167203729e+00 1.242337355154619871e+01
2.040441713207131080e+00 1.282147849682528040e+01
2.092474173813698268e+00 1.091956531438769140e+01
2.175373292689330995e+00 1.168816944129581969e+01
1.742861564931916352e+00 1.178088374730144139e+01
1.387047361408500823e+00 1.217598252375484513e+01
1.734347045219436945e+00 1.273602115298020010e+01
2.100759403292069116e+00 1.243300242401136835e+01
4.633216161060130789e-01 1.222411605122644396e+01
1.921091138174456647e-01 9.343262592968496705e+00
1.789264092406037232e+00 1.135697369215128205e+01
1.568528642176999277e+00 1.170693989975410787e+01
2.332929906474938253e+00 1.207476328719224767e+01
1.863219347684887728e+00 1.194981334347763990e+01
2.019171147953581880e+00 1.179915786568470359e+01
2.028165943947771943e+00 1.177008371209545956e+01
1.475320838651353883e+00 1.161352430579249528e+01
1.990452753590009616e+00 1.158791938436681157e+01
1.508810116338789253e+00 1.106585520941759704e+01
8.197946374121626301e-01 1.163757172813169127e+01
2.026608245949683695e+00 1.189691656058544567e+01
2.293578286371567021e+00 1.217403802452614237e+01
1.892511637150228188e+00 1.237174011736308010e+01
2.025613895541873433e+00 1.229872581092485717e+01
1.983503278346931520e+00 1.182704373240325424e+01
2.071474436709162870e+00 1.292374478018962947e+01
9.745247676687024407e-01 1.124772272807997631e+01
1.580413373239448527e+00 1.221583673286916749e+01
1.818426157949526001e+00 1.250440480339345761e+01
2.235957953002419618e+00 1.231022699703148326e+01
1.758272581779986243e+00 1.252879738250709529e+01
1.931157393577295656e+00 1.124359007786751796e+01
5.696564250414086761e-01 1.054108619960063287e+01
1.386954226331275741e+00 1.219053629959765672e+01
1.365259814842138653e+00 1.223106747759386970e+01
2.122492034775613323e+00 1.131104484097669172e+01
1.593711083005693752e+00 1.164927218145850496e+01
2.357729977542542876e+00 1.323530218775214884e+01
1.508588699818251389e+00 1.157818964997629152e+01
2.141581249695771572e+00 1.149552937969917821e+01
2.015209415729099618e+00 1.102714746071299778e+01
1.950552204963196257e+00 1.133942089960868316e+01
2.083775922636883049e+00 1.217578163970707372e+01
2.187305438017271175e+00 1.192314126201239866e+01
1.777695901976844350e+00 1.120188486652795845e+01
1.706055733229036475e+00 1.160605117144522502e+01
1.917772110139365216e+00 1.160908872608499109e+01
1.428089841392105042e+00 1.218852625230214848e+01
1.991630070317818912e+00 1.192820260988189673e+01
1.663338163934787950e+00 1.224481316206822257e+01
2.436297984007409045e+00 1.255577386411552965e+01
2.522421368101391614e+00 1.231371299270562325e+01
2.127800284117365770e+00 1.211326010252358465e+01
1.994268185558763395e+00 1.249412210758789854e+01
2.258501831894186296e+00 1.101529034010573938e+01
2.263748157629109414e+00 1.094064179252307412e+01
1.621341368378385273e+00 1.185187690889961587e+01
1.977660066000708650e+00 1.147047977655233808e+01
1.746874758831725272e+00 1.251047060422075496e+01
1.190144067679480833e-01 3.292383137072124555e+01
1.431118296244044519e+00 1.187378106911058318e+01
1.847266074722901719e+00 1.224673311903291584e+01
2.292164892622129635e+00 1.232912136117856328e+01
6.838022814857648290e-01 1.035091529301969260e+01
2.052692444673031247e+00 1.242643521141838825e+01
3.815848516771144783e-01 9.907845534868995330e+00
2.104548441924504409e+00 1.198600339493110312e+01
2.107080276953912534e+00 1.197600686320456731e+01
1.654062156645843551e+00 1.148432375925162852e+01
2.021644550156867393e+00 1.216505288210130331e+01
2.571834987603986544e+00 1.303086062298902625e+01
1.560587582204766344e+00 1.160582039310366831e+01
2.143312519132725136e+00 1.064758136100324570e+01
6.238838946017306597e-01 1.181649295107965081e+01
1.648625950420896435e+00 1.169636333684037410e+01
4.160639186251045007e-01 1.003128983444094047e+01
1.938844230494268350e+00 1.135775382385136822e+01
1.162746134834918177e+00 1.091368294513241999e+01
2.012301154199462427e+00 1.102842565807718778e+01
1.080309289332541445e+00 1.147335733765707033e+01
1.852411354158297829e+00 1.157830836368575689e+01
2.146196069643134585e+00 1.271081211563663160e+01
1.822614123508430106e+00 1.280519514159515460e+01
2.130280345828612365e+00 1.236589940556667599e+01
2.066857611330613409e+00 1.241259643822051295e+01
1.529776131535022010e+00 1.080071221079899857e+01
2.080597239736808657e+00 1.099833980102847875e+01
1.776780882285606822e+00 1.146702521412073317e+01
1.911858117874603025e+00 1.149100866419025735e+01
9.603688735876204641e-01 1.129931959129397967e+01
1.618803567358353845e+00 1.164378900969555986e+01
9.339554210891687358e-01 1.189828659441169734e+01
2.024110882437433201e+00 1.096636536427170228e+01
1.726145781070540508e+00 1.161461245697956812e+01
1.981967475675667556e+00 1.071332438469720572e+01
1.961037816989099403e+00 1.085574639354269699e+01
5.170309804768756790e-01 1.183890317045490548e+01
3.770026601460360616e-01 1.287456668555160988e+01
2.388684014880658069e+00 1.272901604859741020e+01
1.595733178894305659e+00 1.154142841905785488e+01
8.202608609346767610e-01 1.099828304137576751e+01
7.629699194541479379e-01 1.087285005912430869e+01
2.065782192634624703e+00 1.119697981099676554e+01
1.518393725124187243e+00 1.195211831974673977e+01
2.709771897448575717e-01 1.397040657965253097e+01
2.008416351884159567e+00 1.207059796314450040e+01
2.139197861212632557e+00 1.253069885398093319e+01
2.247331323597430597e+00 1.162126531859769685e+01
1.917360247534328987e+00 1.252992041787702782e+01
1.981936821241885527e+00 1.111507618328664293e+01
1.879886806050286907e+00 1.143184379483273716e+01
2.262297155240339475e+00 1.114802835473685683e+01
1.320166436857814762e+00 1.115220210139025525e+01
2.104176020175469564e+00 1.198319092469867009e+01
2.147721589409580467e+00 1.174767942109927077e+01
5.114174095403520859e-01 1.191206165664988426e+01
2.012408469918992360e+00 1.214177494116527178e+01
1.967448731391430616e+00 1.212801762457158716e+01
1.668364258585560034e+00 1.224168268546263683e+01
4.762266727683174272e-01 1.004959292435528084e+01
2.185149734098458918e+00 1.256222159171241515e+01
2.043399270801910195e+00 1.245948923770094119e+01
1.960170366651402984e+00 1.260125759853873717e+01
2.013885489107215765e+00 1.165254666155161622e+01
8.224740339882691265e-01 1.169569360275125902e+01
2.109527845757622533e+00 1.314077837325125309e+01
1.649953292124723969e+00 1.218642052948507626e+01
1.854942071576796803e+00 1.220600212538716178e+01
2.010662078928103558e+00 1.176582241796012696e+01
2.117495851007044294e+00 1.215611541427949227e+01
2.164594372316798854e+00 1.213018278262313387e+01
1.839034271210182814e+00 1.123042812508360200e+01
2.031134378526086248e+00 1.111361715546573770e+01
2.014577487594734873e+00 1.117725263315487361e+01
1.249656960925089155e+00 1.129658433764277348e+01
2.072879247732509977e+00 1.215511480866760330e+01
1.584754688529215860e+00 1.165487242880917584e+01
2.031748182360079369e+00 1.173137282183539121e+01
2.017895891874609049e+00 1.103211142506552811e+01
1.836471316255885222e+00 1.109010285707281973e+01
2.010358333581917734e+00 1.060655901829553827e+01
2.031596530683755564e+00 1.102052627621575986e+01
2.274524753491038886e+00 1.314381517519176157e+01
8.864590711948314716e-01 1.136351294356425612e+01
2.060148057576961289e+00 1.203448785801997722e+01
1.761401009101701609e+00 1.211166816988422390e+01
2.383100163953877804e+00 1.145216331299284995e+01
2.034547521756055577e+00 1.192665689166810417e+01
1.944747829606100042e+00 1.182828039992586433e+01
2.099648336253374659e+00 1.186734756416767134e+01
9.676151117076075003e-01 1.245636390943254845e+01
1.128263911692692911e+00 1.160457655050811887e+01
1.530150884448943094e+00 1.094511041565263199e+01
1.977690562343791481e+00 1.092661968199979050e+01
1.468380365926955644e+00 1.151283421462562018e+01
2.040835385459596196e+00 1.087696324955310700e+01
3.992353995998408900e-01 1.267563525754709275e+01
5.540750755094231428e-01 1.114654750800006155e+01
1.248804405020823349e+00 1.226644849849686736e+01
1.911191630512989015e+00 1.255092811567535627e+01
2.115948329894326907e+00 1.183032396383627827e+01
2.933725991888314621e-01 1.392400151045276857e+01
1.897544223848445011e+00 1.149584781133525091e+01
2.085747437110820890e+00 1.278831660212634169e+01
2.090540055299109135e+00 1.278412430587794901e+01
7.091299736144253130e-01 1.021645996260826905e+01
1.903851501380748434e+00 1.144062371374252862e+01
1.374585057435892654e+00 1.264822149349137881e+01
1.379092442125086082e+00 1.265278607466009220e+01
2.188330572892003723e+00 1.179371163220274177e+01
2.023009468929029442e+00 1.175466359380873627e+01
2.006260087460983499e+00 1.177509023451584014e+01
2.204162029589903149e+00 1.137835964673968192e+01
1.389968428033390158e+00 1.116546699117782282e+01
2.027822611381849160e+00 1.074733776526041851e+01
2.123428985734963970e+00 1.268053416162395841e+01
2.137333450416396108e+00 1.091025067627202105e+01
2.007359626941186637e+00 1.124735267430581231e+01
8.510234439558873598e-01 1.236018700770616086e+01
2.007680775758796887e+00 1.081319044858203249e+01
2.073146344532543317e+00 1.220888630714920353e+01
1.804650728635158963e+00 1.121192569824533258e+01
1.835087238514531371e+00 1.227067616902155756e+01
1.571362262205301397e+00 1.199113985104486346e+01
1.904713450261079632e+00 1.193133248368727095e+01
1.786173744578034794e+00 1.182170444750336458e+01
2.201320467297176897e+00 1.115964950835891933e+01
1.808012218142398986e+00 1.142617027587463063e+01
1.943094975330719842e+00 1.188604973793317043e+01
1.480413155278103909e+00 1.189379676764944094e+01
1.942272539612860394e+00 1.152542467244445135e+01
1.108026111059159824e+00 1.127810956722818503e+01
2.191924429672285957e+00 1.306222851967106102e+01
2.344127320961705951e+00 1.297802945974640032e+01
4.074269772366800324e-01 1.068587230412846623e+01
1.636114148571359506e+00 1.194531470770955117e+01
1.516199662589462704e+00 1.209706692228093772e+01
1.487108634223671677e+00 1.207413896962112254e+01
1.336234079842054445e+00 1.137081466435216370e+01
1.223343064287149673e+00 1.135617494900694169e+01
2.421473750268285041e+00 1.365508182201743814e+01
2.610404938953958087e+00 1.300359839511380500e+01
3.361902499319828763e-01 1.184465592864756189e+01
2.541862150687531074e-01 1.473832039144084760e+01
2.054817380336158461e+00 1.188001508605502998e+01
1.924289076610497418e+00 1.162890420472245445e+01
1.918206436724456010e+00 1.165039225386241739e+01
2.164660555041368895e+00 1.245034575749458483e+01
1.714787835345485512e+00 1.235054739543396529e+01
2.039509479866966846e+00 1.144853567216417289e+01
1.812975976816598056e+00 1.183181941318652441e+01
1.127886803549196237e+00 1.156297752576162274e+01
2.029959233205723468e+00 1.196531860210298603e+01
1.762312167566457033e+00 1.143006154108129913e+01
2.024798677067653596e+00 1.130504655495419009e+01
1.605749878787465557e+00 1.131572134849429823e+01
2.153280561916966374e+00 1.113768683733385068e+01
2.151287602872208549e+00 1.118405019839677550e+01
2.457476707850738240e+00 1.295337104471280476e+01
1.826840849765164254e+00 1.216699744380932380e+01
2.065180300710366623e+00 1.088524087498163162e+01
1.763055930418356176e+00 1.120826277973398533e+01
1.959005043445702920e+00 1.227185792206222636e+01
1.645444195444679458e+00 1.230585267346259037e+01
2.073372044245843426e+00 1.154458434606442374e+01
1.738349656813793054e+00 1.220998043313955961e+01
5.571055219119133151e-01 1.239339705135457237e+01
1.459094290239141278e+00 1.241619189963491188e+01
2.050624578326653680e+00 1.163555800587593758e+01
1.909192389512330390e+00 1.097482932900577701e+01
1.924457606753762207e+00 1.081321771750977945e+01
2.209570831397405399e+00 1.119168211074622121e+01
2.235630005112414498e+00 1.096256028929041193e+01
1.933345316020646854e+00 1.266189574506720383e+01
1.894216845050249898e+00 1.202553160711040015e+01
2.143208940063304091e+00 1.157673861503217161e+01
2.292653562484302743e+00 1.184657725843282883e+01
2.219257265113668609e+00 1.203979756952619695e+01
1.585979685880609003e+00 1.142447114382037832e+01
2.030804192836732192e+00 1.073819904659897873e+01
1.827737381269492367e+00 1.101862712692343393e+01
2.000641202354987769e+00 1.209522189821939619e+01
2.049110561883089598e+00 1.158048375558810328e+01
1.983090196671902117e+00 1.176420681584972350e+01
1.612000863458626920e+00 1.245202853312108893e+01
1.785228541253203627e+00 1.249519595303165787e+01
1.938659223433675471e+00 1.074943255958621080e+01
1.725705013325753434e+00 1.179405375776582332e+01
1.633222986896644580e+00 1.192500557749142232e+01
2.203894677231402532e+00 1.126524816757817327e+01
1.867268369975046971e+00 1.160875302387388963e+01
1.942716282618221380e+00 1.132814638366743765e+01
1.931117092333314966e+00 1.140026453380419902e+01
1.893944753123906422e+00 1.217635418768621669e+01
2.079899552531394136e+00 1.187607976246899710e+01
2.142817868737862952e+00 1.089831227737180441e+01
2.052101778689545686e+00 1.242434507934177823e+01
1.166852329960807788e+00 1.235164264138254531e+01
2.014907639601371869e+00 1.170704302766647587e+01
1.491224931726671254e+00 1.135838599825071782e+01
2.141435447369487655e+00 1.171493635773850173e+01
2.304491295846037513e+00 1.190718917889668127e+01
1.698868538065588352e+00 1.229820344483663064e+01
1.979580874268009216e+00 1.108001063166374500e+01
1.339842472476622914e+00 1.081423257492127199e+01
1.750753407040052334e+00 1.197627750045507966e+01
2.213441868951864233e+00 1.246330475658933246e+01
2.219858215274038926e+00 1.232565811472475836e+01
1.924455097520625158e+00 1.165582260537886228e+01
2.114112562045012744e+00 1.150712037534717780e+01
1.863959593761116418e+00 1.227647584925042423e+01
1.708879161741508446e+00 1.233957306032470491e+01
1.322877142737935996e+00 1.215396534278348994e+01
2.178596961024371392e+00 1.143657853049398909e+01
3.835891214890771450e-01 1.235059964190659620e+01
1.840208433169646884e+00 1.244055587722927037e+01
2.080967690555599603e+00 1.158110367456099432e+01
1.151237263254812682e+00 1.115978185374422615e+01
2.264953662919057198e+00 1.186081809998931291e+01
1.899626605581893779e+00 1.126134739286706932e+01
1.743141547932359536e+00 1.128966661282136741e+01
1.566107763084288562e+00 1.100822981687413460e+01
9.291837710734922595e-01 1.158317902279577005e+01
2.063500028270527142e+00 1.172914954322941661e+01
2.097334961690177746e+00 1.206688379249901999e+01
1.987618752032471292e+00 1.216563686100189834e+01
2.015429532567311277e+00 1.050836268542036400e+01
1.819113212542875280e+00 1.106757310979812381e+01
1.083730967099129749e+00 1.092179350447617203e+01
2.170496523845476755e+00 1.104136375688684701e+01
6.655806710496852130e-01 1.089463823023463540e+01
2.058878072943092441e+00 1.198238462866801157e+01
1.677160391409095785e+00 1.196161780106176842e+01
2.148946609926750462e+00 1.150027854795591864e+01
1.681085155108852813e+00 1.111276520813254898e+01
1.774403742237540271e+00 1.181474649615034700e+01
1.776875924376261295e+00 1.181291579227401911e+01
1.167085862617845526e+00 1.067804512586331533e+01
2.639348393437769280e-01 9.961729022419074653e+00
1.721578110497423930e+00 1.193836053864967006e+01
2.000266620946955065e+00 1.137049649185170352e+01
1.502151276459605223e+00 1.130121230970638102e+01
1.853341990944981310e+00 1.108786587529688106e+01
7.685622626271346736e-01 1.207961477109026660e+01
1.849031483377598706e+00 1.170613805649738381e+01
4.999840263280798114e-01 9.302599002586459775e+00
2.163151471259742387e+00 1.202369274201397786e+01
1.973322614093720562e+00 1.073355654539056836e+01
1.828373794564171151e+00 1.093505145932424405e+01
7.485626784348169416e-01 9.900829046912146936e+00
9.188079193755835927e-01 1.027619559983635256e+01
2.073994336704249708e+00 1.106276618150439539e+01
1.923533306186581138e+00 1.123033079716104332e+01
1.938431195453079070e+00 1.131033156797702866e+01
1.295939901445211762e+00 1.210324113166158533e+01
1.135462056937449615e+00 1.088506964856884629e+01
2.588000257733412135e-01 1.422889767499108338e+01
1.251307161635716536e+00 1.115975170868208366e+01
1.988850904799591701e+00 1.121832862624252947e+01
1.442877088541490993e-01 2.266169495521178590e+01
1.979118676650066133e+00 1.160209497654527233e+01
1.947179553669688756e+00 1.180033067124027113e+01
1.997131356596641316e+00 1.179151472043925430e+01
1.587331950381756451e+00 1.184765044918918342e+01
1.970989576521368969e+00 1.235391167662510803e+01
1.493804790395536930e+00 1.252502502294375475e+01
2.139130194080288039e+00 1.150947025947250424e+01
1.664135047248443300e+00 1.155629155954047782e+01
2.069329025917886700e+00 1.116325799115440631e+01
2.066886316572836169e+00 1.118859451197064203e+01
1.943803107889114923e+00 1.170838560772799219e+01
1.959012502919972976e+00 1.166259808077488813e+01
2.468854805800599905e+00 1.225370284804135501e+01
2.006926457220954418e+00 1.153687510965752594e+01
1.342227081068220862e+00 1.242892295875029873e+01
1.992990427442628887e+00 1.244999006558172461e+01
2.100742586046923321e+00 1.193916990622937746e+01
6.447960636266184542e-01 1.123932760970854439e+01
2.242744701330589230e+00 1.170516421019194375e+01
1.336054609012277572e+00 1.158260449766473776e+01
2.311155890833025417e+00 1.258019716128555743e+01
4.809098080470297631e-01 1.058155098000492877e+01
2.071738169295482823e+00 1.168218856533392724e+01
1.250248185190601102e+00 1.199999028916957400e+01
2.009498930451291354e+00 1.112192223349463127e+01
1.830758987414815575e+00 1.160517646073346221e+01
1.207090447806045352e+00 1.110665624398969165e+01
8.630808933607334588e-01 1.080156567444038274e+01
1.963483090781944274e+00 1.278442601643125798e+01
2.072854087385558763e+00 1.237112718607458461e+01
2.133894285243864264e+00 1.219968655496296783e+01
2.185724532511200913e+00 1.164682524740824476e+01
2.136996757387444212e+00 1.181789535918891865e+01
1.986059130939103357e+00 1.171137964237726692e+01
2.062254768508599234e+00 1.120382348417855134e+01
1.892325882614058541e+00 1.266468518976341784e+01
1.613148880586497746e+00 1.243369857300177905e+01
1.714067576856229458e+00 1.168387011183968660e+01
2.004925683984391416e+00 1.137396414272506107e+01
2.016934055305765305e+00 1.137170495947639282e+01
2.028571875306048877e+00 1.192248079174136066e+01
1.946969123902916321e+00 1.192226911204139483e+01
2.051789552319362553e+00 1.238784140349554086e+01
2.068908477077731067e+00 1.233796293941238886e+01
1.814227718191597782e+00 1.219787734137133661e+01
1.491131932955083172e+00 1.204316421043236929e+01
1.168631067197249962e+00 1.110413511533341158e+01
1.363309342664097423e+00 1.112078821735785183e+01
2.145924976480304114e+00 1.158217058634572361e+01
2.501982014961615097e-01 1.118720529025948807e+01
1.981687367331098182e+00 1.104166432703741130e+01
2.062635324667300818e+00 1.224566201050612690e+01
7.644304282548848306e-01 1.024136782989062766e+01
2.060697257716164188e+00 1.210811166979828890e+01
2.127660729697079312e+00 1.154326230902007566e+01
2.028302399874937656e+00 1.185943792401660168e+01
2.080457412046087917e+00 1.068372116184327680e+01
1.716239909902398830e+00 1.117741263014458397e+01
2.179010550202712615e+00 1.282288690929703101e+01
2.144837977330129597e+00 1.286955395002510194e+01
2.157272306776024440e+00 1.116554115374836798e+01
2.396315270385345642e+00 1.178704961383433059e+01
1.398653128255435307e+00 1.116010210520406787e+01
1.746400814475999486e+00 1.153600511272383322e+01
1.879798731362310793e+00 1.123674235851419922e+01
1.718744796402992936e+00 1.228894085590429874e+01
1.331057895623416032e+00 1.178447911350925992e+01
2.147363222739173239e+00 1.176713251005184802e+01
1.828888569973402989e+00 1.132346551061078621e+01
2.027360836467267724e+00 1.279768674047606503e+01
2.187685894686970389e+00 1.257687385065078267e+01
2.093278641271255847e+00 1.184718873819403129e+01
2.066303969399705398e+00 1.259612860249712796e+01
1.509803495346039082e+00 1.235435784270024406e+01
2.036295242435536057e+00 1.107894377303548872e+01
1.393801200642729166e+00 1.194735835947254721e+01
2.079063673153693781e+00 1.158433979070059294e+01
1.700270822220699696e+00 1.153105634369656407e+01
1.861083357617739242e+00 1.213388574174079260e+01
9.881244487990452630e-01 1.103771118601519063e+01
1.973792418677522642e+00 1.111873358598270478e+01
1.336805610606625283e+00 1.169041259337094907e+01
1.784513434200406978e+00 1.188505399930076223e+01
1.794097207201635680e+00 1.187110842687149947e+01
2.119141814459355455e+00 1.185833138329393499e+01
2.219789880614714495e+00 1.242576309574340776e+01
1.490649886111264255e+00 1.183483599045516677e+01
2.200339624121590010e+00 1.153419091410969344e+01
1.818678168308675014e+00 1.163873468306836045e+01
1.997494617837998643e+00 1.188497689639599741e+01
1.943642878312326960e+00 1.222048851672602332e+01
1.827773475483559062e+00 1.154853777078499988e+01
1.329622382888676846e+00 1.117085713403246316e+01
1.874482082641869107e+00 1.094580741355021658e+01
1.826690207240985409e+00 1.105281816533545935e+01
2.149031573982866483e+00 1.141143382021051345e+01
2.172764540007706469e+00 1.133752369107396518e+01
1.672457180814290068e+00 1.133783608728751346e+01
1.753611108772182625e+00 1.245960370669005712e+01
1.192957503372301220e+00 1.166035125926761395e+01
1.192631086193357337e+00 1.189126128114513392e+01
1.640669993129678428e+00 1.282920478078113646e+01
1.754553518611624341e+00 1.276090927742445302e+01
2.216289597850622073e+00 1.229585542397122566e+01
2.243492303352993211e+00 1.222509963007746414e+01
8.039192833595806276e-01 1.259212106450241819e+01
1.836775167436438316e+00 1.130539620294544001e+01
1.857760746968858179e+00 1.136551617983991314e+01
1.954601827070208575e+00 1.217267874948602113e+01
2.063943512211008802e+00 1.232016599515128163e+01
2.069548229194447142e+00 1.216797621195351731e+01
1.997821542205025613e+00 1.204902813915567172e+01
1.872800222967612394e+00 1.117015298173886073e+01
1.773082653568969436e+00 1.131867916602513979e+01
1.983328538768917015e+00 1.173090223979344060e+01
2.185115467740542883e+00 1.148726543894362173e+01
1.960722702526216166e+00 1.078795727196662746e+01
1.921361660032514962e+00 1.097355704333832271e+01
1.928795844045939401e+00 1.148909354837135943e+01
1.610024082482555352e+00 1.200954493667230949e+01
2.014201062242210849e+00 1.077095646287920694e+01
1.853592468201775256e+00 1.115750172033258636e+01
2.089104260594570661e+00 1.199234836912530788e+01
3.815358359444478986e-01 1.055204905384151814e+01
1.961309426068308159e+00 1.156679746845003187e+01
1.991895553871906310e+00 1.140296449135231072e+01
2.058526617652352009e+00 1.115785670257599094e+01
1.590250898999146179e+00 1.136997045799924955e+01
2.261761918028947882e+00 1.107775235206972120e+01
9.858079425077169722e-01 9.900508545904722624e+00
1.491028555423500990e+00 1.228236904212555913e+01
2.158891016417589181e+00 1.156628245998073545e+01
1.690072225799716721e+00 1.128285992991325060e+01
1.362391035151088392e+00 1.136645044505386615e+01
1.879363405750870131e+00 1.177270273928194833e+01
2.220061847663414856e+00 1.086135947857995809e+01
8.802694107815433044e-01 1.220221939174650672e+01
1.757644290522619279e+00 1.188968171352212622e+01
2.020767253905587424e+00 1.078777320950806917e+01
1.952256720315966643e+00 1.184123966476273182e+01
1.412037188843442648e+00 1.158391083450309722e+01
1.543080248773951668e+00 1.278525972266742272e+01
1.970034418564668099e+00 1.220557232314911644e+01
2.002435826666771224e+00 1.209261248658914134e+01
2.374266016135223367e+00 1.207724427426290248e+01
8.116216708471630792e-01 1.184971847933830524e+01
2.156643104260242527e+00 1.192424436268242260e+01
1.891156811319783193e+00 1.207165183401619935e+01
9.364325198047085408e-01 1.088201113233719930e+01
2.293829480811742982e+00 1.241827002670612501e+01
1.451493880054607111e+00 1.251562092186163433e+01
2.143602266244564181e+00 1.166821147640101408e+01
2.141190914983460036e+00 1.171692931963352002e+01
2.263323646322232374e+00 1.270430960267066212e+01
1.927993231873704083e+00 1.136936931709259113e+01
1.748423232361186130e+00 1.183511243978986904e+01
1.821802675977405306e+00 1.173678688880937848e+01
2.107433175584433993e+00 1.145452505461214621e+01
2.016807830229448761e+00 1.097941235210304534e+01
1.994526820224388430e+00 1.125129995026180296e+01
2.063326034329019176e+00 1.139768441331227145e+01
1.737887688657947294e+00 1.158054594809648385e+01
1.855583395275636871e+00 1.212394038342079128e+01
1.820345148804438207e+00 1.209696272171782638e+01
1.359345446192212314e+00 1.219989852718992474e+01
1.721780268214391230e+00 1.199372783432566969e+01
1.745172613867294276e+00 1.259512596125402872e+01
2.058067075283138703e+00 1.225974101378281667e+01
2.061527442151292799e+00 1.097375203702041802e+01
1.830195693888364117e+00 1.112337793475756165e+01
2.270344716746769187e+00 1.273331319547824414e+01
2.027642422745450368e+00 1.263433221125269590e+01
2.134462527842273083e+00 1.268501111138179738e+01
1.329449306839541656e+00 1.254556488079713006e+01
1.923573470486929615e+00 1.205323625487619488e+01
1.974569693615990662e+00 1.199163938638508142e+01
1.902678660310949788e+00 1.217282322814259743e+01
2.463968930717193029e+00 1.224138775344287744e+01
1.831365199280173162e+00 1.177708353994569102e+01
2.036648457751264463e+00 1.143143203092911264e+01
1.901199970237479109e+00 1.190773184797847861e+01
2.154653833679159192e+00 1.156364700267352141e+01
1.183554634338163103e+00 1.245944344521737612e+01
1.920798629243963829e+00 1.196326235370927193e+01
2.226603384147745057e+00 1.222131158096634707e+01
2.245878833810522224e+00 1.208897421473182732e+01
8.432300261321263868e-01 1.278304773898019064e+01
1.983924831152104273e+00 1.220611627965984169e+01
2.262944022924499698e+00 1.118049960104961116e+01
2.144254764647967715e+00 1.191699141423198327e+01
1.930829171554781398e+00 1.192437471622820944e+01
1.060012134114088456e+00 1.072191033567004403e+01
1.690765700017598794e-01 9.814200072049500179e+00
2.047822525786249681e+00 1.095539191879731789e+01
2.487372172070650755e+00 1.265455423563811443e+01
2.070691462880414946e+00 1.145421854340136036e+01
1.100107603463306161e+00 1.068576962584252499e+01
1.829794140207017028e+00 1.279983267124882218e+01
1.200843341198776670e+00 1.243808885998567604e+01
1.787314247506262888e+00 1.166849930009478165e+01
1.990229119888206943e+00 1.143567018890531983e+01
2.173319132803703368e+00 1.153988811163439365e+01
2.248652753211870525e+00 1.199870022627863264e+01
4.423786768837332239e-01 1.003798429510177570e+01
2.448922655313862773e+00 1.332424105721622709e+01
2.382288010773662368e+00 1.336419886422986103e+01
1.981244277797478137e+00 1.179516678362729110e+01
2.094329436348096429e+00 1.134915131630486584e+01
2.023760454111540152e+00 1.140474985007675990e+01
7.443035821080025149e-01 1.046400883467477172e+01
2.122102258579774858e+00 1.239944559332470853e+01
1.868950232437483150e+00 1.249773039569341115e+01
1.983730151966081268e+00 1.105883043078849326e+01
1.876564933326000828e+00 1.166060948362814464e+01
1.232813894612220906e+00 1.091388476962262999e+01
2.116960911570069825e+00 1.140630830455705080e+01
2.049133228660657835e+00 1.146796822343677036e+01
2.064122697330528666e+00 1.145313136095892936e+01
1.833162608660399817e+00 1.207556601301755705e+01
1.286288085000939274e+00 1.181614615069515750e+01
2.098434667281773525e+00 1.173516353187936367e+01
1.239285373966195758e+00 1.058579484546711136e+01
2.023330807328147074e+00 1.097097519623022244e+01
1.758482265231724018e+00 1.156332008888420404e+01
1.609211008618981920e+00 1.173956195601401298e+01
3.755027775492971731e-01 1.078878064584585772e+01
1.800942331661696150e+00 1.184862648040498634e+01
1.212524229921343011e+00 1.149444118886386335e+01
1.857318885235026196e+00 1.150874803335505625e+01
6.754719018349686355e-01 1.141980510388339809e+01
1.829176778615088983e+00 1.127620054893075441e+01
1.142000303626798496e+00 1.057260970720688320e+01
2.050781321518297062e+00 1.084460263657368273e+01
1.836876854096644029e+00 1.127287515141229335e+01
1.168580586366480656e+00 1.193956262208953412e+01
1.712310775843293831e+00 1.216499887475784902e+01
1.964541780008902228e+00 1.111198153677031364e+01
2.020195566940873544e+00 1.290434085989398127e+01
8.322186613692426072e-01 1.076743148684550988e+01
1.974263606718671404e+00 1.085799944143051476e+01
2.184520376028455058e+00 1.162169036200957883e+01
2.031926778579627335e+00 1.193988857208047527e+01
1.772777917390605085e+00 1.144297373569464504e+01
1.715013650573861348e+00 1.142205320273166791e+01
2.028658129409686595e+00 1.269311733599123748e+01
2.017851053083738133e+00 1.273902042391995515e+01
1.890760768370720157e+00 1.111242021948075909e+01
7.026566137964971315e-01 1.122192188067762153e+01
1.803514188686034192e+00 1.127308695550211404e+01
1.934060237468057997e+00 1.110799079639008013e+01
1.963451244299406762e+00 1.095047291809836842e+01
2.011455607206063423e+00 1.216962169306967212e+01
1.968622215748944138e+00 1.218394674921419707e+01
1.182828076968213127e-01 1.552846183139815395e+01
4.115628504862311465e-01 9.847167343375165416e+00
1.798954925690001705e+00 1.156187628489646357e+01
1.735724611723499899e+00 1.162542609888247291e+01
1.270755303572438377e+00 1.194757623214713682e+01
1.801061009507774147e+00 1.127609625365885648e+01
1.946274030107949971e+00 1.117857025038236962e+01
2.266508138342321121e+00 1.221062111670588379e+01
1.939038829341667602e+00 1.182073116419176806e+01
2.213060984271244980e+00 1.128112914302702841e+01
2.241714623295584019e+00 1.121569445896510508e+01
2.236241116914070126e+00 1.125217942980791186e+01
2.033529410004454530e+00 1.024269827900138097e+01
1.338652809177209191e+00 1.134943781069786795e+01
2.306838791703620828e+00 1.153847968306676464e+01
2.019510902888996373e+00 1.151525092181921472e+01
2.143595636369869606e+00 1.111242499535463502e+01
1.986609926378237523e+00 1.190682791690855602e+01
1.775831029490440915e+00 1.226612645317847061e+01
2.071792228825558357e+00 1.163515267816926624e+01
2.041785236810486737e+00 1.101393814892837497e+01
1.283415734379615536e+00 1.250739987145288445e+01
2.108281569596200722e+00 1.180360318952191889e+01
1.029469427173067775e+00 1.121609908676570910e+01
1.938348053962916095e+00 1.170592107678631066e+01
2.199468030399354568e+00 1.123549365531794564e+01
2.206291061467856807e+00 1.152896631417692141e+01
2.051000268299887797e+00 1.109042979005088547e+01
1.558678603711650235e+00 1.103408420745634189e+01
2.019279105126601692e+00 1.088756110671347876e+01
1.794305811717282539e+00 1.125503660303117215e+01
1.382278939477762592e+00 1.152289815985749399e+01
1.917069006014309851e+00 1.158888170499771064e+01
1.939367761370190069e+00 1.153874040899844289e+01
1.358286121357877185e+00 1.132717250789060515e+01
1.007287737984571718e+00 1.112099404646721368e+01
1.997309087789198356e+00 1.200339307814024004e+01
1.163657335506688373e+00 1.082314483428809737e+01
1.705413971798201533e+00 1.155075113696818079e+01
4.453292192995275123e-01 1.060821027399967420e+01
1.809995222062202425e+00 1.198694645218093946e+01
1.211174271886465981e+00 1.140101417070048839e+01
1.932538254452511595e+00 1.118303261649983504e+01
2.065900573295753162e+00 1.181438446979902679e+01
2.008201239509440850e+00 1.183600012765789344e+01
4.550171837639828687e-01 1.266233146738127147e+01
3.854848807332948990e-01 1.284593101940164850e+01
2.070500529041495508e+00 1.151286893577150572e+01
2.042503111494534451e+00 1.210085431296304570e+01
2.084654170933547768e+00 1.183568217938798917e+01
1.260149571180512851e+00 1.283077696430362735e+01
1.852514839382994216e+00 1.151716941516507831e+01
2.204823091747014185e+00 1.204799466324018553e+01
1.827921466998710498e+00 1.176818523056636856e+01
1.688935727491261307e+00 1.182129852466455233e+01
2.165763289451976714e+00 1.176449909693130280e+01
2.096293357738483465e+00 1.143578661277247832e+01
6.201659057833438377e-02 5.000000000000000000e+01
1.862154438739891837e+00 1.176113010082252863e+01
1.990058373357523891e+00 1.169155263829072666e+01
2.184628095707421558e+00 1.205972723063833385e+01
1.094565102807165458e+00 1.115914096862739235e+01
1.511807538587681243e+00 1.187351009213038466e+01
2.503860270592042969e+00 1.253589438497202480e+01
1.686245862348648927e+00 1.154232521379894649e+01
1.835411863504412100e+00 1.148266493408186761e+01
1.354354083497797179e+00 1.222911396260128036e+01
1.167600444538435367e+00 1.155818132083049576e+01
2.098123658704247774e+00 1.113040968550960841e+01
2.113134958389852880e+00 1.091346914495625597e+01
1.197914831688396964e+00 1.192116223529152386e+01
1.074067917850124232e+00 1.154358324097504607e+01
1.907526762703782408e+00 1.087670323939735617e+01
2.089366456934130589e+00 1.131869735632833596e+01
1.755170401818521686e+00 1.135020462623422333e+01
1.879712371960688300e+00 1.203741327433308150e+01
8.986084887365702878e-01 1.155970928868884862e+01
1.853013836986299845e+00 1.188680642349782701e+01
2.116961105425298140e+00 1.232779713514963404e+01
1.976903531295887584e+00 1.277237764917205709e+01
1.921554398996196955e+00 1.115707479121587298e+01
1.579675582324470806e+00 1.137336745371512592e+01
1.817440167101965320e+00 1.214169987763262881e+01
1.645137806702687389e+00 1.207832031161514763e+01
1.835337688701698111e+00 1.140019246507470640e+01
1.835509200155800436e+00 1.140078414295161302e+01
2.084315467844271907e+00 1.125931062198435839e+01
1.884633844680149606e+00 1.158945414052782752e+01
1.416398860453938813e+00 1.177056869654236415e+01
2.069713219176849250e+00 1.150141378471786346e+01
2.061186677675630463e+00 1.231366424201917553e+01
2.157199263495639840e+00 1.223443810070974536e+01
2.167492248792679543e+00 1.160938483861034065e+01
2.151723872232794488e+00 1.180865166141524725e+01
2.233527562019419488e+00 1.286569882112337559e+01
2.384942725368551120e+00 1.245251420252525065e+01
1.384576811134250018e+00 1.240085650657490568e+01
2.075552125659262170e+00 1.119983802351043067e+01
1.742220542411939688e+00 1.162080837156551816e+01
1.908708692376185789e+00 1.106521364140951569e+01
2.364241040462191190e+00 1.285146252669410494e+01
7.326167030382149115e-01 1.215218344450373245e+01
8.116031635454458160e-01 1.215581066107415076e+01
1.803790824825016070e+00 1.109666906772777750e+01
2.168455497296631673e+00 1.090578775396069666e+01
1.349898902484375940e+00 1.142470382226845338e+01
9.336754300770779835e-01 1.123882496289384036e+01
2.136837089614308294e+00 1.092380835954224061e+01
2.041346659688822118e+00 1.171391234893630795e+01
1.468280869637250685e+00 1.279812598226068054e+01
2.400545235322672610e+00 1.209776170660573946e+01
6.264840365980206549e-01 1.157755325770908783e+01
2.277559683593159523e+00 1.179306715411753892e+01
2.238171658903071126e+00 1.194153918446900775e+01
2.107966059781923196e+00 1.097734566827845981e+01
2.101166856652295412e+00 1.098647743900173346e+01
2.273408072545069381e+00 1.130114340945385187e+01
2.215838335723905761e+00 1.157831563325316004e+01
1.086014032953304342e+00 1.201556733989283288e+01
1.894041071827431200e+00 1.155427824305831308e+01
1.623209725441829621e+00 1.168309732747859364e+01
2.071054922214206062e+00 1.105023276621946060e+01
1.705504371894064120e+00 1.172239810545917749e+01
2.088299584241249285e+00 1.142178399482835260e+01
2.085670551175377696e+00 1.144996595767336345e+01
1.713593818662015877e+00 1.133512887626009835e+01
1.918046316204197410e+00 1.099773930605462979e+01
1.983101743510105930e+00 1.143174537615084496e+01
1.853578276894691124e+00 1.153788689261798517e+01
2.217027149577401879e+00 1.228134426648361632e+01
1.751178704413380860e+00 1.212746795070983019e+01
1.932629128102983707e+00 1.158921936127000407e+01
1.601334939329481122e+00 1.186248766072541905e+01
2.059883581473013869e+00 1.105290184831109102e+01
9.551545222923288891e-01 1.196279273129387910e+01
1.542609011571025590e+00 1.188624212320418039e+01
1.953848477601272116e+00 1.115981122043937468e+01
1.596471513258984620e+00 1.202522036424635665e+01
1.929447501294499823e+00 1.138448905236039721e+01
2.147614193045447983e+00 1.256466964941646047e+01
2.098074727306088683e+00 1.242162081818981711e+01
2.076677995033874069e+00 1.245807915896607732e+01
2.032349369534108607e+00 1.212196525574113082e+01
1.886840554925968583e+00 1.157750821883841574e+01
1.402722292133094850e+00 1.106603087417252596e+01
1.869515928508423741e+00 1.120878995229165831e+01
2.136212965879890291e+00 1.135576539294601872e+01
1.882854246454651825e+00 1.213002964362808278e+01
1.997063595576197725e+00 1.078549881809110111e+01
1.981820985476079988e+00 1.100606003061037974e+01
1.343217496862304516e+00 1.097440473916594250e+01
2.210442439943325343e+00 1.125021150966680850e+01
1.688659625757875427e+00 1.209879277481832816e+01
1.984229145182786480e+00 1.197173976848558752e+01
1.975993275900479684e+00 1.215718749767937013e+01
1.477794646775826060e+00 1.213622001871351586e+01
2.009796858370477945e+00 1.171316051683946036e+01
1.655953912088360847e+00 1.244062733872956983e+01
2.206907082155502575e+00 1.234772692227349111e+01
2.334775763469076004e+00 1.230931814418586612e+01
1.850128485155204894e+00 1.131663070757772616e+01
1.574442647899190861e+00 1.145557592302525407e+01
2.317695295114104326e+00 1.116547235731781740e+01
1.444678968583170020e+00 1.204979869877837828e+01
1.780341484518120909e+00 1.192029574309825435e+01
1.471062445126833040e+00 1.167101388356258340e+01
5.088559590471956051e-01 1.177830679021866267e+01
1.598602900691099116e+00 1.220052436334149704e+01
2.364018205080562041e+00 1.166820112632643180e+01
1.308414594171052103e+00 1.076389113886885163e+01
2.138508483870755317e+00 1.073585372808740424e+01
1.931760274111536280e+00 1.115228294455917357e+01
2.101413220752132993e+00 1.236655837222901155e+01
1.922412464492488704e+00 1.260973326756819901e+01
2.069163536441531726e+00 1.175267163363851353e+01
1.945002306445896778e+00 1.231723595681119932e+01
2.010978533590234818e+00 1.206005180797724208e+01
3.140185106040182528e-01 9.041608053055366412e+00
2.126306970329304935e+00 1.170462460071892785e+01
8.952109442340189238e-01 1.142665347846218360e+01
1.734081446371112722e+00 1.198135252762574865e+01
2.075021963218069754e+00 1.144135545974419621e+01
2.107476252626489632e+00 1.106961987181392892e+01
1.964445192234099524e+00 1.123098937833524147e+01
1.982263507695591676e+00 1.108068612844217959e+01
2.122224319968584183e+00 1.120475365066530493e+01
1.634197744796463070e+00 1.130663801465406770e+01
2.124804419853451254e+00 1.215570733271083981e+01
1.414999337831018167e+00 1.211779536744229269e+01
1.380193228908907832e+00 1.112723633089377095e+01
1.583692234829512380e+00 1.178044945065694549e+01
1.889098419333447021e+00 1.184928780101288304e+01
1.701444354148049953e+00 1.211556055448603608e+01
1.679108577959063542e+00 1.210098487180096605e+01
2.200994539885800627e+00 1.128370420827093845e+01
2.123135524113072048e+00 1.157303785554234565e+01
4.391480108633648016e-01 8.836806194195627739e+00
1.966959683842264051e+00 1.206126116737994636e+01
2.084913166166582510e+00 1.113743499489886979e+01
1.953465894132932368e+00 1.155099925486462809e+01
1.574216027122034456e+00 1.160651038600521900e+01
2.338873393523697164e+00 1.232846188163542500e+01
7.472961621664560017e-01 1.016952950575359971e+01
2.088168255227963677e+00 1.158538030961719656e+01
1.668095853933982520e+00 1.148523134773543575e+01
1.975891610943965038e+00 1.136040460934335883e+01
1.396887993021368235e+00 1.220776661183111145e+01
1.284114155539362478e+00 1.142026901903083136e+01
1.345589427991652709e+00 1.159885158048993858e+01
2.419703667487801191e+00 1.221268156631687951e+01
2.156721704535638384e+00 1.135016719056281786e+01
2.119776365350044323e+00 1.145286570704128870e+01
9.125307941628830743e-01 1.235902136764561909e+01
1.019221298992161850e+00 1.240836297337158989e+01
1.275805620118164452e+00 1.110650704894222507e+01
1.255549360610942244e+00 1.106279847685060069e+01
2.160561399531459870e+00 1.200408461175438468e+01
2.191308027731047492e+00 1.196907462689156354e+01
1.862981859550628672e+00 1.207126009557399193e+01
9.948927982646309509e-01 1.058703662710088800e+01
1.768148296484667759e+00 1.175678669886686833e+01
1.183394508494751918e+00 1.090774692139173574e+01
2.163996588292593337e+00 1.099325451513119667e+01
2.124423613233311414e+00 1.136615818198261607e+01
2.058126313390270745e+00 1.159660405232240699e+01
1.439088549590435751e+00 1.183468273438965213e+01
2.160083465386383850e+00 1.162784826779437708e+01
1.901453334212128254e+00 1.227827552703572600e+01
2.128800036098640103e+00 1.115329801955614641e+01
2.162547461083494493e+00 1.165063596937363677e+01
1.078031537461035194e+00 1.159809056677947048e+01
1.025120761921224366e+00 1.287980801319103996e+01
1.990161627280740753e+00 1.149795659506453660e+01
1.169151659140996502e+00 1.168540311583458369e+01
1.924023608046961931e+00 1.281447223234184385e+01
1.995093398278375840e+00 1.274585738888405118e+01
1.337182135004804540e+00 1.180091640517043139e+01
1.213013889714631866e+00 1.188345263806386320e+01
1.997192245618952366e+00 1.137720893820589119e+01
8.074340635268868471e-01 1.008662987003212308e+01
1.649664365538505484e+00 1.166347629847084377e+01
2.158256388702721740e+00 1.158838937925367318e+01
1.975524744782144237e+00 1.178239401472759695e+01
1.942525973633362657e+00 1.198563769735716278e+01
1.248340932754682608e+00 1.174197406865517834e+01
1.648963036781999403e+00 1.211532987568283914e+01
2.101242700271371167e+00 1.244384565901310502e+01
1.760928139958295446e+00 1.245020036579181699e+01
2.023374396753065962e+00 1.222296892521336353e+01
1.848560740216199205e+00 1.115075185695857130e+01
1.792436971477648244e+00 1.119275399790077863e+01
1.957230893282343009e+00 1.086459090702615882e+01
5.599098369442797596e-01 1.220122898090961705e+01
1.728810890400470424e+00 1.165136293286053615e+01
2.133235497296032790e+00 1.098421415717565708e+01
2.052128317739160046e+00 1.201135217947256706e+01
2.082908879740254626e+00 1.173838040915041070e+01
1.929129831941499784e+00 1.212724676492169351e+01
1.978617236253770617e+00 1.077662525738716504e+01
1.602186363152239723e+00 1.136328512997604001e+01
7.252163835158705885e-01 1.125927609106102345e+01
2.097549112520257886e+00 1.301999442113065619e+01
1.419579603025739489e+00 1.168326700817880770e+01
2.217188217969972897e+00 1.165819371958009754e+01
2.094206344891018201e+00 1.062284687216922663e+01
1.827950468739170997e+00 1.110874015554203176e+01
2.071257033482000853e+00 1.190535591361780199e+01
2.244469675857496238e+00 1.253106820238424923e+01
2.284788906700187638e+00 1.241278569749861482e+01
1.362020671351470646e+00 1.139917905244499963e+01
1.975738573170345846e+00 1.185221753202516304e+01
1.977514982066227445e+00 1.185202285007856737e+01
1.780252134542978260e+00 1.201910756836134198e+01
1.136228845849239111e+00 1.130008184320425535e+01
1.889434319595382883e+00 1.151150855785869354e+01
1.936434383554441085e+00 1.117209586451991221e+01
1.933693937270676511e+00 1.124395752710590912e+01
2.664271510991199410e+00 1.341129115550901751e+01
1.314658711625096066e+00 1.166938076960909854e+01
2.154300065853728796e+00 1.274083644009904326e+01
1.953805674135802972e+00 1.280541443973050519e+01
2.064612210107681811e+00 1.246521538937656004e+01
9.578326306599116435e-01 1.113272146148807806e+01
5.916024261342059942e-01 1.217355550532774267e+01
1.999257683613687497e+00 1.188830027436651449e+01
1.162014687686147463e+00 1.172436491130234870e+01
1.627510833585873007e+00 1.223981711808981387e+01
1.803335329920517038e+00 1.206482500316800355e+01
1.965850550465893187e+00 1.263288965812149911e+01
2.039955405394577426e+00 1.171674807849994693e+01
2.015445894670565341e+00 1.174996246017047419e+01
1.999459743760273911e+00 1.201349738722270288e+01
2.178971612531711788e+00 1.192107517170586561e+01
2.179568506002147465e+00 1.183538541752546536e+01
1.939075939052245401e+00 1.141708636368710827e+01
1.550353816513671878e+00 1.146233459575084090e+01
2.089167630987129431e+00 1.139371686179313059e+01
2.090054368876734348e+00 1.138641764921174371e+01
2.069186133948708317e+00 1.182657906465161979e+01
1.378134380222961752e+00 1.084248660496369432e+01
2.357940789419974426e+00 1.133415433007806072e+01
1.664112777337521720e+00 1.217369377374594741e+01
1.793559522080679036e+00 1.112808111185299431e+01
1.901566380830310710e+00 1.108963317910403745e+01
1.938522256991383586e+00 1.181865748015601447e+01
1.553453171530155830e+00 1.209390420684859002e+01
2.208571393721433296e+00 1.234297094934250083e+01
1.874013801166497739e+00 1.231811799213138592e+01
1.914131246895310667e+00 1.170859438000816688e+01
2.189396305180532742e+00 1.126498180761835144e+01
1.412723192280623596e+00 1.229037746497692396e+01
1.937136163339443273e+00 1.074094744627688058e+01
1.758650292499071233e+00 1.187798967034408371e+01
1.277398696271763834e+00 1.135018562590479441e+01
1.836499105797967601e+00 1.203424854269944611e+01
2.184000216886339274e+00 1.195892233326778253e+01
3.693646423305914084e-01 1.043727184806392572e+01
1.371027591459481165e+00 1.270530170085263677e+01
1.968914653108093438e+00 1.231540027256785663e+01
2.106424236891547341e+00 1.196525865397549282e+01
2.422208683482476310e+00 1.151274901777502890e+01
2.386223796630362770e+00 1.169191491191561738e+01
1.813094329956073114e+00 1.237358297167002519e+01
2.227838020288776200e+00 1.099772378575506160e+01
1.900247953349351260e+00 1.196854298768062641e+01
2.009286458679164777e+00 1.176181649055424216e+01
7.237816295743497719e-01 1.041723354526746981e+01
2.069558146880198013e+00 1.219034113982355194e+01
9.776681908717070879e-01 1.177208155065365602e+01
1.436391474251498490e+00 1.264302992404980763e+01
2.026315410529687000e+00 1.220711234684783442e+01
2.302690313401492439e+00 1.143260088236630878e+01
2.073089169017973799e+00 1.192326376155288692e+01
2.106339890557492378e+00 1.147147000610482159e+01
1.984358134125260742e+00 1.160027239579758174e+01
9.636316400039495189e-01 1.170041515177081592e+01
1.940932718017523095e+00 1.067086497447569116e+01
1.789001623594695278e+00 1.193951814305942527e+01
6.338354174552840448e-01 1.186599562835871957e+01
2.111396924948061304e+00 1.148578265270117882e+01
1.918150218382808081e+00 1.175098348534895543e+01
2.028193172915214504e+00 1.142651049602754831e+01
4.461435397915012313e-01 1.255963220553345039e+01
1.963125166338158589e+00 1.258020340494836020e+01
2.120935352816616604e+00 1.146272762498072595e+01
1.786440121951208493e+00 1.161371988313222836e+01
1.626804724154287118e+00 1.248717510667119868e+01
2.151009094848508330e+00 1.195166881862313701e+01
2.158279144902622626e+00 1.143332659455136913e+01
1.941859891016267659e+00 1.121476983785892578e+01
9.617481944929284765e-01 1.197845330338297209e+01
1.329454241144018889e+00 1.185392594708227065e+01
1.909661031425686106e+00 1.185409607330380410e+01
7.222232103500129119e-01 1.032537059664705481e+01
1.483093166236385319e+00 1.189560199686899011e+01
2.025872968740357827e+00 1.170745045433368681e+01
1.806571090817242986e+00 1.257292765199790452e+01
2.091018383424581462e+00 1.260386794356262463e+01
2.160926394495043645e+00 1.258318401020749988e+01
1.481017175773320149e+00 1.099875603675086566e+01
1.906541171441930915e+00 1.103614978974192340e+01
1.584502372328435493e+00 1.237847129152627978e+01
1.818874553038734909e+00 1.268992771129766872e+01
2.360381981412076779e+00 1.291992701904554686e+01
1.341870646133374256e+00 1.185529962184277153e+01
2.041049641342426835e+00 1.155565868501827786e+01
1.855367985830075561e+00 1.249800304302628007e+01
1.343941281672693444e+00 1.165164688937590043e+01
1.116512351229521860e+00 1.158832911174052782e+01
8.503753267534763793e-01 1.154667593366695577e+01
2.319834658676487749e+00 1.147844508571042965e+01
1.882749487034498515e+00 1.209055662349161153e+01
1.597670673603017510e+00 1.149702589452968660e+01
2.053838831705829371e+00 1.157022589964884141e+01
2.113772675157765679e+00 1.124256409273407264e+01
1.670900468671547179e+00 1.176955216688904748e+01
1.103681493909250744e+00 1.140771579752817111e+01
2.974293697155320215e-01 1.274729104102334176e+01
6.445385546007879052e-01 1.131259485266662601e+01
2.116012918107684548e+00 1.193205090124188850e+01
1.579210817050068938e+00 1.261746855513525212e+01
2.121059508569953955e+00 1.259343066633998376e+01
1.979035610952321722e+00 1.110382652266261339e+01
2.008868210074805649e+00 1.109042735683731706e+01
2.134045963475239560e+00 1.082457829293900353e+01
1.931018432096520021e+00 1.120231887791235259e+01
2.117811758991865467e+00 1.166130079742932146e+01
2.024299251326136861e+00 1.202644901521601284e+01
1.999465063732720704e+00 1.175785981625898913e+01
2.240593600387116968e+00 1.204481775931868270e+01
2.081819532054618005e+00 1.220412128098001858e+01
2.034361393279910946e+00 1.141211553442188453e+01
2.075995244140365958e+00 1.132593891596227387e+01
7.900615523426726128e-01 1.076365738462534338e+01
1.266561862445168885e+00 1.247935428541596536e+01
2.111494637823188025e+00 1.270346156178220021e+01
8.809283384232587943e-01 1.219390293656121038e+01
1.808678700382451598e+00 1.140149721955960693e+01
1.861881047152472490e+00 1.171850438436533715e+01
1.651675556924766752e+00 1.180921214329563007e+01
7.726601062795205310e-01 1.010789653671082178e+01
2.026123628342725524e+00 1.169481975807840968e+01
1.967844209955523338e+00 1.102624077835930017e+01
1.181321394922411727e+00 1.173065825634911974e+01
2.136955629633522591e+00 1.188948274294837582e+01
2.097805930648115602e+00 1.184482738839349736e+01
9.557074650339787425e-01 1.120202300435620657e+01
1.994588547668755263e+00 1.158840994315618111e+01
1.915303447944119553e+00 1.166080605166322393e+01
2.198733077010846415e+00 1.128825663421433667e+01
1.332837550882012057e+00 1.108924142215043496e+01
2.018809646907195443e+00 1.197725877495545177e+01
1.958223681384978931e+00 1.184279542874478075e+01
1.844603791341243193e+00 1.174488629834441689e+01
2.191385757732073891e+00 1.116891026654904628e+01
1.923256212644195440e+00 1.131582482017434010e+01
2.102901321955497060e+00 1.274977223229939405e+01
1.309165907364124637e+00 1.254736272351344262e+01
8.801900079606976846e-01 1.206241550500722859e+01
2.029659279415583217e+00 1.140256175699708230e+01
2.444589114146127784e+00 1.273160464659090430e+01
2.443501785306427809e+00 1.273748465215826364e+01
2.129994839393232198e+00 1.094485778762146388e+01
1.996311167337669668e+00 1.139083467495500379e+01
1.899323329495654189e+00 1.241566985205171214e+01
1.921771494761881582e+00 1.242021678104719129e+01
1.396818112512612897e+00 1.129464144017855354e+01
1.508288028974812622e+00 1.132844102424616750e+01
1.867823408678815689e+00 1.145834083514133006e+01
1.958675527900213931e+00 1.115567936577651409e+01
2.121064679732494795e+00 1.170089047310755781e+01
4.692908549800701712e-01 1.034452018899046344e+01
1.984866049011143829e+00 1.191824410254834987e+01
2.044094978461123979e+00 1.165076380124737199e+01
2.178187059000999515e+00 1.128012548297556528e+01
1.883552152859091056e+00 1.161055737399744636e+01
7.756496440356410726e-01 9.947746012958649686e+00
2.270217833867683943e+00 1.172603410744340380e+01
1.748987613265915453e+00 1.124874999526810804e+01
1.074818093856444001e+00 1.060537079171022334e+01
1.785364910778186376e+00 1.146481459561346128e+01
1.677883293546126753e+00 1.147241639183845408e+01
1.703599871248398623e+00 1.242215960932904650e+01
2.082660205629812911e+00 1.215301867047270790e+01
1.299528147434609426e+00 1.113697760619953669e+01
2.073513180472117856e+00 1.158525172974414374e+01
2.133526114881464153e+00 1.193247508156411563e+01
6.737716909779295493e-01 9.985802336330827700e+00
1.936543209181040837e+00 1.108267023248028060e+01
2.567978940795201392e+00 1.265330482994668593e+01
3.706510846449580510e-01 1.265389516518970225e+01
5.647485646308378904e-01 1.109690356451313242e+01
1.967699331113946348e+00 1.086065128968600391e+01
1.628944322792918564e+00 1.145796695914052954e+01
1.921772591262762342e+00 1.098772603701957706e+01
1.997589429162242469e+00 1.267019429367102212e+01
1.660307430298122888e+00 1.259788796116941612e+01
1.590327834842305776e+00 1.221547958597402328e+01
1.628465280229789647e+00 1.222216661158026341e+01
1.625726096419061184e+00 1.114862081364090152e+01
2.173805718928366382e+00 1.102489541022596420e+01
4.472033369010319781e-01 1.125652997378289299e+01
2.561172203714728313e-01 1.392131171247592469e+01
1.926604194067432996e+00 1.107196641983422403e+01
1.907470813476415783e+00 1.120211945549616139e+01
1.402227279593972531e+00 1.126752763353337450e+01
1.886444435040158574e+00 1.145103886473664012e+01
1.914920913669242442e+00 1.139545953773496656e+01
2.199280295925550632e+00 1.172205145480480581e+01
2.254190155182554722e+00 1.144739616500702439e+01
1.837322678674124354e+00 1.113981367364103647e+01
2.179185409526040562e+00 1.231302127784620026e+01
1.365622416372810566e+00 1.124703140988570205e+01
1.458632531185758197e+00 1.133658555232526055e+01
2.252753373615124843e+00 1.229372993678081549e+01
1.667203460403557935e+00 1.218816017958287823e+01
1.853450368421149630e+00 1.190209847077477079e+01
1.697049523673399118e+00 1.194292385097652698e+01
1.784296643153068906e+00 1.179818337522044125e+01
1.568690257780907205e+00 1.178981432655798223e+01
1.127248074331583805e+00 1.150788786429135513e+01
1.869047130764034170e+00 1.299713262425070148e+01
2.615234185104821640e-01 1.328356297046761547e+01
9.133028842342600928e-01 1.110661968134385980e+01
8.184625149990194526e-01 1.169228236952477573e+01
2.147447882887463688e+00 1.088553469499564486e+01
2.116068341601442526e+00 1.162453418532681937e+01
9.432692326797152971e-01 1.210399634422530113e+01
1.276163840993275400e+00 1.211097515154237314e+01
1.820065800788889465e+00 1.216673192711544971e+01
1.077038852091892096e+00 1.165022513465268261e+01
1.347850625384513057e+00 1.205434608856670309e+01
1.875869658226307468e+00 1.085385926849197347e+01
1.404966515969040097e+00 1.103824468053860564e+01
1.929830420341026365e+00 1.177275679072699788e+01
2.068419487850626570e+00 1.125918041020049465e+01
2.198399968598328869e+00 1.124386686456405471e+01
2.185487266439116727e+00 1.142874088868010851e+01
1.949800511523226199e+00 1.104400612750066202e+01
1.978738810250277647e+00 1.090779401510497770e+01
1.907603688829057953e+00 1.262791040973961998e+01
2.231710660718634553e+00 1.233692181320629011e+01
2.177811992497908467e+00 1.243982970139271771e+01
2.062879943732628174e+00 1.097191127803675670e+01
2.139823411574637291e+00 1.207370573443538930e+01
1.176661522306482910e+00 1.191382338160654086e+01
1.487711588035236288e+00 1.166745177296365199e+01
1.976502617645873983e+00 1.116667043482621224e+01
2.205257778888101594e+00 1.215064157104582243e+01
1.608893448162781681e+00 1.212907872721170577e+01
7.026263178226397343e-01 1.096075656005242216e+01
1.788485377147732924e+00 1.121466276580994936e+01
2.078026533960462441e+00 1.081839335529145529e+01
1.936605078167408234e+00 1.196732282370364686e+01
1.854687761358001730e+00 1.217066344182166304e+01
1.631655394645830759e+00 1.239811873163443501e+01
1.405877396640002663e+00 1.282901574405093648e+01
2.025363947527854869e+00 1.130719445840934689e+01
9.849069255971572012e-01 1.222786273296385851e+01
1.573069439196763231e+00 1.207833625629555030e+01
1.321189729502959098e+00 1.280815934474787454e+01
1.533676454488940966e+00 1.231866346944217305e+01
1.927160401848195370e+00 1.173034866219322225e+01
8.357268918626757914e-01 1.211211235311710332e+01
2.065001391194416058e+00 1.126298950640991947e+01
2.103982616039898446e+00 1.113465575717940759e+01
1.166402893211140546e+00 1.296725878293046286e+01
1.914377267207060251e+00 1.184745263960206252e+01
1.705350303625235986e+00 1.193347151833037678e+01
2.050481419755807888e+00 1.182453190085902150e+01
9.476745997904890695e-01 1.196855405682506124e+01
1.929721593796616341e+00 1.170379860557713769e+01
1.973843111066778899e+00 1.171236754115661682e+01
1.970456917305051237e+00 1.200809706619283190e+01
1.083235937562802897e+00 1.130521093074526640e+01
1.944152141151820778e+00 1.247751880246291556e+01
1.097239618869461308e+00 1.198540683646473504e+01
2.023088545931266857e+00 1.232908264972252255e+01
1.636102656423792823e+00 1.239329682305491609e+01
2.300042202366118005e+00 1.280436985941232031e+01
2.174267006023590021e+00 1.286770001322970103e+01
2.009298490333554899e+00 1.176777578110026745e+01
1.946137986368432271e+00 1.062530013482101054e+01
1.935516023318987644e+00 1.104604403672857948e+01
2.090679577075175377e+00 1.221997006992106272e+01
1.140794515838360335e+00 1.213400120545413508e+01
2.020696341604584223e+00 1.151135207157117968e+01
1.920016040076294894e+00 1.213003902385310084e+01
5.606349693442278515e-01 1.174363638060543735e+01
1.528977296878405001e+00 1.232289135035581218e+01
1.816348433192058076e+00 1.141279874731438504e+01
1.628074322736004387e+00 1.145582538313779253e+01
2.582283950924387117e+00 1.281979691439471658e+01
2.064333160960717173e+00 1.135301309545193504e+01
1.239085517693626848e+00 1.203713956745757940e+01
1.278011914780705416e+00 1.152990273499086804e+01
1.811665639781260495e+00 1.288057957599886194e+01
4.768795615193843762e-01 1.257341525279801964e+01
8.287915358192895487e-01 1.136590412494666325e+01
2.045122595464969883e+00 1.130120837813135992e+01
2.049962869370514529e+00 1.129462443908156644e+01
2.172692345169111583e+00 1.139202414398910079e+01
2.133953841611297975e+00 1.168026912226581970e+01
1.776630816025712045e+00 1.126252803694466742e+01
1.667575531487132112e+00 1.121412556971391972e+01
1.303072020376228712e+00 1.070678899019103980e+01
2.396374490001510704e+00 1.168981406486778951e+01
2.297067924415694851e+00 1.265550612667911068e+01
2.125608996626399350e+00 1.141640390160061180e+01
2.006889529046064435e+00 1.044551631864214869e+01
1.931441770529458646e+00 1.083039265969712517e+01
1.920148237365517208e+00 1.264750188935191666e+01
2.063822738929235623e+00 1.254233750202703490e+01
1.487788683629146513e+00 1.145696987941341227e+01
1.912301851807132191e+00 1.242945388299894915e+01
2.081204921507904704e+00 1.190736320925604730e+01
2.151038909860025772e+00 1.217911537883908224e+01
1.909221290410180738e-01 1.186427080649104582e+01
1.118385780628438075e+00 1.055942586158397134e+01
1.753172313519511194e+00 1.137124293354818150e+01
1.782269010712401069e+00 1.137932699126127822e+01
1.969132172465748676e+00 1.157822902165036894e+01
7.832903578377895526e-01 1.120873720970379495e+01
1.754891977267269754e+00 1.271643792793052086e+01
2.096217413291207254e+00 1.199862471025078747e+01
1.596617726220825872e+00 1.251358651272335365e+01
2.053789101051089361e+00 1.266133025356365316e+01
1.843171724762008301e+00 1.145046020352016747e+01
1.137666884943325574e+00 1.070054276310330543e+01
1.143404702051226796e+00 1.202025085022302164e+01
1.524928291789994006e+00 1.234387568952167236e+01
1.968371463687240031e+00 1.108625490983177819e+01
1.941302935462338342e+00 1.134140634162930006e+01
1.742222745167843811e+00 1.201950019667245684e+01
1.925252720639455850e+00 1.178819537077577273e+01
1.968221846090043581e+00 1.169037020231321833e+01
1.039837702826604815e+00 1.142045169771150270e+01
1.405950217747673703e+00 1.136354909308944627e+01
1.518198475175765561e+00 1.188916778361954307e+01
1.986010010140923931e+00 1.152525878700318351e+01
1.855728419964769449e+00 1.148510514221109524e+01
1.958985643526181875e+00 1.118631401285720806e+01
1.386492432940494846e+00 1.103608133298677352e+01
1.892125060669672898e+00 1.210143363779989834e+01
5.388389056388988019e-01 1.185445180823498390e+01
1.692078433455985298e+00 1.136496990877351720e+01
3.390656576055438021e-01 1.150897216757083008e+01
1.544614467488368836e+00 1.210225341525913656e+01
2.039514022647336500e+00 1.143022913119372497e+01
1.710612804619894067e+00 1.120264332195469592e+01
2.034370126368480136e+00 1.187155729889050093e+01
1.848723740919158143e+00 1.236323102816765207e+01
1.954203805340598343e+00 1.259958662069948332e+01
2.145972418407644078e+00 1.239263807916648652e+01
2.155376506784829171e+00 1.224491375584175046e+01
1.584671157235981731e+00 1.150004195338134849e+01
1.993642160709580891e+00 1.085791397668780967e+01
1.554536732297525425e+00 1.143724303779812246e+01
1.882821456714051100e+00 1.154000931259090557e+01
2.077394651294889094e+00 1.125457498819462998e+01
2.006922966706257139e+00 1.256043307775592588e+01
2.049245770154328738e+00 1.224930575206730055e+01
1.484394248481655021e+00 1.194620843619768458e+01
1.743592651919296577e+00 1.173282083728989278e+01
1.075468697652212757e+00 1.184962941575648188e+01
1.177087157086207592e+00 1.180159968650415614e+01
1.469239849814795162e+00 1.209600295283273041e+01
2.016913907992109234e+00 1.154089610664538412e+01
2.274948604630306903e+00 1.292689694053360228e+01
2.322029388260378191e+00 1.276018389382013751e+01
2.144467057399880972e+00 1.127679810191351883e+01
2.113658193561201770e+00 1.135069214879088406e+01
1.529571528582207574e+00 1.117329336626545455e+01
1.258900186816428901e+00 1.094686209956189593e+01
1.518351507836028569e+00 1.151625384702102117e+01
1.142834670880018333e+00 1.093457891596919396e+01
1.649386785244029818e+00 1.226302585249370836e+01
1.148386395197301901e+00 1.158843032434380405e+01
5.391203542270981419e-01 1.132751577773712803e+01
2.153731514924434265e+00 1.283615163702281237e+01
1.333300277702487380e+00 1.113104299951826981e+01
1.966839118091801453e+00 1.060050352691587605e+01
1.620971142339653781e+00 1.183742162198891634e+01
1.133496166046416009e+00 1.162682143872852514e+01
1.763747961734502878e+00 1.179583775974048621e+01
2.007147429811092731e+00 1.195643556807225316e+01
2.183674662205646211e+00 1.169908768577745128e+01
1.913375710019919129e+00 1.219659113626519975e+01
2.353112442941943883e+00 1.174802234793685685e+01
2.314205001415901908e+00 1.187143696306274343e+01
1.951869470880657653e+00 1.145827830671451508e+01
1.988530344822021512e+00 1.265558038635304250e+01
1.948240610013771690e+00 1.217997596001385929e+01
1.948738313882264261e+00 1.214349545022186661e+01
1.985541738638711529e+00 1.194303007300911545e+01
2.091288638339353412e+00 1.098615468349342983e+01
2.003568699890232008e+00 1.140813261518979438e+01
1.206755971525581117e+00 1.122186790964000203e+01
6.433950213725598832e-01 1.138558347728605824e+01
2.116374878029215090e+00 1.126633006947230164e+01
1.947872903692795754e+00 1.228491641502823484e+01
1.350309472536932454e-01 8.691864015759326989e+00
2.327684962017070092e+00 1.194167751261675647e+01
1.576134551862445887e+00 1.089048134121531142e+01
1.923325340238062342e+00 1.121592160873761834e+01
1.702275532675116443e+00 1.180556881776982436e+01
1.290353219370071303e+00 1.195587037562111909e+01
2.223573849037384864e+00 1.146243519328689864e+01
2.143540902008580051e+00 1.181189151396202597e+01
2.048377407092429436e+00 1.186627988966051106e+01
5.184547833503626579e-01 9.768411764691043331e+00
1.423505562357925802e+00 1.154298232843230565e+01
2.089201232979706724e+00 1.147718504493190395e+01
2.508404556806415053e-01 8.330511801489592472e+00
1.766994800268854027e+00 1.148657800346154545e+01
2.085090331468494984e+00 1.227046317020889354e+01
1.989488382076892714e+00 1.237317024233232488e+01
5.923954216545675999e-01 1.152035085928283920e+01
4.927695793773916311e-01 1.190593800776607125e+01
2.128598497897718822e+00 1.247552871970675348e+01
2.170658689309252765e+00 1.106536940472665975e+01
2.538096339771510612e-01 1.366711672475511641e+01
6.485354642839492589e-01 1.081888873000638540e+01
1.952088881898947692e+00 1.071519340331986392e+01
2.203674782481813033e+00 1.214139760772981447e+01
1.960836356550274884e+00 1.190082196867791886e+01
2.003112991159545331e+00 1.157872250048576923e+01
1.798232320618064151e+00 1.240789514546851890e+01
1.432148889645181722e+00 1.129513056820126771e+01
1.030855848842065381e+00 1.085305417288042840e+01
1.519383179070565415e+00 1.196662567198170990e+01
1.484580471985427863e+00 1.233958648888869725e+01
2.172118696529187876e+00 1.069732949370486885e+01
1.904127011985380591e+00 1.269367530917888942e+01
2.096897682598126700e+00 1.137479762590103860e+01
1.998704426801575229e+00 1.156055118890593825e+01
1.690536136630360176e+00 1.135328194686085190e+01
6.692198584436298558e-01 1.184897650335404506e+01
1.965924321959208187e+00 1.199835132842355634e+01
2.056645325930571477e+00 1.133926808588556057e+01
1.381748437585126998e+00 1.149995173206613686e+01
1.969468953978266379e+00 1.171966213441053917e+01
2.325266402091477946e+00 1.112337718866481140e+01
2.252421245486618151e+00 1.155246943312288188e+01
2.106812502863004699e+00 1.248560589372202756e+01
2.068725247609108475e+00 1.124425816791213961e+01
2.012133269214969822e+00 1.142534109524653019e+01
1.772850986935649242e+00 1.172178266105519384e+01
1.832756503582320118e+00 1.170078241571773248e+01
2.643242926259384173e+00 1.295418207959484036e+01
1.783546638439521326e+00 1.255677886897244733e+01
2.281316935470039109e+00 1.221482735319904833e+01
1.286556978454600042e+00 1.113369044763028448e+01
1.952930735955012098e+00 1.142481480480303802e+01
8.279808500492149559e-01 1.142128182897497446e+01
1.943930014242691406e+00 1.201624504164096230e+01
2.149964028430243257e+00 1.215926925243271484e+01
2.152586488497727490e+00 1.216201621434193036e+01
1.922728426052127571e+00 1.145858378373981701e+01
1.870304748507704229e+00 1.150835343225346818e+01
3.780005005552223296e-01 1.053398691211873839e+01
2.245361900373812780e+00 1.240710493099005163e+01
7.551735313009030337e-01 1.230367711525420660e+01
2.110527821686398298e+00 1.282281810531205757e+01
2.162447853362305494e+00 1.175931945290718161e+01
1.780413057428423595e+00 1.205214526831870359e+01
2.054040480306458694e+00 1.102204997191354430e+01
2.060429108178773117e+00 1.100953859139080393e+01
2.044520997235128590e+00 1.166206611666552639e+01
1.977994417800629900e+00 1.203749230616873511e+01
1.896496696233831658e+00 1.097181931750260908e+01
1.983405760980776034e+00 1.163745209474186382e+01
1.989115673111893523e+00 1.162716493843834442e+01
1.514371827509758406e+00 1.265303205453880331e+01
2.209892170516781995e+00 1.212109634073703468e+01
2.002713287624001026e+00 1.086099065443505474e+01
1.954296437257772023e+00 1.146521270255722591e+01
1.556536188974792845e+00 1.153048401195708728e+01
1.126022754250422864e+00 1.273581104340913939e+01
1.380870404239162186e+00 1.271985300354169723e+01
1.970092610531205546e+00 1.115692986508372542e+01
1.311155691783375099e+00 1.111383974223692483e+01
1.708148543502419736e+00 1.149671163026379972e+01
1.261090285328196225e+00 1.090378474809036824e+01
1.907548624894429334e+00 1.114361590899530796e+01
2.097317902020219282e+00 1.182722686887745311e+01
2.036228685494582358e+00 1.169107229298203876e+01
1.274730163161144070e+00 1.251830558368368607e+01
1.079010818379375625e+00 1.139857243397424469e+01
2.084987424121402810e+00 1.091719536059288487e+01
1.758673395406028961e+00 1.167050729537425013e+01
1.391368487038205259e+00 1.143693655613598814e+01
6.747978027352861119e-01 1.078911939816990007e+01
1.726814328548330613e+00 1.216219211569321601e+01
2.220855842649051670e+00 1.171766679551918067e+01
1.997127026856910570e+00 1.103013909180325669e+01
2.049241009912276645e+00 1.100822838759797229e+01
7.112452233067183549e-01 1.208776289208407206e+01
1.995019041873213217e+00 1.135310525355511579e+01
1.846498325810202568e+00 1.166164224196138122e+01
2.150360480835106447e+00 1.157784542670395922e+01
2.010750106327274356e+00 1.067269580305217502e+01
2.035273732531436508e+00 1.035825984521214060e+01
2.098498593036709270e+00 1.251091547263852277e+01
2.172197901840661416e+00 1.254147866529233113e+01
1.998900706385276838e+00 1.095271668318012814e+01
2.007694001389990213e+00 1.086899586323454692e+01
1.281213107691139497e+00 1.117581830857024805e+01
1.571568532745162061e+00 1.201016450112908451e+01
1.631297276316592271e+00 1.187322309279820587e+01
9.856415614635147815e-01 1.124707436517232395e+01
1.969085612315621514e+00 1.113089323807741771e+01
9.046846491824637182e-01 1.078280224352866412e+01
1.759567349406449654e+00 1.088813868071200552e+01
2.057114055932682373e+00 1.225298141983135380e+01
1.690393495282507930e+00 1.091689629879014412e+01
2.018812575904924689e+00 1.097944707110471363e+01
1.739857680679347318e+00 1.252782314740511360e+01
2.449571655145913240e+00 1.249957268977557057e+01
2.212570046354445985e+00 1.202761270383514436e+01
2.111529533950054383e+00 1.167726909040843175e+01
8.845064827243538375e-01 1.087662906736424695e+01
1.527878953303327014e+00 1.136141609571962618e+01
2.263267885090700204e+00 1.209047438060905755e+01
2.020786403489168048e+00 1.128950427084696884e+01
1.734201976042526905e+00 1.109808464170314757e+01
1.945879324929627119e+00 1.116762927100402969e+01
1.641872414664882651e+00 1.134907356952387580e+01
2.143625371285404757e+00 1.141312518012518318e+01
1.246068211030257222e+00 1.169489243805162637e+01
2.182200931161733415e+00 1.222056934683253537e+01
2.081944746633374699e+00 1.113147229260806270e+01
1.894318211933515572e+00 1.127044379375418437e+01
1.982489525658369889e+00 1.103474297802880955e+01
1.525964778965517299e+00 1.146400229081350197e+01
2.094302256507363680e+00 1.232971005622948724e+01
2.043728405956668048e+00 1.115478216992734950e+01
1.671459900528425191e+00 1.170574456507645245e+01
2.413850356409928288e+00 1.253421166611313531e+01
2.262410920302707851e+00 1.239749082464894059e+01
2.268473421522775535e+00 1.238422533223831756e+01
2.980098294687987814e-01 8.799985465302102128e+00
2.096571206954503275e+00 1.078161672214030986e+01
2.086303639839634627e+00 1.088914813076286592e+01
2.102439088706964387e+00 1.233574388069897587e+01
1.621006687559250148e+00 1.194891033256761581e+01
2.114525436658587498e+00 1.166933874949834937e+01
1.831323565993534741e+00 1.162033518252860809e+01
1.908536545246948268e+00 1.149344003523227009e+01
1.942838576514860138e+00 1.137576094504709801e+01
2.086936140979168020e+00 1.228382709307372522e+01
2.054927914743238659e+00 1.235983302646842574e+01
2.088715439610530300e+00 1.257169364076744600e+01
1.361999032942713184e+00 1.253981761542033446e+01
2.208808554595899754e+00 1.125241339073663838e+01
2.022651336558749957e+00 1.139584288335626994e+01
1.446805751933422757e+00 1.093080958807587422e+01
1.840846918966198009e+00 1.195103735654568489e+01
2.290333991325715690e+00 1.140725726849314725e+01
2.441504763898073360e+00 1.212210621917699171e+01
2.249230595033884672e+00 1.246988698461347767e+01
2.201678957703344874e+00 1.086469189075487130e+01
2.106175944872564099e+00 1.107522136941679491e+01
1.926487149306721047e+00 1.098570606771498603e+01
1.988918424922860195e+00 1.105446569303037307e+01
1.926552791181006752e+00 1.170498322181150819e+01
1.290335341346124487e+00 1.170719964843394223e+01
2.231791582162971910e+00 1.212747110467795331e+01
1.046976231299107996e+00 1.150736199567191242e+01
1.513950192856154064e+00 1.209311464447000084e+01
9.911042865915957734e-01 1.052420427280601167e+01
2.067426570214408788e+00 1.121308762863075437e+01
2.138503804803150388e+00 1.199217738030230684e+01
1.907732343240942985e+00 1.097444765370144815e+01
2.023326230868724096e+00 1.074275779447972567e+01
2.083736993146549921e+00 1.202779776920316479e+01
1.007417230592324797e+00 1.232425495029955442e+01
2.340591178076422363e+00 1.184302386094793036e+01
1.690848773961279861e+00 1.238118849923371556e+01
1.247927805149961822e+00 1.073454677365063503e+01
2.082229875347762160e+00 1.111089301077558744e+01
1.951184894733435815e+00 1.186928333759325938e+01
2.049228465562978219e+00 1.273906280276790071e+01
1.758789485684975284e+00 1.243067103901752724e+01
1.983616225073576267e+00 1.195034558774408673e+01
2.228721258381080261e+00 1.105824694409222886e+01
2.089739704897110695e+00 1.267417230733749278e+01
2.166582243895501136e+00 1.237414975154369223e+01
1.959575458810018045e+00 1.068608823094323945e+01
8.668223683732975138e-01 1.134803970081499003e+01
1.013049329282778466e+00 1.088485462807847171e+01
1.880024455385464588e+00 1.182913954783748878e+01
2.205420969933576281e+00 1.085597448341189342e+01
2.002309809508249661e+00 1.118692813944533881e+01
1.307456658584709164e+00 1.142483639397150519e+01
2.109032082693854449e+00 1.068175470425653195e+01
1.849393673303899366e+00 1.133332132032600725e+01
1.773762782280026817e+00 1.224405973430151739e+01
8.412685161379117593e-01 1.163664019096064806e+01
1.669496129390922290e+00 1.196817338624311589e+01
1.748384120349890880e+00 1.243087803224220345e+01
1.981656155426337218e+00 1.126855178374125899e+01
1.984945082011200457e+00 1.116512368132020150e+01
1.781304234330216341e+00 1.238429451308831553e+01
2.055885986537631549e+00 1.227685994659140079e+01
1.936206971113966002e+00 1.234164009996334599e+01
1.690262022072160031e+00 1.221111166050841845e+01
6.087876772475242504e-01 1.040083532246939413e+01
1.672577770220517568e+00 1.194296588258959524e+01
1.990097678715379237e+00 1.157571688923944464e+01
2.096922459574974695e+00 1.152965167061941898e+01
1.111900223872768212e+00 1.139372356195805125e+01
1.196797153264003599e+00 1.215847722735005831e+01
1.920238005568106088e+00 1.257790443609438213e+01
1.526240425759357811e+00 1.223981671424974493e+01
1.446741623193029236e+00 1.117104549634287380e+01
1.813660046017999239e+00 1.159797576095153993e+01
1.843235882170699558e+00 1.153255737884866150e+01
8.626745060714803293e-01 1.149986929581790918e+01
1.692007102455269418e+00 1.237608288861421180e+01
2.078971767611549559e+00 1.108685717025108630e+01
1.341332553794449600e+00 1.144254833718095199e+01
2.240539999222968426e+00 1.249237585670655903e+01
2.463336433967646233e+00 1.237764868654704031e+01
8.985823878808744114e-01 1.149561871620458042e+01
2.003236007994673162e+00 1.112174813547232155e+01
2.054664915280430826e+00 1.279029008315575844e+01
1.568747204982887666e+00 1.283203424099567158e+01
1.527549304465138036e+00 1.171295806365712977e+01
1.429548897330868540e+00 1.167465248563733660e+01
1.492307583349261613e+00 1.094359189404720212e+01
1.960269811702587184e+00 1.097025685244800819e+01
2.041701072524062521e+00 1.143352636335788119e+01
1.205799250999721073e+00 1.177134205582585480e+01
1.222810075051579348e+00 1.237913632272124254e+01
2.337726018111914161e+00 1.238907278871120710e+01
8.412705776634297195e-01 1.192727215934700169e+01
6.280952373715440462e-01 1.074373845907360625e+01
1.742875499769816150e+00 1.140712920411212572e+01
1.985406448031610482e+00 1.225397596857388294e+01
2.034762500219136072e+00 1.188732274451087179e+01
1.679140977727395567e+00 1.182806382868004746e+01
1.897350534802871413e+00 1.217761572093901989e+01
1.198674439429936012e+00 1.177277679310991587e+01
1.124655335128446065e+00 1.128511584693183956e+01
2.290692310960429801e+00 1.252603306913161418e+01
1.825484766188744334e+00 1.140041299349078407e+01
2.062414168890315924e+00 1.147672941503026500e+01
1.915417766192520910e+00 1.194600807377919161e+01
7.998739966889194530e-01 9.495145998617967820e+00
1.445625960386585529e+00 1.215818658858258239e+01
1.581203424290511750e+00 1.211128577972104736e+01
1.818567190184894988e+00 1.188733217232625883e+01
6.568109388103473556e-01 1.019024628547910361e+01
1.671847018017082132e+00 1.099097915170079354e+01
1.921887563738138738e+00 1.167848136857804597e+01
1.666725456219519508e+00 1.196572449205832989e+01
2.219848624143441196e+00 1.112345571229635688e+01
1.550045835059748800e+00 1.137969420363217843e+01
1.498305044485288562e+00 1.237047061541856330e+01
1.142355672198128724e+00 1.188763206311535470e+01
1.957391010016367838e+00 1.148676707324735169e+01
1.954471762732704176e+00 1.139726617761029637e+01
2.101496293266025273e+00 1.077102453236221713e+01
1.956298740900904276e+00 1.296363006224239456e+01
2.361334161201986692e+00 1.309046655585700414e+01
2.008919381233451151e+00 1.156439730782975595e+01
2.053476424459928840e+00 1.198334476151113925e+01
1.440780481294346771e+00 1.227033418735679682e+01
1.919944849791595409e+00 1.184525337807589018e+01
2.160982260806143529e+00 1.147820420376605988e+01
2.213717190142968416e+00 1.224772187575621274e+01
1.952838253723266915e+00 1.262866085050402987e+01
1.941554381667234486e+00 1.100354119013906029e+01
1.318168399977250216e+00 1.094051081089465427e+01
2.354881534114309449e+00 1.193864701765864922e+01
2.232144535543229225e+00 1.215731568240125604e+01
2.028740048135057261e+00 1.071774099582915873e+01
9.458062106254310208e-01 1.040569377643291560e+01
1.838516531986508884e+00 1.239370845423324319e+01
2.042740174015566179e+00 1.159653725150168846e+01
2.238576946575721038e+00 1.186051537736403105e+01
1.952547721728648655e+00 1.181895663152658216e+01
5.316324502606147862e-01 1.061385692522112478e+01
2.146381963051048114e+00 1.162812056100692359e+01
2.063108174474456824e+00 1.177752337641210367e+01
2.076744754042518792e+00 1.162014335192966286e+01
1.801382495563996100e+00 1.166176573053364862e+01
1.381678068128575632e+00 1.142325582657061211e+01
1.502147001784970293e+00 1.145303688540762010e+01
1.622170418466743591e+00 1.166966074244061780e+01
2.014903462673547807e+00 1.110541665285416002e+01
1.995889900879655121e+00 1.129814684737717556e+01
5.882621571407384842e-01 1.244715568686191176e+01
2.024614559569450911e+00 1.147676574574590269e+01
2.071388549120967593e+00 1.117985077532086535e+01
2.454055527071758114e+00 1.183808715022660785e+01
2.437256623000063627e+00 1.204238927715691077e+01
3.767553140642971865e-01 1.033093563433234507e+01
1.994512066691913610e+00 1.167917511804432884e+01
1.987230539276857444e+00 1.173189048891153163e+01
1.913641463582150815e+00 1.112533809819355390e+01
2.059800134672588712e+00 1.184581054047605519e+01
2.075164658121870787e+00 1.166377341879843677e+01
2.383341947333598831e+00 1.185964760595933498e+01
2.275762124812809706e+00 1.211315799354683165e+01
2.082051675737888630e+00 1.156713874020011090e+01
2.077077924266530040e+00 1.100195091197243435e+01
1.128519672089360881e+00 1.215289015555553220e+01
1.938469041785737534e+00 1.213539681881607279e+01
1.300814143870845152e+00 1.156368262831078830e+01
2.012179992102947512e+00 1.083521382846620362e+01
2.269242579254843850e+00 1.114152301374968523e+01
1.417960051427107793e+00 1.205472925757185365e+01
1.868931689791095696e+00 1.257118986711278019e+01
9.291880881272809312e-01 1.141823540086320854e+01
8.682142914457282590e-01 1.138856359881032887e+01
1.983681219804147355e+00 1.107353528907920470e+01
1.842587574852870391e+00 1.133900281041342240e+01
2.269113491093695423e+00 1.282394913935267766e+01
1.237092829223073398e+00 1.146579282355287077e+01
1.623615301398877442e+00 1.230991062280416060e+01
2.295489023823567898e+00 1.231476647199663255e+01
2.273375596813777211e+00 1.254726257625656238e+01
1.922949071084433692e+00 1.115604032069259510e+01
1.263151007370085122e+00 1.081736502463716931e+01
2.263753523502724185e+00 1.216467966491326536e+01
1.998690038828045967e+00 1.229593082113525782e+01
2.175016326707868153e+00 1.152161699564858033e+01
2.086205169697782136e+00 1.111874619712238754e+01
1.715843682246631863e+00 1.171210455835881881e+01
2.073072376202380607e+00 1.174188671994603439e+01
1.104006366304614462e+00 1.088277668001318332e+01
1.937981974963576492e+00 1.222126185643874052e+01
1.855059698253596734e+00 1.228739880318252098e+01
2.178222776942747352e+00 1.068767624302935104e+01
2.196272656156196934e+00 1.209594053027793059e+01
2.237309837497244658e+00 1.184320069424805943e+01
1.341349602819910780e+00 1.127017397862732651e+01
1.718806559206815798e+00 1.277233390950209291e+01
1.903941318875552291e+00 1.205324514328269103e+01
6.296442818897031168e-01 1.138937062531736188e+01
1.757566383189460346e+00 1.207815611109236897e+01
2.219949729396146321e+00 1.107469447263274809e+01
1.766140316300275126e+00 1.147021652062523600e+01
2.044549070588863149e+00 1.179114384805932936e+01
2.098175104671111235e+00 1.140472389611081638e+01
2.047208088270002335e+00 1.088155376946644459e+01
1.986535578591530626e+00 1.152775142021016030e+01
5.137190031935148227e-01 1.208347434184173430e+01
2.034004115882309893e+00 1.235334398754255680e+01
1.924831741244492411e+00 1.162944042890160112e+01
1.976524718504316214e+00 1.152785444232648082e+01
2.122471000820369547e+00 1.244805719261189303e+01
2.117463586466406866e+00 1.246974313583702987e+01
1.567450033156187805e+00 1.169931366753497137e+01
1.927172168916588157e+00 1.160499408568352031e+01
1.886530804691673724e-01 1.223086653741112961e+01
2.279603554092815454e+00 1.175878216414161059e+01
2.155932226670025820e+00 1.100425734388610977e+01
1.355864152730255290e+00 1.053289470737202826e+01
1.991853675617333064e+00 1.136542741028214820e+01
1.599209971407511421e+00 1.148687543411701206e+01
2.097431224959140472e+00 1.153134884996510579e+01
1.572562761931636466e+00 1.235052399368946219e+01
2.160533712466132350e+00 1.240456520218565828e+01
8.494452807587998810e-01 1.156898253569897328e+01
1.569242766831519864e+00 1.171357242590359604e+01
1.855694734509997001e+00 1.116336581712105591e+01
2.165787926175862577e+00 1.186200826549697496e+01
1.501869374049661365e+00 1.235268922731185270e+01
1.924958566211178335e+00 1.152515892108568174e+01
1.873477330590597623e+00 1.162008595080805406e+01
2.293112643320103672e+00 1.254333726777597136e+01
2.412917131609285004e+00 1.228919804603644472e+01
2.032746117096309479e+00 1.235303007641046591e+01
1.827189786422516837e+00 1.254468628306261913e+01
1.270161869647921549e+00 1.191070815820321727e+01
1.833132113004168229e+00 1.225384815609750788e+01
2.082021547316865728e+00 1.181563422959619203e+01
1.254627075289153293e+00 1.275622511980382257e+01
2.283806465085346460e+00 1.244579927261898966e+01
2.159871759568787297e+00 1.220105761670403588e+01
2.128897448278423088e+00 1.243557276150713875e+01
1.995252236458409767e+00 1.132495600337000852e+01
1.793072812448383013e+00 1.192370023262667900e+01
2.078998502000826143e+00 1.280394710794001334e+01
1.203091480575249728e+00 1.235578950517487939e+01
2.245030054885976067e+00 1.126519468629209797e+01
2.207268944032765301e+00 1.155112452836753612e+01
1.860430380838153264e+00 1.250784320895051138e+01
2.280641749839150911e+00 1.230097431516911577e+01
1.835706207836118375e+00 1.171113375889421704e+01
1.982386941343195819e+00 1.155150646728688635e+01
2.144543825144102467e+00 1.101429326409253129e+01
1.752513522999040285e+00 1.242201853575898163e+01
1.961050730940608888e+00 1.191568860853943512e+01
1.329332805179623378e+00 1.176985501756310626e+01
7.218889298406125921e-01 1.139769198765481306e+01
2.540078559658443424e+00 1.215204276187044741e+01
2.539882972468241018e+00 1.215508308036653062e+01
2.263091901430989594e+00 1.230004424933846074e+01
1.965449824946820856e+00 1.127812345557497054e+01
2.060011974950167080e+00 1.128779546862808481e+01
1.809507799476336887e+00 1.143233602391368997e+01
1.123440223415742567e+00 1.080427680778424637e+01
1.685459580134309965e+00 1.129040747405242584e+01
1.975063628589563525e+00 1.135414737527603712e+01
2.046327535810936293e+00 1.114715157438222803e+01
2.104398099857478943e+00 1.222171197500651196e+01
2.097440966544203533e+00 1.224129332388591962e+01
1.754671971375227901e+00 1.205730587714118229e+01
2.106489953503652313e+00 1.229706173090690768e+01
2.098702597432108075e+00 1.236708531045431769e+01
1.251996999593232518e+00 1.116108056242385338e+01
1.989747459410048158e+00 1.090439465988838563e+01
1.899659724039432396e+00 1.180997638371794167e+01
1.764450891201229554e+00 1.241308224372185975e+01
1.633274843322433778e+00 1.229821350204641739e+01
1.818584764382211283e+00 1.188584296995060896e+01
1.988996240235064272e+00 1.239191412895307032e+01
2.060557484236336112e+00 1.214398890446215873e+01
1.688451278138538569e+00 1.214799923499578682e+01
1.999907266429798103e+00 1.145600005893527218e+01
1.657039616267343973e+00 1.084488514113555446e+01
2.212151593579465114e+00 1.081486741049197065e+01
1.576193583666160025e+00 1.241678763763249904e+01
6.185182945330101045e-01 1.167724123038977879e+01
1.654973870506073474e+00 1.228883675812215515e+01
1.616539728937909537e+00 1.227878858991389777e+01
4.658028608196677633e-01 1.012052604674721046e+01
1.654130204502858970e+00 1.220607166893542583e+01
2.036507703666000868e+00 1.207915779035451642e+01
1.798307391808841471e+00 1.105309569774913570e+01
1.696870047101728396e+00 1.113992526997798294e+01
1.510285068027914956e+00 1.225746697793918116e+01
1.795846620571072805e+00 1.166705156626606588e+01
2.462019015451660575e+00 1.299786240836958484e+01
2.033311825379525040e+00 1.204980220026306270e+01
8.905658471473300031e-01 1.253023229346657885e+01
1.857334914851859420e+00 1.112809335742621464e+01
2.240054154057730784e+00 1.185650978999245631e+01
5.649239877637468599e-01 1.139734744901822872e+01
1.710956364845638733e+00 1.249490145353255244e+01
1.520567563929458688e+00 1.236901375029134087e+01
5.484940100543078678e-01 9.462903037638858095e+00
1.127894761018245484e+00 1.230700837503108680e+01
1.640025510176529977e+00 1.218348932025534381e+01
1.066746527904192998e+00 1.151611205905078172e+01
2.123914014232038738e+00 1.244307031585949019e+01
2.075057662032546713e+00 1.172851330082350252e+01
1.674539983346148952e+00 1.268353080143940126e+01
7.279570619039259505e-01 1.050810383098795597e+01
7.906695527772440446e-01 1.059933496416954313e+01
2.058954129205598615e+00 1.224436887108748095e+01
1.390975289021779693e+00 1.179678374697003562e+01
9.980834151452977476e-01 1.139574010701537787e+01
3.807333515022077730e-01 9.418661907036888437e+00
9.316500263997727904e-01 1.027076013864841819e+01
1.246480448365741900e+00 1.123203628897910633e+01
2.086195644608956457e+00 1.132572121931286091e+01
1.807533970173988314e+00 1.155546185829002148e+01
2.064635935484815832e+00 1.135801515265335482e+01
2.031947656410689973e+00 1.211318257651722696e+01
1.986137984285666569e+00 1.221734245206701353e+01
9.867838623535100107e-01 1.144581897593667996e+01
1.952166292635526768e+00 1.231515562593752477e+01
2.168236092528585512e+00 1.191709635089353903e+01
1.992170779585694884e+00 1.085130362523551639e+01
1.457614185830596876e+00 1.126862477935294571e+01
1.858545954583700643e+00 1.246264487599853510e+01
1.960613194741452237e+00 1.238604530451236840e+01
1.762169787297643397e+00 1.154157522520773860e+01
1.768442425631140846e+00 1.194943091295485615e+01
2.099305708861175734e+00 1.155957334252074098e+01
1.448952560220318375e+00 1.188638818056934809e+01
2.047284360943846693e+00 1.154747902933358006e+01
2.098392050862522229e+00 1.086600054214593669e+01
2.073464956882082433e+00 1.109896851922142957e+01
2.052664992200432525e+00 1.258771120742145655e+01
2.023648093218159527e+00 1.265706192824635146e+01
2.347048251968983479e+00 1.203337996495487161e+01
2.296212929359198185e+00 1.092665638650142590e+01
1.275344194824618471e+00 1.066591525687715070e+01
1.413220686582191243e+00 1.132308628521142602e+01
1.891629649322563056e+00 1.244234358042718824e+01
4.616375797855889473e-01 1.304005131271436646e+01
5.779696041613040514e-01 1.007036065352173893e+01
1.427401449908907827e+00 1.196409033638745356e+01
2.010734555121746592e+00 1.190035929225247102e+01
2.024138427723193967e+00 1.132554312153155962e+01
1.851953757805964829e+00 1.172125462392548023e+01
1.958261365648849672e+00 1.180609542366674880e+01
1.872152780952228701e+00 1.187838705798814587e+01
2.038814645553764127e+00 1.144859746783350296e+01
1.992117404510511891e+00 1.209719959125529520e+01
1.799964828184422272e+00 1.220975420425480884e+01
2.405125328034940058e+00 1.326169265590671920e+01
2.159077225878942130e+00 1.179624180603476269e+01
2.162522181551276734e+00 1.177545098384524458e+01
2.050019457294450564e+00 1.137802970212165121e+01
1.838423361998982486e+00 1.191231903336406006e+01
7.232628945663848175e-01 1.158525654832343044e+01
1.779933065060376851e+00 1.221477353744307059e+01
1.063360159132547889e+00 1.035267798395533312e+01
2.162775526439839169e+00 1.087983974359227091e+01
2.011132916662673686e+00 1.083662511939905393e+01
1.943056915816399499e+00 1.091932146803792492e+01
1.843004421696307737e+00 1.151315909515347791e+01
1.988338675185215898e+00 1.144132235191824698e+01
6.461963535156824978e-01 9.955583071528515404e+00
2.087567890984117547e+00 1.160752453190250399e+01
1.846614435506423124e+00 1.171648836233477020e+01
1.149352828409723415e+00 1.071184618163535518e+01
1.438857038834047142e-01 1.636506112004358116e+01
2.151399819931748780e+00 1.161175481334019999e+01
1.945941290517312572e+00 1.182893173047832747e+01
2.086485798861481111e+00 1.187320567892917111e+01
2.022329573856771034e+00 1.196346457838365751e+01
1.976522768517999795e+00 1.274769973652706945e+01
1.290600788027970847e+00 1.220442538183159620e+01
1.804068698138159954e+00 1.160779471112931205e+01
9.057878997525371789e-02 4.642809728731723595e+01
1.821542319407165822e+00 1.141589615123455026e+01
1.820799125727645906e+00 1.141635437373875916e+01
1.262336078251272919e+00 1.116415732542577821e+01
1.263192710828048737e+00 1.179045212999321457e+01
2.280255471686126523e+00 1.302156374745464618e+01
2.118996929731833401e+00 1.152980872476246965e+01
2.216352264710993669e+00 1.128596314468829220e+01
2.168917812214094187e+00 1.128201653996460863e+01
2.011697629040564816e+00 1.126440831536036846e+01
2.087446732636818236e+00 1.087732701369754196e+01
1.548442327747744152e+00 1.147600731319304934e+01
1.889966340214554563e+00 1.162718892051680797e+01
3.737326983845425388e-01 9.755151057754764210e+00
2.133334232960395482e+00 1.171209906604851447e+01
2.044493150793269098e+00 1.128824668562333144e+01
1.150012369134201018e+00 1.079127255042572209e+01
1.438206258230334766e+00 1.218933924955442016e+01
1.939805450313786928e+00 1.080063999555832055e+01
1.991746921467252074e+00 1.071078363038659020e+01
2.236022973792344715e+00 1.226652472692498641e+01
2.206159927166914336e+00 1.229392594707855402e+01
2.065357475057171488e+00 1.185229225734262570e+01
2.063648409653478843e+00 1.189261677740691248e+01
2.137339894521954164e+00 1.113610784747223548e+01
1.595729071326951631e+00 1.288558438671859996e+01
1.749038931712648237e+00 1.261946291773399409e+01
2.278322605250351351e+00 1.246212841010190076e+01
1.680690136985872440e+00 1.192950123777499805e+01
2.079301196706326404e+00 1.118660965733230128e+01
1.457808236458105755e+00 1.230830612378722577e+01
2.078375267779708935e+00 1.126301107774130728e+01
1.486858467749373913e+00 1.268743709878851433e+01
9.467375268766421437e-01 1.271730387469445134e+01
1.995745708976813804e+00 1.162347047995342919e+01
1.767719569904949273e+00 1.186299439882630047e+01
1.818112827362538653e+00 1.188431759584606873e+01
4.087231964559878139e-01 1.233173459952251783e+01
1.868812311914915369e+00 1.211759064846300760e+01
1.635397594736879512e+00 1.201279330241801446e+01
9.510068742619887106e-01 1.074035915120435725e+01
1.299457005499627948e+00 1.141452570538569411e+01
1.505706029584458649e+00 1.143669512415083567e+01
1.879904189504467027e+00 1.146508664178182180e+01
9.799193251953097761e-01 1.190724487456811431e+01
1.835217914866036582e+00 1.232127898588669090e+01
1.871202331674365782e+00 1.156164841807566290e+01
1.905517885103087394e+00 1.155848028015223150e+01
2.050273504643099542e+00 1.152663758616180623e+01
1.796682250453214280e+00 1.195270622406699168e+01
1.167750251232583025e+00 1.211933499567434858e+01
1.751557434915288480e+00 1.184545125515670350e+01
1.967334995244934159e+00 1.202011825090256991e+01
1.031888439335662433e+00 1.216171936162882083e+01
1.894259815674497194e+00 1.160483947923128767e+01
1.237314486994922857e+00 1.120266339217501006e+01
1.846178478203074569e+00 1.240300602904568450e+01
2.410277271099603436e+00 1.248745222241863395e+01
8.808449762718508769e-01 1.200981921883057169e+01
2.258281486464794430e+00 1.176512925520348674e+01
2.063166598487294223e+00 1.241632742461263028e+01
1.881968732375902675e+00 1.143832132357351483e+01
7.697476726315968243e-01 1.152991978984568711e+01
2.130432209552981515e+00 1.199978241900618592e+01
2.113035422273970454e+00 1.204195031047894204e+01
1.898964176608425591e-01 1.416930355289290233e+01
2.121777808655918918e+00 1.185787042760141929e+01
2.128668750760198236e+00 1.181241477137779050e+01
1.797147465092284957e+00 1.133246172797185913e+01
1.773351865581563658e+00 1.135476718943306551e+01
2.184833614808361801e+00 1.302647025624321131e+01
1.556670408020210505e+00 1.275943033332170273e+01
2.151763598361312813e+00 1.100649480699764737e+01
2.209013588909299219e+00 1.236238044816807680e+01
2.016028658036393750e+00 1.263897126758527989e+01
2.147398498893289265e+00 1.178548572443922815e+01
1.885495252718435655e+00 1.087632837985801970e+01
1.760593761099399801e+00 1.097985121474303760e+01
2.030938933549787162e+00 1.199179735660862178e+01
1.974933399010992741e+00 1.216540550477780869e+01
2.223485883246533401e+00 1.190192093208617052e+01
2.229763980668422629e+00 1.187565895155947970e+01
1.604603760070525631e+00 1.147375730956109940e+01
1.092308747999736429e+00 1.183810013789949522e+01
1.859484138748148219e+00 1.162104690150352049e+01
2.198052889616003203e+00 1.191462537305536173e+01
2.059108544326824664e+00 1.219714562052234719e+01
1.990286389380628407e+00 1.069387779575261099e+01
1.883598678498634049e+00 1.097754548985996514e+01
2.016328072772559210e+00 1.097300134746118516e+01
1.576585980119000086e+00 1.151286242737926990e+01
7.764387511413676224e-01 1.045641917077446514e+01
2.072546395351619442e+00 1.274679602986280358e+01
8.129517430717254634e-01 1.194882919617890060e+01
1.378068506395300652e+00 1.099214696503820043e+01
1.915521625518587179e+00 1.203069315851912080e+01
2.101711309644347825e+00 1.173591775093154510e+01
1.890976229994575597e+00 1.200843986533321228e+01
1.828546233856705339e+00 1.209865069232998636e+01
1.968024787093178407e+00 1.112985565720158654e+01
1.926937446626881600e+00 1.141576259171412566e+01
2.014173571329393564e+00 1.124946782719411509e+01
2.207958789901745433e+00 1.228136067906947559e+01
2.213928175757358119e+00 1.221423207430313340e+01
1.965243956399889136e+00 1.190918777430796105e+01
2.039286206860158490e+00 1.125565159897015022e+01
1.339844692141022087e+00 1.163690858825654217e+01
1.856212571670616374e+00 1.206259372679153685e+01
1.080666915228975844e+00 1.093055816276666725e+01
2.037436773543506607e+00 1.109114703517792933e+01
1.697113480973709398e+00 1.159663242163740016e+01
2.046272018511131385e+00 1.144822128530464767e+01
1.470416637754109246e+00 1.181087043674100912e+01
9.346021005863551778e-01 1.164078763766213065e+01
2.165220584620763500e+00 1.090440424282301635e+01
2.178484513357811903e+00 1.078769943286594035e+01
1.988239139212924611e+00 1.258315065919398812e+01
5.871485578076158784e-01 1.044818503485775629e+01
1.545998045000870347e+00 1.156768150001335371e+01
1.690927314477806309e+00 1.188665101629624665e+01
1.918419162437018599e+00 1.153277990691239019e+01
6.955791422628246901e-01 1.236383058769271770e+01
2.060640730030873780e+00 1.102781080005872560e+01
2.045164357436503266e+00 1.124119161672160239e+01
1.220191791615567789e+00 1.092980400529891050e+01
2.364627221006713853e+00 1.188729494669978237e+01
6.709704448659641329e-01 1.017323532027881505e+01
1.908900122020550372e+00 1.217797073321733237e+01
1.928475394145715782e+00 1.114551219145757166e+01
2.093863827688800860e+00 1.082143152972829014e+01
2.105146074003677814e+00 1.136622600543640971e+01
1.116799736950821353e+00 1.192098486756424691e+01
2.050659443242342395e+00 1.222055429832438023e+01
2.198481679596370419e+00 1.117063923580325202e+01
1.454527549318829882e+00 1.257204817905873817e+01
1.798055407181231580e+00 1.216479451528404532e+01
2.115007303236639657e+00 1.163947463627050460e+01
1.035785040018914360e+00 1.185762598258720679e+01
1.415180695183302140e+00 1.281086292952863026e+01
2.184522745558739043e+00 1.121934576163284980e+01
1.977524738178166874e+00 1.096137389070524293e+01
1.938855360663615413e+00 1.110183019086567136e+01
5.585298849298625523e-01 1.073766592648388851e+01
5.499592318006327751e-01 1.071587487700464614e+01
1.567031330879253392e+00 1.249780208421850780e+01
2.568358645448146849e+00 1.251149604628588818e+01
1.957422648925144948e+00 1.116791034374717206e+01
1.235320870263818094e+00 1.097711764380834154e+01
1.272951592673502885e+00 1.214495313320543168e+01
2.281330573070031509e+00 1.208431387238873356e+01
2.162314527130138053e+00 1.186305952777366102e+01
1.986148295834067712e+00 1.161626105288289068e+01
2.196032886218680424e+00 1.225345075583629573e+01
2.006736270662070165e+00 1.177867357019150596e+01
2.155047996424802381e+00 1.115861576244489051e+01
2.236023040877070045e+00 1.160988753080042279e+01
2.174976830496950342e+00 1.192353057154672413e+01
2.052725503379091432e+00 1.245069330437592292e+01
1.963383402976484504e+00 1.245880305854005954e+01
1.539281360487965378e+00 1.161914113015688699e+01
5.164144381846423881e-01 9.670195381384331768e+00
1.959817036270533830e+00 1.172616542929461403e+01
1.963818858887860452e+00 1.150202407213878075e+01
1.946434058793763411e+00 1.160276745285184852e+01
4.855293554126223765e-01 1.177177877214978530e+01
2.448297401993694944e+00 1.285552408016894255e+01
2.078936196777235512e+00 1.208674693685351365e+01
2.135830537098533544e+00 1.180085485409777313e+01
2.260926212068591123e+00 1.177209686674274458e+01
2.279523752780313384e+00 1.155280965410711502e+01
2.251303923466677848e+00 1.178115836884563805e+01
2.324309405768922865e+00 1.218791019430159039e+01
2.109326352863340137e+00 1.137212960914559012e+01
1.477648318451222353e+00 1.168382671721946764e+01
1.934363734642676302e+00 1.242900053025664242e+01
1.905820170203660124e+00 1.242244112405738576e+01
2.331963575806763611e+00 1.182583981793451677e+01
1.800516677942575638e+00 1.153776508402973633e+01
2.135561243302703360e+00 1.131907798734516213e+01
2.211464402169774246e+00 1.267539885375451725e+01
8.416611662411781491e-01 1.192934103978027416e+01
1.281679785406694805e+00 1.165489235610125185e+01
1.180968281573833156e+00 1.138532565176086742e+01
1.857207542633822817e+00 1.135050360812461179e+01
1.023743626277208829e+00 1.173341098157217743e+01
2.451060090100228184e+00 1.334545734297743280e+01
8.212025712431546554e-01 1.126899656457288579e+01
1.648216529155980936e+00 1.250106091526158458e+01
1.924107415092404016e+00 1.182111265440082093e+01
1.977696849021242542e+00 1.260315039832505413e+01
1.422549083574208728e+00 1.244141382023585507e+01
2.087532273324080645e+00 1.174838936702635905e+01
2.137056477244878572e+00 1.146683499836271558e+01
1.710278263012760869e+00 1.116141999128830697e+01
2.326933351199816702e+00 1.305020137666017455e+01
2.164797789866268030e+00 1.247407186977586235e+01
1.977126261729336809e+00 1.243450210291889313e+01
2.161981202861050999e+00 1.219617815050537679e+01
1.864884035590082201e+00 1.123973970738335915e+01
1.802958727560977081e+00 1.123295732915352829e+01
1.914294247060820853e+00 1.182106960332242807e+01
2.181544396300066690e+00 1.133053624997539721e+01
2.019764381471665260e+00 1.163003506468920811e+01
1.700997088017095704e+00 1.178035627143849240e+01
2.272931515170084182e+00 1.181668381966215797e+01
2.135791119954879580e+00 1.225356884051188544e+01
2.138327300307886869e+00 1.224493357454672982e+01
2.008320642826562974e+00 1.121799496724879752e+01
1.976986063113611358e+00 1.124973830723743262e+01
2.094407005606957473e+00 1.208784044943208080e+01
2.003532344715098112e+00 1.251250975520356512e+01
1.885171969366952416e+00 1.140759938121685835e+01
1.944465938489972068e+00 1.125658301485214530e+01
1.775825271832134344e+00 1.096706459058100869e+01
1.894869654764421041e+00 1.084413862578228382e+01
2.003588640567469881e+00 1.270882095673879419e+01
1.719529044340279311e+00 1.277321175733352554e+01
2.082619774423856374e+00 1.262394562454681868e+01
2.154406271706491349e+00 1.201688273310445432e+01
2.070511838179681430e+00 1.203137363582445474e+01
2.039124122819109264e+00 1.230520999046555097e+01
2.582353002005079445e-01 1.159968283917209853e+01
8.727101775994512423e-01 1.020914706437213759e+01
2.058917507826423687e+00 1.090912668660440943e+01
1.930877764366200733e+00 1.228042431977262083e+01
2.284417315956485339e+00 1.211125590063600654e+01
2.093866452127455258e+00 1.173952985259728443e+01
1.296340361737034819e+00 1.221583145397044490e+01
2.121280062603932315e+00 1.159240718804625025e+01
2.107725573426362686e+00 1.168212416336079329e+01
1.927525757238498727e+00 1.222088477612261137e+01
2.091978157475183231e+00 1.149689151584491142e+01
1.940185313236369113e+00 1.143378774383814012e+01
2.223388637714727611e+00 1.151591974405904573e+01
1.772771500724349192e+00 1.190291041079316336e+01
1.996439076692387182e+00 1.075906488279051665e+01
2.254992766058525611e+00 1.134619492546685748e+01
2.042519016885326000e+00 1.232999625204690552e+01
2.278851028697490566e+00 1.228846097363119760e+01
2.384647339763056095e+00 1.188432975380531254e+01
3.985279104764031244e-01 1.312176402979273604e+01
1.553168132528572221e+00 1.172755938811882004e+01
8.023660953715660016e-01 1.072995333761082115e+01
2.234745467935582042e+00 1.179699123709531250e+01
1.429605805174794630e+00 1.182438930387171183e+01
1.056920751160922878e+00 1.221051191448720097e+01
1.776147765372672493e+00 1.276525705429460800e+01
2.240038043120234690e+00 1.292220734542062033e+01
2.138127413768120100e+00 1.174985193083599277e+01
1.940428654567090572e+00 1.206485544825486222e+01
2.086868546074111208e+00 1.216949146387126213e+01
2.040760613766628317e+00 1.229932306353967952e+01
2.021658898126961645e+00 1.104660328941139547e+01
2.100819847577374055e+00 1.073035727582980670e+01
1.514565452799100598e+00 1.202246217280180574e+01
2.297286773082903188e+00 1.226448277578636947e+01
2.079421992575110512e+00 1.211493240975517161e+01
1.386274538314092641e+00 1.216729959798001914e+01
1.423021063708743483e+00 1.247289396753616941e+01
1.649108363820951606e+00 1.173170564630128609e+01
1.836706736219577696e+00 1.172030923906775612e+01
1.353006676182226364e+00 1.065132422186846917e+01
2.022553682377341566e+00 1.097714386564926414e+01
2.187299795659001678e+00 1.224272234048500962e+01
1.160674206843542500e+00 1.163621281177155709e+01
1.689730964381241485e+00 1.190634921001928781e+01
5.291550175169996706e-01 1.100191286501316590e+01
1.659714288434536167e+00 1.101528015990716369e+01
2.030453830967185347e+00 1.078506468297755383e+01
1.965504997811112098e+00 1.111182883264305943e+01
8.957786354162271536e-01 1.131794583705850954e+01
1.280098890875365658e+00 1.220004589963774499e+01
9.437609402165605399e-01 1.176472010192442497e+01
1.988074745719912828e+00 1.216534112362838194e+01
1.802751560756522986e+00 1.203821535403367982e+01
2.052946738847127417e+00 1.114472642077865316e+01
1.560684335460757799e+00 1.216773742665637670e+01
2.006142645968234106e+00 1.189428601687765941e+01
1.925686222670599745e+00 1.263460153168407452e+01
2.295693404186383901e+00 1.130677315107395842e+01
2.043526901669725504e+00 1.164775733416916736e+01
1.030928114296523201e+00 1.202637008280881048e+01
2.046848752629216506e+00 1.052683366029163814e+01
4.012174486639222271e-01 1.229784604101866563e+01
7.700510425902900025e-01 1.088148137969544571e+01
2.274676488467649360e+00 1.209410662271779202e+01
2.096455161353576901e+00 1.076920831041307380e+01
1.789290070660090493e+00 1.265936752613530203e+01
1.970465819312844147e+00 1.259946429279421487e+01
2.047603944510306029e+00 1.189492663288502250e+01
2.003876033498309006e+00 1.224876739856619423e+01
1.614792650655111794e+00 1.179486054337382228e+01
1.982340077117518140e+00 1.103078127149892751e+01
1.909953530884735740e+00 1.120863826015803966e+01
1.958946373075157732e+00 1.271377386898998196e+01
4.740679566065701955e-01 1.128342819267863639e+01
2.117984950279188539e+00 1.119716801430868536e+01
2.019367708946939732e+00 1.200139935203462649e+01
1.321536706138068396e-01 8.119272188502762333e+00
2.185300329163756494e+00 1.232154828979723327e+01
2.156710914831415415e+00 1.128406955473277051e+01
1.996826233576495246e+00 1.237536355226702334e+01
1.965887745197675507e+00 1.244516185396150298e+01
1.193563185930579307e+00 1.161728545643154220e+01
2.101883913654285063e+00 1.206045765836166694e+01
1.385971791933533481e+00 1.187694191326007953e+01
1.929722492789869515e+00 1.090211556443781404e+01
1.944509014838798677e+00 1.075779482730679959e+01
2.134831206189455877e+00 1.172802559197279315e+01
1.667174466529229848e+00 1.186141034445139297e+01
2.041486568057675477e+00 1.047189958445535396e+01
1.916473576861597694e+00 1.088955261015687448e+01
1.342496184934476089e+00 1.255665989459098242e+01
1.903795171300796563e+00 1.141241302860945517e+01
2.167129220898775355e+00 1.233071495667675777e+01
2.064278221859123352e+00 1.237156996258628006e+01
1.698292519120228272e+00 1.278109454634362407e+01
1.667099240809257310e+00 1.182555996303676338e+01
2.214591509829274774e+00 1.091951558771649999e+01
2.013837424264918408e+00 1.228750163859658961e+01
2.281524204031192493e+00 1.214869993837153395e+01
9.228226198817098824e-01 1.161927125846021980e+01
2.091625417092743966e+00 1.183308976819420977e+01
2.118619725539684584e+00 1.167864115714175099e+01
2.137029358007594748e+00 1.148171346284593852e+01
2.156792728351148991e+00 1.140095186626297341e+01
1.274177480766940818e+00 1.135040755104029309e+01
6.733975782656458353e-01 1.053873619265676886e+01
1.933608745896977732e+00 1.125155006613017683e+01
2.763517469384114134e-01 9.624580293664397601e+00
2.033175366501239090e+00 1.180019496729213557e+01
2.051108415649996353e+00 1.162318133831351119e+01
2.073737742342986579e+00 1.077850280187920262e+01
2.072810173489186170e+00 1.078531972860920973e+01
2.028329108758749832e+00 1.168569599251846824e+01
2.265780705655155991e+00 1.286667510258843272e+01
1.679953545672993265e+00 1.206707135660723473e+01
1.480226082482855032e+00 1.244615479794555313e+01
8.066560533277735701e-01 1.207106418336547016e+01
1.748352341978382407e+00 1.172730226495732175e+01
2.040729046399516466e+00 1.047556729875630310e+01
1.635087792694001951e+00 1.172630834060962535e+01
2.460067395480400432e+00 1.245460048062882308e+01
2.378956500917102534e+00 1.286062932946399506e+01
2.078304440269126641e+00 1.092771755714838378e+01
2.074727558974678754e+00 1.241359479268283295e+01
1.597304930618653085e+00 1.260741473522256584e+01
1.458885407770437626e+00 1.281641109743215168e+01
2.123741964489018752e+00 1.131056500006710230e+01
1.912729778024107263e+00 1.161261878412477699e+01
1.701317240970902978e+00 1.242091644385462601e+01
7.543678012508848729e-01 1.130942010537656195e+01
9.811922626456246466e-01 1.100514552748961528e+01
1.915516198206485665e+00 1.207790496691059623e+01
1.825496820311600210e+00 1.119471749770597135e+01
2.533660488833921143e+00 1.318637468565154869e+01
2.240473596227443132e+00 1.244001569381376804e+01
1.676016824495659252e+00 1.148859009425459199e+01
2.154902346925721357e+00 1.170503135085819935e+01
1.446356401912905376e+00 1.206115041794957854e+01
2.005624165063407904e+00 1.102798276196965688e+01
1.910253882109854251e+00 1.271455499167544723e+01
2.169946814644455380e+00 1.196107644791916513e+01
1.836419469381025404e+00 1.129865127855956075e+01
1.061979794731082505e+00 1.178918981917342457e+01
1.898975943970401703e+00 1.174773110384118269e+01
1.902053779186739568e+00 1.222895324565530117e+01
6.081904320852500323e-01 1.088701869214686013e+01
1.768737702964292335e+00 1.195360561500271501e+01
5.037434392813516792e-01 1.075338978263898504e+01
1.434375875133179656e+00 1.125606526778438798e+01
2.587017951478785438e+00 1.271847395726507379e+01
2.443499808039520715e+00 1.316917732934174801e+01
1.391458461603590102e+00 1.186677085226181205e+01
1.218678051993462796e+00 1.192918665660497979e+01
5.322911872285018831e-01 9.308036223701734002e+00
2.098996065161204516e+00 1.131110363657979612e+01
1.994330616741687212e+00 1.227399781022913672e+01
2.289734250667299076e+00 1.184394622479753956e+01
1.543590169938401591e+00 1.178153906890762492e+01
1.456885824525860018e+00 1.233594894048192536e+01
1.585614337364972481e+00 1.231687578470954847e+01
1.468317841535463630e+00 1.222804583724022898e+01
1.930687729752759374e+00 1.163067171508799369e+01
1.978853778973910904e+00 1.130603476103502025e+01
1.790942544281396875e+00 1.150519863689492439e+01
1.540885796564387844e+00 1.267938998067905843e+01
1.734907572786994479e+00 1.276288651376740368e+01
1.916790965237027411e+00 1.174778881385634222e+01
2.641536236748882049e-01 9.260889093276803763e+00
5.967057323074878017e-01 1.165736438297537880e+01
1.516463224320124148e+00 1.177813954439036159e+01
2.057239980093332754e+00 1.098587652594561170e+01
2.014532553274964499e+00 1.197247275293738511e+01
2.033181400803504513e+00 1.237734134296806054e+01
2.174396205326754483e+00 1.176793724530012852e+01
2.180245395715288748e+00 1.170470069498149890e+01
2.160468288683724758e+00 1.133803805901337824e+01
2.018336819528548265e+00 1.213885097448466155e+01
1.828200878155085141e+00 1.236396291777204226e+01
2.091291446699851342e+00 1.074395984651830460e+01
1.592039058033345889e+00 1.193804290903568521e+01
1.451687702649403944e+00 1.105538465849551422e+01
2.170180286062580510e+00 1.133600744494232870e+01
2.297489313310533188e+00 1.312730149819339154e+01
1.258687956597565716e+00 1.221837092153068660e+01
1.592279998761834348e+00 1.244134717301310289e+01
1.859352663699583186e+00 1.244225846652403789e+01
1.952339128807131896e+00 1.088511567259929791e+01
1.717365392861435192e+00 1.119230067756405944e+01
2.297562935871369394e+00 1.110951245819387090e+01
2.298769620918076573e+00 1.108678713215051381e+01
1.402284575058927896e+00 1.182045984436978792e+01
2.115894070086495660e+00 1.151057709796148742e+01
1.811313042567873177e+00 1.126466273163728182e+01
2.044901779980047074e+00 1.106047798202265220e+01
1.605994256913149343e+00 1.154950955462141238e+01
1.800617201707903847e+00 1.154452843698298103e+01
1.900411515409331065e+00 1.147423817475886842e+01
4.719220409974723696e-01 1.090594657017534175e+01
1.737191631688886018e+00 1.168286145602476367e+01
2.233353597303686655e+00 1.175325910469824997e+01
2.084944261181459257e+00 1.183938743958266393e+01
1.987799102796022233e+00 1.188104267617831411e+01
1.951172257115251885e+00 1.198998737484192390e+01
1.016672387027220736e+00 1.003059520914120561e+01
1.871006494980086421e+00 1.238338991538056888e+01
1.947501669865462137e+00 1.214459391846628122e+01
1.871959133149772692e+00 1.228175994642801960e+01
2.025092975770176107e+00 1.109324118717146845e+01
2.000665930800887171e+00 1.127778072423811828e+01
1.877075550004127402e+00 1.164782943341385391e+01
1.936431396109785430e+00 1.151758706931862797e+01
2.024241165455232139e+00 1.087338885880417827e+01
1.961789062361106950e+00 1.116259589439041022e+01
1.009207025202240482e+00 1.193502675301908944e+01
9.286408864755263393e-01 1.193051240383120337e+01
1.283369887669495446e+00 1.090938044495363712e+01
2.088722541524769216e+00 1.227395086581296368e+01
2.121582034055723209e+00 1.215798563511359909e+01
1.975118330409155964e+00 1.170537727196643552e+01
2.037889821855614958e+00 1.125722222205816259e+01
1.972714880898545076e+00 1.142894920673068881e+01
1.973098467537609757e+00 1.142945844223602947e+01
1.991553498228580521e+00 1.119202153175587355e+01
6.390984784740334490e-01 1.033225118840462997e+01
2.400942866561908140e+00 1.309685247699238353e+01
1.907218725835157391e+00 1.264847633818274630e+01
2.073730072572196992e+00 1.213899874956146618e+01
2.111290767799761436e+00 1.190492280673586478e+01
1.275923192557978147e+00 1.087418370145918800e+01
2.218361526881454715e+00 1.143738457198239011e+01
6.483112220685635085e-01 1.177615433183866323e+01
1.191495564254307249e+00 1.227935475585282532e+01
5.903019563269553682e-01 1.015644657661987438e+01
1.799559475466393721e+00 1.231739647214151745e+01
1.978885855134522753e+00 1.220992853718369986e+01
1.990748428159627714e+00 1.273842597516666686e+01
1.843237666814466325e+00 1.150292815062524276e+01
2.031629100028624624e+00 1.109901021595961801e+01
2.038464967755964530e+00 1.163651375287818190e+01
1.252964195441713224e+00 1.200978271741014503e+01
2.221398754970215439e+00 1.162595593960244855e+01
2.214351824879308150e+00 1.168425615964656394e+01
2.072231893402537217e+00 1.256246904974902101e+01
7.385465053233304378e-01 1.124530036444891401e+01
1.988253491803877893e+00 1.075440236167957231e+01
1.894436988422613988e+00 1.119244383214501859e+01
1.965445903520870008e+00 1.156267693003332475e+01
1.983840480848043653e+00 1.136591034961693225e+01
2.404835599062034923e+00 1.197446380627462936e+01
4.979614415931402638e-01 1.201188568011313684e+01
2.028939036422729991e+00 1.109303939173033449e+01
1.895701872002698130e+00 1.115861494800940790e+01
1.432263598062860410e+00 1.190564182375880264e+01
1.521527313937316217e+00 1.202358425824444232e+01
1.599371326382835745e+00 1.214369801435099383e+01
1.468750487479934863e+00 1.204555742582947886e+01
1.647651615075413911e+00 1.182228713299093137e+01
1.855378488138365922e+00 1.200283542697268580e+01
1.984270161574703373e+00 1.129414323669383080e+01
1.949876376624042562e+00 1.142517793317299279e+01
1.489339661885662025e+00 1.253220623011423207e+01
1.366146007491484182e+00 1.122176608291956335e+01
1.724052586343503446e+00 1.146994034839922882e+01
2.158597507293382733e+00 1.063741864873766652e+01
2.158286933706183408e+00 1.064359020463370520e+01
2.426455605100766189e+00 1.222672250429913632e+01
1.488341955587267673e+00 1.094629096680631619e+01
2.022497566660530932e+00 1.143047531088718394e+01
2.106088316058607912e+00 1.169950561094098873e+01
2.162151958022588083e+00 1.160949301514015808e+01
9.294414343163092118e-01 1.077661690816151463e+01
1.095363551878217656e+00 1.099664060475969229e+01
1.923923957416840747e+00 1.109195650211182915e+01
2.174333042562825558e+00 1.082039612879518842e+01
2.424787595239583204e+00 1.207939684367647004e+01
1.424032018159149704e+00 1.181637073454310105e+01
1.979497836020820190e+00 1.236570962541889251e+01
1.050554092569382147e+00 1.162639201087034557e+01
1.687725327792767072e+00 1.117283832222916651e+01
2.059159405216055561e+00 1.191793725321273989e+01
1.837857687742360246e+00 1.128368246018002097e+01
7.733042455967703566e-01 1.147022884190005065e+01
1.383900184392423238e+00 1.143048142417992175e+01
1.210584787317985356e+00 1.132097291754188007e+01
6.363389881178898033e-01 1.152400347356385168e+01
1.051017651008942400e+00 1.146717595968290482e+01
2.102253820938532414e+00 1.170733007880875576e+01
1.108929193585580730e+00 1.153647283431988413e+01
1.853459953522611503e+00 1.168704004829280052e+01
2.063136951581653999e+00 1.112950826493903911e+01
2.112536728537503183e+00 1.116354556606623838e+01
1.944575106082359950e+00 1.143431574992789912e+01
1.724006785191717350e+00 1.143241454877859731e+01
2.039357438904416231e+00 1.092223335515847715e+01
2.042056243574204899e+00 1.132070140777027412e+01
1.860745417320759598e+00 1.151462239677586830e+01
1.962152072126329028e+00 1.194213128239293376e+01
2.004078390786708130e+00 1.082342677088531424e+01
1.584970202855352728e+00 1.224101409858655920e+01
2.058837764219919819e+00 1.111605096243500768e+01
1.756549499633262013e+00 1.155548430097919699e+01
2.221483482688784594e+00 1.233545824955865555e+01
2.422094301905644897e+00 1.207599053138451595e+01
1.294287611654129311e+00 1.140537078759573575e+01
1.851272532788114766e+00 1.142681514967425116e+01
1.972945794370009276e+00 1.211957766203562414e+01
8.175932440984383653e-01 1.210403555639675588e+01
1.289644565572477308e+00 1.249714909178938704e+01
2.036435502708393130e+00 1.068196733844498603e+01
1.964831551722898473e+00 1.165097253008523559e+01
1.788570398239024417e+00 1.181267085750649137e+01
2.086097298949732171e+00 1.234715756937678677e+01
2.009029281780223997e+00 1.128905493604707111e+01
1.097459931643457454e+00 1.084238098856083354e+01
9.885513134295053073e-01 1.140550257765377395e+01
1.447325161523094872e+00 1.207745808884852501e+01
1.966763972683776229e+00 1.154567835767647921e+01
2.050365203400097869e+00 1.233690144466771343e+01
4.764782205925311431e-01 1.262737267173040223e+01
9.082765451577053950e-01 1.016298598277492182e+01
2.133435839403607925e+00 1.133894270868981025e+01
1.576021861658699619e+00 1.115339915048226693e+01
8.138745435160592567e-01 1.003515712065068932e+01
1.837086914430458684e+00 1.190042853805401535e+01
2.095269042734865472e+00 1.196373116346162568e+01
2.228046261417000906e+00 1.177060311013118898e+01
2.168462023252474058e+00 1.149925522256492805e+01
1.603500129518290240e+00 1.163797814713464263e+01
1.973384097794220082e+00 1.216446291310570160e+01
9.762020539983303768e-01 1.171412749119455299e+01
2.197133856149978914e+00 1.083007426371579562e+01
2.216019045747789740e+00 1.089687409759515724e+01
2.218090213992253812e+00 1.082874067526849871e+01
9.502913262344739875e-01 1.133116145641906236e+01
1.027774204108211187e+00 1.161604821975079105e+01
1.257206860957465810e+00 1.073967921844291773e+01
6.071867178078766969e-01 1.054131967956145566e+01
1.902835703385446831e+00 1.246490647282149666e+01
1.424903755916802961e+00 1.205252153362976131e+01
1.011829055327675642e+00 1.224514298428623782e+01
1.510907582878943334e+00 1.193054274951686189e+01
2.098063163855591995e+00 1.117301802665533117e+01
2.048419737068317037e+00 1.075922287430065438e+01
6.333096073596810038e-01 1.145669051681004547e+01
1.023314166627284916e+00 1.037301232250869809e+01
2.024234147977054477e+00 1.099054414856319362e+01
1.050664592094421534e+00 1.121217274526493668e+01
9.975895559219536413e-01 1.118820752519393658e+01
2.095302814772158850e+00 1.212229541258808396e+01
1.144372032980149473e-01 1.713492627244519895e+01
2.000999901393403224e+00 1.216138202308187921e+01
1.500778886135011980e+00 1.184738349527705736e+01
2.058338372885701872e+00 1.161361332154796422e+01
1.700482967041441640e+00 1.275468375245829833e+01
1.429095314641069647e+00 1.174967312523288498e+01
2.261233489431504928e+00 1.120646866861510382e+01
1.860397430827640530e+00 1.240393043436409037e+01
9.470594331416390954e-01 1.100465947228899388e+01
9.445561941143731932e-01 1.259385647993659063e+01
1.898931234547679425e+00 1.282243521482990900e+01
2.266886694975357663e+00 1.221283966218674522e+01
1.690719915188712230e+00 1.214228645008491903e+01
6.503125525503956617e-01 1.126067852770347777e+01
2.447039264574450979e+00 1.236881413941291008e+01
2.222668374241139500e+00 1.169618506064109731e+01
2.026970263614827239e+00 1.207931697454840858e+01
2.050662930021768027e+00 1.106339704787206557e+01
2.023954140210664221e+00 1.108624732010370550e+01
2.006151747894066695e+00 1.205528356798913592e+01
6.548343526302684570e-01 1.132016730814100924e+01
1.121136912966060217e+00 1.136139819321433109e+01
2.101464741444621254e+00 1.116392803451551607e+01
2.087593630169917613e+00 1.133352886157509332e+01
1.948433744557686698e+00 1.135363055046502900e+01
2.103200949412156184e+00 1.207811035443895520e+01
9.665584636532585927e-01 1.226776588269896351e+01
1.917356352008900089e+00 1.116528126624980999e+01
1.593615219147359374e+00 1.121053699767869460e+01
1.801079406299926911e+00 1.122156607667572814e+01
2.137793773974299594e+00 1.113386468887140701e+01
1.338146704548657251e+00 1.080879012253712013e+01
2.072979616502971023e+00 1.093195181092341350e+01
1.436628868237561640e+00 1.130757232064781448e+01
2.139204578438268278e+00 1.098167431802900751e+01
1.663247255402855895e+00 1.227685712780689364e+01
2.519457525537189824e+00 1.257347539382554835e+01
2.008268142239891141e+00 1.247020669052257880e+01
2.219041800099739614e+00 1.215231765164073963e+01
2.007816801072057622e+00 1.231733606186642227e+01
1.187952087928737743e+00 1.198582166433926588e+01
9.179725572235177822e-01 1.184852815451180597e+01
1.957690677284808167e+00 1.172201486060962061e+01
1.855805855989645980e+00 1.217330290831206874e+01
2.081179986341160859e+00 1.133111104902754995e+01
2.035017880046477767e+00 1.149862470055258434e+01
1.829122308073383163e+00 1.211915097954030784e+01
2.228439161739818264e+00 1.141282971890405307e+01
1.474624230046313489e+00 1.141077808661209581e+01
1.346114689865014036e+00 1.146874031120979431e+01
1.876472299174945402e+00 1.173162451189363864e+01
1.947272731139750412e+00 1.169801010410553843e+01
1.940084097541639796e+00 1.103741024024286155e+01
4.700721000150559492e-01 1.042547914591182234e+01
2.139674276995179536e+00 1.308108609414397705e+01
9.732891675802433085e-01 1.065286456545015881e+01
8.802224931635886929e-01 1.050417200953390484e+01
1.487878830466682789e+00 1.199218606641624518e+01
1.372673226122134993e-01 1.487478008527296858e+01
1.787826604048775581e+00 1.231912931330779415e+01
1.997744049844042857e+00 1.108336218779524174e+01
1.946238283166745298e+00 1.132707135741658711e+01
2.260417134239090853e+00 1.218567147178649890e+01
3.156013597818579930e-01 1.367871336224501100e+01
2.099503005528829291e+00 1.133021063829937702e+01
1.446569311956279247e+00 1.143831662632205592e+01
1.522788228574977420e+00 1.166780003190199899e+01
1.869255077487697481e+00 1.235689407295759601e+01
2.200415205515874550e+00 1.253210006595242376e+01
2.230760504153906698e+00 1.252769283784760646e+01
2.008808453247798553e+00 1.075845346451399642e+01
1.919548697606292098e+00 1.103467346054670450e+01
2.176403434691156491e+00 1.212320324983928543e+01
7.023903861781449764e-02 5.000000000000000000e+01
1.245306396591295384e+00 1.204526829677364042e+01
2.190687898875252948e+00 1.194100109645716401e+01
2.031311562820574679e+00 1.220650250046156060e+01
1.852755927851609030e+00 1.240590147773088603e+01
2.357720121660090484e+00 1.180813085555100983e+01
2.025787590205336386e+00 1.127953700066676390e+01
1.809815491318116587e+00 1.171516694801849034e+01
1.650447600311280461e+00 1.134084249037345593e+01
8.612618663970038613e-01 1.107731737462269805e+01
1.127044217914852320e+00 1.204915508430564763e+01
1.009603889972164881e+00 1.209238079323267279e+01
1.061477805670246966e+00 1.103938345485416939e+01
2.019312266334121642e+00 1.169941264169928630e+01
2.296506177766114210e+00 1.196343117192040495e+01
2.310080810563324594e+00 1.175101702900490075e+01
2.034799281962692774e+00 1.121072102828152239e+01
1.355013624804759287e+00 1.229871629203630157e+01
1.224482010315555147e+00 1.153999622947987547e+01
8.579794894529080285e-01 1.044871691424775584e+01
1.901398069291918791e+00 1.101022072084415626e+01
1.827153721386827634e+00 1.119053059607444567e+01
1.599515991509159019e+00 1.120170342506748007e+01
2.011350630434054487e+00 1.112015083541243854e+01
2.259210927063216801e+00 1.083846845166388384e+01
3.425331272883255229e-01 1.268599050909074499e+01
1.956507636369687386e+00 1.168992102727043836e+01
1.958452275843933554e+00 1.168182176184509125e+01
9.589436075775530366e-01 1.066273982948439247e+01
9.438132889878715348e-01 1.131081888928517287e+01
1.830199381172054052e+00 1.125466193406918158e+01
6.599096058740189230e-01 1.092931963599713718e+01
2.167244623914352797e+00 1.238215456744752352e+01
2.267079236876139881e+00 1.207295886387268169e+01
2.005985669696046525e+00 1.178217238443924764e+01
1.610423096094883544e+00 1.177383911750833789e+01
1.933587602605484124e+00 1.274813127860120332e+01
1.152742181008719724e+00 1.090749280718941883e+01
1.104952840708773643e+00 1.104457693255566575e+01
1.238854771311227232e+00 1.108128084018716208e+01
1.957922927413806358e+00 1.093979548100015187e+01
1.966459935319344599e+00 1.089838691474449206e+01
1.952290853329092357e+00 1.106615452847673708e+01
1.013706143378785951e+00 1.148751905470978762e+01
2.365984803899056743e+00 1.318607090916844093e+01
1.692640395728307601e+00 1.274118436715130720e+01
1.209709347319400052e+00 1.222734027509854471e+01
2.022723315067451733e+00 1.216923815786366880e+01
1.920576392731359050e+00 1.226146783072419844e+01
1.734472246113478500e+00 1.162543932173007022e+01
2.589072320772486613e+00 1.206887565085479253e+01
1.516793189156280475e+00 1.133843397399178698e+01
1.976245956450982888e+00 1.117602444948880169e+01
3.026881853284846269e-01 1.210945981249276571e+01
2.094184428070665405e+00 1.234893489174131531e+01
1.738924464799250336e+00 1.274694600291802082e+01
1.396021734317010932e+00 1.141677541679676899e+01
2.002667272152314659e+00 1.119272016183931839e+01
2.368432161788342594e+00 1.138663459550344825e+01
2.015438079573358632e+00 1.117640241577412219e+01
1.826839266681530072e+00 1.139341159436079387e+01
1.772705982654012358e+00 1.225275437839699855e+01
1.867555870620850600e+00 1.229773831814087259e+01
2.030466128118128211e+00 1.269998731827705107e+01
1.953337371636065800e+00 1.169241470940205296e+01
1.941428501379746541e+00 1.149658079441626768e+01
2.159844121415008811e-01 1.190828831403325694e+01
1.824973743220664302e+00 1.273829159868796523e+01
1.591937926710854212e+00 1.254436073624191117e+01
1.227233735545595561e+00 1.253461466522097290e+01
5.405101374701976047e-01 1.127015874953186625e+01
2.277174546923416365e+00 1.241077233771288491e+01
1.136750459522410939e+00 1.157723803325623102e+01
3.059527466515943872e-01 8.575245496543553614e+00
2.063433115687483888e+00 1.157093320591893004e+01
2.068331827041423043e+00 1.287984108529717275e+01
2.203407608648677130e+00 1.251040056544042578e+01
2.021918692156801090e+00 1.243549357314284265e+01
1.324755349403221372e+00 1.237079882340588988e+01
1.161000907287141448e+00 1.173708950824030239e+01
2.060403901683509620e+00 1.194939772574067582e+01
1.430250891603132679e+00 1.207610004309447937e+01
1.586795232188603633e+00 1.217506223630884499e+01
8.643939868719977548e-01 1.065686618840432942e+01
2.336472183314929563e+00 1.237368263884067687e+01
1.857170074851748787e+00 1.182366788107466249e+01
2.292524083834083459e+00 1.180315821330401782e+01
2.152693667973729408e+00 1.148301825292473133e+01
1.801969568267930200e+00 1.187587002079806098e+01
2.193463916916346346e+00 1.113031485591803360e+01
1.794359457845283945e+00 1.206478618543949466e+01
2.596031195775894140e+00 1.285325551978972314e+01
1.024136225215332319e+00 1.269087726543864747e+01
9.471576388548825776e-01 1.083618904025168561e+01
9.040591728340294786e-01 1.077299425710548952e+01
1.748489060959087960e+00 1.199591670983422986e+01
2.771323500199105450e+00 1.329628143651163974e+01
2.245235107678063891e+00 1.201713109916001976e+01
1.994964530498862132e+00 1.072550369673466086e+01
1.604604506529877739e+00 1.110707647765029904e+01
2.167495044576322805e+00 1.151923067605924622e+01
1.968029218368837707e+00 1.117856853325443112e+01
1.951325386589493505e+00 1.171600384414842289e+01
1.816264731391667109e+00 1.253192456645207642e+01
1.842806061698847975e+00 1.252821427426559353e+01
1.568966317245581665e+00 1.157759064537657956e+01
2.055378503756998043e+00 1.128003563346215543e+01
2.418270450675882088e+00 1.280080007834331290e+01
2.283873156619540268e+00 1.236054452654886049e+01
2.230659555577060971e+00 1.244271351455288155e+01
1.934407507401174620e+00 1.182022358045103871e+01
1.801742494107895221e+00 1.199418849388340647e+01
1.410354179940036090e+00 1.070459388288771763e+01
2.172614697622493818e+00 1.134311544118450499e+01
1.508056589639862333e+00 1.221135826795751456e+01
2.062365074534408205e+00 1.207979532098044118e+01
2.029349764642451870e+00 1.164156932824351998e+01
1.107238483664740869e+00 1.136653180879240566e+01
5.278635473367981890e-01 1.008879330133922103e+01
1.574371409811466727e+00 1.246740180870406078e+01
1.933492902959298432e+00 1.223684605285360050e+01
2.145026323389453093e+00 1.184512776293091640e+01
2.454047556054881785e+00 1.168906968745703878e+01
1.906162938105988580e+00 1.159624453205468164e+01
2.024362162552757916e+00 1.085751102252854672e+01
1.946032002496718594e+00 1.154524409154423203e+01
1.969216193179653462e+00 1.150882377248142419e+01
1.581254135190718779e+00 1.154488614968942528e+01
2.599900221322373195e-01 9.428851672588061561e+00
1.712304449186311750e+00 1.228369854698844676e+01
2.044629469638257202e+00 1.151481315716982756e+01
7.805262400914938503e-01 1.148017439017562147e+01
1.734415075332711220e+00 1.175085591991728862e+01
2.087535868048477905e+00 1.191692516650559774e+01
2.279071844494430010e+00 1.136544759438628560e+01
1.931555173115830026e+00 1.126115672974220061e+01
1.534123516141004506e+00 1.262134073662157085e+01
2.036670500568407594e+00 1.216916154878965983e+01
1.543455555021792547e+00 1.230365729362763005e+01
6.376641741110580242e-01 1.074261322251779660e+01
7.228183586307497244e-01 1.079152217134854119e+01
1.275617964559350836e+00 1.079427673835423462e+01
5.694241825303418825e-01 9.204329926604923884e+00
1.103054884222204768e+00 1.144112977977376744e+01
1.807302860866679239e+00 1.249699207716163762e+01
1.586785664014077835e+00 1.241194280052488175e+01
1.953519759688670643e+00 1.182590729797243156e+01
1.072278211517364799e+00 1.148626557157287209e+01
1.533144445732239181e+00 1.149214914045228220e+01
1.736478332157581850e+00 1.137462509039732694e+01
1.737223706986817051e+00 1.256430472614063021e+01
1.815465623280476892e+00 1.259808847592292658e+01
1.994649706878341089e+00 1.210675141579274516e+01
2.002528614166687149e+00 1.204137546086723987e+01
1.442750552603495384e+00 1.116155867369375976e+01
2.368683503428732795e+00 1.192635033542515721e+01
1.351911297287778924e+00 1.148534179643962005e+01
1.983692000083272955e+00 1.142486283041424855e+01
1.084901150987543028e+00 1.228552292944947766e+01
1.766343920722243777e+00 1.263304681442831701e+01
1.784641174057718604e+00 1.192951967130797719e+01
2.110770231338218395e+00 1.146666196689356987e+01
1.801785216158509506e+00 1.205153979498390981e+01
1.975873536865285329e+00 1.114810878868141053e+01
4.558879422163535367e-01 1.256024791267894436e+01
1.933996981991821462e+00 1.148423303925486749e+01
2.989768528970075945e-01 9.644262008471972791e+00
2.075452858020838232e+00 1.091831648010300171e+01
1.953338111819015621e+00 1.138267195958369804e+01
2.405137028533256949e+00 1.189698769971075443e+01
2.166470738960654341e+00 1.195372727442976313e+01
2.016844313157299062e+00 1.237988748429370744e+01
7.539303849500589294e-01 1.087406729623092261e+01
1.061661261546202217e+00 1.069001793525592170e+01
9.526183903485133664e-01 1.057429804969351039e+01
2.658596576766889541e-01 1.247928068519539124e+01
2.353758460169151689e+00 1.169989551329450883e+01
2.025588598926169936e+00 1.101306870958349649e+01
2.021867734725079746e+00 1.109267132879569573e+01
2.125292525507707975e+00 1.082362570384733225e+01
2.074764244948845704e+00 1.091192293385427980e+01
2.076000871837939687e+00 1.115555432104435241e+01
6.946719229899466219e-01 1.159921739414616759e+01
1.813255535662057216e+00 1.120926517280394208e+01
1.967286240643172590e+00 1.074326834042460632e+01
9.560508883275870007e-01 1.148174040612026303e+01
2.012495564409931159e+00 1.127051998334784244e+01
1.658622430887153998e+00 1.181789009866105644e+01
2.144051370738506268e+00 1.173969821417912662e+01
1.950863374914197479e+00 1.225336805382054095e+01
2.225980638029611658e+00 1.180914445488495090e+01
2.033562672553333339e+00 1.110558610222202525e+01
1.617583146707406438e+00 1.270577555627357214e+01
1.157811089058767617e+00 1.273807536888679870e+01
2.035406668508187966e+00 1.090448749496001568e+01
1.910091937589263766e+00 1.122500671775369518e+01
1.471268799674590788e+00 1.202617659862437804e+01
2.165844524003305960e+00 1.181736172004326768e+01
1.488228557563080257e+00 1.209942397649353296e+01
2.047132480390541964e+00 1.155919600647754031e+01
2.024915761632384736e+00 1.214230088278387676e+01
6.307212337239345157e-01 1.167257845676419059e+01
2.268447172417269453e+00 1.121697978844891352e+01
1.159737689792662119e+00 1.235062889271728181e+01
2.071615571935517597e+00 1.132494738165512871e+01
2.179210262864973657e+00 1.217613150669361666e+01
2.044119680212633128e+00 1.240929928017432538e+01
1.600817265820076774e+00 1.256323100919069979e+01
1.898293167225150846e+00 1.253396689261485619e+01
1.762575545328220805e+00 1.186965681489487423e+01
2.137819654647671541e+00 1.187583868389501696e+01
2.370925398128699513e+00 1.147576924460868852e+01
1.685441251124600859e+00 1.187492488202294716e+01
1.585869445212920059e+00 1.231468891919274355e+01
1.895968163556776664e+00 1.150307615362950209e+01
4.662891949163522343e-01 1.255334480221024940e+01
1.239195518026308340e+00 1.086053301028473150e+01
2.315997170121954607e+00 1.145805392130551326e+01
2.003091690621968013e+00 1.196269895195452015e+01
2.014742509020878369e+00 1.210179347489596324e+01
1.552717942735097001e+00 1.232695933809109334e+01
1.953636798462228263e+00 1.148776107781560363e+01
1.671557872668716138e+00 1.197287153431010509e+01
2.108092653690920137e+00 1.194076327072825805e+01
1.147536488383212872e+00 1.165119049082893810e+01
3.649664300398927086e-01 1.184989709718539075e+01
1.656363067060876215e+00 1.153051609035709646e+01
1.517151541697221884e+00 1.144763476752350506e+01
2.068359942038877186e+00 1.129217045459314761e+01
1.978600255232752181e+00 1.138588478078760602e+01
2.043492000936585562e+00 1.152725112819168984e+01
2.005408464638444688e+00 1.083230033882441745e+01
1.675046654073134356e+00 1.110636129351659740e+01
2.250876965354919879e+00 1.222137185895785727e+01
2.080112888277115601e+00 1.236498564644059606e+01
2.131244159940644867e+00 1.151765599404183860e+01
2.202739054021922271e+00 1.165276973199672028e+01
2.179225220061680623e+00 1.184218199527226467e+01
1.655476313062098415e+00 1.247471944982467917e+01
8.819052427705216246e-01 1.163985938413536658e+01
6.622620258374187774e-01 1.132248846736546177e+01
1.989140351611838664e+00 1.115405269354631912e+01
1.351736861810070023e+00 1.120728780109321221e+01
1.279734119179751106e+00 1.123510116931280578e+01
3.137356350131981220e-01 9.226370932370102196e+00
2.078826502847609170e+00 1.054183117789340862e+01
2.047680007186798434e+00 1.072130035091563371e+01
1.892605493389951432e+00 1.186049310039458504e+01
2.090649134596335390e+00 1.154359557885088705e+01
1.908384701133709394e+00 1.269724535536692223e+01
1.320892679580538021e+00 1.238204868555596860e+01
2.113708903088547864e+00 1.167157858847103746e+01
1.569670599811089140e+00 1.211930387848438251e+01
1.143179954637811857e+00 1.041834859724953688e+01
1.480818720889501172e+00 1.089409530026045481e+01
2.064257024213907332e+00 1.211270294998519148e+01
2.070958179856728698e+00 1.199541072264707253e+01
2.155134848962175997e+00 1.075376271675198403e+01
2.058720599637745341e+00 1.111617533998603768e+01
4.062266008482680046e-01 8.972870334763523914e+00
2.106257574962798973e+00 1.197882972974432647e+01
2.112080127470355340e+00 1.195695308188523143e+01
1.943064218091766993e+00 1.151984205512173531e+01
1.676175166672482009e+00 1.192763230534948349e+01
1.463662070233560319e+00 1.159014142995255447e+01
1.626504974700209161e+00 1.205187210657690500e+01
1.842377383748863062e+00 1.230008146543687531e+01
1.581894196634078487e+00 1.138878000386263878e+01
2.119663337034479067e+00 1.113378265316171856e+01
2.022951157767213459e+00 1.225323155463097002e+01
1.686660639932816785e+00 1.257072468640080842e+01
2.193196707154559277e+00 1.195369093690509921e+01
1.981541731322949529e+00 1.142562016269977399e+01
1.664759311420793475e+00 1.191570781177102134e+01
1.994324380604928226e+00 1.241786126274322832e+01
1.965839240841975588e+00 1.244639948776141125e+01
2.248390800799910050e+00 1.226338860902907335e+01
1.007094406786030460e-01 1.860983363718948880e+01
2.181801960533026996e+00 1.220098437436747751e+01
2.168485558344948494e+00 1.222877288716722788e+01
1.951039879307910230e+00 1.076803850195739898e+01
1.382310504181773148e+00 1.109338161595353611e+01
1.524763389789827173e+00 1.128839149317296275e+01
4.235534224452085494e-01 9.282832322789257518e+00
2.070292306588330966e+00 1.212833815044767860e+01
2.305977153826049619e+00 1.148250206631889370e+01
1.329056176906882492e+00 1.209026792849614829e+01
1.742239890608816122e+00 1.178032289059581217e+01
1.805955412165303198e+00 1.169185968030987510e+01
1.600003800657716413e+00 1.166628631346400979e+01
1.526747844831434886e+00 1.270348721671634529e+01
9.951854455602566762e-01 1.101135679271602008e+01
1.712173985846092039e+00 1.132382200553786511e+01
1.987452915665118391e+00 1.083327750297483583e+01
1.164459751241857965e+00 1.149071383783467581e+01
1.945368605901873993e+00 1.220184406635322993e+01
3.843224804615676393e-01 1.118452295390496509e+01
2.249386221832056165e+00 1.157873134597087095e+01
1.986197669108530350e+00 1.103130571784665293e+01
1.964803406577817713e+00 1.079995648036743461e+01
1.857429664145195058e+00 1.104777280963726049e+01
1.673078922059258344e+00 1.200753848940752455e+01
1.901538510190568410e+00 1.204608452110413630e+01
2.067091948497667975e+00 1.100257919208720381e+01
9.380887766701561103e-01 1.040153223297562413e+01
1.967859307063578145e+00 1.226082569274251100e+01
2.105116351497405169e+00 1.193616562395686032e+01
3.421462987980726234e-01 1.300070884432716589e+01
3.342081115483278575e-01 1.361657680964974837e+01
2.252467895080175087e+00 1.262155091927878381e+01
2.320671279431312239e+00 1.226758978038551717e+01
1.885422817207620172e+00 1.154450679919425404e+01
1.872739213582744533e+00 1.155346514480427089e+01
2.066949393459827089e+00 1.121628546661838932e+01
1.480526291936288041e+00 1.216106855075535442e+01
1.865152870868151957e+00 1.190799078921865650e+01
2.066957134355542625e+00 1.173577352635539661e+01
1.975169696752592685e+00 1.143998308312414025e+01
2.058132324989406126e+00 1.121281907273343847e+01
1.981977991587622334e+00 1.263752497518441409e+01
1.867633281129704947e+00 1.211145141032339723e+01
1.986874709628012825e+00 1.197493917696468380e+01
6.665912327583978225e-02 5.000000000000000000e+01
1.347649071056351788e+00 1.140306862335225091e+01
1.945281190772063740e+00 1.132985519378558692e+01
2.039536573804622499e+00 1.250108369509716333e+01
2.114958236090937582e+00 1.152264022559876722e+01
1.940696827610474795e+00 1.197086581098792379e+01
1.943961343600493219e+00 1.138742572171874556e+01
8.116725123679036091e-01 1.171582098958348439e+01
1.944173496856670402e+00 1.135782251418636157e+01
1.550161936084892389e+00 1.115176898864660870e+01
2.046691050602761575e+00 1.252811002422326503e+01
1.194077946817360347e+00 1.248741443952570584e+01
2.122836545185545098e+00 1.177646711198927676e+01
8.858003190839407459e-01 1.057072809979221084e+01
1.945294067251083669e+00 1.133811408195853865e+01
2.196144182987293636e+00 1.171170953025942474e+01
1.371209389861362204e+00 1.194354666640351326e+01
2.174369033143844110e+00 1.222707792456651532e+01
1.660922455925379237e+00 1.251817076059239220e+01
1.831812465015720148e+00 1.274764233531002233e+01
1.882189518981307375e+00 1.218609681139589362e+01
2.074970979472016808e+00 1.234137791127260719e+01
2.002734839670194056e+00 1.236239701799086710e+01
2.032802779684689476e+00 1.076909253231072405e+01
2.256817149536886280e+00 1.149193323194996452e+01
1.912882274729493570e+00 1.213198006295162301e+01
1.591288578117343366e+00 1.188505844511569265e+01
6.823255845198213931e-01 1.138856813577452698e+01
2.046293292961521182e+00 1.187717571700904351e+01
1.499814978849571823e+00 1.204801938020331598e+01
2.193590763128629106e+00 1.230773559152658869e+01
2.395386692188303801e+00 1.235873479742431513e+01
1.863842163753981929e+00 1.256553097383480022e+01
1.941358344962373250e+00 1.183125649451163142e+01
2.086727238909380944e+00 1.206786835468895092e+01
1.530207983031862673e+00 1.203705859446433912e+01
1.983319029835431291e+00 1.208435485846398016e+01
1.755527666498453376e+00 1.220396000037612794e+01
1.989403750737944510e+00 1.200266602087900480e+01
3.177017983840126902e-01 1.353183643210016385e+01
1.982185170845364386e+00 1.131952548453033458e+01
2.059599402035044768e+00 1.243953498101121724e+01
2.047104630806824144e+00 1.249510751817721399e+01
5.722927573706304560e-01 1.004828073681689027e+01
1.439521890224132683e+00 1.111825072651168611e+01
2.128202571189480974e+00 1.168754262011373690e+01
1.027350247076125322e+00 1.053708461394174201e+01
1.947806889010422760e+00 1.144821030239224591e+01
7.932766985409690497e-01 1.207549255074480143e+01
2.100986938978941954e+00 1.119044416381450091e+01
1.947377495552512938e+00 1.198824383616681288e+01
1.668032277079530612e+00 1.236716042033280694e+01
1.906209638553600483e+00 1.211492832095794192e+01
1.954508204517184211e+00 1.203746598576988092e+01
1.882042025986701672e+00 1.248861347409357059e+01
1.754515142063987954e+00 1.142638131477530372e+01
2.024544963802288322e+00 1.114297958565193269e+01
1.455673739696407010e+00 1.148287736229533174e+01
1.936547438205915350e+00 1.096983230891230576e+01
1.836691289805928662e+00 1.247378021929143621e+01
1.859830782305987196e+00 1.216601424022126743e+01
1.695052182041222544e+00 1.233988555696712552e+01
2.339256758164939054e+00 1.227305203836571934e+01
2.022625508392362992e+00 1.039037636887584526e+01
1.993707445094257347e+00 1.160411208808155337e+01
1.641214489321625170e+00 1.156558507148971948e+01
1.582357190201419517e+00 1.151767561675709040e+01
8.508333045710335385e-02 1.447459703966751654e+01
1.508825296408514427e-01 9.666667043748740085e+00
2.086130998118705726e+00 1.102257719484446064e+01
1.992256602225553896e+00 1.138433496713999737e+01
1.990000264987363821e+00 1.145569136645178610e+01
1.840266567044602564e+00 1.263971020341325868e+01
2.174368183205471983e+00 1.272699713799354448e+01
1.504271541446058125e+00 1.142667814328807552e+01
1.966394547007079829e+00 1.075678268584502462e+01
1.822198827481151362e+00 1.240114668396116038e+01
8.382763022110703011e-01 1.179282908160751298e+01
2.195797386169833665e+00 1.150929812236769401e+01
1.922148354540989423e+00 1.176641719844031897e+01
1.435601628361964810e+00 1.214125609782764670e+01
1.949561447369244860e+00 1.167461361295134736e+01
2.110522023353535559e+00 1.165933241752929916e+01
1.151883229204603065e+00 1.208908987431674298e+01
1.935484878841981615e+00 1.154527370890236249e+01
2.035653564531156867e+00 1.131602634306981869e+01
2.148589991571082880e+00 1.139923663248811003e+01
2.052258613726891667e+00 1.096545032426623933e+01
1.312113178414491044e+00 1.245516720048701309e+01
1.590211337355137200e+00 1.236982822704165486e+01
1.671196504208811051e+00 1.221413355064271933e+01
1.978267503452417531e+00 1.165344771417197300e+01
2.076100766837080780e+00 1.163027027663962620e+01
2.141718189982277920e+00 1.054733956660606964e+01
2.146969761096416018e+00 1.107306997289810013e+01
2.090733220927541769e+00 1.138702504189929954e+01
2.055888519609425646e+00 1.210200407749429097e+01
1.654698528175303052e+00 1.162668906931919288e+01
1.896434280340570488e+00 1.163063179660679047e+01
1.892585419344751996e+00 1.200950306018586922e+01
2.071806740968690885e+00 1.238999330034781465e+01
1.988184809634424566e+00 1.241898376764068423e+01
1.615984738856387715e+00 1.176884900640290432e+01
1.841793498425205344e+00 1.159638164474607613e+01
1.933653229779672467e+00 1.150830580023129990e+01
1.694196846832132008e+00 1.153686717552771945e+01
1.945194610152775727e+00 1.183265821202005519e+01
2.317647615901747393e+00 1.147249479710225550e+01
1.230993379023295420e+00 1.176130577178332892e+01
1.528228641010481281e+00 1.228280954581883044e+01
7.673908565816762728e-01 1.033607367871271521e+01
1.988574201341210212e+00 1.213434713545480825e+01
1.985064439902815447e+00 1.065287936583211703e+01
2.186992995301584752e+00 1.195891068853870109e+01
2.288720594560369026e+00 1.154820522116904868e+01
4.333505355023231087e-01 9.931452709516531030e+00
1.978310247656023035e+00 1.240070792574317871e+01
1.887419521038700365e+00 1.205194958984618303e+01
2.273338365400001226e+00 1.115151963599150342e+01
1.701950670159402268e+00 1.109155265209070151e+01
1.866802766572575045e+00 1.095585123820234053e+01
1.632482129423958206e+00 1.194706328557193764e+01
8.674144752441855788e-01 1.095139462571307831e+01
2.224766645202163939e+00 1.075862633033457172e+01
1.894375825523739953e+00 1.224233408576086823e+01
1.599492880205843681e+00 1.105775180377868416e+01
8.715074370816376925e-01 1.144254379118863874e+01
1.582491785044686683e+00 1.190418108557950205e+01
1.858880185540114249e+00 1.199345294900934533e+01
2.055076287969552329e+00 1.180100162645203454e+01
2.097930034366842111e+00 1.163726949567110758e+01
9.478213116767870705e-01 1.067849611151108924e+01
2.273262446534438652e+00 1.147733416348521551e+01
2.262813153949044587e+00 1.163467825058161509e+01
1.977220456598807852e+00 1.109786801649414301e+01
1.509053415874297421e+00 1.235170943265774923e+01
1.950937079597227397e+00 1.087755564750995063e+01
1.133103756992736910e+00 1.147369844043191023e+01
1.808222608289042244e+00 1.201356925285066879e+01
1.612073227675463016e+00 1.212108008550248073e+01
1.892219352175381175e+00 1.230854582978923517e+01
1.644688014785364860e+00 1.130927751073474141e+01
2.206909013142794862e+00 1.181696065222397962e+01
1.072785579998873029e+00 1.172275929578361975e+01
1.834037338977603460e+00 1.182704549925068171e+01
2.035975262023104193e+00 1.080679765706003792e+01
1.369408961774034150e+00 1.195040718013033931e+01
1.743844945502011967e+00 1.114934608290197282e+01
1.670001575953917294e+00 1.160483208534969179e+01
4.512779827214239425e-01 1.277259505474558310e+01
1.099308172475417456e+00 1.086168727631255493e+01
2.060264985582219932e+00 1.120063239698739466e+01
8.711375630218759492e-01 1.214669551671988579e+01
1.549182131501237514e+00 1.223678405114138812e+01
1.138664824709509915e+00 1.228152290615936693e+01
2.163761123108786322e+00 1.194370174920471861e+01
1.359333219865558773e+00 1.225786364768425507e+01
1.230767183449489988e+00 1.137696999628241024e+01
1.978032561229969177e+00 1.152491825798401592e+01
1.522435829492984061e+00 1.215871365588576047e+01
1.843660814809618076e+00 1.218483722456144847e+01
2.082838506239319543e+00 1.202477619974060730e+01
2.047971090424729912e+00 1.220996989413018063e+01
2.402814856824196266e+00 1.145135355589447990e+01
1.150848175073188484e+00 1.146669849112131345e+01
1.936907666073953038e+00 1.150493512783206107e+01
1.884629784408204722e+00 1.204043755598304166e+01
1.474239684792300054e+00 1.187597107457277623e+01
2.123782590569395001e+00 1.063100266718641684e+01
1.961759158728699992e+00 1.107505471358023286e+01
2.500475717075314019e+00 1.255231214378231819e+01
1.146235856822860111e+00 1.149887793170444183e+01
1.358392782723623515e+00 1.180106329745340155e+01
1.427277025021834511e+00 1.213138727558976804e+01
1.775794264204604289e+00 1.171356583360307901e+01
1.990111619427733736e+00 1.148096393527866610e+01
1.499108134715031460e+00 1.113204696270646998e+01
1.991740139954129463e+00 1.149632922290263082e+01
1.606916478677080429e+00 1.151185459674983314e+01
1.411340221653462068e+00 1.141372444166441014e+01
1.555415743044516130e+00 1.147499809193632281e+01
2.049879449839819401e+00 1.144272604158424755e+01
1.910284691955953518e+00 1.143911888680071343e+01
1.602846214440634576e+00 1.141515812385586770e+01
1.560730107634829222e+00 1.162138023182092006e+01
1.943128517441377046e+00 1.159430860721098178e+01
1.200999789621716385e+00 1.172233828635800634e+01
1.891154439031956791e+00 1.258014026891823356e+01
1.632020126678248362e+00 1.160279695750234730e+01
1.897541528763401653e+00 1.154781131364756952e+01
1.930174439839583478e+00 1.151044007264238722e+01
1.744768429932141318e+00 1.211790708639096081e+01
2.137077581919052616e+00 1.221374316126228621e+01
1.539418813224830318e+00 1.105477885869747467e+01
1.910243164393148785e+00 1.141030832413954421e+01
2.075797916270717636e+00 1.050390151000579664e+01
2.025569483912173840e+00 1.082640931210949020e+01
2.017065880133673605e+00 1.077850668977431070e+01
1.547909121648895159e+00 1.206504787296888459e+01
2.201349084670610967e+00 1.180607089898931150e+01
1.969465222711090036e+00 1.213343875586371823e+01
1.983089782373537613e+00 1.184309341671523441e+01
1.229528852619658830e+00 1.171282712449285413e+01
2.021752414287402821e+00 1.138067335857745199e+01
2.073079774581673362e+00 1.133035228562255092e+01
1.534476574476767663e+00 1.215656180335767189e+01
2.016931173127993748e+00 1.298611509977893164e+01
2.259906255259913177e+00 1.271398281667032926e+01
1.476582867210454175e+00 1.232447895192381537e+01
1.576110196659880058e+00 1.135711862343851486e+01
2.036803899009878016e+00 1.152321259758542560e+01
1.722285963801257536e+00 1.225262694140194419e+01
2.380065179994613977e+00 1.215230142663330071e+01
1.470207686727692087e+00 1.074903465354133481e+01
2.037106396688897814e+00 1.265997374742056003e+01
2.368639952104095503e+00 1.247009677739571565e+01
2.032038262433663700e+00 1.177867398873644689e+01
2.003488608409105254e+00 1.186755437931825163e+01
1.609309383684011774e+00 1.189698880361838462e+01
1.573999223350754706e+00 1.200171428128543560e+01
8.591327687409673342e-01 1.172686419563338944e+01
1.907501402689634640e+00 1.163047656423640852e+01
1.531651617495250806e+00 1.174745173145824850e+01
2.000195980039800148e+00 1.248492024743716300e+01
1.784518557730226052e+00 1.259078480399710287e+01
2.068727064984253072e+00 1.282882376311930805e+01
2.390771790549040876e+00 1.142463837188919484e+01
2.330155089798557899e+00 1.171426608539504421e+01
2.162343549901877271e+00 1.205603178076268911e+01
2.194042942992528555e+00 1.190980901170500594e+01
2.137928820700811805e+00 1.157244316156985953e+01
2.241755962168766825e+00 1.132466948403224549e+01
2.090642256530464760e+00 1.212995896718185840e+01
1.910521426704750336e+00 1.145987270238157052e+01
1.918106359529786475e+00 1.142950095633865537e+01
2.032231648305677485e+00 1.177676897780867904e+01
2.068026563209499624e+00 1.159424628616687158e+01
2.101100372686935280e+00 1.135864391853054123e+01
2.143808981757329590e+00 1.108525002054404318e+01
1.895043388161416820e+00 1.236668195334672049e+01
2.148538181193085261e+00 1.166224036829209432e+01
2.228293300229845286e+00 1.156536391219549031e+01
2.061784938499781727e+00 1.261443013992813711e+01
1.976196361455769823e+00 1.263384653965568205e+01
2.183610834249183341e+00 1.167063493052070200e+01
1.736726493408428995e+00 1.210150311874683027e+01
1.871474797185714634e+00 1.168387601974940004e+01
1.959643155096041367e+00 1.163028610062773538e+01
2.364064700018371212e+00 1.188056125506826000e+01
1.786892334510059355e+00 1.148210152182844546e+01
9.444964874422565604e-01 1.109324481493779402e+01
2.326816781989625937e+00 1.260361210782591712e+01
2.147184490736699480e+00 1.094388771061746191e+01
2.167822672061184175e+00 1.080052606152969474e+01
1.973770891994783394e+00 1.222504860533578075e+01
2.074025080379828800e+00 1.192747587359393791e+01
2.265384186009421708e+00 1.103620792093552616e+01
1.971036912249774176e+00 1.141569046632985973e+01
2.044854315227494723e+00 1.150372722237338508e+01
1.934089211423493770e+00 1.128428118147882131e+01
2.006294372451040253e+00 1.143182489643979771e+01
1.060692038304690055e+00 1.099386717116258083e+01
2.659143986996053144e+00 1.251481819511323224e+01
1.559199448758416429e+00 1.212238828714548866e+01
2.090415431694244930e+00 1.270313075087292276e+01
2.093900975276532517e+00 1.302633001181757244e+01
1.709282070565976808e+00 1.285761638656403605e+01
2.208333038512076296e+00 1.270229465505838817e+01
2.366989181618265548e+00 1.236049661646995546e+01
1.214281886370072838e+00 1.162776883996411215e+01
1.949315278323172640e+00 1.208629918213538978e+01
2.088010095488811668e+00 1.085312209762020785e+01
1.503426581430103548e+00 1.134804572908699072e+01
2.016298439618767535e+00 1.261704129225240578e+01
1.056672020133097467e+00 1.231147541327535322e+01
2.140023014135453927e+00 1.260017404519659934e+01
1.794257025412175244e+00 1.276249809255413048e+01
1.931586727902957268e+00 1.144034614053773957e+01
1.620691678782797185e+00 1.162052364324643072e+01
9.073929551443538077e-01 1.170222038900544881e+01
2.128753164612895432e+00 1.257365951147051142e+01
2.093352705776835521e+00 1.199787799611244132e+01
1.850132064347098870e+00 1.245763262056363274e+01
2.152151858112798966e+00 1.132294873048869199e+01
1.893418527351037772e+00 1.283677964989425391e+01
1.026752184661724021e+00 1.227730414299705330e+01
1.016742801664050511e+00 1.217617604743529114e+01
2.215647290689684024e+00 1.219921798956715442e+01
2.042817746599673967e+00 1.136888181079249804e+01
1.469489988139622394e+00 1.116590741421151201e+01
2.132762179153728344e+00 1.158792315501718484e+01
2.351635780255916242e+00 1.169038556389500627e+01
2.221175042566254199e+00 1.204109864145863362e+01
1.651795749598719443e+00 1.265082542063876048e+01
4.202012220905703699e-01 1.074939443201476053e+01
1.813610422848016546e+00 1.201979175019652324e+01
1.943080866564703690e+00 1.212962521758955248e+01
1.936089927969651292e+00 1.208604657568201723e+01
2.151956442149882687e+00 1.151472759067333484e+01
2.114322859072831573e+00 1.164112976505764507e+01
1.763904148382256842e+00 1.242395388042946536e+01
1.485532573236353571e+00 1.234340838076843205e+01
1.942528802604042149e+00 1.210152142707728373e+01
2.125451031913458966e+00 1.175147594689879860e+01
1.804250598753483148e+00 1.250483468320570601e+01
1.734283571010009073e+00 1.255802978774623746e+01
1.885314047537495652e+00 1.178793208237102341e+01
1.504775640755163124e+00 1.148233603311330064e+01
8.743063702999177567e-01 1.188139140450853581e+01
1.548321369470492703e+00 1.146938541753416807e+01
4.098953841519833441e-01 1.042643169316690610e+01
2.125702877843797634e+00 1.222662187083673402e+01
4.753268843441113001e-01 9.687234148908284936e+00
2.290732694126566660e+00 1.204693466063398866e+01
2.058284340791005640e+00 1.205525456751885116e+01
2.239823372983369421e+00 1.196130768237159181e+01
2.071074157491508583e+00 1.203677641812201848e+01
2.286209916780749918e+00 1.248813234072771472e+01
1.655750599870090545e+00 1.223716544626200076e+01
9.080606863511653248e-01 1.168077919345209104e+01
1.211744964509158473e+00 1.172686323808683007e+01
2.221403060097230320e+00 1.238590015661055688e+01
2.266799966940956867e+00 1.207912936961906958e+01
1.882148046161376653e+00 1.128958291764419819e+01
2.041031824484369483e+00 1.088846847154106534e+01
2.102976768258377316e+00 1.124062007322841872e+01
2.081270125762603840e+00 1.147295159489698158e+01
1.513337898208880983e+00 1.140890407807806817e+01
2.022772535838262886e+00 1.066882281190217441e+01
1.103651274344613187e+00 1.182849923953132709e+01
1.488501642665643054e-01 1.664768107935643826e+01
9.730956631407186030e-01 1.136396597910193762e+01
2.382319020830702350e+00 1.213347381537381331e+01
1.632733974422624801e+00 1.211887949116668750e+01
1.594288122000604213e+00 1.213798631975740427e+01
1.901381029966989766e+00 1.178754623551290770e+01
1.856419613660069912e+00 1.160067741937645280e+01
1.996613636001502989e+00 1.134956249147467844e+01
2.006627595950689180e+00 1.123204049757180911e+01
2.059825789630918003e+00 1.159228433589772855e+01
2.105931562734263629e+00 1.132261283690757558e+01
1.931217678438664098e+00 1.148507598319544165e+01
2.156935656707901217e+00 1.113735261527308573e+01
2.096479862269851946e+00 1.100379378393324359e+01
1.924937502536425260e+00 1.146872552005842572e+01
1.399789755591496432e+00 1.229739369331190524e+01
1.403597854940515921e+00 1.229196010803187100e+01
1.586153412329986079e+00 1.185508222548043733e+01
1.968459346355807771e+00 1.174503931298060166e+01
2.142006875996775861e+00 1.143143066185694146e+01
1.182976794693173295e+00 1.220021521828873112e+01
2.205542079778900710e+00 1.115788978253603858e+01
1.984261950827287180e+00 1.127596125362037860e+01
2.019043877677268117e+00 1.205521686001008597e+01
1.833485703242688336e+00 1.237727626866717046e+01
2.350804635648336416e-01 1.532747064623273481e+01
1.913921558316238336e+00 1.218073128224129142e+01
1.238533867818280898e+00 1.224155796833428589e+01
1.453515563527902232e+00 1.092698873402652993e+01
2.151623529949941993e+00 1.240029153929444483e+01
1.289880918415025279e+00 1.069252598548642830e+01
1.839632295139885132e+00 1.112358550369535415e+01
2.008569651127765976e+00 1.151089271110852330e+01
1.913520733674928254e+00 1.171957735165676162e+01
7.960295603045686175e-01 1.095198741250789887e+01
1.584892129768838087e+00 1.232023023153719521e+01
1.723779644265836630e+00 1.148610294363376028e+01
5.895252858140502816e-01 1.162689585845926565e+01
1.922125137970008391e+00 1.154114451164468669e+01
2.102251695452511449e+00 1.151931166189879008e+01
2.489719393949704873e+00 1.248095309934550023e+01
2.057474315935548415e+00 1.292329092500419563e+01
1.508656055490174008e+00 1.102488892098907414e+01
1.808685296493482086e+00 1.119172682268338015e+01
1.166129886226293433e+00 1.106284071363047516e+01
1.860731912786504738e+00 1.229289030325485932e+01
2.032833222367113279e+00 1.214813651248415383e+01
1.985357533635385030e+00 1.118907896026340865e+01
1.711030108413194251e+00 1.153246915379425985e+01
2.135461871116711485e+00 1.149429724959481014e+01
2.018093847711000866e+00 1.188675418065257539e+01
1.961827901288655474e+00 1.140510969559257681e+01
1.880256747153648211e+00 1.214292433598229159e+01
1.047822551623849741e+00 1.110325750170957804e+01
1.994250966357839827e+00 1.163382987727535500e+01
2.193586087295046116e+00 1.097533478547444830e+01
2.200798649633208814e+00 1.100582937754019675e+01
2.153019410262327682e+00 1.211493588884154171e+01
1.894247576986342496e+00 1.230197098865106042e+01
2.102958472514697696e+00 1.108684271754605710e+01
1.163200668013004258e+00 1.026965758797159545e+01
1.291776130846243209e+00 1.155542731664844780e+01
1.395689613503083182e+00 1.165745302490431357e+01
1.907817594642498005e+00 1.148443590314855633e+01
9.647479492534483114e-01 1.032432510743952925e+01
1.171616239079759536e+00 1.117356704721967020e+01
2.128639672290820517e+00 1.216337294662145752e+01
1.997016140293080388e+00 1.117355844560600886e+01
2.005064330883747026e+00 1.110381941328303590e+01
2.082238968360877074e+00 1.133221762676421385e+01
1.933829554987772426e+00 1.160910246849404892e+01
2.213428898289137248e+00 1.129875572640500181e+01
1.763555646206928840e+00 1.177305313392631980e+01
2.131659415088473342e+00 1.181777752683792748e+01
1.675826780282229311e+00 1.147741273036878162e+01
1.493026805395218926e+00 1.199680000814667657e+01
1.928767734760342689e+00 1.198161880322494710e+01
7.580838325422459834e-01 1.092448742449670540e+01
1.998866304650431358e+00 1.217690663465020684e+01
5.437036818811769034e-01 1.143666797729049556e+01
2.076166085210302104e+00 1.247430236997664643e+01
2.155072130239972683e+00 1.142208525976020361e+01
2.284492350288999774e+00 1.144027805815629151e+01
1.375882582456672498e+00 1.108886128822833506e+01
2.014373016720417908e+00 1.142811955668055646e+01
2.018392892101180447e+00 1.140752777024793652e+01
1.748511560696353495e+00 1.264204650749243797e+01
1.877753524415439523e+00 1.240980759084521523e+01
2.950111152994953079e-01 9.974984311254415204e+00
1.795498900557368271e+00 1.208074975822450625e+01
2.142619463144666891e+00 1.141098262918922757e+01
1.566077201352960246e+00 1.232168893120901387e+01
1.186992436691200581e+00 1.221042245930014936e+01
1.939463118108147421e+00 1.229262305028368552e+01
2.282928164520149572e+00 1.111154105954876847e+01
1.601183193009413364e+00 1.216081108562207369e+01
1.033892477018227174e+00 1.136699648451778089e+01
2.211630667552960894e+00 1.136637283140236221e+01
1.292302466059935817e-01 1.386629631444700017e+01
4.582409675206878252e-01 1.240584840540611111e+01
2.226478887497167936e+00 1.155265258589566990e+01
1.200867059026096362e+00 1.076833678513521875e+01
2.103285656002219728e+00 1.131575885124606629e+01
1.864213748340400878e+00 1.249147302137461502e+01
1.445251916406977255e+00 1.200499055184301689e+01
2.055970334050573278e+00 1.168857936482206838e+01
2.050429024497551822e+00 1.182062563982289483e+01
1.796286063539893396e+00 1.114848434135981137e+01
2.037863545360623529e+00 1.044518532056328297e+01
2.297367689637605626e+00 1.276890816779426530e+01
1.755303050825277378e+00 1.249867009846725452e+01
2.063704892328012352e+00 1.147273491533206524e+01
1.979079269822371812e+00 1.173653970806359226e+01
2.140798128221653718e-01 8.435130597801089536e+00
2.013443546421073815e+00 1.121661613826328008e+01
2.004699702008113427e+00 1.114837545961619902e+01
1.164309238327588591e+00 1.127369592599229264e+01
2.116501583423260335e+00 1.059409542247490776e+01
2.087869355835787477e+00 1.085481782395713424e+01
1.965157286110977397e+00 1.216864459764964579e+01
1.330436543385316916e+00 1.136948187182687420e+01
1.858041924348880602e+00 1.138828061267049030e+01
1.722822519377447348e+00 1.155924928393490170e+01
1.801946410572750512e+00 1.158035511483946145e+01
1.284659950092577718e+00 1.166026014165625746e+01
1.774007736798528745e+00 1.133916291842569990e+01
2.088279625218687041e+00 1.079728374858055240e+01
2.086083532254332962e+00 1.087214933955916862e+01
2.061632511663538114e+00 1.066654252999740571e+01
2.067514560824314174e+00 1.063072611363531372e+01
2.091510100911169623e+00 1.153230077327462411e+01
1.629770256565520992e+00 1.173029795614581161e+01
1.606647995657388250e+00 1.204204054646898214e+01
1.343472660323187462e+00 1.098170024548051593e+01
1.754710754355314650e+00 1.142274347776678134e+01
2.127962186640308229e+00 1.082531752085517240e+01
1.616648517620340009e+00 1.168964444586064211e+01
1.974841380387473144e+00 1.122070926980179273e+01
1.290771236193520188e+00 1.160030445774191676e+01
4.829446210592577837e-01 1.202111693344540733e+01
6.014798136705983289e-01 1.172928896099421614e+01
1.416008299327101039e+00 1.195341838080923758e+01
2.252360237833608725e+00 1.240799894752594135e+01
2.108743431063348606e+00 1.091720627956657452e+01
1.692811621533689248e+00 1.183846676295471845e+01
2.106353884906971619e+00 1.165497948652836513e+01
1.759974082690731967e+00 1.182631502878791885e+01
1.356873281000739784e+00 1.157119684487988032e+01
2.308767828034870462e+00 1.184529851294971792e+01
1.903722908434364536e+00 1.263173813779831711e+01
7.495529088059005307e-01 1.116423760486534711e+01
1.796018462283371919e+00 1.216520942409242068e+01
2.080124392785112075e+00 1.181177818301014071e+01
1.789283298862717642e+00 1.235502158626305835e+01
2.203990284178801495e+00 1.181599385329303509e+01
1.690910918609779934e+00 1.187496927686217241e+01
2.041671109277307661e+00 1.111622103620858404e+01
1.821485477890274041e+00 1.163999828614529619e+01
1.472367723257092642e+00 1.127021302154979132e+01
1.997984561443834073e+00 1.133424616311703303e+01
1.503963548182790433e+00 1.207694780845672788e+01
1.799491211606702779e+00 1.244418407319406938e+01
1.434062057710142835e+00 1.110148262402211294e+01
2.145206099714330961e+00 1.127962824299742906e+01
1.286891186220655348e+00 1.194132843274762124e+01
4.498950875937123284e-01 9.078809066079172041e+00
1.900700195339221965e+00 1.157665731828158329e+01
2.011457133716644030e+00 1.245214672836735659e+01
2.005109215734988126e+00 1.247750324187637716e+01
2.088931374066858027e+00 1.124348931770204807e+01
1.971231776206823882e+00 1.168455533105134059e+01
1.632370592940481702e+00 1.178139240644645369e+01
2.210659183230796909e+00 1.207623955926623971e+01
1.333264482261009798e+00 1.192444191849273238e+01
1.657096909860464873e+00 1.194319310116573618e+01
2.109151209201389765e+00 1.210450294824442530e+01
1.594577393675661980e+00 1.220592372401063486e+01
2.390414678308384833e+00 1.244931676746191229e+01
1.883020764035116867e+00 1.239619783252610397e+01
2.151368727801097780e+00 1.178436435336947419e+01
2.175555571668136956e+00 1.170210321798312769e+01
2.084228760609206699e+00 1.230198297949534059e+01
2.090465309352451673e+00 1.230127094996560899e+01
1.432028870017077793e+00 1.217612818515886808e+01
1.032320807945563246e+00 1.159080159452661185e+01
1.829674289296777001e+00 1.202608800798253164e+01
1.994521886556884116e+00 1.149735440151433608e+01
1.501464075423693867e+00 1.155888574566001026e+01
2.075102609237529538e+00 1.126884834005794644e+01
7.747477575956912554e-01 1.016410689518882471e+01
2.149881910131598017e-01 9.716842163367491736e+00
1.633193373387489045e+00 1.222683763414285352e+01
1.531179767336722453e+00 1.165379246824348769e+01
1.567308909512093562e+00 1.222261139019233411e+01
2.046726288764263213e+00 1.177929366241716025e+01
2.087262429747062331e+00 1.155156803716940317e+01
2.129620466970975734e+00 1.121998422736473344e+01
1.726990103799406429e+00 1.185627171448926909e+01
1.079709797771529756e+00 1.192431835480912738e+01
1.565279505796664195e+00 1.176678017083113481e+01
1.292020716778434108e+00 1.192303887025764375e+01
1.518111826486188143e+00 1.193423938737007006e+01
2.363553071156499819e+00 1.258327859819625694e+01
2.066679322261358642e+00 1.071543353481456862e+01
5.354775792821683256e-01 9.736837202296085181e+00
2.053594230535447984e+00 1.209597046777927076e+01
4.449741559292478277e-01 1.140298330859318199e+01
7.804119772509390263e-01 1.086266456772001021e+01
2.278465712082576200e+00 1.154017715728891069e+01
2.047212618313371202e+00 1.136852292111391982e+01
1.960237963983700871e+00 1.159885104366608033e+01
2.061317091421950742e+00 1.226059422789491649e+01
2.211783245744346704e+00 1.177352662186871335e+01
1.401995306004595987e+00 1.262583279622772636e+01
6.124823434574435677e-01 1.156473167358074505e+01
1.598724697024107799e+00 1.104662626294635785e+01
1.712175718895623255e+00 1.160543710875765910e+01
1.934291786090112986e+00 1.147954998381603353e+01
2.068873720726205789e+00 1.185385509871851717e+01
1.726906948393208463e+00 1.210633349876706433e+01
1.053135041706557251e+00 1.151797958955429024e+01
1.375048562391178120e+00 1.149548754062833034e+01
1.668783016805694519e+00 1.186458323978059859e+01
2.077909745225684723e+00 1.103633600679033222e+01
8.388342998904171344e-01 1.184699760650997824e+01
1.558908007803389673e+00 1.165387294042406907e+01
1.627447321460662399e+00 1.171062052789151586e+01
1.429355968485651385e+00 1.157358032552602012e+01
1.302493821664896467e+00 1.137231081682457301e+01
1.780360954793921424e+00 1.129737885906582484e+01
2.111089904351790558e+00 1.144152083220781080e+01
2.107176249354322906e+00 1.110570506882024056e+01
1.074125462392323094e+00 1.156277233012901640e+01
1.281322966823731813e+00 1.167515790589086500e+01
1.774898180128096969e+00 1.215501984287661585e+01
2.189128708961974201e+00 1.158423975938542760e+01
2.057202706569170925e+00 1.178075662066773432e+01
1.832394795457178649e+00 1.186906495976336373e+01
2.324807127362168657e+00 1.150293116143001093e+01
1.458250473791936175e+00 1.148863259179990948e+01
1.303260902742500171e+00 1.198727652939129129e+01
1.898203189741111574e+00 1.155221504329629489e+01
1.404827107242589079e+00 1.149519957731563125e+01
1.973917737305042053e+00 1.146358523290225051e+01
1.719434216305330221e+00 1.130824422313741806e+01
1.726233879775840308e+00 1.216687964601196903e+01
1.911780594248279286e+00 1.131174341149866081e+01
2.192903305107188228e+00 1.136768601461805339e+01
2.505036498619483409e-01 9.108623038812805106e+00
5.180737980366271200e-01 9.776675236651458434e+00
9.567705443326659509e-01 1.100616554362260047e+01
1.395906244837891164e+00 1.103911734947826950e+01
2.009559673342335540e+00 1.054712697707704194e+01
2.064130025877390917e+00 1.152805388132774667e+01
1.979893116288207189e+00 1.177296835448384904e+01
2.080266217651714378e+00 1.218678703494066440e+01
1.975157251799103397e+00 1.116490263290331519e+01
1.918667358189700689e+00 1.142518445283741713e+01
1.042332231239649021e+00 1.062363260851985558e+01
2.070638939040079674e+00 1.143799257287535731e+01
1.777416164044524072e+00 1.186904991582787439e+01
1.432074108690778225e+00 1.168747892415472123e+01
2.284374925377940180e+00 1.213824890544143109e+01
1.834105228394265596e+00 1.122832522421871282e+01
1.615818161213645077e+00 1.133749071262182362e+01
1.954883754249774341e+00 1.149107908508214848e+01
1.567334746674913015e+00 1.131936363061372219e+01
9.549014757503718753e-01 1.150043573175567246e+01
2.088630371178552103e+00 1.193613351618380314e+01
2.233070902133937441e+00 1.289215719687946837e+01
8.257412476730587869e-01 1.054703693061477665e+01
2.252921490635095392e+00 1.230044323175586740e+01
2.279949872249150467e+00 1.211925152222050350e+01
1.839980599747233603e+00 1.144701294661439306e+01
2.087206410239725418e+00 1.256337149746422810e+01
1.461401642675665302e+00 1.216158567332102614e+01
1.394054649385190858e+00 1.155883736041845822e+01
2.018286138735525981e+00 1.098017594622565873e+01
1.857680826343537372e+00 1.119415111949655639e+01
1.499267831571797771e+00 1.178444284126661401e+01
6.222829541870813497e-01 1.122055493484431388e+01
1.998532206684398904e+00 1.170416811632987830e+01
1.903298208869359964e+00 1.221253816970554595e+01
1.673791648606151261e+00 1.225537551008741133e+01
1.972429454848151575e+00 1.111671781404185566e+01
9.083957373596230900e-01 1.158440369903306788e+01
2.132908626110210371e+00 1.188440449682663491e+01
2.168091342675798394e+00 1.186173555818996306e+01
2.128476549645187177e+00 1.209860789165221817e+01
1.839687343962323141e+00 1.154101254256485909e+01
2.027930420563835323e+00 1.167721952291405252e+01
2.226803726219697133e+00 1.156344497286238315e+01
2.151066009183382643e+00 1.202874350404239046e+01
2.048494131602947910e+00 1.204059283267671177e+01
2.013261984969177298e+00 1.168288909307094592e+01
2.024558385595992771e+00 1.151463338166381689e+01
9.849188784944715724e-01 1.179570393485930957e+01
1.555135637575108642e+00 1.181973543372701130e+01
1.120435616766878750e+00 1.130313059384720020e+01
5.774838467176300894e-01 1.049232417802957329e+01
1.612059112290136653e+00 1.155574719998337763e+01
1.760423992100603297e+00 1.149270525854556801e+01
1.485885311041898360e+00 1.165820115468996399e+01
2.217009521032141883e+00 1.170948941437191948e+01
1.920133631400261276e+00 1.219994876048784249e+01
1.706888076665066922e+00 1.214401822717561075e+01
2.187905169716584552e+00 1.289649685092988030e+01
2.542343636453516798e+00 1.300723969112007161e+01
1.848882439238019648e+00 1.192654418053269438e+01
2.019312195317842562e+00 1.091577519505786320e+01
2.028904195946014788e+00 1.082223871161957440e+01
2.054454320705999759e+00 1.171765909777925430e+01
1.750262145823373361e+00 1.193262624561373997e+01
2.227494819985702090e+00 1.140430826541702558e+01
2.238285209988881252e+00 1.136057317114902609e+01
1.573270146441272388e+00 1.246712248630368869e+01
1.446314276284919487e+00 1.179096778088974951e+01
1.122809729766272246e+00 1.154149586510744818e+01
1.393022870535961966e+00 1.088633366150622273e+01
1.786166884495797635e+00 1.122740339220957750e+01
4.701051617994649323e-01 1.107291698895197563e+01
2.439914692222942549e-01 1.085581099108910408e+01
2.223752466863464505e+00 1.172581728914675026e+01
2.128149612327018492e+00 1.180152362631611140e+01
1.307649400428418485e+00 1.241560226897593111e+01
1.416606155783532772e+00 1.219574686248656903e+01
1.808464670191644252e+00 1.209053343438559125e+01
1.771698216117038038e+00 1.212716566948625996e+01
1.800980694545137650e+00 1.245984648539050177e+01
1.867851101449205853e+00 1.251038361278316913e+01
9.410087721988230625e-01 1.207186236067083485e+01
2.382520963068286424e+00 1.229883279989452305e+01
1.975819783667872809e+00 1.242102603602264388e+01
2.214700522089897650e+00 1.142857841881112968e+01
1.567361862230352676e+00 1.250593280102826022e+01
9.535803679612953054e-01 1.058300176734714348e+01
1.704854170548778747e+00 1.228278816931744721e+01
2.186297234657184951e+00 1.117188394533718210e+01
2.043204437994351697e+00 1.182668989222924871e+01
1.780456472780064470e+00 1.196740946600139388e+01
1.885308656447429287e+00 1.205805690079299097e+01
1.927975675905493791e+00 1.202288262122633355e+01
1.990741338294412577e+00 1.110499266619093994e+01
1.965761703567911578e+00 1.124006988295695564e+01
1.992972231664841498e+00 1.130722636037777207e+01
1.670104750400664084e+00 1.182120768285118118e+01
1.307962276087017761e+00 1.124575244771770954e+01
1.970225880586383260e+00 1.130054465443188327e+01
5.128324790624626539e-01 1.083557540858604185e+01
2.019927964182279823e+00 1.138873774991489007e+01
2.039305543595314685e+00 1.155457348521182759e+01
1.775993671963289611e+00 1.200803530334995628e+01
1.231760238528265550e+00 1.135952410196066609e+01
2.503087634539551409e+00 1.254189759078093402e+01
2.039385810098790941e+00 1.168116678842581813e+01
2.087874272480493953e+00 1.145336942613162812e+01
1.939232582352987677e+00 1.100839879700600399e+01
6.648672079432356163e-01 1.132191661914803404e+01
9.626041285327849861e-01 1.095255527793542072e+01
2.180920094325631275e+00 1.124906023184050952e+01
2.049172923755187892e+00 1.142920510821030788e+01
2.069324620371550960e+00 1.134232007157642208e+01
2.093718923671830989e+00 1.114593902359354693e+01
2.193532823997240033e+00 1.082010974849543850e+01
8.927090342246569721e-01 1.069405116055866323e+01
2.350203672513425435e+00 1.125305365901481380e+01
1.907398727028604357e+00 1.157634746264595016e+01
4.678323213337625686e-01 1.227722220802951547e+01
1.681764498734252822e+00 1.235581271582337060e+01
1.347565613465857348e+00 1.209399787908836110e+01
2.010914091329320641e+00 1.090092985634147027e+01
1.423923316154727337e+00 1.110056375721584487e+01
1.706459163190850115e+00 1.263720999034879178e+01
2.136982542117170425e+00 1.135006446754684362e+01
2.144007901245733372e+00 1.134328360105939204e+01
2.224490454536280026e+00 1.164569744255324046e+01
1.178705432101533779e+00 1.153239500426067998e+01
1.167582216179475996e+00 1.153604878035222647e+01
2.048960948501211465e+00 1.135082910465546213e+01
1.870733363045468556e+00 1.142915317139120113e+01
2.004609530094260350e+00 1.110998921209007939e+01
3.743794614738246151e-01 1.278005155012442451e+01
1.663853853884009748e+00 1.226800186734013742e+01
2.794281514794635934e-01 9.822563752196781905e+00
1.962696915407267095e+00 1.139255949843701821e+01
8.869782345799557266e-01 1.120642175903784299e+01
9.035882252847973195e-01 1.196559726464911400e+01
8.408720942319842795e-01 1.186474238540811754e+01
2.279110206061785160e+00 1.192237771045806305e+01
1.606775789803315035e+00 1.265179682192017374e+01
1.511837835333242896e+00 1.258602270330318085e+01
1.802473615517045324e+00 1.210847658119588921e+01
2.064247340025767041e+00 1.183243328284273232e+01
1.631157030367740957e+00 1.120088951784774878e+01
1.590523556848340014e+00 1.118614184357074848e+01
1.670956760416986819e+00 1.145644562162948610e+01
1.107810886698635144e+00 1.187552139340959023e+01
1.739682144408925213e+00 1.220580824284979826e+01
2.018711499160319445e+00 1.189761824648740962e+01
1.962079799128114699e+00 1.195036213110249257e+01
1.810001488071616427e+00 1.147067014079732772e+01
1.649786122260815668e+00 1.159122967332365484e+01
1.669452232038180606e+00 1.252301707950188536e+01
2.151672007677837062e+00 1.218022235837352696e+01
1.979516026772889292e+00 1.208249687149735863e+01
1.732054410875441208e+00 1.225136197806853389e+01
1.534955451604035792e+00 1.134508467482867644e+01
1.699780802935010993e+00 1.135452467820199374e+01
2.155534346998233541e+00 1.173205963975326682e+01
2.154984569153904683e+00 1.237984659568162371e+01
1.814796248585152760e+00 1.216445376788121813e+01
1.939449723289337291e+00 1.125681195917858091e+01
1.012007535044639361e+00 1.088451356484536348e+01
2.231289135778136146e+00 1.177558810156911306e+01
1.599779818993279257e+00 1.225431780171607699e+01
1.735077716922024615e+00 1.184492903915909068e+01
1.193472256203493620e+00 1.143314872213799127e+01
1.015033511792447163e+00 1.156144416994542112e+01
1.771882896722475786e+00 1.218384741503399837e+01
2.240305179778040667e+00 1.187472968723914590e+01
1.865042880915845025e+00 1.177702411092903212e+01
1.787827468871233894e+00 1.179602333772310274e+01
2.119640239393741687e+00 1.214071759882872747e+01
2.065032084739264029e+00 1.210889697215508853e+01
2.085749107872515662e+00 1.198593542143582091e+01
1.833233133087370126e+00 1.158858514925874239e+01
2.043261057761349253e+00 1.141590791312776965e+01
2.179736951075806228e+00 1.094524902271299815e+01
2.152476047884430144e-01 1.488221145975021820e+01
1.981564567648761432e+00 1.212119881060757187e+01
7.524982301936082862e-01 1.065220813995476057e+01
2.169935779484507332e+00 1.107969285121149916e+01
1.188529391807364277e+00 1.156802490495430291e+01
1.908779886674910831e+00 1.145918575220208702e+01
2.536823627689990257e-01 1.413270190651752323e+01
1.868469004002073275e+00 1.112740666015284319e+01
1.487153693496301665e+00 1.153318201441417834e+01
2.291372150061836699e+00 1.139749221022833403e+01
1.726660277293852852e+00 1.173931174625338336e+01
4.704811020404121025e-01 1.300801285323743173e+01
1.924793724239915571e+00 1.211327766548823881e+01
1.412514722162160785e+00 1.175823626642813480e+01
1.901199413124624593e+00 1.178371075543077140e+01
2.305398894236639240e+00 1.102211757238400125e+01
9.890013827047956507e-01 1.014072053158867170e+01
1.177312445998349055e+00 1.137158605910363462e+01
2.073796447414842259e+00 1.183661606839613256e+01
2.048411539757572175e+00 1.198844334362904362e+01
2.118287306135101300e+00 1.207533741613676703e+01
2.143193755225574648e+00 1.191347883699935650e+01
1.950735301974869884e+00 1.184946520320147911e+01
1.972631663674200508e+00 1.160027931411003266e+01
1.717895692834036536e+00 1.189703932032394640e+01
2.305934599593240097e+00 1.135818967502507348e+01
2.013504014994435209e+00 1.179711352799762203e+01
1.518026450923034565e+00 1.097391603950525152e+01
1.940866089887720580e+00 1.090865405463227766e+01
2.176357688697709403e+00 1.105467919593455761e+01
1.877359548712538295e+00 1.112113994786655446e+01
1.390337578155618647e+00 1.237238395780550171e+01
1.842201053065206873e+00 1.285485805812285598e+01
1.791598709074301965e+00 1.248389547114107145e+01
2.140421598942091830e+00 1.252757421724108333e+01
2.088097761526020335e+00 1.281818719585719002e+01
1.917724414759645946e+00 1.260422240121810056e+01
2.077910655347678048e+00 1.259302825511482560e+01
1.683150324959836519e+00 1.131554056829245347e+01
2.084424353492215776e+00 1.146865418923499469e+01
2.054698543309332326e+00 1.167622616628347032e+01
1.103660326917516921e+00 1.128373812840710855e+01
2.098766121060230194e+00 1.185135320891772892e+01
1.447412448709850086e+00 1.226975091344271718e+01
1.943201292013263748e+00 1.195832822633920678e+01
1.814737872706780664e+00 1.204065297560046943e+01
1.873719948933282531e+00 1.150796664084518817e+01
2.096735878127559793e+00 1.203677247047874665e+01
2.023120443548116043e+00 1.208025639258545425e+01
1.980704114248490688e+00 1.203226006318496033e+01
2.021540474309753144e+00 1.096968820599056471e+01
2.464084243179351930e-01 1.269246961624016556e+01
1.216249933978527653e-01 2.777153268958601018e+01
2.088217527854905331e+00 1.188420226429576587e+01
2.101457492641264135e+00 1.184918473056670507e+01
1.984886223884681389e+00 1.120456141641587955e+01
1.777176460138708336e+00 1.266621656799824613e+01
2.056924058394737909e+00 1.238590976091972173e+01
2.108752974648174128e+00 1.124086813320952238e+01
2.071457449666724848e+00 1.135001803090465522e+01
2.035478164163802561e-01 1.323802197319838392e+01
2.099002636246967590e+00 1.245669179750650812e+01
2.191569673372861793e+00 1.234528683083794753e+01
3.959052382499558820e-01 1.199189528026416873e+01
2.004343657739628526e+00 1.158982373792591503e+01
2.099687843434734358e+00 1.156770943757938674e+01
2.091560998353867884e+00 1.157212701182771930e+01
1.879871449606922207e+00 1.193206294506322607e+01
2.332439369212711000e+00 1.145129251954279148e+01
1.714453067770971506e+00 1.152195907261324059e+01
1.709892501518593733e+00 1.207270841223693836e+01
5.187895720579620562e-01 1.209459962721695803e+01
2.197259017068351028e+00 1.097840209219981844e+01
1.291877788855929410e+00 1.107235810140766041e+01
1.732392968593229776e+00 1.116959082170446571e+01
1.995429308289521586e+00 1.113157984161514058e+01
2.070502909943946701e+00 1.099815979297212287e+01
1.741259617202781440e+00 1.106520151386548712e+01
1.820322327514084071e+00 1.226854397222251691e+01
2.114226981013775486e+00 1.266075916065045348e+01
2.229672004126709073e+00 1.225632073390588417e+01
1.969062979903752675e+00 1.221615159462445455e+01
1.237447585780162118e+00 1.229827129075336778e+01
2.129669615446249775e+00 1.151221581592864851e+01
6.493213438126962389e-01 1.066444421666390951e+01
2.168114497674910268e+00 1.091308189936796857e+01
2.376343039842946148e+00 1.267865979515420349e+01
2.436568711687577160e+00 1.255330565272238097e+01
1.541221517086233339e+00 1.118791505107416562e+01
2.229763410395472434e+00 1.200074745552471889e+01
2.217715106796313229e+00 1.114402377668048061e+01
2.072344098412703950e+00 1.132084998351632699e+01
4.987522745563156557e-01 1.189078673257130880e+01
1.877276587282331155e+00 1.118087217674957756e+01
1.779044483729386839e+00 1.140874588329214667e+01
1.934348331967073342e+00 1.122741280573320388e+01
2.009085058509873178e+00 1.106375093260277076e+01
2.154386554910991070e+00 1.113951789835511974e+01
3.148865477574754324e-01 1.197946261081566988e+01
1.786494853203923538e+00 1.182677140170293306e+01
8.084863423036361407e-01 1.060693967850684949e+01
2.070288719282483925e+00 1.170205609799163149e+01
1.803056965691749891e+00 1.175268064507782029e+01
2.191195896529781084e+00 1.247122929603365726e+01
2.044942164318363620e+00 1.258652726409989953e+01
1.458539153695193047e+00 1.212693892087015612e+01
1.697514351131306887e+00 1.214724882950791418e+01
1.949335342560004847e+00 1.212215517351942573e+01
2.144100201202341793e+00 1.238201784333725008e+01
1.892767501530757235e+00 1.242540365057572238e+01
1.938893362399781051e+00 1.235643260775653118e+01
2.078645416701850213e+00 1.199362131299741030e+01
1.985115950302379861e+00 1.200737192106985951e+01
6.050426974283654724e-01 1.256587494891638634e+01
2.167166335924948672e+00 1.079322907635593154e+01
1.519220311470915297e+00 1.099833046479835907e+01
8.506553785910365706e-01 1.098641896407372620e+01
2.070455020440352456e+00 1.177450389692242183e+01
9.840619378372182924e-01 1.174472426319375806e+01
4.477683238988355297e-01 1.177299343653654695e+01
1.685933713394833999e+00 1.251641966046684828e+01
1.848381025653702547e+00 1.241889858682165304e+01
2.150817075085862395e+00 1.191098219604054975e+01
1.547098320436866015e+00 1.159695391581628954e+01
1.180882135010137501e+00 1.185569163552513494e+01
2.050771878064972853e+00 1.217849879820073689e+01
1.905206765760510956e+00 1.250165634068877729e+01
1.945346687155221410e+00 1.110278662010048478e+01
1.868562850511892526e+00 1.116771711385882426e+01
1.027537833529734046e+00 1.073922185405005436e+01
2.185838249672189981e+00 1.230468689847884001e+01
2.007028344918371676e+00 1.159544130748327539e+01
6.570737816629019790e-01 1.242778445011795974e+01
2.122364273820017466e+00 1.141492146587767387e+01
1.501275980069082472e+00 1.196514421715544074e+01
1.063689916091401955e+00 1.092882112623326307e+01
1.981261677489072337e+00 1.060566551211880970e+01
2.153897708785030396e+00 1.185459247484420509e+01
1.991511264907656065e+00 1.222119709907197205e+01
1.302583076215516611e+00 1.225359860741246010e+01
1.901292516369482044e+00 1.267535233205778944e+01
1.110226470043353952e+00 1.109011693873853233e+01
2.079118704174738319e+00 1.254686626862566001e+01
2.180465637873883811e+00 1.199864188124035280e+01
1.391591479907767104e+00 1.116211131964708514e+01
9.238237359619241307e-01 1.095800551061581274e+01
1.260898500045722015e+00 1.186752153290293421e+01
1.689168641105128765e+00 1.215018217642911935e+01
1.492007832464411710e+00 1.205134695542071910e+01
1.618742296081181253e+00 1.188802583579277083e+01
2.039849904089946708e+00 1.114688880158029427e+01
2.192094721332607854e+00 1.123373356442344217e+01
1.715460380985405875e+00 1.134209258963638867e+01
2.185973796599835595e+00 1.158288664161895376e+01
1.827401113246697628e+00 1.181879134304229595e+01
2.167949545056793159e+00 1.145168037433120389e+01
2.340580942227795447e+00 1.165489872101304414e+01
2.328393043764999337e+00 1.174345510709385643e+01
1.469392175662677991e+00 1.152777749652296713e+01
2.440921668721793392e+00 1.160617791553666045e+01
2.191307956598225193e+00 1.160568061756711167e+01
2.186036990003550340e+00 1.160491203299171836e+01
1.067032949207529002e+00 1.128240901590537248e+01
2.351165331108687973e+00 1.157187323172786186e+01
1.879587463784306189e+00 1.241640234547864452e+01
2.007088817516745838e+00 1.218620797711044013e+01
1.354669329225538510e+00 1.183555870271177035e+01
2.246015272738232760e+00 1.193608189739630276e+01
7.079146818703448973e-01 9.676067749880722602e+00
2.156645264045697896e+00 1.133789475576411476e+01
1.966359473075461661e+00 1.120155770860380784e+01
2.103036934296452110e+00 1.059903950729670186e+01
2.022344526800780251e+00 1.217334085274844035e+01
1.655301147593692734e+00 1.216396916496387881e+01
2.058757482805299244e+00 1.239004982481752037e+01
1.105564911642753501e+00 1.227383385153335915e+01
1.388710102339952623e+00 1.223140965637364452e+01
2.046292570086546636e+00 1.160379076469910409e+01
7.981303316771218848e-01 1.165154303471355313e+01
1.686264979173936140e+00 1.224239172309159507e+01
1.920096405356878089e+00 1.144243664268648430e+01
2.212360062595467358e+00 1.235742799174258089e+01
1.123527088618395453e+00 1.239517477997704376e+01
1.408808682062848705e+00 1.229848286617836628e+01
1.768978233435299918e+00 1.173766963403755526e+01
2.198747722984222275e+00 1.161296875030270037e+01
1.660369685283080265e+00 1.171301192380958511e+01
2.160448538844919053e+00 1.202399889349856110e+01
1.410829233509743874e+00 1.197191845175152380e+01
2.033229780419722577e+00 1.227112478388927386e+01
2.330738455489743011e+00 1.172014125078803382e+01
2.086229914606198221e+00 1.191685693877504271e+01
2.010414519995746385e+00 1.109177101972504964e+01
1.569500366551606740e+00 1.097489304655373843e+01
1.939313318091302918e+00 1.139826804706535235e+01
2.008989410916631968e+00 1.120778096971407933e+01
3.711212314977447857e-01 1.303545100805986934e+01
2.086368685222719677e+00 1.124217292270169999e+01
1.831547965076248730e+00 1.117500607703575888e+01
1.928323864388981734e+00 1.097548544093927525e+01
4.843738349110942587e-01 1.188083626087969868e+01
1.217864018555361527e+00 1.206993888732787035e+01
1.992063018029413213e+00 1.194342850959875690e+01
2.043716417218661263e+00 1.114209805537711340e+01
2.096274360403867387e+00 1.089345636579488463e+01
2.181692350498225796e-01 1.555785681505443563e+01
1.950461148993978711e+00 1.180955782649932395e+01
2.011052744452329843e+00 1.208219269218207081e+01
1.955762189943303753e+00 1.264204984154144285e+01
1.538648827142864883e+00 1.251040199470943115e+01
2.030051800636099024e+00 1.097547930693435703e+01
1.439202138710829582e+00 1.228085123945201751e+01
1.833358884274069345e+00 1.224478311987250656e+01
1.686296016478656679e+00 1.208486528925865500e+01
2.077263441465551086e+00 1.220640226772363768e+01
7.827128366613063104e-01 1.064717308443358412e+01
1.077561993307904142e+00 1.125562649064641185e+01
7.840099759829625148e-01 1.097611447521445172e+01
1.135290919126796361e+00 1.086442113095750273e+01
1.331423938175973376e+00 1.064078959583815909e+01
1.969091971445101397e+00 1.252777826630927471e+01
1.276289157880763137e+00 1.180353368513200607e+01
2.224995729289377167e+00 1.180725072016990218e+01
2.213864100712457983e+00 1.182433988219553456e+01
1.942088113876414335e+00 1.141270471730182123e+01
2.302740321282065850e+00 1.209472698425914672e+01
1.591291321771537426e+00 1.237021952286348281e+01
1.967931443065481067e+00 1.130755993389274217e+01
2.006238454950861616e+00 1.118388688175584456e+01
1.899308392929015765e+00 1.249035455308939291e+01
1.559820636969561913e-01 1.131944397585552942e+01
2.466944103468994065e+00 1.284389555116779214e+01
1.960746064136078770e+00 1.238470899985889240e+01
1.257592262013700335e+00 1.221615112243675405e+01
2.168152450219787308e+00 1.141071593779120441e+01
1.996696480682282226e+00 1.191971591711756240e+01
1.768267887374534997e+00 1.170752837121552403e+01
1.819164657406907137e+00 1.175644161941486487e+01
1.947547108696860541e+00 1.247692698005784706e+01
1.171098523312421813e+00 1.109267607215511120e+01
1.586478508500158924e+00 1.090110251701301358e+01
1.633930658854581219e+00 1.093626637627086851e+01
1.543572078976367390e+00 1.172207953555307647e+01
1.673634008594034661e+00 1.157139756187027579e+01
2.208798494031772197e+00 1.240997999883779102e+01
2.098784638491546950e+00 1.242636839919256708e+01
1.870417028881029786e+00 1.275478039919829065e+01
1.455375744579406216e+00 1.231795994529982963e+01
4.489412631953139665e-01 1.303331907635685560e+01
2.088688511091994826e+00 1.198700662506569259e+01
1.803796709141134658e+00 1.121471622234846777e+01
1.704517309159125027e+00 1.123663173900531831e+01
1.748409531376735826e+00 1.188920813558836009e+01
2.402349214329387195e+00 1.257971730611684791e+01
1.058154805732476778e+00 1.150461698822807222e+01
1.097283010146934856e+00 1.180323707033771008e+01
1.438533237709525903e+00 1.216637800321240270e+01
1.988627181827955948e+00 1.140705218380159636e+01
2.176117833218106590e+00 1.192222958097164920e+01
2.066572301426219394e+00 1.220558159757634797e+01
1.296098340549405759e+00 1.132935871796009408e+01
2.116292870706921292e+00 1.208833812464933111e+01
1.597537017924345104e+00 1.179402886878498080e+01
2.167353365482331817e+00 1.160493752555642821e+01
2.073745500329786218e+00 1.104198145469864834e+01
1.387827416436860029e+00 1.141018835964766609e+01
1.542674599762244636e+00 1.115014466592647047e+01
1.017251544387716145e+00 1.073912850309604750e+01
1.512202813333167750e+00 1.116632356948495897e+01
1.533803806242395096e+00 1.118006418128347512e+01
2.075199127234688135e+00 1.210090884425863678e+01
2.051757353483953050e+00 1.229557561078600436e+01
2.059092307557898849e+00 1.120982311522512020e+01
1.672761836542279612e+00 1.212131824077690290e+01
5.733122580881837571e-01 9.378687768927768786e+00
1.884775029457971263e+00 1.138342941534338593e+01
1.971654854958587721e+00 1.121366876203929230e+01
1.256424965760800205e+00 1.221647160938413634e+01
1.618329537365118531e-01 1.321341471052910954e+01
2.173903458725253923e+00 1.202233548236501903e+01
1.952729992611744514e+00 1.109957848319958984e+01
1.931934045936655853e+00 1.127978778478825639e+01
2.102395592592776197e+00 1.175746521795094424e+01
6.759518986533681328e-01 9.777742682452265299e+00
1.830587803769282207e+00 1.243146570480055857e+01
2.102284434193490537e+00 1.233141200121763248e+01
1.518397898485081221e+00 1.215545076433759952e+01
1.869704645828492273e+00 1.226698925440605414e+01
2.015391013154218314e+00 1.210862041380924659e+01
8.465723393059625401e-01 1.056356154355837695e+01
1.635210847107479104e+00 1.130642673596756786e+01
1.697981149666513367e+00 1.231178325013939556e+01
1.104829058575286016e+00 1.149130396875404792e+01
2.094204833168412883e+00 1.153878099401089763e+01
1.127453309747753263e+00 1.090546392398306708e+01
4.160702826280471833e-01 1.244860708407854943e+01
1.275368753964064572e+00 1.221622954380368853e+01
1.398823633947457568e+00 1.095721062290263426e+01
2.679361919864085562e-01 8.514292617865823587e+00
1.221890103084438017e+00 1.099031244253244211e+01
1.896095836866297235e+00 1.183236925086561619e+01
2.025014084829920957e+00 1.108145257935855810e+01
2.151463277917972317e+00 1.066747836325994214e+01
1.443538899192595482e+00 1.133299357805146101e+01
1.946233039688772593e+00 1.190839974993684791e+01
2.046565448479155780e+00 1.134830436338785553e+01
2.122715276496321746e+00 1.253888855729481833e+01
1.993052722688647860e+00 1.086615142831528757e+01
2.090715287072753448e+00 1.249678944207353481e+01
1.853210418884039479e+00 1.267249490842990056e+01
5.306586598626448215e-01 1.097026708769806369e+01
1.989355929590781447e+00 1.127142767259708300e+01
7.731071165338923024e-01 1.157978320185689469e+01
1.583941506383300668e+00 1.166300915872056088e+01
2.148290304694370878e+00 1.248998349353674975e+01
1.131491350026365472e+00 1.179941086128830996e+01
2.031777066253056763e+00 1.206926808974565724e+01
1.968603845678274844e+00 1.118290085685804947e+01
8.180019621763940929e-01 1.146815783248074183e+01
2.458610150760151214e+00 1.205594557222342367e+01
1.558231341421732807e+00 1.250491562996307415e+01
1.304297638799843506e+00 1.231230211807087294e+01
6.741819109280475786e-01 1.112652172141927132e+01
2.173694081768399844e+00 1.125240074999389428e+01
2.147233827931927408e+00 1.147826169981125588e+01
1.870904438274145543e+00 1.158464584976988299e+01
2.037769857949947472e+00 1.122435268896181348e+01
1.545826331939504694e+00 1.173897890901841023e+01
1.318061442405747075e+00 1.222057826269963776e+01
2.208166073003767771e+00 1.246199166857069329e+01
1.532650696640293075e+00 1.137368179758727749e+01
1.772032423035502013e+00 1.147003383582700309e+01
1.599311512565747773e+00 1.135079833250940951e+01
1.650703540388262391e+00 1.138400185436731427e+01
1.577141547819136846e+00 1.173074341899314810e+01
1.863575380530762216e+00 1.196957068110287459e+01
1.990397740915688773e+00 1.142856271981786165e+01
2.012183632600362593e+00 1.220768774210229068e+01
2.023955340214084853e+00 1.210638949680786425e+01
2.191328839458075883e+00 1.185385732388649416e+01
1.944914106217404237e+00 1.172689647945624003e+01
2.046823414553486931e+00 1.099660088743802433e+01
6.530353199796279373e-02 5.000000000000000000e+01
2.093549978987081062e+00 1.171887585075588412e+01
2.026799281460523794e+00 1.110709270250068670e+01
1.674247793238030857e+00 1.200089272823501219e+01
2.085052754305839695e+00 1.151934763153938412e+01
2.091300712051580302e+00 1.095200629728341291e+01
1.656253194937983508e+00 1.092260767129856092e+01
1.961216930042594786e+00 1.124660862989828836e+01
8.460247222134827938e-01 1.131057985279250389e+01
1.644635513203642763e+00 1.189056792931565987e+01
1.924937802058289016e+00 1.192502938922182132e+01
2.127073385764840729e+00 1.131063757455547503e+01
2.146269305713849551e+00 1.228833627817791907e+01
2.012062260962247606e+00 1.243651939051662048e+01
1.903724190938223870e+00 1.127680090641746702e+01
2.004676607216579587e+00 1.091820623552009728e+01
1.582102208336729765e+00 1.226303146997408078e+01
5.510863278273679944e-01 1.216123198061733746e+01
2.042354447729161748e+00 1.115787726519882028e+01
8.182081085682024746e-01 1.120069209033043300e+01
2.044401179200618479e+00 1.249166972592012570e+01
1.324029598316520007e+00 1.232723776037175512e+01
1.607713526301027374e+00 1.113819210155236306e+01
1.773357048608558584e+00 1.185183923715824683e+01
8.310144659475539042e-01 1.138567056041961045e+01
1.934891552708869034e+00 1.183957494600901761e+01
7.677189154883971023e-01 1.046948096051524146e+01
2.226033587387763024e+00 1.183541871093198417e+01
7.271103046442277673e-01 1.185700717630703416e+01
2.529763525819882730e+00 1.236199296501865419e+01
1.533130201089641931e+00 1.224491698367093839e+01
2.123696758351895753e+00 1.086344296942679399e+01
2.197393695191840024e+00 1.181177758255689803e+01
1.549223938966503678e+00 1.197536759887407953e+01
2.007844134263090385e+00 1.200484310252209674e+01
1.924261202222228961e+00 1.170965867849489683e+01
2.060099116288018006e+00 1.132312041813864845e+01
1.694428982000343975e+00 1.258807196016313057e+01
1.790214506666225835e+00 1.158054942674135468e+01
1.154457632724884331e+00 1.112286689226857384e+01
2.337336399891739802e+00 1.214385187722274040e+01
2.348102191553845142e+00 1.208875904166548310e+01
1.921376141714770780e+00 1.221456937319634406e+01
1.849145498229494589e+00 1.229272808649996129e+01
2.070216572429895763e+00 1.161478525496214687e+01
1.849652535521749463e+00 1.222677459480740580e+01
1.598422599355467932e+00 1.130379524322724905e+01
1.610767160056588709e+00 1.130684977100780664e+01
2.077752974004627884e+00 1.200603763291734971e+01
1.086344674124012366e+00 1.125023615937505816e+01
2.035033767966587970e+00 1.083434088351846469e+01
1.901811139894568514e+00 1.105820104176363294e+01
2.546470964973503559e+00 1.278892622159732895e+01
1.930009042289460908e+00 1.162604138364108941e+01
1.605235856691351604e+00 1.163816616522631442e+01
1.764048295597708593e+00 1.129849025420566733e+01
1.314896067237128818e+00 1.137284603343655043e+01
1.569756541268069461e-01 2.044592626924424650e+01
1.979018059301311805e+00 1.175603295568736506e+01
2.175893656052765301e+00 1.150592358838298601e+01
1.597495874557649964e+00 1.243731206412537738e+01
2.266381237095943302e+00 1.277512276128636159e+01
2.213863151925195449e+00 1.291420339917736548e+01
2.176293091986801542e+00 1.194157283605728281e+01
2.019433191367993263e+00 1.179279346731145317e+01
3.511838104698499774e-01 1.146284901949824686e+01
1.970411428763981121e+00 1.222720820512404849e+01
1.499010160260568991e+00 1.177416281052981439e+01
2.221916295583654666e+00 1.116533799521995007e+01
1.700484083572041394e+00 1.105303351767706133e+01
2.053957472149928520e+00 1.093805564860720025e+01
2.201254487624574541e+00 1.179168358628642288e+01
1.497045570418152005e+00 1.234995458188961770e+01
1.500791733181924048e+00 1.166267225209260516e+01
6.169121617228946475e-01 1.187110989182150966e+01
1.002788097141267487e+00 1.109299634741158513e+01
2.266776623470613927e+00 1.258896937415858019e+01
7.165814198392331802e-01 1.175533756047845380e+01
3.814585473352730127e-01 1.211588217819875091e+01
2.032604746552324038e+00 1.159731600792304640e+01
1.934701034032857869e+00 1.197180520447523833e+01
1.916341324275924629e+00 1.198529326765718928e+01
2.246662169754419125e+00 1.270053255542527637e+01
2.057810143532777580e+00 1.184782121539079114e+01
1.957269164520350602e+00 1.222472241236616419e+01
1.257916376966100369e+00 1.173234416218826937e+01
2.136471393583923462e+00 1.207656929680327274e+01
1.955226329646305272e+00 1.234802910730019931e+01
2.547255262376657003e-01 1.412410648810085867e+01
1.248659713258051918e+00 1.083382680713060964e+01
1.881645921431595925e+00 1.142952969006345754e+01
2.254227310563569731e+00 1.169985566851256031e+01
6.341966948205329802e-01 1.012794422153847229e+01
2.057329875443180356e+00 1.219995530763994118e+01
6.777372977677287302e-01 1.040810588835264738e+01
3.754243244101834187e-01 1.240352905692499874e+01
1.047226229370615602e+00 1.154477167329651799e+01
1.944746162311107307e+00 1.197106527203111170e+01
9.539322732382026215e-01 1.088614475211700494e+01
9.296826735280109277e-01 1.085656076767591216e+01
1.994412568634090333e+00 1.171075102074109076e+01
1.738582951398181642e+00 1.217840519006490041e+01
1.765150176840944329e+00 1.195025358771414936e+01
1.159222178142210513e+00 1.189037974978370293e+01
1.786859398592033799e+00 1.168105527180038550e+01
1.572026637943575000e+00 1.153264776750305387e+01
2.156700658734148401e+00 1.103147505585636701e+01
1.964962106658944663e+00 1.262265812991566705e+01
1.766251398974705955e+00 1.231366104974921072e+01
2.033544987047604113e+00 1.206938868213340221e+01
2.143821715111363435e+00 1.227458335438070414e+01
1.995743554788920848e+00 1.162137944283639257e+01
1.893712933379556818e+00 1.230469678241119169e+01
2.084521666022068676e+00 1.141174544204625008e+01
2.187506799808676572e+00 1.207690821948477833e+01
1.782854817454257779e+00 1.233091400651076519e+01
1.651066041097902115e+00 1.125886965470146706e+01
1.977126845028502666e+00 1.207994540436497921e+01
1.943205751392773628e+00 1.223015371285152320e+01
1.955837594370186228e+00 1.172261675160538097e+01
1.992324006711914786e+00 1.212060030537666577e+01
2.036038815641214139e+00 1.203140306238312363e+01
1.758814427210956266e+00 1.117435956685214293e+01
2.904082047540086364e-01 9.403611642185866870e+00
2.146074448030138804e+00 1.156849165545110836e+01
2.161505922871310492e+00 1.110200648643031229e+01
1.621438847852301190e+00 1.168286889775916038e+01
1.988952468642891658e+00 1.119590456878337470e+01
2.115662355150798035e+00 1.208580732617166653e+01
4.248562302688346781e-01 9.458422475528623252e+00
2.169719228068376804e+00 1.205866553364010585e+01
1.814725102965576209e+00 1.142361550137053960e+01
1.813592822573927510e+00 1.142474228040685347e+01
1.499920548455362379e+00 1.193832664326739312e+01
2.346501269196603179e+00 1.248520966713232205e+01
2.255098379985117418e+00 1.163623028777618629e+01
1.655653294373519824e+00 1.183062122582101949e+01
1.919599854906307357e+00 1.182495407898818129e+01
2.066465605449422593e+00 1.174290385305738837e+01
2.477520805264930848e-01 1.123940588342923874e+01
1.960584025727509783e+00 1.169357241734241626e+01
1.970870639895232035e+00 1.146031714479462060e+01
7.684267088912170030e-01 1.042247740039665160e+01
6.417248399472944564e-01 1.126413409135869692e+01
2.020255318021351609e+00 1.046468532217025604e+01
1.871205762592234034e+00 1.102868509149888077e+01
2.377796603891158433e+00 1.215458469037997347e+01
2.365088484717982276e+00 1.226041930857161510e+01
1.705771632566628115e+00 1.164637959068525852e+01
2.204683913362044390e+00 1.143116207828194852e+01
1.279984396977184913e+00 1.195316838782342650e+01
2.012939964154947692e+00 1.075077274681138384e+01
1.628527292739109900e+00 1.103373659434041620e+01
2.550669917870993064e+00 1.266177822008549647e+01
6.531719913275664258e-01 1.020800254876051127e+01
2.097161978834537255e+00 1.187726389455656495e+01
1.907363673194471865e+00 1.238270723498570902e+01
4.621312241446071667e-01 1.232445517334602769e+01
2.002586842930597744e+00 1.204691178309192345e+01
2.221190954078089863e+00 1.170268202257758539e+01
2.185693167264003201e+00 1.251488429786389744e+01
2.617684564695238691e+00 1.238583590073966256e+01
1.902442537693436408e+00 1.127247826387218410e+01
2.083750533402045413e+00 1.225306167555554282e+01
7.396231016141348036e-01 1.021349092881580667e+01
1.408746850794370342e+00 1.142119453808942353e+01
1.212889412910860942e+00 1.160004591901082804e+01
1.622040725260262439e+00 1.199395886823683810e+01
1.784486027211183545e+00 1.225455186953619879e+01
1.930535090724180725e+00 1.217326676324392487e+01
2.012481437840501819e+00 1.075679123103179968e+01
1.520737206959626553e+00 1.107922987183759034e+01
1.123835934688964810e+00 1.121231221432325498e+01
1.168035164299267459e+00 1.062652053153386866e+01
1.791993760206321173e+00 1.126524823729868530e+01
2.148612441336000600e+00 1.231036952853420274e+01
2.235593740818356157e+00 1.213859796702038096e+01
1.652648823203022310e+00 1.189844215206559674e+01
9.706106660266010655e-01 1.089579064005918951e+01
2.262630541955222174e+00 1.086669118206127571e+01
8.228809595925488107e-01 1.006575208773907093e+01
1.482646920914257649e+00 1.118872077289153388e+01
2.882549153357651384e-01 1.298775463668306784e+01
1.027867132919325410e+00 1.183561239369586815e+01
1.782264813141004822e+00 1.184266557135135578e+01
2.413035150635949755e+00 1.208530412791974840e+01
2.458919128385557595e+00 1.188345534230717959e+01
1.065006726609684984e+00 1.135798403735547346e+01
1.745570142129049485e+00 1.207321455997859339e+01
2.159798936582904894e+00 1.091164975084840627e+01
1.312004126121057324e+00 1.157977287406865230e+01
2.460174958482425289e+00 1.188474572058757950e+01
2.148110951041079630e+00 1.161251603540948629e+01
6.685313104575341114e-01 1.023001197845180954e+01
2.044637323954908048e+00 1.265272139236757809e+01
1.781159163342175500e+00 1.258011477841255044e+01
1.079569444330628958e+00 1.033108156784673604e+01
7.525376424733650760e-01 1.169268633164631055e+01
2.099204163873208628e+00 1.224754369280493194e+01
1.973402694904209609e+00 1.143564576565061941e+01
1.281228504506292998e+00 1.159457615825242982e+01
1.722702406509185824e+00 1.188010183258733399e+01
2.149577232372410940e+00 1.165207691581492533e+01
2.189334871495256074e+00 1.132696173997103983e+01
2.034653624507796632e+00 1.165388554624424344e+01
1.060373205982801936e+00 1.111118191762218999e+01
2.202324796001025486e+00 1.271526551700491403e+01
1.044816947723424150e+00 1.186469228536631171e+01
2.281092846429026544e+00 1.239624666507436146e+01
2.326588998921184537e+00 1.206011634391658482e+01
1.478061699195073908e+00 1.127200499946294343e+01
1.986608489278180345e+00 1.126813145854437437e+01
2.065023342823305352e+00 1.269533691355142047e+01
1.606555472734001011e+00 1.242738483784876813e+01
1.676349665609935036e+00 1.243764427717252552e+01
1.947750518686438781e+00 1.236467858369016781e+01
1.719604455245192787e+00 1.179253302989717511e+01
1.927701992713668933e+00 1.134172632609151066e+01
3.228502573378195795e-01 1.052089708072974972e+01
1.952985360959745620e+00 1.097803542312231428e+01
8.387685889223805979e-01 1.163409626948837250e+01
2.016664699788992987e+00 1.109319817628437121e+01
1.313426222869938487e+00 1.100700513097654643e+01
1.561502189082278003e+00 1.110685412852526177e+01
1.943668759718257588e+00 1.135371024691376185e+01
1.723837050951799066e+00 1.241490085918058028e+01
1.314291548894176431e+00 1.159360883047767032e+01
2.090564069394727831e+00 1.178084818395826261e+01
2.133132286582857251e+00 1.148573521247648088e+01
1.306288393043276042e+00 1.134193182355425122e+01
1.239639055144801327e+00 1.069634075538960083e+01
1.323317798852004845e+00 1.192895522281045295e+01
1.965017677945222419e+00 1.152636289749392517e+01
2.108019126830554590e+00 1.094834604920513144e+01
1.925613718438171640e+00 1.113621643196282740e+01
1.281440841834990074e+00 1.065493655867713585e+01
2.067736180361999132e+00 1.173716240676331068e+01
2.036611252848696818e+00 1.226107443749193493e+01
1.459902879748194326e+00 1.157894207440396350e+01
1.390620642178767241e+00 1.118352337555861276e+01
1.801544342709612945e+00 1.130049907913225304e+01
2.040471704002591036e+00 1.103822898816487452e+01
2.037333700160404160e+00 1.106164255824065812e+01
1.766734661861065758e+00 1.226410289542161003e+01
1.994212651087296617e+00 1.212546062648291212e+01
2.006333462731700656e+00 1.172401228918521277e+01
1.130132250344292100e+00 1.215296783497418964e+01
2.034033395149954515e+00 1.225293946579568249e+01
1.323080050991347179e+00 1.124936754263286254e+01
2.184073097613281167e+00 1.202532889837227614e+01
1.780829630117594542e+00 1.226363049041679076e+01
2.011894434820499900e+00 1.198833879183009543e+01
2.462749356249578359e+00 1.284525088453440844e+01
2.073196894922187727e+00 1.309771618408324834e+01
1.873137063095041244e+00 1.272117956161298125e+01
2.047227572452665900e-01 1.298917536724950850e+01
2.129306066890019000e+00 1.082971402563817520e+01
2.006867556954341492e+00 1.114982140649807363e+01
2.012843790634590846e+00 1.229372723573328763e+01
1.802657433644691665e+00 1.221651694539237099e+01
9.231886626093414039e-01 1.213318254759158954e+01
1.934098892887226695e+00 1.220650432121788853e+01
1.557461355285779225e+00 1.182464808077741480e+01
2.230540342363840356e+00 1.116347561438185565e+01
9.598603415479189938e-01 1.070336644786325664e+01
2.411530875379709560e+00 1.227725307432195656e+01
2.031356941856684806e+00 1.168899229921602689e+01
2.052620611549941909e+00 1.157248685248086062e+01
2.186421786374558529e+00 1.098091480989545765e+01
8.021341929942933380e-01 1.144295886990924060e+01
1.988548473043440179e+00 1.162983589637360460e+01
1.541844462973573471e+00 1.149623310187101310e+01
2.048252008693148607e+00 1.159174616138156821e+01
2.007637530802062642e+00 1.191130540902710067e+01
2.047956337729792686e+00 1.160846326328979750e+01
2.028125384140631038e+00 1.085184029104844861e+01
2.071114720861102487e+00 1.139283830019812882e+01
1.632035447361250835e+00 1.207535293623037909e+01
1.968914188836018209e+00 1.178519041448533144e+01
2.015428474085082300e+00 1.151159500731685270e+01
1.972366069103045794e+00 1.280648729801796826e+01
2.300444986950942017e+00 1.213086226030483061e+01
1.999714956304754265e+00 1.203723485899573653e+01
5.455358505090130983e-01 9.679777653516536517e+00
2.202177981668246964e+00 1.265359475981667892e+01
2.292322285227878620e+00 1.272026836072116396e+01
1.679053661299091615e+00 1.149730122031595059e+01
2.354917785225931315e+00 1.233665216259778319e+01
1.323929565407232056e+00 1.086998231418173333e+01
2.170595464683668929e+00 1.150744136783840155e+01
2.188174497823879516e+00 1.145903582303445489e+01
1.913980701299213605e+00 1.199902941918364085e+01
1.837408518032312088e+00 1.210101834310106383e+01
9.583501213330246626e-01 1.115315253473974444e+01
2.203107951216487503e+00 1.256449826586951346e+01
2.040651824821130500e+00 1.283655311765487284e+01
1.481995054514098520e+00 1.160289449628913516e+01
2.411190006124855234e+00 1.316518659478308884e+01
2.262404428169773940e+00 1.311790327136467837e+01
2.097950310113528172e+00 1.157809240303419784e+01
2.105539019025209679e+00 1.150339546172365068e+01
1.998813733767839995e+00 1.163147689135903029e+01
1.967191805186264464e+00 1.183621062571455695e+01
1.726106070537355652e+00 1.169088972132333026e+01
1.600734640455222513e+00 1.163894762568490648e+01
2.029733109934237056e+00 1.125413437164718999e+01
2.321253273802485584e+00 1.188944108061144789e+01
2.137754362562841237e+00 1.235907728124582761e+01
2.198375392153028240e+00 1.179115754066232569e+01
2.229195461044836790e+00 1.157062266446682131e+01
1.489965210758682046e+00 1.122043551632736147e+01
1.949526000975286832e+00 1.151111811794733342e+01
1.680838931655717294e+00 1.150601641541956610e+01
1.345326573061358166e+00 1.138235420928038621e+01
3.545373081397397708e-01 9.403615798154632444e+00
1.944723804379949739e+00 1.195465200446239606e+01
2.068650002526623677e+00 1.189869569496669399e+01
1.445415925025607562e+00 1.225124121120886400e+01
2.037806387171611888e+00 1.099786327587259649e+01
1.742374697748214629e+00 1.153971359049147871e+01
2.148659918603545105e+00 1.132244233275907597e+01
1.139713929204389409e+00 1.202819978182716731e+01
2.020773478101023812e+00 1.160978968944137968e+01
1.943746567352887311e+00 1.284838508893524534e+01
2.110792991406057695e+00 1.269801605492487262e+01
1.933354625137115423e+00 1.169106746673318042e+01
6.803867940391212787e-01 1.117728341691611504e+01
1.651203493587987792e+00 1.116801645433182877e+01
1.743046982668569056e+00 1.212915044099257145e+01
2.083147473118768467e+00 1.164246690857929245e+01
1.946674645194251596e+00 1.115008534084223868e+01
1.200826163888359721e+00 1.159310099132225602e+01
1.504565972496068937e+00 1.190647417380795758e+01
2.019626390740240307e+00 1.148455881809324808e+01
2.190938814121935252e+00 1.241747127623068714e+01
2.062636491008221107e+00 1.258517695316711205e+01
2.090674999239499510e+00 1.209246471613880480e+01
1.217027783175036237e+00 1.190773270760880820e+01
1.990829417106065202e+00 1.221983147651574519e+01
1.254295701569894783e+00 1.282494676982589787e+01
1.529081406172702717e+00 1.252770135677322294e+01
7.292800266110687213e-01 1.208281410981178716e+01
1.253881651188735846e+00 1.218445670908547207e+01
5.935812795905298644e-01 1.257561884630502469e+01
1.074285332468496890e+00 1.230805642642048348e+01
2.077462667705455068e+00 1.179618147415164842e+01
1.679830142236268475e+00 1.223337310872043027e+01
1.847865293870964765e+00 1.210491497004049677e+01
2.018527068275409952e+00 1.175277804680445470e+01
2.018065065820501491e+00 1.175237333881980462e+01
2.159471456567754633e+00 1.098341753405977705e+01
1.007069089451995136e+00 1.105774400891292331e+01
5.015073293330414295e-01 1.048347274025145914e+01
2.560773603732204862e+00 1.244700668662318499e+01
2.105577747086049722e+00 1.167600682322072103e+01
1.285171090856299658e+00 1.191238405920656618e+01
1.637959215044946015e+00 1.244727636502401502e+01
2.008097299057749030e+00 1.258157752673605501e+01
2.068753023674100522e+00 1.234009781451369214e+01
1.627731413504248881e+00 1.230393612297907424e+01
1.321913188840485809e+00 1.208107200695301131e+01
1.938414674314517860e+00 1.110164772891928386e+01
1.626530456776543732e+00 1.233657693132965605e+01
1.954729087839383928e+00 1.253937146737086650e+01
2.015317617455238963e+00 1.132144328425221858e+01
1.936152109656839926e+00 1.249997327310116191e+01
1.734924175710660599e+00 1.260247316974729515e+01
7.116282373982690812e-01 1.043164634347196973e+01
1.306494299251928837e+00 1.151074443643452305e+01
2.027182392929435917e+00 1.113810713919931139e+01
1.913980957434121999e+00 1.208418914815132084e+01
1.944689238107635054e+00 1.245442395240977795e+01
2.069512648588466508e+00 1.233876736291512621e+01
2.121412361727954554e+00 1.168357138053340627e+01
1.439880594897279042e+00 1.179530148123412481e+01
2.094830694705565044e+00 1.222830127005948064e+01
1.591505583405728563e+00 1.264910564083797873e+01
8.329346275139138944e-01 1.024468756081733467e+01
1.918835034896567926e+00 1.140579873671969580e+01
1.611586301287694978e+00 1.135918171693542433e+01
1.814806051553255140e+00 1.182359126065741250e+01
1.187067090240057299e+00 1.114826945399270564e+01
1.371455150651957000e+00 1.118743960990716424e+01
1.349621458437863186e+00 1.236491607279144489e+01
1.952717639948039707e+00 1.161025751695089525e+01
2.326061537756793030e+00 1.236888132249852390e+01
1.901514874770764418e+00 1.156462769569183990e+01
1.685630102230555760e+00 1.139582684720627803e+01
2.139474373683552422e+00 1.101100742031414548e+01
1.087130603390231265e+00 1.054133592816849507e+01
1.229781477462953188e+00 1.223001067327268743e+01
2.205500558284764878e+00 1.250664228925383448e+01
2.270135490285715818e+00 1.151869121699379228e+01
1.988898924094071985e+00 1.169672916071371382e+01
1.996856190317155111e+00 1.089814359266921429e+01
1.919527991691053259e+00 1.107193654414854045e+01
2.136398368438262363e+00 1.151826271578830152e+01
1.013699620555938541e+00 1.178392378398084617e+01
2.292374081651356921e+00 1.094621467338491172e+01
2.175059332892212538e+00 1.119613124487874956e+01
2.145783685941446972e+00 1.205958110948667894e+01
2.168379912022036393e+00 1.202923598778880354e+01
2.145441563173631661e+00 1.269042794871656277e+01
2.021501594882141095e+00 1.207035876816775932e+01
2.264803453714126835e+00 1.106892788773901692e+01
2.074185711630631701e+00 1.213128549232485653e+01
1.711408127169644189e+00 1.259916286609093916e+01
1.036920118032506277e+00 1.196033729934696055e+01
1.184645666799136077e+00 1.202101199089038630e+01
2.135500939991583635e+00 1.148597235970262176e+01
2.157722375236521106e+00 1.141688945945117695e+01
2.098463957323456697e+00 1.234897650280070458e+01
1.744125555787741311e+00 1.132231489402260216e+01
2.085128571970287226e+00 1.185801094000624012e+01
2.075668743023423080e+00 1.188641552724532602e+01
2.066779890173495282e+00 1.187411025417497790e+01
5.969368788506117518e-01 1.074581771522045059e+01
1.877892955266729391e+00 1.147151063092802126e+01
1.492889416425796645e+00 1.194383471645227779e+01
1.936095839863366086e+00 1.268889558642364968e+01
2.008438858853217379e+00 1.257034372197879080e+01
1.920043611275770168e+00 1.214742989121719674e+01
2.145476475993115084e+00 1.084102174772443306e+01
1.993175883980358165e+00 1.124726303971893593e+01
1.471608050916241028e-01 1.022262870395915435e+01
6.910672295525451814e-01 9.583661216498629898e+00
4.033524817846353416e-01 1.113422455963734770e+01
1.798168874366440795e+00 1.157506601687970083e+01
2.150171302339467960e+00 1.233955169476853442e+01
1.118541266001236600e+00 1.212948484093441159e+01
1.826407107888736503e+00 1.165524751396191228e+01
2.272275610787036992e+00 1.107546174624497759e+01
1.823526901462430905e+00 1.232889725242096901e+01
2.285253304106647398e+00 1.179137444774686294e+01
1.804072830316002074e+00 1.193238315655684545e+01
1.941362907677192551e+00 1.186104288488498959e+01
6.464380747974107777e-01 1.038926052692692714e+01
2.049288475095011997e+00 1.149197231334855829e+01
2.234540153556089148e+00 1.179953498944297863e+01
2.107754149822290035e+00 1.064115953564698636e+01
7.950336126987579688e-02 3.826790453800988701e+01
1.492404826766255521e+00 1.109526241522316425e+01
2.349321393529445245e+00 1.262737478498415022e+01
2.403836025125968945e+00 1.235154894310184481e+01
1.454629345915444016e+00 1.125981933745992869e+01
1.973836955671279814e+00 1.137876486910335316e+01
2.241530846128627630e+00 1.146819574713595991e+01
1.401536752173505818e+00 1.087542749153250909e+01
1.224574819337849840e+00 1.136166859208540991e+01
1.976182907398088773e+00 1.125411876793136834e+01
2.038655914439050143e+00 1.200269235495400544e+01
1.845024652904415641e+00 1.116542279623160105e+01
2.245735605585895023e+00 1.165726544204914283e+01
9.710340909777479546e-01 1.037419741590461264e+01
1.994931971280392125e+00 1.144137515954496642e+01
1.686450511449954615e+00 1.141903306278251584e+01
1.933530986461166945e+00 1.108427608734611880e+01
2.021713978717147420e+00 1.073530456026861124e+01
1.229387617555288914e+00 1.168197123957789074e+01
2.077039812237982286e+00 1.117625158458204737e+01
2.043429635131316147e+00 1.144311390478517687e+01
1.599318703494011507e+00 1.214722256508717990e+01
2.136331333546752198e+00 1.210615531320063099e+01
2.041142515547393899e+00 1.177477561087454205e+01
1.970222591277025481e+00 1.181710806509649814e+01
2.190167946429256940e+00 1.126821979284049924e+01
2.163762902700301360e+00 1.209244816227440111e+01
1.474885948277511849e+00 1.217474858844254548e+01
2.051088366486804038e+00 1.232648720146310595e+01
2.019028575591111707e+00 1.217474051622059505e+01
2.123670891111561598e+00 1.194119875128580510e+01
2.055215875738290343e+00 1.138915999091585007e+01
1.203281909734215116e+00 1.145289533867909348e+01
1.588270882275143681e+00 1.201041239693700113e+01
1.998291623075356904e+00 1.159017656777572824e+01
1.145907909531849178e+00 1.178617247866420392e+01
1.897790867913396351e+00 1.199167188000758699e+01
1.989459403171263796e+00 1.224726135288871909e+01
2.012658478187648203e+00 1.216635340131191079e+01
2.201159508227179984e+00 1.131825689590639605e+01
2.090002823158370937e+00 1.186521847628600668e+01
1.743816070142966801e+00 1.250461823178219589e+01
1.858852992105310520e+00 1.255178685404453631e+01
1.745004233724729570e+00 1.149290712146189541e+01
1.700359958508121938e+00 1.162259533466181871e+01
1.303367667131996588e-01 2.392726683721695480e+01
2.180982581336176285e+00 1.250139642049379418e+01
1.288265201080158739e+00 1.225181433349659166e+01
1.911360258911228183e+00 1.168691326170284128e+01
2.070843079988338609e+00 1.240111102808062427e+01
2.030771095849657204e+00 1.252522966327903831e+01
2.111510990557963652e+00 1.113914898426451927e+01
8.395729306029425798e-01 1.164081973019677285e+01
1.971888350862860184e+00 1.117739252804315875e+01
2.043788685894968982e+00 1.254571197152742101e+01
2.052210407059453789e+00 1.250431486925663371e+01
1.938218012954064928e+00 1.136885623089415276e+01
1.937751216108188457e+00 1.151416448609676024e+01
2.038304562103564699e+00 1.137191461835746686e+01
1.553425323341163011e+00 1.232887956411034835e+01
3.787831204898241544e-01 1.331214540734868734e+01
2.054135354103423960e+00 1.166255936664477488e+01
2.107806095433243154e+00 1.145547576650074895e+01
1.888271054928269077e+00 1.144078215659681952e+01
1.968855488911531504e+00 1.154008825039038655e+01
1.846142997421156728e+00 1.108575385771382749e+01
2.123278117478959448e+00 1.057656450809521864e+01
2.070278012088726971e+00 1.135528376422746888e+01
1.885465658330426786e+00 1.261515871699177715e+01
1.984919700583183344e+00 1.155967692875284669e+01
4.612798491695644931e-01 9.636142920714366511e+00
1.837011962409267785e+00 1.190914139737135180e+01
2.358829139416837695e+00 1.190883717060066083e+01
1.732808742344391861e+00 1.127068286811162068e+01
1.600949154930008334e+00 1.115420831096767174e+01
2.081214443963528282e+00 1.095064624330121283e+01
1.661709103498918649e+00 1.179478515273897621e+01
1.861272021226571871e+00 1.159264506138289086e+01
1.795143002451340175e+00 1.154705699927508356e+01
1.339797956421102221e+00 1.235949635400924684e+01
2.043312671706285055e+00 1.241107299509796391e+01
1.640761595805575235e+00 1.152230838095367815e+01
8.918673505825565062e-01 1.141856756321345756e+01
2.077260318822958141e+00 1.175498058926567246e+01
2.173563040555268611e+00 1.138705218360284732e+01
8.910711678906412248e-01 1.223433067659914109e+01
2.172011057232681175e+00 1.244452794890237968e+01
2.001133433677421802e+00 1.102235464690734013e+01
1.865800562339712698e+00 1.126325707447548119e+01
1.490196866616972482e+00 1.141015377709634571e+01
7.898803897458834822e-01 1.070231251783766702e+01
2.042360872503131919e+00 1.110893813622645609e+01
1.600415268169558702e+00 1.154533778672676725e+01
1.672818751846714358e+00 1.242897640234290613e+01
1.350616865504517872e+00 1.194126690562102233e+01
1.863532769699992375e+00 1.231765493527349697e+01
1.775284338906881532e+00 1.164910372374523462e+01
1.783473267425405240e+00 1.123826225825814262e+01
1.380552837619481110e+00 1.125567558623497177e+01
1.169275480958110958e+00 1.105350676240365004e+01
6.548334874864512045e-01 1.036683899812652676e+01
1.646933861538732335e+00 1.253003508572439983e+01
2.034525524496284987e+00 1.142128365029815740e+01
2.147089013537564206e+00 1.132105348216335372e+01
2.066754928300813976e+00 1.152321307766033875e+01
1.836517402393823550e+00 1.153715928317300055e+01
1.055702341976412439e+00 1.076786801457332921e+01
2.211450044430088191e+00 1.134524501650870576e+01
8.928103846435140323e-01 1.070752543285779801e+01
1.399121165373349518e+00 1.160666364097337855e+01
2.296741833972863134e+00 1.260176236008111239e+01
2.237448827622294356e+00 1.280182551614808162e+01
1.449241846718752225e+00 1.250164777243587722e+01
1.741616755241045977e+00 1.186303767008353027e+01
1.961719723912648483e+00 1.186663120679270200e+01
1.950083600634350267e+00 1.104746110657738356e+01
2.044222549852038551e+00 1.077592270800938579e+01
1.288889794971103120e+00 1.194700031856667799e+01
1.561342645314528932e+00 1.152078638376208808e+01
2.122490579230447594e+00 1.180363042777567095e+01
2.213141274475258768e+00 1.096095257799759004e+01
1.735708368323732653e+00 1.115665114790469481e+01
2.120442397816248103e+00 1.205950494405177942e+01
1.055996662072774317e+00 1.160315756892633132e+01
1.942480879001831751e+00 1.210846345052124740e+01
1.791687880215391049e+00 1.216570531047551640e+01
1.981842012114546359e-01 1.343389946002067603e+01
2.193019115546292586e+00 1.134259260386804335e+01
2.256719140802488699e+00 1.113719827231484416e+01
2.078276451127731406e+00 1.130558511143538425e+01
2.180120963583943361e+00 1.204999881991697031e+01
2.064234385029654284e+00 1.240638843665239399e+01
2.172658277303833430e+00 1.226922887131310347e+01
2.030926536970981910e+00 1.251400881384470942e+01
1.988479449037445113e+00 1.247685745886311004e+01
2.136237785122951927e+00 1.225873457882690332e+01
2.168380048006013805e+00 1.250207990835865779e+01
2.098554757040302476e+00 1.258010692976043643e+01
1.538864875680217681e+00 1.137241159358309339e+01
2.152338288895700558e+00 1.212083153235525579e+01
7.212080816354933255e-01 1.160880759663332995e+01
2.312599139035291795e+00 1.188043771058888254e+01
2.290212344874802408e+00 1.189502104243657321e+01
2.107383821938932922e+00 1.176561779742905323e+01
1.998865533233820546e+00 1.191693105623698301e+01
1.474238805760744064e+00 1.227442889315329211e+01
2.415751916574837566e+00 1.324630201877916846e+01
2.174923264302663029e+00 1.157500494557907267e+01
1.968322414258801833e+00 1.140927247899615438e+01
1.935661841137756856e+00 1.167668026982553720e+01
1.869162911603644561e+00 1.179965414874991581e+01
1.984106040300006368e+00 1.229933739915274060e+01
2.213458971409104414e+00 1.212201638486550159e+01
2.097341576957874043e+00 1.248577771387344981e+01
6.478068376057304345e-01 1.074118150698270568e+01
6.932818555672441985e-01 1.110290928053911585e+01
1.586753922248900883e+00 1.205832230838528574e+01
2.058773639055792692e+00 1.130279245624682183e+01
1.514784500446552329e+00 1.236277871243789761e+01
8.673188344350667156e-02 4.478831431352385550e+01
1.979114182583014525e+00 1.229609428381344216e+01
1.664601546803599730e+00 1.157346643689261256e+01
1.964311899974887421e+00 1.172168514217138302e+01
2.051251978761094552e+00 1.154013223065722649e+01
2.082944402099447423e+00 1.136104500132569761e+01
2.060764731239161929e+00 1.147809058799897564e+01
8.913265759487206674e-01 1.057095236122672866e+01
2.185934069284501291e+00 1.112623403869943850e+01
2.248531703555030958e+00 1.181076395185428218e+01
2.087135860253960029e+00 1.220001262717489077e+01
2.167917470014278258e+00 1.178506705466847393e+01
2.097290783206795517e+00 1.142107443055391514e+01
2.097243748488880399e+00 1.145927193725824367e+01
1.582579875690496518e+00 1.186690680659089736e+01
1.434987837349065654e+00 1.179917935251263650e+01
2.090027432537258090e+00 1.158950735426643952e+01
2.132445537487571929e+00 1.179699489003279567e+01
1.751236801493796902e+00 1.202164938095720537e+01
2.134694820218538958e+00 1.200592610112203218e+01
1.899837007064398176e+00 1.160081456626654450e+01
2.112407194372468933e+00 1.209126744386271746e+01
2.230013386350650606e+00 1.166207355939797274e+01
2.083850616449804960e+00 1.194133235644851432e+01
2.046243499411573019e+00 1.186739770025814167e+01
2.062383089539320924e+00 1.177640348440511353e+01
1.768588950266155813e+00 1.169085508252081063e+01
2.019173073797089213e+00 1.080009251828049521e+01
7.819264159240846279e-01 1.156976747328468313e+01
1.608881812400730249e+00 1.200140152325010590e+01
1.995943790279667507e+00 1.174646490783472608e+01
2.270791770677048405e+00 1.108994932318036675e+01
1.946394498650169114e+00 1.183225202645149388e+01
1.256982497841920843e+00 1.071387480488338007e+01
1.953575592487220014e+00 1.189657614968516341e+01
8.708212991121204727e-01 1.188476118772888235e+01
2.031312410680727432e+00 1.051310954517462548e+01
1.437562655393316291e+00 1.143310522832806164e+01
1.600127586527596568e+00 1.266582005524514898e+01
2.531151236993213871e+00 1.239371748373750215e+01
1.094830970465639597e+00 1.236312853737057438e+01
1.806278735768547694e+00 1.235305175883201123e+01
1.326923494399989023e+00 1.180257526002140800e+01
1.872452337966094449e+00 1.173816666146355203e+01
1.962797994683939340e+00 1.161998875166711365e+01
2.042373422079942547e+00 1.129125981753629659e+01
1.401552390463562725e+00 1.193869356002468685e+01
4.972048082721079454e-01 1.103775563861105979e+01
1.588343631038824810e+00 1.196524944508148991e+01
4.793427891234156024e-01 9.146921663611191633e+00
2.135870556974049705e+00 1.204986366208340698e+01
2.000660688140968979e+00 1.217499168016953348e+01
1.030642341421011299e+00 1.238395443595407741e+01
1.805874692307215756e+00 1.257857516705253076e+01
1.686289593606890014e+00 1.162883400701303316e+01
1.682429685064809055e+00 1.190917292943315786e+01
1.806786858336259405e+00 1.264416530254222515e+01
2.032111808007084797e+00 1.131095273364188891e+01
2.061739910134324560e+00 1.096238309387993937e+01
2.239957531096781640e+00 1.144022518412888800e+01
2.309870491926093283e+00 1.132581543914637301e+01
1.784463996835317090e+00 1.178914857511582959e+01
1.968792418144482026e+00 1.172533209922751674e+01
2.001361589543977360e+00 1.194317235939679378e+01
1.948403319177291149e+00 1.261038414901605087e+01
1.782481409604733447e+00 1.202236902743816316e+01
2.021375199592875038e+00 1.221248987276934805e+01
8.267176861671328147e-01 1.071398966359217475e+01
1.988288510262444353e+00 1.183911385960863605e+01
1.718978353779723633e+00 1.247144187787566594e+01
2.036294066770921063e+00 1.094927013014247486e+01
1.457643176512979810e+00 1.171311063929010921e+01
4.805119758506462557e-01 1.147623335018967339e+01
1.723124193532110660e+00 1.210544136227015244e+01
2.026508377565954255e+00 1.226849246330155729e+01
1.991542911919244707e+00 1.236858084303463556e+01
9.939991493964405178e-01 1.162744148502631347e+01
1.718622409492281067e+00 1.195492387469930406e+01
2.132024430022156025e+00 1.227351917760451094e+01
1.276977168205186031e+00 1.210653570867583007e+01
1.060095141890107895e+00 1.203178505482086358e+01
2.309977021936226116e+00 1.258571045154280732e+01
1.246093555003345621e+00 1.179381535468072784e+01
2.152771738366574095e+00 1.200776329486530081e+01
2.401689460887491911e+00 1.165758495268008232e+01
2.106607478226028007e+00 1.233417153202339023e+01
2.106481670754550173e+00 1.233487844218537433e+01
1.788284048490635048e+00 1.110615444511620353e+01
1.632335555964609553e+00 1.255087081134626814e+01
2.091422925787655096e+00 1.244188157264126637e+01
2.027283143639575513e+00 1.114528074095441568e+01
4.992012351311425622e-01 1.211674247043637997e+01
1.982290025131941746e+00 1.155331547646249923e+01
1.934094468336096995e+00 1.168998390946324406e+01
1.522559066760728053e+00 1.194971673745783747e+01
1.880166146529221871e+00 1.240036278199933761e+01
8.255153881461351206e-01 1.019937426141297188e+01
2.982689024612992790e-01 8.269977367009163416e+00
2.081894684033668952e+00 1.129861134424804270e+01
1.948772395792780054e+00 1.152404218824779569e+01
1.251025140941462777e+00 1.173503188762669680e+01
2.090034909307544986e+00 1.228644810486639649e+01
1.081628695211263480e+00 1.206087269886881863e+01
1.210435048225849242e+00 1.240094251017987048e+01
5.631711270022307092e-01 1.092402819120504454e+01
2.130799080242060661e+00 1.196098291073606568e+01
1.079691975560609807e+00 1.145520263925919124e+01
6.706843616741701153e-01 1.022417123011182127e+01
2.317630713507227380e+00 1.245855252643637634e+01
2.133245814215977365e+00 1.151581488770584549e+01
2.122991107451857040e+00 1.161252579676248864e+01
2.160093754249189590e+00 1.092569272770093036e+01
2.190442652890217001e+00 1.082828446394973732e+01
9.286571102906422404e-01 1.160564126712568367e+01
6.137931985795269663e-01 1.147327218742278099e+01
9.858450247345401651e-02 5.000000000000000000e+01
2.022146942760474353e+00 1.191216200452549856e+01
2.026666574184612379e+00 1.174743012054012326e+01
2.319950075180519988e+00 1.151205194969876011e+01
1.700403454363800471e+00 1.147175922719567254e+01
2.870376746937124968e-01 9.851567404017380625e+00
2.063835992426989119e+00 1.081837908555456984e+01
2.011767212433287710e+00 1.177380687747599985e+01
1.700903190036685109e+00 1.171246242365535295e+01
1.639778534217918304e+00 1.172114670259030156e+01
1.926237426420853938e+00 1.149109012759893922e+01
1.349114168614870213e+00 1.116104189250151180e+01
1.396976165232852729e+00 1.197623807546427166e+01
2.007153227404692597e+00 1.150010536722946419e+01
1.981277239123661493e+00 1.120686415754740572e+01
1.292240786777868911e+00 1.153441590110114490e+01
2.079409202256754963e+00 1.242077973767128007e+01
2.986693707346776416e-01 1.012002541092208219e+01
2.147072789369138146e+00 1.163830401057198927e+01
2.041326227411965455e+00 1.198625035301153829e+01
1.838674428969022445e+00 1.235606297229280948e+01
2.172564001466950945e+00 1.225378851168460947e+01
1.763601023831933734e+00 1.150181283393609810e+01
1.912672677625656625e+00 1.120690282521921510e+01
1.980019142924476672e+00 1.151755641111218154e+01
2.027528272187374636e+00 1.143042819830620971e+01
2.111795487829263074e+00 1.146493413530598815e+01
2.185798070520116987e+00 1.117937127844306389e+01
1.499896027509014740e+00 1.243929913523643727e+01
1.447693928781292438e+00 1.213815809653433320e+01
1.814189683676291853e+00 1.255190509996291759e+01
1.848709731095775854e+00 1.173556493461220818e+01
1.101447902840586135e+00 1.129837277692283593e+01
2.008709653593531375e+00 1.221988682776820312e+01
2.014337366660810424e+00 1.219208698037828142e+01
1.501595533949971362e+00 1.167944132538778668e+01
2.047772948110411662e+00 1.128656702778185483e+01
2.031680871960865442e+00 1.151408195196312789e+01
1.975933724442892725e+00 1.128983431390171610e+01
1.841495443934483722e+00 1.159305934121141135e+01
1.909939870234142578e+00 1.171028310823426111e+01
1.580015517325308760e+00 1.187293273078719658e+01
1.376808415143917053e+00 1.172021084864815066e+01
1.642741252187654544e+00 1.229901763340223120e+01
1.373646964792245129e+00 1.168761943815894710e+01
2.109699116019447263e-01 9.698859705861941904e+00
1.926880852199972516e+00 1.194184585544892663e+01
2.008239203533319639e+00 1.228794406884922807e+01
2.464835264442500229e+00 1.186403600680809944e+01
2.283357777620889539e+00 1.242938610405499311e+01
2.458755236474542638e+00 1.191951655376270658e+01
2.368982958097310298e+00 1.277003045397017189e+01
1.851125300513305927e+00 1.265369913573647764e+01
1.929814457441046738e+00 1.241299034604374718e+01
1.441281463515943884e+00 1.254603067103160363e+01
1.940827505143081222e+00 1.150226101905305676e+01
2.002395144727726617e+00 1.128705410451093982e+01
2.042225863704156374e+00 1.115631576281803028e+01
2.161068397594620993e+00 1.071436811096161357e+01
2.156992514131805372e+00 1.077309725162119847e+01
2.102072118826542990e+00 1.125587506900520296e+01
1.422530967683197645e+00 1.161877147560648105e+01
2.057877086714722914e+00 1.163662084573859623e+01
2.122235666935860188e+00 1.133267894399657827e+01
1.487593460439170290e+00 1.161496783697897861e+01
1.987207895715469963e+00 1.181256213495572638e+01
2.101658921725376050e+00 1.064752075644702600e+01
1.281892380235453155e+00 1.166620402876069740e+01
1.930348814495453924e+00 1.133333619378997170e+01
2.005171198747067951e+00 1.181946877403428964e+01
1.704047309394304044e+00 1.193136233071351349e+01
1.888510237497554201e+00 1.124131908900169030e+01
2.013908681731121142e+00 1.095081506859390785e+01
1.300287598730830441e+00 1.114520606155083193e+01
1.661001720786917213e+00 1.142461005275942831e+01
2.090202553381934614e+00 1.199525154133214855e+01
3.986944784480428994e-01 1.022082199736691699e+01
1.641344382430154347e+00 1.179957681009082826e+01
1.714139833400309509e+00 1.180302999257595964e+01
1.088396803033227611e+00 1.171913718639342328e+01
1.626319545362871821e+00 1.211110220253180536e+01
1.976410213258892989e+00 1.135052982136417654e+01
8.590819583402479198e-01 1.102086074442989272e+01
1.885445771431283335e+00 1.125161977220913201e+01
1.529239881887520580e+00 1.132680266605480490e+01
1.738724412827061805e+00 1.146539943953401419e+01
2.001852449459140537e+00 1.186091619837821476e+01
2.456649620979024284e+00 1.180891749768190380e+01
1.411550338397315585e+00 1.217613874553897269e+01
1.586156982158283046e+00 1.221061432465888252e+01
3.561344396139557444e-01 1.001183970615239538e+01
1.787929312180475350e+00 1.160311000036693940e+01
2.094995057237524438e+00 1.220839233508764110e+01
1.473953974176415160e+00 1.257493445369665253e+01
2.425710439068128998e+00 1.230105730624007698e+01
2.437923227599776865e+00 1.227596238312985122e+01
1.535476330925914734e+00 1.241935595163424111e+01
2.174270132241589160e+00 1.205048198865289955e+01
5.634008614726357944e-01 1.108343555668121816e+01
1.789502145756853624e+00 1.150933616456004849e+01
2.109174763162274591e+00 1.156648383833408822e+01
2.272661649484454927e+00 1.131587166670529143e+01
1.997788966574559177e+00 1.194247986108427462e+01
1.152299879797988202e+00 1.086449007578364956e+01
2.028347930377787822e+00 1.232364062496427870e+01
2.211488342857853784e+00 1.213034811137253222e+01
2.040785817765428778e+00 1.125459542479742048e+01
5.076986832844166964e-01 1.243686790868070702e+01
9.173245725212010315e-01 1.195924562773560318e+01
2.038539477365359787e+00 1.092129933487652060e+01
1.425472726772036181e+00 1.084846128491370187e+01
1.823622986645203614e+00 1.166018883688790453e+01
1.580607952639365044e+00 1.152616149507134757e+01
2.168090365630905847e+00 1.207589199931234880e+01
1.028473829230020620e+00 1.176125160333131525e+01
1.910972128449222485e+00 1.254090826356490318e+01
1.632745878464398004e+00 1.206386148602494046e+01
1.402165427782305462e+00 1.208016937055448103e+01
1.315188406043488856e+00 1.216129522049512879e+01
1.768168895805592333e+00 1.194440118629375647e+01
1.496742942943132704e+00 1.153280532159045357e+01
1.359496681425639064e+00 1.140737274737221618e+01
1.075482977017163000e+00 1.198592606567282637e+01
8.751484390129385393e-02 5.000000000000000000e+01
1.933959842235210225e+00 1.237993142284945414e+01
1.846411759469354985e+00 1.121341883904145043e+01
1.977258352332371460e+00 1.107123580385637318e+01
9.424906319837013102e-01 1.044571380141211137e+01
8.278012622100824891e-02 5.000000000000000000e+01
8.691993151350803082e-01 1.114534319497966841e+01
2.089973147445365331e+00 1.145697634347592242e+01
2.052581097478372918e+00 1.130495428813068592e+01
1.130875622279011505e+00 1.070241615221763531e+01
2.018187055587763457e+00 1.099295472025070275e+01
2.028742309749524519e+00 1.113334920919878712e+01
1.750529132702360435e+00 1.124043572700700544e+01
6.046549152067103305e-01 1.191485121450070217e+01
2.083316147112594940e+00 1.202361181893721742e+01
1.901318395854033838e+00 1.127008246794340174e+01
1.989011475545938046e+00 1.119980753218966285e+01
2.023349595502374143e+00 1.093712004288737205e+01
2.170850757689338995e+00 1.132475932311980493e+01
1.889375591051802861e+00 1.164347820366266184e+01
1.595012041630034183e+00 1.144135609151997812e+01
1.079528237410957381e+00 1.176771561022111889e+01
1.996338619618905241e+00 1.157480881199028389e+01
1.137471871537693691e+00 1.167488758642361901e+01
1.774577874929867738e+00 1.134600669316404797e+01
2.126415197862943085e+00 1.106853563826897435e+01
1.940503299165872608e+00 1.253393381373438054e+01
1.972203947888109710e+00 1.196443263553372205e+01
1.975374006015218731e+00 1.195850092337513360e+01
4.596536131535959302e-01 1.203999984034499171e+01
1.957792252729896765e+00 1.247677809135605820e+01
1.857867535207971210e+00 1.186028234988789087e+01
1.835951584384313273e+00 1.158675200032635288e+01
1.775523574876937127e+00 1.244049263315208087e+01
1.734365331642409691e+00 1.174204466566032323e+01
2.052072932701562991e+00 1.112697777266880550e+01
2.071405962935934042e+00 1.096016502081657507e+01
2.189168066265554824e+00 1.289411368293795945e+01
2.470078069300777557e+00 1.299054396497653485e+01
1.546223755863350036e+00 1.113879214061734935e+01
1.894790142020112089e+00 1.104170602561305259e+01
2.061992052571124390e+00 1.127069455624853056e+01
1.769744169110035958e+00 1.138676999011662083e+01
2.299624960032122800e+00 1.212367003737020532e+01
2.170623989338483550e+00 1.237052938541533464e+01
1.106643223347971494e+00 1.120078195280881594e+01
1.911074696383607607e+00 1.184689789459581988e+01
1.954307020621885993e+00 1.176452433676900888e+01
2.019257031587062379e+00 1.217742041711609424e+01
1.988147353509048143e+00 1.107761846070036960e+01
1.754549050866654802e+00 1.129264795805072730e+01
2.781495291344796561e-01 1.346257713614300577e+01
1.727913674881482509e+00 1.189432330568580021e+01
2.102261527154307252e+00 1.149139779678765727e+01
4.654213187179718769e-01 1.074821305596730525e+01
1.227366442933904178e+00 1.181873563906868441e+01
1.059492005920623203e+00 1.177182705010461206e+01
1.269613017046310244e+00 1.205904917706295087e+01
2.123033222861943514e+00 1.196236346072141998e+01
2.233766978126368485e+00 1.178093234964335068e+01
1.769884297376929094e+00 1.184838405759479407e+01
2.038608180699745809e+00 1.169878136039997507e+01
2.178660420260972064e+00 1.141738528820035192e+01
1.115652001753052458e+00 1.131437361218667803e+01
2.032067438744177945e+00 1.255308562186041677e+01
5.453793397622688222e-01 1.164391057478628078e+01
1.605539842592531352e+00 1.119270614700701749e+01
1.648848144713872976e+00 1.240716968870052561e+01
4.301233327356129288e-01 1.202719817886158360e+01
2.288613596461981814e+00 1.265482533104634832e+01
9.098649119436968968e-02 1.762497860451985687e+01
2.118464502512887204e+00 1.089895288589767475e+01
2.213929271767362650e+00 1.118398303013525741e+01
8.530556302817104974e-01 1.183707814346574416e+01
7.379723095108586817e-01 1.186866009832494129e+01
1.544146958020073512e+00 1.115008126009677092e+01
1.569367128439118408e+00 1.231096351674020006e+01
2.145025174969726223e+00 1.101006986009997846e+01
1.315732148818057334e+00 1.108506904004985927e+01
9.480452868937088162e-01 1.069568945946421401e+01
1.941986885344371805e+00 1.104884473001329859e+01
1.137894980521853894e+00 1.069651947944551296e+01
1.448239414212289633e+00 1.111635340046603915e+01
1.654586873338319331e+00 1.176106450098521350e+01
1.957468639396454879e+00 1.169384208560944316e+01
5.726161403424522289e-01 1.118392296312511647e+01
2.216934389643705039e+00 1.146852058046746592e+01
2.208566074409689772e+00 1.211985668978109665e+01
2.151726357683988677e+00 1.120795125019937011e+01
1.915556497655910295e+00 1.149833967387823463e+01
9.094390687502978965e-01 1.090379538788771718e+01
1.966633020922310182e+00 1.110026690059112831e+01
1.807063557677793808e+00 1.138001150765037650e+01
2.470312769743486569e+00 1.259499452288623722e+01
2.332474838799997396e+00 1.263074045920858168e+01
1.898084265247006464e+00 1.219376870714896377e+01
1.147068834684402017e+00 1.181908189834741485e+01
2.002169395769228366e+00 1.144409340091363347e+01
2.255261974737184261e+00 1.165915722610156813e+01
1.637371324531368799e+00 1.153011442113919216e+01
1.514953023539226562e+00 1.210504659199491329e+01
2.093960878395358716e+00 1.092031735910313017e+01
7.161360318225789001e-01 1.097359504032944066e+01
1.969587446509771800e+00 1.187721561040565454e+01
1.162629109550089801e+00 1.180227647234370458e+01
1.861377241888822143e+00 1.244282528182557357e+01
1.451565140210198113e+00 1.167653440220948546e+01
2.490011183348731227e-01 9.263692893922938154e+00
2.277042483371201076e+00 1.233241114102720459e+01
1.637861419082986103e+00 1.184953663479476482e+01
1.001395421768657146e+00 1.159046423236293499e+01
1.352423412312807605e+00 1.173414197507297629e+01
2.207551857437027643e+00 1.161363978013656961e+01
1.884154705722694167e+00 1.180050751325623537e+01
2.178870111865506054e+00 1.243766309056242214e+01
2.138369427516428445e+00 1.247408510035750950e+01
2.343441136511638323e+00 1.191266374478390944e+01
1.951478358307199290e+00 1.225264771130089336e+01
1.621395207685550455e+00 1.130903167294473377e+01
2.645047476596741554e+00 1.253412590676773952e+01
2.579804598008470951e+00 1.284818970713137176e+01
2.116343815956025942e+00 1.144713004550593460e+01
2.100391176716091657e+00 1.150586969256367276e+01
2.064684730636902721e+00 1.119810642736365836e+01
1.609639446423574816e+00 1.259894461351930595e+01
7.578812122221390002e-01 1.097834391179064006e+01
1.989692294164594477e+00 1.198256495439669322e+01
2.014096778662059606e+00 1.176307956131767973e+01
1.221663335294530972e+00 1.207611488924401755e+01
2.024755044461663989e+00 1.172077074241828321e+01
1.458850482658526460e+00 1.186956141293186207e+01
1.364126096351523154e+00 1.237605218510703331e+01
2.076371927404115247e+00 1.142854315874058990e+01
1.901332114143057916e+00 1.169534239249463248e+01
1.573941221447372252e+00 1.163653181511871360e+01
2.036602523066613823e+00 1.127134437993032456e+01
1.581371982702406198e+00 1.135209510539007560e+01
5.813865189921783028e-01 1.148196678867758891e+01
2.200485779001831066e+00 1.176423182623154062e+01
2.042588625168886729e+00 1.186016426222713172e+01
2.185175010986624144e+00 1.141663883065750085e+01
2.169153171756202259e+00 1.151320131582612483e+01
2.071057937303192098e+00 1.115214648016444698e+01
1.622397164093838606e+00 1.225404197721982058e+01
6.517775596770134516e-01 1.250934694303472305e+01
1.548995044103978591e+00 1.224810687705880952e+01
2.013118119934459216e+00 1.187801973425333912e+01
2.175142074471398512e+00 1.216208969554458541e+01
2.275708129008924274e+00 1.288587519340923215e+01
1.918792434996648755e+00 1.222342059801316871e+01
1.348171703494249973e+00 1.106616288243244206e+01
4.707306112822450261e-01 1.050506514153684634e+01
1.628077793154884434e+00 1.243111606538232472e+01
2.102448472973945215e+00 1.205923412667133121e+01
1.166140027627212250e+00 1.123481449569259816e+01
1.424932573104132683e+00 1.117041018096515970e+01
1.904452479467110493e+00 1.105832776454228927e+01
5.287528062981231569e-01 1.198850066525894142e+01
1.326579422791328566e+00 1.220070144986391369e+01
2.346080769816881961e+00 1.228414222852061677e+01
9.049887073696853967e-01 1.109197364559872057e+01
2.538726512262055479e+00 1.212723443014486868e+01
1.966313625368998785e+00 1.126787430968532533e+01
2.365724851013280894e+00 1.133959551400078247e+01
2.056643981826810297e+00 1.152197282584089599e+01
2.075115383426139992e+00 1.145261437678154870e+01
2.032713180523896490e+00 1.155183813688775096e+01
1.908896782428833205e+00 1.152361731900712449e+01
2.135561531327018425e+00 1.141757858677931914e+01
1.883418612415424631e+00 1.176752116632689926e+01
2.019084120789127024e+00 1.138533388488772502e+01
2.232002566015102829e+00 1.225636690908561732e+01
1.972897133390816959e+00 1.124921433412858995e+01
1.148988007515907350e+00 1.035181598217143240e+01
1.404863113730913771e+00 1.074913573786411725e+01
1.498561072473512779e+00 1.104194857114679174e+01
1.973909509238971349e+00 1.134750917913672019e+01
2.161172886361034440e+00 1.198992297769747672e+01
6.928501935381535803e-01 1.013603787060921846e+01
3.538949391592451921e-01 1.004251306580120762e+01
2.058571266018040635e+00 1.239537509930919157e+01
2.051448206336452085e+00 1.239170652998411626e+01
2.125917889975376784e+00 1.091919654551473506e+01
6.568245003215703592e-01 1.067334469784797868e+01
1.290843587817428195e-01 1.262516975058774626e+01
1.744561266534996991e+00 1.165226437934200199e+01
2.228817246685327547e+00 1.135513550778589398e+01
2.044250963907313423e+00 1.057856024175685583e+01
1.977346609407900191e+00 1.178076268567854967e+01
1.643103843564524880e+00 1.168449443981909397e+01
1.378883805650861216e+00 1.200543099743467579e+01
1.845157094209471715e+00 1.115963382659154668e+01
1.304837422456073703e+00 1.158589694974152629e+01
1.663612471309279472e+00 1.143747002721769768e+01
2.254636199073063008e+00 1.104754167646752450e+01
1.403998996160060075e+00 1.202652231603237176e+01
2.305881291681570744e+00 1.190725466027842749e+01
2.133531728710410746e+00 1.125183802403616795e+01
1.776617051264101965e+00 1.193382165349754054e+01
1.995436895995333471e+00 1.174157323786800688e+01
2.097502491823633797e+00 1.108625372307591661e+01
2.118576792663724007e+00 1.227312194156589165e+01
1.315586081569179333e+00 1.199897683558853068e+01
1.420270127190865317e+00 1.138739908871394135e+01
2.025325498939172686e+00 1.076616303523472240e+01
2.031071156662412225e+00 1.248255926635364155e+01
7.366675047789900121e-01 1.254320238981050473e+01
2.071429051739307248e+00 1.204833953710574157e+01
8.936692472164422529e-01 1.153916167015946392e+01
1.742734442058413213e+00 1.137942458890120534e+01
1.476151591115263173e+00 1.153546516812411582e+01
2.146783201353856807e+00 1.178525748951161134e+01
1.943525298843556515e+00 1.194459797816690028e+01
1.903831224656176158e+00 1.166578243127939274e+01
1.742898128194879659e+00 1.171800822350844484e+01
2.028738168942862519e+00 1.181729353646806047e+01
1.421902052153512619e+00 1.168186639728258669e+01
1.819603013297354632e+00 1.203403453868138406e+01
2.258783927697522120e+00 1.190044650615424793e+01
1.481324150715781274e+00 1.244622414800021382e+01
2.343883456759918715e+00 1.150314376416237749e+01
2.280404135967644130e+00 1.181995114853386220e+01
1.859227353590891196e+00 1.191411327280127885e+01
1.066804605761555447e+00 1.143425424955952252e+01
1.775466415114614671e+00 1.188845580153883219e+01
1.999313825771417141e+00 1.207303256177551276e+01
1.793041989305481421e+00 1.197188868515548599e+01
2.006420820779309722e+00 1.186795038201330854e+01
1.702715861519525253e+00 1.173289727947421923e+01
2.382262815853783078e+00 1.149876018252467702e+01
2.258070020857548155e+00 1.104311228114428189e+01
2.254237063952501785e+00 1.109599816147877149e+01
2.031100339982063296e+00 1.169045316201220075e+01
1.891976256286232561e+00 1.198293988526185316e+01
2.060081441191903728e+00 1.228282193875153716e+01
4.150148255187411928e-01 1.226999629521704094e+01
1.714705873311753725e+00 1.159707230257083843e+01
1.751197120411324359e+00 1.132719247295973553e+01
1.155466224607805792e+00 1.146752319738593862e+01
2.124278172314720603e+00 1.117870222889702703e+01
1.773814708259816353e+00 1.110602228216256471e+01
1.377875571634414653e+00 1.077083988147798621e+01
5.551508649820512398e-01 9.910861161858687041e+00
3.638534136197283386e-01 9.620753611260308702e+00
1.266923222316825637e+00 1.229716759750418298e+01
2.061881078368806630e+00 1.123507643520930799e+01
2.003206746104366331e+00 1.149335800659476803e+01
2.260941344057851410e+00 1.156712964046566938e+01
2.036926941283695225e+00 1.177722849160304008e+01
2.072684527957745271e+00 1.032941553838317894e+01
1.367128268986781414e+00 1.095375704022219487e+01
1.591172464460797853e+00 1.205760846437255474e+01
1.776972605145871409e+00 1.217474114694864085e+01
1.013867539220243863e+00 1.093447126027531979e+01
1.659670021226754777e+00 1.184710936298021799e+01
2.051154879656563956e+00 1.098819959744104224e+01
2.077958213160047585e+00 1.121124245567805389e+01
2.018673876019707158e+00 1.136289576507237520e+01
1.477673929467818059e+00 1.132210767237332405e+01
1.219090942613335615e+00 1.103964859778670515e+01
1.941328216223194181e+00 1.184240356301415886e+01
1.919360658187239776e+00 1.102698072271244101e+01
1.705249478437875554e+00 1.115751937634508906e+01
9.305709615114146072e-01 1.143843653473089361e+01
1.758061303252687724e+00 1.157214975099154053e+01
1.701981884437347325e+00 1.139233037650105018e+01
2.382343900999498665e+00 1.211457856463349181e+01
2.380302458684544042e+00 1.213768629487463713e+01
2.080407854311990601e+00 1.093211536767880432e+01
9.533470113042415983e-01 1.145889932045198911e+01
9.206150929354215418e-01 1.197657955502100435e+01
2.459353123094191851e+00 1.250316770449000359e+01
1.663789258078663735e+00 1.192760560079431542e+01
1.855993942829428089e+00 1.233950523957205014e+01
2.084893413638812198e+00 1.156170590707803392e+01
3.833699779016875864e-01 8.550611347704728971e+00
9.415964165240467976e-01 1.130340594543502242e+01
1.539354185279275367e+00 1.115225594428870792e+01
1.934698483192497376e+00 1.146763478652423451e+01
1.981052320453841498e+00 1.131600659211436088e+01
1.845270342748980497e+00 1.136857586324399172e+01
2.071966310849714166e+00 1.128177031693207510e+01
2.066314839865500463e+00 1.162645022590519694e+01
2.066841712278608245e+00 1.183855917293822557e+01
1.795785549531354386e+00 1.190194985653996085e+01
1.397636857160028945e-01 1.129930861856417046e+01
1.924947358157745869e+00 1.162740277929842669e+01
1.779394365366320008e+00 1.156145676845486570e+01
6.663679359557304061e-01 1.028900123402621070e+01
1.410582094502121464e+00 1.180857693911393014e+01
1.127367374929945099e+00 1.058373984242351185e+01
7.843775118556452208e-02 5.000000000000000000e+01
1.870910245191220955e+00 1.141604862847664137e+01
2.202769827332363040e+00 1.130392355646233504e+01
6.533066536943190616e-01 1.061807691080386817e+01
1.219494808083718018e+00 1.191431026018994821e+01
1.666064181618776896e+00 1.173364303238250805e+01
2.116548708142843793e+00 1.194044637225922401e+01
1.735869869416282629e+00 1.242404920416355374e+01
2.026516245643054326e+00 1.185620234253221206e+01
1.816447809413202830e+00 1.221311612070616803e+01
1.936156282460002487e+00 1.184571317698000215e+01
2.116985021488713148e+00 1.161096308207150507e+01
6.131287014545661052e-01 9.775676834169249929e+00
2.196349377735555830e+00 1.125139173961127170e+01
1.651760913796286090e+00 1.157896642917340380e+01
7.738378893928475888e-01 1.009712689924968920e+01
1.975001892744106646e+00 1.175630918686265680e+01
1.987570623544278048e+00 1.126433024139547534e+01
1.732195432775426758e+00 1.263385083168399348e+01
2.006251180753879648e+00 1.266939230638130276e+01
2.076016209837654447e+00 1.078100099304727344e+01
8.200942524538465950e-01 1.066438333706845043e+01
1.983262071774820834e+00 1.219668977849887881e+01
4.333195532774324343e-01 1.135913039609698494e+01
2.285916162822658304e+00 1.195667544091703327e+01
2.325209328937745956e-01 9.128785287384252101e+00
1.903897488281219852e+00 1.208554681347779969e+01
1.887768938077381664e+00 1.160414241428206061e+01
2.251305588174707051e+00 1.129577121497329806e+01
2.202903042848170845e+00 1.146547029044343624e+01
7.996613921562449878e-01 9.839448714001342466e+00
5.535268868676147536e-01 1.089615469806011561e+01
1.848544782382268270e+00 1.208489465788444051e+01
1.017646899918713599e+00 1.140005424566032310e+01
2.122733124432046647e+00 1.124368434819112927e+01
1.717734916414729973e+00 1.193879350895976010e+01
2.075172025594461900e+00 1.151543812434493397e+01
1.960803434749275542e+00 1.150984258225009249e+01
1.502760817915594682e+00 1.128793897678604807e+01
1.821048701003810111e+00 1.239251876741441372e+01
2.135644563519636829e+00 1.198148646012473861e+01
1.500392568902803703e+00 1.183786561315615593e+01
2.108152792206174464e+00 1.121094696860389739e+01
1.692670257602765793e-01 9.641419928679960449e+00
2.172841026401519215e+00 1.160017719635500555e+01
2.144869576817578949e+00 1.163607315442865797e+01
2.023600571091775269e+00 1.177554299857784947e+01
2.090096671901384706e+00 1.142539741926321994e+01
2.184418927659263154e+00 1.087815492434807751e+01
1.450016433087102374e+00 1.181906302348104099e+01
2.256306363903998857e+00 1.161661692396449475e+01
1.733394517863934947e+00 1.150477044417155170e+01
1.985802909453055598e+00 1.119846212258514306e+01
1.939483889427700003e+00 1.281046900007158484e+01
9.031576409449701970e-01 1.194108016106453185e+01
2.060368652638048914e+00 1.108748093222835607e+01
1.946016302836367950e+00 1.230595783619990513e+01
1.611046254332215488e+00 1.124767896714005566e+01
1.759429248791462452e+00 1.140579944131930112e+01
2.108601532800798761e+00 1.081922994237944913e+01
1.214618755277298234e+00 1.198450918177805136e+01
1.947937699528792699e+00 1.128568157375244141e+01
1.646177705715073936e+00 1.185035577836351450e+01
1.780365459568791220e+00 1.186828545495562004e+01
5.321952259714248790e-01 1.059170080807854397e+01
1.987119263228573685e+00 1.213993693208704627e+01
2.055897964714050286e+00 1.213565546956716723e+01
1.216717538462756876e+00 1.123473901968680622e+01
1.462003633188138529e+00 1.155354891482971524e+01
1.717473294915805804e+00 1.131789367054533990e+01
1.774229643514911636e+00 1.152838508229750936e+01
1.445737217591798851e+00 1.228034293780104313e+01
1.190749441611478998e+00 1.099579422750822033e+01
1.674973493358008048e+00 1.156523465141221152e+01
2.256869887624863402e+00 1.126031505674126976e+01
2.172443007470417076e+00 1.139906498208118180e+01
1.553555884412990418e+00 1.197249115352174087e+01
2.004099713347506473e+00 1.263570128151982530e+01
2.155122407211397029e+00 1.170118505267563336e+01
1.988911024560855445e+00 1.133014521153127063e+01
6.977032740525374033e-01 1.150505237409385373e+01
2.305855936088604174e+00 1.186110185205462386e+01
2.119740189061758429e+00 1.230891521571595426e+01
1.088383258450769109e+00 1.056185864720720780e+01
1.244199863603001166e+00 1.074081809124872322e+01
2.137247477580691335e+00 1.222407434473967491e+01
2.202714516661957500e+00 1.157435905389380615e+01
1.568067908966643165e+00 1.235447072692442028e+01
1.013602973255915529e+00 1.178987977545228638e+01
2.273588066100176164e+00 1.190159795383016039e+01
1.606920210063713883e+00 1.206940657029986674e+01
1.247409503870379882e-01 1.001926175472338976e+01
1.840961371943715674e+00 1.158361469660046517e+01
1.953957250057215322e+00 1.158557635975552991e+01
2.062882714428692310e+00 1.231065084469892135e+01
2.026051143913172758e+00 1.257197868321867418e+01
2.174419143428981904e+00 1.232390117596760071e+01
1.977199457741475319e+00 1.239503414019058170e+01
1.809044610044255874e+00 1.245803637922652030e+01
8.564355705717284772e-01 1.211199118351033199e+01
2.112708377899533030e+00 1.128227632628063759e+01
1.357959872449280292e+00 1.200426993266499309e+01
2.180866193824614996e+00 1.305744641527246230e+01
1.921242302154728909e+00 1.159029894741398437e+01
1.752701152869942103e+00 1.161301570081153400e+01
1.980573272345158120e+00 1.097904534566661816e+01
2.051870878145079402e+00 1.188371708770075408e+01
1.454882128610326841e+00 1.177336905326114724e+01
1.948496308142808164e+00 1.101927513988766094e+01
1.891943115514407969e+00 1.127312447884988345e+01
1.993463967226391187e+00 1.228369175669626578e+01
1.901710989573955013e+00 1.226424283142524985e+01
1.743068766788737456e+00 1.116185540118492447e+01
1.024886719387949341e-01 5.000000000000000000e+01
6.591477616712394516e-01 1.238086474746873300e+01
1.943138988524214517e+00 1.158036313354199720e+01
1.801363563044375393e+00 1.174120757562294592e+01
1.934514428595885294e+00 1.184760312117112768e+01
1.953383796680025597e+00 1.182514876644407131e+01
2.213803935209766482e+00 1.147464898597091221e+01
8.984463423557814687e-01 1.082337983874857734e+01
1.780750874820610008e+00 1.124584860509321160e+01
1.753523956527376582e+00 1.123637067299829617e+01
1.965291841451607846e+00 1.207240373219804397e+01
1.985158179683315982e+00 1.200053294673915438e+01
1.634888694193549874e+00 1.151376493012329583e+01
2.052997624049946346e+00 1.127539367628105893e+01
1.367090682308731875e+00 1.126614173398090379e+01
2.017574242413672891e+00 1.197669728550970625e+01
2.129936963586993137e+00 1.119388223347977984e+01
1.992329933791692431e+00 1.099102943333800120e+01
1.786467569767032471e+00 1.125223466550674090e+01
1.693024064362313785e+00 1.252246211438593981e+01
2.310113009486587377e+00 1.267695593412043920e+01
1.137591418081427941e+00 1.149599884894792901e+01
2.116045512513251570e+00 1.234405464330022717e+01
9.682160836711359853e-01 1.160458306703172404e+01
1.911389172623347399e+00 1.206830335145748911e+01
1.942550925357990232e+00 1.231199935160512737e+01
1.315053007671015406e+00 1.240823243229522177e+01
2.112995459111982832e+00 1.150425861060395860e+01
2.153941809553709508e+00 1.139223026452828513e+01
1.344963847653766198e+00 1.158057616372790832e+01
1.613414448120522371e+00 1.175317582267771677e+01
2.134026611029271603e+00 1.252632994369626829e+01
2.030577056477593789e+00 1.227743941370511749e+01
1.884947650475573555e+00 1.140555746209339638e+01
1.963469151494434684e+00 1.129169221761632080e+01
6.222007525762405233e-01 1.152213425808514913e+01
6.927733415544088391e-01 9.837504020916640002e+00
1.950284960959861369e+00 1.133964368333338690e+01
2.070104987928169660e+00 1.072904627701543490e+01
2.001379809424153500e+00 1.089397686206014626e+01
1.079068157165384179e+00 1.174025051672199993e+01
1.121257687284954230e+00 1.173744576647026072e+01
2.069214554528410410e+00 1.252092319128356479e+01
2.102836275035005809e+00 1.106660566777803290e+01
2.043747312560330709e+00 1.130682871542397194e+01
1.978151764921597389e+00 1.190398743675083182e+01
4.361409539239844424e-01 1.249121767818200368e+01
2.115702164347177838e+00 1.220556692447888025e+01
1.381958132791061056e+00 1.222810240366013801e+01
1.338246440404461168e+00 1.214901329717961431e+01
1.145791248284118158e+00 1.154714697419482050e+01
2.498040614184986463e+00 1.268489158192037536e+01
1.636959357799217196e+00 1.225968941798830869e+01
2.162454531673050351e+00 1.157722986046019464e+01
2.004980998224811461e+00 1.098702099568115820e+01
1.897585035209210513e+00 1.150514401204866743e+01
1.932416658097858786e+00 1.164850617922928144e+01
1.165449791729118889e+00 1.259660744916140729e+01
1.963597556878182493e+00 1.098047633498342002e+01
1.984330523274942637e+00 1.122145577731013510e+01
2.043338474370847813e+00 1.107437496051215753e+01
1.916637756392993275e+00 1.254544686111015039e+01
2.218406922492801581e+00 1.212681552304839094e+01
6.249055749419029082e-01 9.552761255604533375e+00
2.583745567745693306e-01 8.992755135982756443e+00
1.202463454867190862e+00 1.133493971012240564e+01
2.426750856163373271e+00 1.299296936540367753e+01
8.083671710384197073e-01 1.155885432587822592e+01
1.803966403682073283e+00 1.208294315188808987e+01
1.563296363819770107e+00 1.204269189934695383e+01
2.107082664863442201e+00 1.195672589614758685e+01
1.992783449178382460e+00 1.220550327450557404e+01
1.927494216758128154e+00 1.223524909706219077e+01
2.097120867403010180e+00 1.228580566830305543e+01
2.155581279353584900e+00 1.081796495052706852e+01
1.966979508002245414e+00 1.153146743632983728e+01
1.597184024988512308e+00 1.163950445139910173e+01
2.018481512322964022e+00 1.124526728351927218e+01
6.164643283152103637e-01 1.026776511305445183e+01
1.964739081374594187e+00 1.117909523783447945e+01
8.247846682867788770e-01 1.048485187825772691e+01
5.298013143329007857e-01 1.111446476762554880e+01
9.053095129287697107e-01 1.113234774098593327e+01
1.985785769249627908e+00 1.170528349974662241e+01
9.339198436149288574e-01 1.131698840518059512e+01
2.117403310050048670e+00 1.200938877540397876e+01
2.221230190723166853e+00 1.250551574266590116e+01
1.948382087531753681e+00 1.253525909323471055e+01
2.470049938719797389e+00 1.243196551305197950e+01
1.784892218091355953e-01 1.655750096377289893e+01
1.893189586188525064e+00 1.125032704051967514e+01
1.736844874084781942e+00 1.236262444109827818e+01
6.077793910186615189e-01 1.121426896676849161e+01
2.077698566374602596e+00 1.132922791478904223e+01
1.980068521180983199e+00 1.180110220319537007e+01
4.468608437401098699e-01 1.147706979721750997e+01
2.241998525719274493e+00 1.147421864989637186e+01
1.156709529456987573e+00 1.209864162865550519e+01
1.492242981238089738e+00 1.221002539600402770e+01
1.984730721133691533e+00 1.170921406213728666e+01
1.939668463932388009e+00 1.194474467983636856e+01
2.048911194849247330e+00 1.218676093161136542e+01
1.909293402600681810e+00 1.135466480740876882e+01
1.997594009238285118e+00 1.221444742424757024e+01
2.082185600720845464e+00 1.166174407293373072e+01
2.078390994876365028e+00 1.170960002677333378e+01
2.108651639112022913e+00 1.116373628661499318e+01
5.730139275364442009e-01 1.075554453728368109e+01
2.078501897095358153e+00 1.121250956235206253e+01
2.022577999426808049e+00 1.135595714907733189e+01
1.698839129040314644e+00 1.170272675856529254e+01
2.320647678446862372e+00 1.165081215842597118e+01
1.410104322767568474e+00 1.189214554603784890e+01
1.644747454838362266e+00 1.155468932172693286e+01
2.120116452099538584e+00 1.122973697936938997e+01
1.242295449930229223e+00 1.159455051732346220e+01
1.645449306395381672e+00 1.218467395141169618e+01
1.906698374433320797e+00 1.183748464972914682e+01
1.301525403313559925e+00 1.125341469076840362e+01
2.155555356830680669e+00 1.166782023499916576e+01
2.191395291495080500e+00 1.215386841274054674e+01
1.845937369714414578e+00 1.186249119854870315e+01
2.059090189437793317e+00 1.187288421387533610e+01
1.864364458165908012e+00 1.158934432842646522e+01
1.958186977834341258e+00 1.214720591753225598e+01
9.005196892674843800e-01 1.176555908424052355e+01
7.602304027925534946e-01 1.096250419318450398e+01
1.536690377506276572e+00 1.233227109795222987e+01
8.027527483315001211e-01 1.109605800922243368e+01
2.066474555132288948e+00 1.137687129965272348e+01
1.760056496150752992e+00 1.125591866574468547e+01
8.408431741629920353e-01 1.020760554773602813e+01
1.173845795924801649e+00 1.094686423131337882e+01
2.014935419218721879e+00 1.081505481324301599e+01
1.811586303071019532e+00 1.113074020378701867e+01
1.865622415715355809e+00 1.197883095405689957e+01
2.103260074677847147e+00 1.166756209172426928e+01
2.361401829177536271e+00 1.178142429031175276e+01
1.660999671984491499e+00 1.208263727455461911e+01
1.979525653344457847e+00 1.092061649009586333e+01
1.803915911859027776e+00 1.136821001711427037e+01
1.306062343560195904e+00 1.208024007224151930e+01
2.073159630523927710e+00 1.138149146897075958e+01
2.209173439184525911e+00 1.200695730324464883e+01
1.465703721571951501e+00 1.196319743109927458e+01
1.976575951581629909e+00 1.095797287566316136e+01
1.204172680826166575e+00 1.184588742806842276e+01
2.047924215464067110e+00 1.094426765544523761e+01
2.024839034648545866e+00 1.104522894037345182e+01
1.645195124824287092e+00 1.157081273894845097e+01
2.195136967288754182e+00 1.156684710702343466e+01
1.366794933331285433e+00 1.213902091953905504e+01
1.403508160372213265e+00 1.197228685678776294e+01
1.940748160373462206e+00 1.135723477212637711e+01
1.491662839472076563e+00 1.143465997039017701e+01
2.134652403490846506e+00 1.210931739871207569e+01
2.144931845318040597e+00 1.206221096863365005e+01
2.195954368562788694e+00 1.124706550449043974e+01
1.673898845150028736e+00 1.175283188554362113e+01
1.770010601931160776e+00 1.248418498069155014e+01
7.346728757699204637e-01 1.200966494048266675e+01
2.202709282036637628e+00 1.131854845165360679e+01
1.868076379881601579e+00 1.153004877120803329e+01
1.767948148901350214e+00 1.134574755451508032e+01
1.768664517937582392e+00 1.269272821070738644e+01
1.898489034153113986e+00 1.268002240645353496e+01
1.988393422242059616e+00 1.143249095614676314e+01
2.084628746059241866e+00 1.116073891220823810e+01
1.859445853800612003e+00 1.115446387918476034e+01
2.022655573337931667e+00 1.091927432521377739e+01
2.063605747910785215e+00 1.169489824802023215e+01
1.006664168254029823e+00 1.176201440324928349e+01
2.154586482843368511e+00 1.143221727090135253e+01
2.079401631027648634e+00 1.116389263524166253e+01
2.006484207676610954e+00 1.236723989003378676e+01
2.062247457419902563e+00 1.226195111350864941e+01
7.699972633225827812e-01 1.161570335965488532e+01
1.945669919830612882e+00 1.168622562066947346e+01
2.065419844003092642e+00 1.166089240962040918e+01
1.549000892822201880e+00 1.109652095776003300e+01
2.032427192834429963e+00 1.194631644218842581e+01
2.014734669386250676e+00 1.199159173468032691e+01
2.164676632990056859e+00 1.128422929277551567e+01
6.169494603886749307e-01 1.166133085105262168e+01
9.243572221491948016e-01 1.181871568331715494e+01
2.228927850247229170e+00 1.230728868249388874e+01
2.010644925737884225e+00 1.111521591548938481e+01
1.906650061707416910e+00 1.137187001361702166e+01
1.978729542368147021e+00 1.202657016983064864e+01
3.716137773060325666e-01 1.236184554287238591e+01
1.955616430634515623e+00 1.218262959036968240e+01
1.995933922467427957e+00 1.116279139329931880e+01
1.988759942936806357e+00 1.120985041036028385e+01
2.104220181287284941e+00 1.177089409053937707e+01
2.354132413029584314e-01 1.392034858194225677e+01
1.526399909177996062e+00 1.215408657045309226e+01
2.129070041998692542e+00 1.118500120332850400e+01
2.043863951797735279e+00 1.106649232783041192e+01
2.146442826750115440e+00 1.147184508523435298e+01
1.968903223952877868e+00 1.191058748258178390e+01
1.429469436028572460e+00 1.225393295658319914e+01
1.923139437920201367e+00 1.134404536692576571e+01
1.883850601078321585e+00 1.140191047601550878e+01
2.102405907804009377e+00 1.191768755385038148e+01
1.844137264832055534e+00 1.241018628225776155e+01
2.158218400389179781e+00 1.091128459255741845e+01
1.950317841976217492e+00 1.126639955394351134e+01
4.390331972501624880e-01 1.190922624604446867e+01
1.851030642091386236e+00 1.244412606752582384e+01
1.826023162689438317e+00 1.246241053736079429e+01
2.123711733617487774e+00 1.151046264578168810e+01
8.078955542762726871e-01 1.111954370772646961e+01
2.017183924997789646e+00 1.227075211585367320e+01
2.100583456681126115e+00 1.199658498452247990e+01
1.902617708726656254e+00 1.255829265681096274e+01
1.891069051151104352e+00 1.161451426970973344e+01
2.166994768914194847e+00 1.141431416030374280e+01
2.081875116817549554e+00 1.167292705146370757e+01
2.097793906211461223e+00 1.086984919609949607e+01
1.971757276996410457e+00 1.138409947680323420e+01
1.982858637400807700e+00 1.084106694947357674e+01
4.388978931596843047e-01 9.896027787407033927e+00
1.795396556402425459e+00 1.126664475994882864e+01
2.972180128161713841e-01 1.331517329187543197e+01
2.042850324576113596e+00 1.245526123423802645e+01
1.521802800384949306e+00 1.145169154023781211e+01
2.016331573391000109e+00 1.136567976510774614e+01
2.137851661834319295e+00 1.142870980604597086e+01
1.822422173418927427e+00 1.209588971499622545e+01
2.046326637724585673e+00 1.177446695432070101e+01
2.068475229269586269e+00 1.244650534851746571e+01
1.560740505596378558e+00 1.206623112781666229e+01
1.736054803696539528e-01 1.067144421118174158e+01
1.997150304235900009e+00 1.147015767332736580e+01
1.088192057341880403e+00 1.178437415031576130e+01
2.355549179344001764e+00 1.212956455682180135e+01
1.634801564268186347e+00 1.118335750778776116e+01
1.752698686776477777e+00 1.166201660032329812e+01
2.116387280188069653e+00 1.190211590374943995e+01
2.082921587725123924e+00 1.268908489343681190e+01
2.016493320436484993e+00 1.086573427907899969e+01
6.983806660768575592e-01 1.161155454128942921e+01
2.092648444394554996e+00 1.192486474467021829e+01
1.653327177566441097e+00 1.131576512509478327e+01
1.550822364271888576e+00 1.243644988952502928e+01
2.345776190902237435e+00 1.244491693466999038e+01
1.725604733385657008e+00 1.156997563476454438e+01
1.946789630381224878e+00 1.145283739023338043e+01
8.198758903824983069e-01 1.238571054742998889e+01
1.782847802900190404e+00 1.152463829173227516e+01
1.754643504501699924e+00 1.152642297125101933e+01
1.635768035741533177e+00 1.173969351518265292e+01
1.758616640617390425e+00 1.169437461921639709e+01
2.039374851820817902e+00 1.167245287275334675e+01
1.389078958469446956e+00 1.180951302076927689e+01
1.985730256684784978e+00 1.124073232347687501e+01
1.768426142576978277e+00 1.123679164371990780e+01
1.075025027607715788e+00 1.205936490556339713e+01
2.117728880454303741e+00 1.127971326855057654e+01
1.641028392020858373e+00 1.115230400538528777e+01
1.878346743688764642e+00 1.123675584504979419e+01
1.274773392072336309e+00 1.175289313953781090e+01
1.260196169341530892e+00 1.177527555792625513e+01
8.830605454657408648e-01 1.087676633449682484e+01
2.057806741075329349e+00 1.145510108578885422e+01
2.063221555153380571e+00 1.125359479429117116e+01
1.993293147868022253e+00 1.233058604920985957e+01
1.022042773384177039e+00 1.133351310471443973e+01
2.042003494133220354e+00 1.093776846933652180e+01
3.158053480030607596e-01 1.007397607196672773e+01
2.082768134831406215e+00 1.120013473435071560e+01
2.151527710934665993e+00 1.107278124988097190e+01
6.851055736153639497e-01 1.217256397890241182e+01
2.014995758668614911e+00 1.159094566623201317e+01
1.966947735394448005e+00 1.176716100124739128e+01
6.320787491963965055e-01 1.226189563429718454e+01
1.249697022280179315e+00 1.190876321999323828e+01
2.098651015208078618e+00 1.210348418419505556e+01
1.867624505278352665e+00 1.138856587211772364e+01
1.849058591305011934e+00 1.138483273947354135e+01
1.060334674361251395e+00 1.128556338800604664e+01
2.129280589745213614e+00 1.176613822339414561e+01
1.921995064476463400e+00 1.138476363197412056e+01
1.999273280598266700e+00 1.224807982107118676e+01
1.360684969952682399e+00 1.179797121280244987e+01
2.120564212430201767e+00 1.215849728347088288e+01
1.540730413501271601e+00 1.140332259648533331e+01
1.944486561243738310e+00 1.133911294391462299e+01
1.827499957289259402e+00 1.146284056557550812e+01
2.007736859430973020e+00 1.133598242789488353e+01
2.017561371575605556e+00 1.134229133063933759e+01
1.994429873099443418e+00 1.144502940712907169e+01
1.847170778572282845e+00 1.160844468454551226e+01
1.677016097379782300e+00 1.189208851943740086e+01
1.549113884992997514e+00 1.180584015928497621e+01
7.455504613134378289e-01 1.017541220740414865e+01
2.436042525365529787e+00 1.198599889367009830e+01
1.915798967404256370e+00 1.202556474240294726e+01
1.553213923989592793e+00 1.219412634248994998e+01
2.210330255569332270e+00 1.211558856297537723e+01
1.681849587283577252e+00 1.204462931835801420e+01
2.026912999084411915e+00 1.192350720450581569e+01
1.460096388285884617e+00 1.214330418028048442e+01
1.853402084212651069e+00 1.138856361751832047e+01
2.158855512013511113e+00 1.146618902873578527e+01
1.363109184590162615e+00 1.116757580414631335e+01
2.090381441157972198e+00 1.169064134618625772e+01
1.963129684734972624e+00 1.175638308331891935e+01
1.284346305678235378e+00 1.128616092716694830e+01
9.300368434773108595e-01 1.110249042614760739e+01
1.846704941559893287e+00 1.213887512714940975e+01
1.454988021161819356e+00 1.203362516403291593e+01
4.823696300784874325e-01 1.009377260031668833e+01
2.241198497517530530e+00 1.105124966521977292e+01
2.059348949027639986e+00 1.132540925224931172e+01
1.990965945884934252e+00 1.250469447162063474e+01
6.117852377235776240e-01 1.117062694989828664e+01
1.848073678713271217e+00 1.162075310100866687e+01
1.983589697652750949e+00 1.164300210371814615e+01
1.738966493425988524e+00 1.108333227309129754e+01
2.062090940194032385e+00 1.184879364430036119e+01
9.547761386249575821e-01 1.053708757373881788e+01
1.939085698782259337e+00 1.252920195492235322e+01
7.516554217090958279e-01 1.191183344677580713e+01
1.888884761961637571e+00 1.271833280507576625e+01
1.848396877518617032e+00 1.171014513786121292e+01
1.346890086522263941e+00 1.131142651069729865e+01
2.010120108741950684e+00 1.134235615273195741e+01
1.387979115574776490e+00 1.125448180173903090e+01
2.088384103747855658e+00 1.205049058174443921e+01
1.176977513522142305e+00 1.142360889303107108e+01
2.048343341621845504e+00 1.152232843123016259e+01
2.046778398315240111e+00 1.153356336971229901e+01
1.176767904811450771e+00 1.142963772729800631e+01
1.929371059639253483e+00 1.139276927403423301e+01
1.803041533313993305e+00 1.144262716818280801e+01
4.230346987551216187e-01 9.162004141789877210e+00
1.672753561931701771e+00 1.184381747301261711e+01
1.642280212993096233e+00 1.128943158244197420e+01
1.895009518755388811e+00 1.255013909863433064e+01
2.070535000473872955e+00 1.109099230537085035e+01
1.891546968254224081e+00 1.158494645684772451e+01
1.466430026127671704e+00 1.188200298354996320e+01
2.288567394376888497e+00 1.177040161637753535e+01
1.605795524891943327e+00 1.231526621960525780e+01
2.053543188161372157e+00 1.266616560742493647e+01
2.030891840471205967e+00 1.173072803685815302e+01
1.384370638915863205e+00 1.212806483111393163e+01
8.111678181970066737e-01 1.033777222366243542e+01
2.043489319073347410e+00 1.219075590186471381e+01
1.931336611344233400e+00 1.149548411165665307e+01
1.979128430667389082e+00 1.226241975740249934e+01
2.160707843922594407e+00 1.208346314577631908e+01
1.408637981852884247e+00 1.218610461327521755e+01
2.227020305923504306e+00 1.254461439813890067e+01
2.070079211517656947e+00 1.166162484971573576e+01
1.397963897353936780e+00 1.262975691080566065e+01
2.041700994507421374e+00 1.168616075889634587e+01
1.829094454014138948e+00 1.185268272465309813e+01
1.527558660337047458e+00 1.200986106898772832e+01
2.074296387151631116e+00 1.208873456528758794e+01
3.003619223840582886e-01 9.533148253364901237e+00
1.176862274548477361e+00 1.091669536431635201e+01
1.534645426923112677e+00 1.266003655775647374e+01
1.159911866216313259e+00 1.126151937672552350e+01
2.187991899990852751e+00 1.124849089493785215e+01
2.050825507136017301e+00 1.138069121210032364e+01
1.886661837137382447e+00 1.166864007931772207e+01
2.195745988493300604e+00 1.144295797855313346e+01
1.648997743628660251e+00 1.220453919955542865e+01
1.623303055101244396e+00 1.119860136405496220e+01
1.351654947058626099e+00 1.092777045477012798e+01
2.234687981849817540e+00 1.142600722477973818e+01
1.816984246447405749e+00 1.203575488146667638e+01
1.535261479536518703e+00 1.179000827025893194e+01
2.776483766238090345e-01 1.201514320874262687e+01
7.307122746001336600e-01 1.067857199047207750e+01
2.115367737713389928e+00 1.121327320827308860e+01
2.231085667404717476e-01 1.124705965428399068e+01
2.059447380436579156e+00 1.130381581533974078e+01
1.636420248698039925e+00 1.195591025099050775e+01
1.489959386078473225e+00 1.186619726035355527e+01
1.545933868713743387e+00 1.223550837454193108e+01
1.286471479429153186e+00 1.213356353073931970e+01
2.065754772998637634e+00 1.146804916806247832e+01
1.410646325972067405e+00 1.129361886057310471e+01
2.066748177293976863e+00 1.125423097334913969e+01
1.020080346835210428e+00 1.038928276711703447e+01
2.050720543868276291e+00 1.151979932706940879e+01
2.090849877222038966e+00 1.135662121965081184e+01
1.325028086606088396e+00 1.195227739079836482e+01
7.100938306677655465e-01 1.131795435034339725e+01
2.229627514935560662e+00 1.235308951305667691e+01
2.082370680045105615e+00 1.160549028571181474e+01
1.825665762983826657e+00 1.189077216026939965e+01
2.089771201267539791e+00 1.224889692796002549e+01
2.040165722877194998e+00 1.198169675467240580e+01
2.063329457315630666e+00 1.207677372900236179e+01
3.707844926828179344e-01 8.559620821873137331e+00
2.071318709032120342e+00 1.089194369233215909e+01
1.794115300173330319e+00 1.144089553300224082e+01
4.958593548726893951e-01 9.600301421601649565e+00
2.010947598774857070e+00 1.263799966874134739e+01
3.745638458493449896e-01 1.021226157531649825e+01
1.877276623879018169e+00 1.176362612496902038e+01
9.874984710952788847e-01 1.099715728156811778e+01
1.016219792727106830e+00 1.102635292243836496e+01
2.103120787960876648e+00 1.211928772655697273e+01
1.554505944300032860e+00 1.223370993592377332e+01
2.043350525885605506e+00 1.258387778126376411e+01
1.987856282576780043e+00 1.128194647496568948e+01
1.666214959076860014e+00 1.156594238441708455e+01
2.154513460130201175e+00 1.199528336097855785e+01
2.220841045011332504e+00 1.152683577646956259e+01
1.483474330281088660e+00 1.123969627086075107e+01
2.136946689862728288e+00 1.127242214087727668e+01
2.000412008833394761e+00 1.189788122333357556e+01
1.830381919831369775e+00 1.226191325401675414e+01
2.048929563673152376e+00 1.153573328178228863e+01
1.830492615224717845e+00 1.151572494061152696e+01
1.694045317410392881e+00 1.176253736075170053e+01
1.903700589623903650e+00 1.209930760834550689e+01
1.332885831444580615e+00 1.182424513548535217e+01
1.127387801119802857e+00 1.136705951963366878e+01
1.886320377702416229e+00 1.174516772649333340e+01
2.121225545586021610e+00 1.154316272993514936e+01
2.026555366353111509e+00 1.178489844066276859e+01
1.684990823021512041e+00 1.189886910661220476e+01
2.005840848521423414e+00 1.157737364211471487e+01
1.248387944366242452e+00 1.267914254154337605e+01
1.988528304918299794e+00 1.108906622793710994e+01
2.116255660420348406e+00 1.218523822177317228e+01
1.869385587470859145e+00 1.199408660574992602e+01
1.973127617393488353e-01 1.276736313058211181e+01
1.669800906009726083e+00 1.163487290414171049e+01
2.031613195469964772e+00 1.167971498636802430e+01
1.369689999673930236e+00 1.136242060316713243e+01
1.822397935030879657e+00 1.200796737822612492e+01
1.958708306835556412e+00 1.198956081916872130e+01
1.167148071146264732e+00 1.086221455460967711e+01
1.553238851808241838e+00 1.175624267827473801e+01
1.330893159157885863e+00 1.144522779110284461e+01
1.824789202098436869e+00 1.162487525671662070e+01
2.061563111149066874e+00 1.221814578063128032e+01
2.283609087325921383e+00 1.170220531435881028e+01
1.233125356309165088e+00 1.221639883136206706e+01
2.053636340753069334e+00 1.259637992071206369e+01
2.011897774945269557e+00 1.127683030900601757e+01
2.276411650549829524e+00 1.180521214870724833e+01
1.179232189358935479e+00 1.226301439147124839e+01
2.048122188956846390e+00 1.179506596302936039e+01
1.691040994953505905e+00 1.221629247458241352e+01
2.123904583666043067e+00 1.118649732557716625e+01
1.616766863038113788e+00 1.211333078380671502e+01
1.821025946143803642e+00 1.232335305279889681e+01
2.319704670979829686e+00 1.260443629717459046e+01
1.670316098227446977e+00 1.207321316754425666e+01
1.880541389502217386e+00 1.225092243630992250e+01
1.936385643519507482e+00 1.222265480441736685e+01
2.063307400341015008e+00 1.255383803396666131e+01
1.766205986740090550e+00 1.163354214762578742e+01
2.222668978103837123e+00 1.107588267489935241e+01
1.286016971311189527e+00 1.196364945930360513e+01
2.014415920617801392e-01 9.175172665738582367e+00
2.175648745957246888e+00 1.162623692672502251e+01
1.970559074825727564e+00 1.134189144731475984e+01
1.915293639712561280e+00 1.140012399465087078e+01
2.031272929571153352e+00 1.199410840110164855e+01
1.133252899222529919e+00 1.112230496514449207e+01
2.024472685768584856e+00 1.117642102767191581e+01
2.205804946787583987e+00 1.150376158166265128e+01
1.143306930234936569e+00 1.130790679828118961e+01
1.000946824212224140e+00 1.139999017126135250e+01
2.081095203399689897e+00 1.088131685689361738e+01
2.308741810095546132e+00 1.225130276052674994e+01
1.727199965853186026e+00 1.257145779902837468e+01
1.716683126680778271e+00 1.177459976477175729e+01
2.068282899444407352e+00 1.107779843125021024e+01
2.095677090819906496e+00 1.126419121781832544e+01
1.635016254679938719e+00 1.194346649781793346e+01
1.384489001081877779e+00 1.179732657232906412e+01
2.096386133705606003e+00 1.162660761931597442e+01
2.098109850813534738e+00 1.159987365688415295e+01
2.012529000980670446e+00 1.067855812019272932e+01
2.994840648443079512e-01 1.135481825462251670e+01
2.113857266947221092e+00 1.150451505679161102e+01
1.297562053915125801e+00 1.239713832038538932e+01
2.399063062186438167e+00 1.190805876220629855e+01
2.433197483888978496e+00 1.171794047075320933e+01
1.789928057363102676e+00 1.138130929366249866e+01
2.165268171450352774e+00 1.085220896179029282e+01
7.456424709350907287e-01 1.191761739226362948e+01
1.666853869826050660e+00 1.215388497116065381e+01
2.072977832242031138e+00 1.214554346272508134e+01
2.043051278876512278e+00 1.130218351025421697e+01
1.588566993990558007e+00 1.127165963567509976e+01
1.960761512622823499e+00 1.137749035084707039e+01
1.850179434099164633e+00 1.184186834603317706e+01
7.371304282064936597e-01 1.039912288474842761e+01
8.226357694478484417e-01 1.188400958032009136e+01
2.199055602967258771e+00 1.223806600766022079e+01
3.817051665712969388e-01 1.107650610954157244e+01
7.262839914782577289e-01 1.126852452881633759e+01
2.168112924222823423e+00 1.168341202086143049e+01
2.059779395213421793e+00 1.178638132908928959e+01
2.003543606808273925e+00 1.164205518092005320e+01
1.283468500715239990e+00 1.128254456629086455e+01
2.127525791182825809e+00 1.200792493825961138e+01
9.063104247923896573e-01 1.141059013387939913e+01
3.371267275029045107e-01 1.268605580018412304e+01
1.622940224858592906e+00 1.157749120155167333e+01
2.114032255887087430e+00 1.130549304308319059e+01
2.139001588306724155e+00 1.118979595398361049e+01
1.866724464962069341e+00 1.165862130346463132e+01
1.075490884780642586e+00 1.059263145577235576e+01
2.398631496573442323e+00 1.191366282771604368e+01
1.632479788913153040e+00 1.225624369024716387e+01
2.015447167311579246e+00 1.239810257205076915e+01
2.044328459825628830e+00 1.109315850776503787e+01
1.987747972532811325e+00 1.122457430786664645e+01
1.247286967401828539e+00 1.189173362025271707e+01
2.003876813947831792e+00 1.177361495066830166e+01
2.113895883152570931e+00 1.211356689048367130e+01
1.713875688010096487e+00 1.222188504372897633e+01
1.767398151119072169e+00 1.259341384295137090e+01
1.939261784614282780e+00 1.224001575267568143e+01
1.928821841524020586e+00 1.226457613928661061e+01
6.400433474282311019e-01 1.060849955702140512e+01
1.999509986591626376e+00 1.179950134982334653e+01
1.782483756846947820e+00 1.269942754237712634e+01
2.453549615046335841e+00 1.211236214126858179e+01
2.420757445569096777e+00 1.233388813543380458e+01
2.077256663207840859e+00 1.092930815354079677e+01
2.036822783231499567e+00 1.120958248753779785e+01
2.185465384193326699e+00 1.229282362413007768e+01
1.895758462926179444e+00 1.177413746842573694e+01
2.035123130755637888e+00 1.125099549812388311e+01
3.250902964006933127e-01 9.866758440549364906e+00
1.905479165757783644e+00 1.184038777855763236e+01
1.974547777515820446e+00 1.127497308523483532e+01
2.021426192824556711e+00 1.164767600436938721e+01
1.349283151573675399e+00 1.116120976701215461e+01
2.094823744162131796e+00 1.166486432239072180e+01
1.755694121964751053e+00 1.226084149053460770e+01
7.001553165909637499e-01 1.014768066950865588e+01
1.826538582403920641e+00 1.128222305980891171e+01
2.068527444792924719e+00 1.233646852555921747e+01
2.175854022784914132e+00 1.183547668092142402e+01
1.938837092429452236e+00 1.152485086168076300e+01
1.625518292159150890e+00 1.118599349039864244e+01
2.105525607856756132e+00 1.090676080730183450e+01
4.825688674031649583e-01 1.151462295217391585e+01
1.998190282706227228e+00 1.172325125469079410e+01
1.302325001286653183e+00 1.137966189622167335e+01
2.160993045088171360e+00 1.171315246300928337e+01
1.338368769212226139e+00 1.151375374543710528e+01
2.003594892964393193e+00 1.177032267363310858e+01
2.174223617687752963e+00 1.131323500564049489e+01
2.295697550942997989e+00 1.224107771657595656e+01
9.790603443897575309e-01 1.084790583568209321e+01
6.333335859341320262e-01 1.031464965315935167e+01
2.053296438790220613e+00 1.132752057223030384e+01
1.526173386986319658e+00 1.133994583602238926e+01
2.122946245744874449e+00 1.125036187998564507e+01
1.772681406854534458e+00 1.139400537699400218e+01
2.107444258325765318e+00 1.229445182492080768e+01
1.216895864331889898e+00 1.228549962944714657e+01
2.478333550074216962e+00 1.228728043705349116e+01
2.527014995971829769e+00 1.209478953788961242e+01
2.163945413451457078e+00 1.107877492493118332e+01
2.155251551880680960e+00 1.110497502614657428e+01
2.177387061639838972e+00 1.136595271038559574e+01
4.792656743045474177e-01 1.118400797195372931e+01
2.036981928058318569e+00 1.183831625358363127e+01
1.819796434212423542e+00 1.175140815124739468e+01
9.713823355168195173e-01 1.095709758741226914e+01
2.051344809097514155e+00 1.173902575851518471e+01
2.082168922745331496e+00 1.093933444813233713e+01
2.087748611936526277e+00 1.087095016032682082e+01
1.904740244531730964e+00 1.150001383695285462e+01
2.291125263340334062e+00 1.256811921524601239e+01
7.331635852708806578e-01 1.088673004200737005e+01
2.239188500556974049e+00 1.171289550012028968e+01
1.738080962664980023e+00 1.171133672388565650e+01
1.942957935779430878e+00 1.163717296757208963e+01
1.883288039124537905e+00 1.148911586993260592e+01
2.237388403797689218e+00 1.221853547840098386e+01
2.043647012487737502e+00 1.179984999832364956e+01
2.333120115514450532e+00 1.158310829748048221e+01
1.964718353522814320e+00 1.119556846103604109e+01
1.980481442169144568e+00 1.100629097651610344e+01
2.078555663615930360e+00 1.198918593453630876e+01
1.772797279674903081e-01 1.289919377354087970e+01
1.249556385308333573e+00 1.200252730923694244e+01
1.544240582006252138e+00 1.237223021418348168e+01
2.091785921754030220e+00 1.149217235394603343e+01
1.766103284364990422e+00 1.200146857021016267e+01
1.501929934810902090e+00 1.156230458409060802e+01
2.096005969555609916e+00 1.148611239015086305e+01
1.757898168781052650e+00 1.210601225720481899e+01
1.760264920988819037e+00 1.210655816486356073e+01
1.288614879574236927e+00 1.198486927829413062e+01
2.248424376041512129e+00 1.089218554520284066e+01
1.909206588100167412e+00 1.203637011858274697e+01
1.655271966348826229e+00 1.171006534252574838e+01
2.233011280137770171e+00 1.206657690869364430e+01
2.005127298433616811e+00 1.160956386704416943e+01
1.925453294549343441e+00 1.174065581876597086e+01
2.128992720952362916e+00 1.222030632358891822e+01
2.137145080018102217e+00 1.212719456860984835e+01
7.553266684000750075e-01 1.197063493788679089e+01
1.331667270954403293e+00 1.229957328699971342e+01
1.279131499321585208e+00 1.157712519965389042e+01
7.615550933752561757e-01 1.104539179667979454e+01
1.951994084691719644e+00 1.107536770909905677e+01
1.908408721725910917e+00 1.203592710696660895e+01
1.804481990656035650e+00 1.200142640851958475e+01
1.690777908225589155e+00 1.197609022118328070e+01
2.361351805440761620e+00 1.146090004724161382e+01
1.960002663484881058e+00 1.183641682536424788e+01
2.021915288444668501e+00 1.174286000139168173e+01
2.336043417771425990e+00 1.178680449309308109e+01
2.029594770354429478e+00 1.174729321902549373e+01
1.439236146629294444e+00 1.237472761623171813e+01
1.592553802725240608e+00 1.113074161776481574e+01
2.089973799127436749e+00 1.159040735012028378e+01
1.370975796888511677e+00 1.201357924199167115e+01
2.273275163315466418e+00 1.162288243350645445e+01
1.736964967879497612e+00 1.215411228362527396e+01
1.868801730084544976e+00 1.160245811549116191e+01
1.821284280137841716e+00 1.164858646190108082e+01
1.982199198306071608e+00 1.228353418564915955e+01
2.163238373209280585e+00 1.263312352851022879e+01
1.539371724258191465e+00 1.201812806126622313e+01
3.879188053405879799e-01 1.257897151717403439e+01
1.967632373516725597e+00 1.157762453693212734e+01
2.180022914132258460e+00 1.133197052860223053e+01
1.582950017517540831e+00 1.161067607930493040e+01
1.185457041364186281e+00 1.129127314665510262e+01
1.405155676752580129e+00 1.214938330689835055e+01
6.607724642548972183e-01 1.062949733818064146e+01
2.122812215344684450e+00 1.138405388348895109e+01
2.066904793567346132e+00 1.193881177576318819e+01
1.861053508033027715e+00 1.240818125146419781e+01
2.510104529029974607e+00 1.212011717600360328e+01
2.104551544158551835e+00 1.203073586696364039e+01
1.161964832912285805e+00 1.158406754568623676e+01
1.207989068023801016e+00 1.162883886432758729e+01
1.437345941680792771e+00 1.133210271222539767e+01
2.039638162416232525e+00 1.125312146488099785e+01
2.005952652008868409e+00 1.199444793211894122e+01
1.611677437511251698e+00 1.147008749773508818e+01
1.500277836912752738e+00 1.184754271998890474e+01
1.273605161146972309e-01 1.588497682099333552e+01
2.003273136244192454e+00 1.172533969951584254e+01
4.089947248054173201e-01 1.084188150647022120e+01
1.405548818092291485e+00 1.174086660986882791e+01
1.960666021996815722e+00 1.182482890090380856e+01
1.843266247172299144e+00 1.154643525546336491e+01
1.922023145732176141e+00 1.145961124729036307e+01
2.021099188709450711e+00 1.116892295635511090e+01
1.872091335961622027e+00 1.252663690829559151e+01
2.213483521820875932e+00 1.158165304464425738e+01
2.050912676861345041e+00 1.119987938450238474e+01
1.929049356417700700e+00 1.120909427027373795e+01
2.169657648977758591e+00 1.232749933687448340e+01
4.787602916662660468e-01 1.245101374719565790e+01
1.001330058268113499e+00 1.054133133620468854e+01
1.162608999778246499e+00 1.073421803072656111e+01
1.957366387048046219e+00 1.117514638675634764e+01
1.991295979419517304e+00 1.115641025937625841e+01
1.466279383845047191e+00 1.168540090343849691e+01
9.722416094174555212e-01 1.162482270654611760e+01
1.934371557144091147e+00 1.150504664929295906e+01
1.455941117820781283e+00 1.157617842718900825e+01
2.058697384016334730e+00 1.125871695615654389e+01
1.677600297271222285e+00 1.118894940262366511e+01
1.562445169432690184e+00 1.219714340875738934e+01
2.051799971729675320e+00 1.177699588690334309e+01
2.065080537826009532e+00 1.173689090319713380e+01
2.198544140796327540e+00 1.198219359835883857e+01
9.527635355849710663e-01 9.710654684472947551e+00
1.971554074132613410e+00 1.107376662331794215e+01
2.414021847015374700e+00 1.265471199180465689e+01
1.883231425703606021e+00 1.205375576548646954e+01
1.447910305318462099e+00 1.229307084244705806e+01
9.323709609669195153e-01 1.093876141124131429e+01
1.131004002265506347e+00 1.151482236324021358e+01
5.349441779018481169e-01 1.107515119769033518e+01
1.870029174389251647e+00 1.244311924773128908e+01
1.661114715422328247e+00 1.227255222121061529e+01
1.814150671190464914e+00 1.223422842842161273e+01
1.870372874432423727e+00 1.160055479849506455e+01
1.060363683199895934e+00 1.162215300571079446e+01
1.520842479398457403e+00 1.140131134892395615e+01
2.059321740975486481e+00 1.153446022163542040e+01
2.130224512276803317e+00 1.096206953435286025e+01
1.834661559446241430e+00 1.124895958168072241e+01
2.121847425812530386e+00 1.220104955851754802e+01
1.892680197232126549e+00 1.148256090335503998e+01
2.046534670622757623e+00 1.132406182420583463e+01
2.149564413797576456e+00 1.153559699505601621e+01
1.377341695089142393e+00 1.171236010233881153e+01
1.095260338623306628e+00 1.133045912414713996e+01
1.811134035122281327e+00 1.205287337086123145e+01
2.140706187459005871e+00 1.154410910071713303e+01
2.415589708049211470e+00 1.177482499338358579e+01
1.980794804605319426e+00 1.169741129532125079e+01
2.153516709332214507e+00 1.211590939217746765e+01
1.642143924061940430e+00 1.158229589106484170e+01
1.391646604919434926e+00 1.226377117869530409e+01
2.080215989372670382e+00 1.218036350583988181e+01
1.995198447112394025e+00 1.201436710551040399e+01
1.984499676152413850e+00 1.203524616260583535e+01
2.171585487587682106e+00 1.260193408188124664e+01
1.989883095272870772e+00 1.228863132748825748e+01
2.123121232989642504e+00 1.167476965550198642e+01
2.274987930072555731e+00 1.188230918578502227e+01
1.818696168933938928e+00 1.199283644038505869e+01
1.567286907209187952e+00 1.126169424175568423e+01
5.444567765540492266e-01 9.282898652324078625e+00
8.395579251165469215e-01 9.881043227137094931e+00
2.461644317329936271e+00 1.194178339669617195e+01
1.986482640040476921e+00 1.206815928455920606e+01
1.728757481942598817e+00 1.220507867888225562e+01
2.169633090031388711e+00 1.228478677806093877e+01
8.713853389567253194e-01 1.107183285123933025e+01
1.388204442348163203e+00 1.195697094393417181e+01
1.030436733458437670e+00 1.137688045394842895e+01
1.884029786374951110e+00 1.198722900717341133e+01
1.352331379953247925e+00 1.172538897661336499e+01
1.577608984866077035e+00 1.168128539604038707e+01
1.553144997379489467e-01 1.049290491362524236e+01
2.286311272389541127e+00 1.182238377897969173e+01
1.185266833581265056e+00 1.106624611097918276e+01
2.399306531201795600e+00 1.176760535605724911e+01
2.387978103754526682e+00 1.181863627577866893e+01
1.719736037038982701e+00 1.173654601937327335e+01
1.769103570263380609e+00 1.174341701443811381e+01
1.936214997569621676e+00 1.193016858581728989e+01
1.070823217778637648e+00 1.029736119381724535e+01
2.064550258997332577e+00 1.085311355985425585e+01
1.958493369069054246e+00 1.159767237550236985e+01
2.020811394543213790e+00 1.122336466296759383e+01
2.143681267108337618e+00 1.098931937420903715e+01
1.994654404848138052e+00 1.139346047182506361e+01
2.021934982171321948e+00 1.130075705943346698e+01
2.060392754054959585e+00 1.130841473375989814e+01
1.618428582044587394e+00 1.218944467959113354e+01
2.116250370737061903e+00 1.158186924214510505e+01
1.878012838393635642e+00 1.139425540147691684e+01
2.015065801419658076e+00 1.104648607340489797e+01
1.609540175446012134e+00 1.232206227367015039e+01
1.294657161481090668e+00 1.096335340035407846e+01
1.827794794046595728e+00 1.217676598416663936e+01
6.873255425495490289e-01 1.136079851472357483e+01
1.982940576333002580e+00 1.166900997644920857e+01
1.979487979476494131e+00 1.133568170549878928e+01
2.046506436839207854e+00 1.174568772446940379e+01
2.058940200010002997e+00 1.140698648235638579e+01
1.961074633274915380e+00 1.187281407262777222e+01
1.934730251768423059e+00 1.198842091620439199e+01
2.229237259643524816e+00 1.139966842729337237e+01
2.237159196678967898e+00 1.122658536281236685e+01
1.999686062957032995e+00 1.102926297621721474e+01
1.978585979045550225e+00 1.110176980530001600e+01
1.913339139595666261e+00 1.136517987187130352e+01
1.417290523222975773e+00 1.141547771012776913e+01
2.258993581725950328e+00 1.152360676848460308e+01
1.122807514283231889e+00 1.162720492328041288e+01
2.254491616073641236e+00 1.155468402612196677e+01
1.926423140578931159e+00 1.226652398146968537e+01
1.405546111910124907e+00 1.182695553339689809e+01
3.219594807176356932e-01 1.213933773396988336e+01
2.088721419142965718e+00 1.167899333759143765e+01
1.175668166720469587e+00 1.176902770978666446e+01
8.500245393844095831e-01 1.019480823466384045e+01
1.837337581616711013e+00 1.159700490562008035e+01
1.970507139066772773e+00 1.153022215944783291e+01
1.991124937111140136e+00 1.137109794775058980e+01
8.293690281146706145e-01 1.206758839871091737e+01
2.018507414257653565e+00 1.207419873908160035e+01
2.054212152266236213e+00 1.089899376148895449e+01
1.468509204504521160e+00 1.117923300407481868e+01
2.007119686863857222e+00 1.169132177251511173e+01
1.710144665032107936e+00 1.156811044768256203e+01
1.028438945063482546e+00 1.107240637517879733e+01
1.966305098327514322e+00 1.128549982840238286e+01
8.397198517013232388e-01 1.015571449702528462e+01
2.033060948732313467e+00 1.103974663592452465e+01
2.156428606114976443e+00 1.245941788829168217e+01
2.242078151508756445e+00 1.217398465657580964e+01
2.003033679018142443e+00 1.108677228597660402e+01
2.223842088019298835e+00 1.187800113376105671e+01
2.060677090717363047e+00 1.132600381137429935e+01
1.549788624089833533e+00 1.186689590398419902e+01
2.106726181153350641e+00 1.214678313541399390e+01
1.339543457401534132e+00 1.109163987955347430e+01
1.976838807519582852e+00 1.118400774903430417e+01
1.972267292419262574e+00 1.149936008238190510e+01
1.601436028613530294e+00 1.162468038813947224e+01
1.607460559388875776e+00 1.166975587513692680e+01
2.652687079104659063e+00 1.248748303391959524e+01
2.222083002896996451e+00 1.140418945921475569e+01
1.825203080214431228e+00 1.163570576232146259e+01
1.453794872485856260e+00 1.111642957143770261e+01
6.692852284651767958e-01 1.041237000857752726e+01
1.302731527175587045e+00 1.160500955161170999e+01
2.039475090039224447e+00 1.177986536702852938e+01
1.977787161468924415e+00 1.193875912439566278e+01
1.990860887638072674e+00 1.193250310513066914e+01
1.966650996331833934e+00 1.156202550159520648e+01
4.287756691718440094e-01 1.045237455027356077e+01
2.101889250153249566e+00 1.192956958732154149e+01
2.075162528857979805e+00 1.084748892562213207e+01
1.803368402058415310e+00 1.176469041715307462e+01
3.282054607661487045e-01 1.272074938555805268e+01
1.687550891324971269e+00 1.150205680500708816e+01
2.196080624449453289e+00 1.112220137558206012e+01
6.304529975102346473e-01 1.200155591257327536e+01
2.014999150250036397e+00 1.154291419414905384e+01
1.965991981611156181e+00 1.184049392518224941e+01
1.941974990992894279e+00 1.134393649219703626e+01
1.903407030861468785e+00 1.134854982294706360e+01
2.251169631641780633e+00 1.184005023655886113e+01
1.669347981620807886e+00 1.168608563455174831e+01
1.941104287225881020e+00 1.118479172250987652e+01
1.516240277968076144e+00 1.121246917184556402e+01
2.242213389980306726e+00 1.080646515345995518e+01
1.234496422205442201e+00 1.134686567343187136e+01
1.969454896786515752e+00 1.134374294702501018e+01
1.590296830512577975e+00 1.170648199756440455e+01
1.475781774770378973e+00 1.194702253424344818e+01
2.035625320904165036e+00 1.177687889423947531e+01
2.102813599787432874e+00 1.111305225932178864e+01
1.420915115260978467e+00 1.190460029333110192e+01
2.104120368884158321e+00 1.164995732087969493e+01
9.079483326136000843e-01 1.076175462389666571e+01
1.678790969664853083e+00 1.120160320035485135e+01
2.264405254179457039e+00 1.140452539942696397e+01
2.134307633871323162e+00 1.235109878713729792e+01
1.773194100139418250e+00 1.190066702751735406e+01
1.498887109732149892e+00 1.217846752920710429e+01
2.176458023185300128e+00 1.180920834506324901e+01
1.675727340099997686e+00 1.187374875366760563e+01
2.150882484925446203e+00 1.161855047027690091e+01
1.713709851981339627e+00 1.150963025805921802e+01
8.996178389956840382e-01 1.109368454060600584e+01
1.469549175339468050e+00 1.152189260370300694e+01
2.093849256353621513e+00 1.134925738666659889e+01
2.126471422614073070e+00 1.231098060685802231e+01
1.516995770579686820e+00 1.195439867024742320e+01
1.896991335708727577e+00 1.119231411011856281e+01
1.539776851517304257e+00 1.121884403670131647e+01
1.231406904442737149e+00 1.115900376437297403e+01
2.374007885450469146e+00 1.176375625980487527e+01
2.187282238110121568e+00 1.241551178922649434e+01
1.589632815149358835e+00 1.239075086731883069e+01
1.626776833806594658e+00 1.134535248384617923e+01
2.041783735735392735e+00 1.100455049699395715e+01
1.544731202590245767e+00 1.129881068822849066e+01
2.048478699136648373e+00 1.170293397687994386e+01
1.417294093682683220e+00 1.195114256906011541e+01
1.071029742428722065e+00 1.133588820544562559e+01
2.079911841749328527e+00 1.125543852039094617e+01
2.004689750363244372e+00 1.088876328734128762e+01
1.360904895559250205e+00 1.108543728698493247e+01
1.683383599860275748e+00 1.124809619846565845e+01
2.112701289697732632e-01 9.653314020466027046e+00
1.887734587937396347e+00 1.239791016652901234e+01
2.091580092611690755e+00 1.203629380479338806e+01
1.894601298421892066e+00 1.259571861809844684e+01
2.113307122941877392e+00 1.264081428747727998e+01
1.821511406947077472e+00 1.208097298951183873e+01
2.057703384250788581e+00 1.202413369259761389e+01
1.851435401722524077e+00 1.215977956725285303e+01
2.086422928104087582e+00 1.175299199444186904e+01
2.019342299331471136e+00 1.172391075269233163e+01
2.071577100873339461e+00 1.163044381563230800e+01
2.268753767429434909e+00 1.173897659294097906e+01
1.123735433992359756e+00 1.128756127717236701e+01
2.136977837667460189e+00 1.167967645912335684e+01
1.895336488206133652e+00 1.193139045699783374e+01
4.679539999610797807e-01 1.203314580348168938e+01
2.075937576845890309e+00 1.218821749274844812e+01
2.088923426803426242e+00 1.241005972706130045e+01
1.940621873019142463e+00 1.140844280676326505e+01
1.062415447724672779e+00 1.157314575157042214e+01
1.760009808686088917e+00 1.178905883636199903e+01
9.653629490798251167e-01 1.086223936253795941e+01
2.000822256992950798e+00 1.212615067941519165e+01
2.191717103220242269e+00 1.118865276782286777e+01
2.030711124212976948e+00 1.218833763634396483e+01
2.075545756531509856e+00 1.164441796463019152e+01
2.009861106880188597e+00 1.184331335867860879e+01
2.082059892838783011e+00 1.162064090349237944e+01
2.040601231690151618e+00 1.130033328896945122e+01
2.014009587665160694e+00 1.204534706258159638e+01
2.081259368862870218e+00 1.179080909027072366e+01
1.967063925226724797e+00 1.155719539288102027e+01
1.948097615298954199e+00 1.154751388787890853e+01
6.884507990080446227e-01 1.054593533041457931e+01
1.849817084529654654e+00 1.116986954155133560e+01
2.061154465675858471e+00 1.094177286468559096e+01
1.445809933711509787e+00 1.124273820149708492e+01
1.947801099655249946e+00 1.233533441368486550e+01
1.369025947670915011e+00 1.240416158394285517e+01
1.931128987884903392e+00 1.131235302457823266e+01
3.594131200971775741e-02 5.000000000000000000e+01
1.891441724836862903e+00 1.235660121767828201e+01
1.566134857599609909e+00 1.127762532646890037e+01
2.081072881767818572e+00 1.114155908262016936e+01
2.418408473468665498e+00 1.204790588625692571e+01
1.950691226599689854e+00 1.196599370996151279e+01
8.114538742859925824e-01 1.048449208706283642e+01
2.034479352571648469e+00 1.101029346931350261e+01
2.237731350559509558e+00 1.069563449318818549e+01
2.164544620416824383e+00 1.099757257341259908e+01
2.049386993157920056e+00 1.114579292914202391e+01
1.982480019708343200e+00 1.113374373512877114e+01
1.741657501285783338e+00 1.136248162422768537e+01
1.867985636222452284e+00 1.230648281704920954e+01
1.959055091850350871e+00 1.228945379639259805e+01
2.231338671764748316e+00 1.189119620018495738e+01
8.944448413847214674e-01 1.109662307662370395e+01
1.939181654890883344e+00 1.169741987387510562e+01
1.976573891105037895e+00 1.122666112882797407e+01
2.122817391134530940e+00 1.218222833537466876e+01
1.207066220219623176e+00 1.201345696256380080e+01
1.725229756204753606e+00 1.142685397100701472e+01
2.152901097099797045e+00 1.253609667318981558e+01
2.156069961403280555e+00 1.252015290274240122e+01
1.750360602808719968e+00 1.202481380045925974e+01
1.292013838770095013e+00 1.176643287159460094e+01
2.149873084354639197e+00 1.127099755993327790e+01
1.411513692212311488e+00 1.157085617228462304e+01
1.908483073552261544e+00 1.130328554353301840e+01
1.423395278590515733e+00 1.143608241825070237e+01
2.065930770574554654e+00 1.102679354530021527e+01
1.982751950178908817e+00 1.198355970364455914e+01
1.657808834934466624e+00 1.220996787255149485e+01
1.751201756039044266e+00 1.242336023213567486e+01
1.950825500411592639e+00 1.187623032138175994e+01
4.805738360336196391e-01 1.142636007961018230e+01
2.099863574615098649e+00 1.160506649059557560e+01
2.188386249077048262e+00 1.138428372184418436e+01
2.039408060123421684e+00 1.182555905217091130e+01
1.407944751603378064e+00 1.185325200924047451e+01
1.711929808683435139e+00 1.225559871644666821e+01
1.929013347837252201e+00 1.124557781262869405e+01
1.453328467870575347e+00 1.112691347695057331e+01
2.248748854434265088e+00 1.169760480148593729e+01
2.255148593555222014e+00 1.166199488652626037e+01
1.635107905332452649e+00 1.222190553281337522e+01
4.578947698916187026e-01 9.787985269893555440e+00
1.184071600797363066e+00 1.182060544606252783e+01
1.847937261630306915e+00 1.214015858552966520e+01
2.183507240409653161e+00 1.220949627552437988e+01
6.587526979527045246e-01 9.880202950537201545e+00
1.143089788754723113e+00 1.090210085678196350e+01
1.178835904437242732e+00 1.240683677528440931e+01
8.039451606162230091e-01 1.084959444450294441e+01
1.899648988074280398e+00 1.180585398430887523e+01
1.757575715681978901e+00 1.241642775878641203e+01
1.330912740563535035e+00 1.193557007569545725e+01
2.075504479560822624e+00 1.243641726523581248e+01
1.330185974800854432e+00 1.226116963824072137e+01
2.214394196440785390e+00 1.146996172002735115e+01
2.340010474082945269e+00 1.214260352646443231e+01
4.231422048377982970e-01 1.201080522998244504e+01
2.056262838740775756e+00 1.159369711011033743e+01
6.784062198784788222e-01 1.118750350743107269e+01
1.752954206351849065e+00 1.156956968084264226e+01
1.740419780142869133e+00 1.218492995558095693e+01
2.061805428647927929e+00 1.227750625677362173e+01
1.498542610941830278e+00 1.135910278690915121e+01
2.045174730194371016e+00 1.160547735516922607e+01
2.081552291774075414e+00 1.155962399383674821e+01
1.674686532397503980e+00 1.150778680727049696e+01
2.021752095279104822e+00 1.261458677337384771e+01
2.105943512036743126e+00 1.116595124534266503e+01
2.058395050348830857e+00 1.132128101427323230e+01
2.006966032278220347e+00 1.119185652015559107e+01
1.901876468038951939e+00 1.149845754595237324e+01
1.595478699279960777e+00 1.165668102527867234e+01
2.151502763061822865e+00 1.179741361223717711e+01
1.507608780648163505e+00 1.129011440207351846e+01
2.179598457254328991e+00 1.096868894474864042e+01
8.061583445272442194e-01 1.006627737347986518e+01
2.209061684347514820e+00 1.123876176173651764e+01
1.828973907760697459e+00 1.210955929384047813e+01
1.039965184806379339e+00 1.071116743345777955e+01
2.011340061513802180e+00 1.122258707653434229e+01
1.151256223942878743e+00 1.177430081831305841e+01
1.727708655374708080e+00 1.161201979585749378e+01
1.335571286337211561e+00 1.210300725996711968e+01
1.667709103183679265e+00 1.139443687359759672e+01
5.122322972935099417e-01 9.838514586036394505e+00
1.983761498147419422e+00 1.125797329550291792e+01
2.013733262649959332e+00 1.160183827506015142e+01
2.231007015808693428e+00 1.111923555809299202e+01
1.885911635289391652e+00 1.154312476356538220e+01
2.166758652507275507e+00 1.200750794770263319e+01
1.977341744743026153e+00 1.193644345990821698e+01
1.958916005130607818e+00 1.165981087913331393e+01
4.092456129858567659e-01 9.365261275853479006e+00
2.505514438968841961e+00 1.180108974456356385e+01
1.948224495670071166e-01 1.274542784824370578e+01
2.643059917753806110e-01 1.117225623625274977e+01
1.917168963890221844e+00 1.223404331612284324e+01
1.118383999565131015e+00 1.150012070985843593e+01
2.108289333719346015e+00 1.173240488291936146e+01
1.386823416978127055e+00 1.158315584060552084e+01
1.668149008238700937e+00 1.180626217575389170e+01
1.317042015674617206e+00 1.293862257215386968e+01
2.299366951345203081e+00 1.122095556103747782e+01
1.946229167949687922e+00 1.234709525416228004e+01
2.115363828714478700e+00 1.158279568538642401e+01
2.049151113889154718e+00 1.182119982596897501e+01
2.378194782234219318e+00 1.188554463407613149e+01
2.119949250938291563e+00 1.118223741230666235e+01
1.404001620643639203e+00 1.120362637831344799e+01
1.858941990585108783e+00 1.175386128841720002e+01
2.032257380001027958e+00 1.154988385683888730e+01
2.123916497069770593e+00 1.135862641015383367e+01
1.450027265205861005e+00 1.080662314606399121e+01
2.057494126678950597e+00 1.195300186686800359e+01
1.046393858276115862e+00 1.050209096401455078e+01
1.977167757734574982e+00 1.200588646279006966e+01
2.050175828591597860e+00 1.186444269243608396e+01
2.180233150615139337e+00 1.209263397292930797e+01
4.603302750581679814e-01 9.210754556288573980e+00
2.101434445014523700e+00 1.222717675616364197e+01
1.544037191706440382e+00 1.146120256017303340e+01
1.847368262446301035e+00 1.176767122436355528e+01
2.220024385372634246e+00 1.147606963095260113e+01
2.077039204489018687e+00 1.207155650737828623e+01
1.806056578082302799e+00 1.215840350926576718e+01
2.157527515339799695e+00 1.241481897589275540e+01
2.046354510114547054e+00 1.247291064729708765e+01
1.943534533242669005e+00 1.185926067072309564e+01
2.123060331866797323e+00 1.177267386699077889e+01
1.216394566104666008e+00 1.223307730207480404e+01
2.005529247835562856e+00 1.190233074993762230e+01
2.396603217418037168e+00 1.208199805555982032e+01
1.304734892091940601e+00 1.126571571173841413e+01
1.413359300947350405e+00 1.128371675130345153e+01
2.210934024256828057e+00 1.192207636825714268e+01
2.003335263102208774e+00 1.191622341106491234e+01
2.041764201831616443e+00 1.100461725314283967e+01
2.173872303591605881e+00 1.078790953029071886e+01
1.583085146106301577e+00 1.143119520772217967e+01
2.239206411146722253e+00 1.133278988381061225e+01
1.969987101746363045e+00 1.222813439815447722e+01
1.296880227414245468e+00 1.202833150854437427e+01
6.679661296892045463e-01 1.032477295997299294e+01
2.240413036137638869e+00 1.205099249601475719e+01
2.039136068541028468e+00 1.156227293108319110e+01
1.345330905991500625e+00 1.197383826294628406e+01
1.790000529734233181e+00 1.224221743112434346e+01
2.207868672126660048e+00 1.236886754327763960e+01
2.095003137754138933e+00 1.187418886831147802e+01
1.646343615934199756e+00 1.215924776521866235e+01
7.835253811046511974e-01 1.167774196703285128e+01
2.044142026452771432e+00 1.190533896859075824e+01
1.889224111180707988e+00 1.197098376897234040e+01
1.124599714221371061e+00 1.100681519054242585e+01
1.833883998552912509e+00 1.126589293032098027e+01
1.587368476616997093e+00 1.190924318309542329e+01
2.044639357890700282e+00 1.174309386765374263e+01
1.535610407081021256e+00 1.141335863541349482e+01
2.093601685972612092e+00 1.147336753854690095e+01
1.966365595964666646e+00 1.095867217290256690e+01
1.450516549323942250e+00 1.122114435492857787e+01
1.771665128310249804e+00 1.206315673106138675e+01
1.658669101584723915e+00 1.236529726049649547e+01
2.001758438490051528e+00 1.227217277691323716e+01
2.017713942889370671e+00 1.138871167372276716e+01
1.205582011764236849e-01 1.047379109984359857e+01
1.962102175541754479e+00 1.164409001097305740e+01
1.983149978739721542e+00 1.163008314978022284e+01
1.789999593976608905e+00 1.223252453145643415e+01
2.024408655607545349e+00 1.194546487750171160e+01
1.996509525952928632e+00 1.229111671022391228e+01
8.663957222133104041e-01 1.222599239510318725e+01
2.326762201708372224e+00 1.145671680091963829e+01
2.071797796353747945e+00 1.152291180384117197e+01
2.175739713376687590e+00 1.233060292203189867e+01
7.115107282958739454e-02 5.000000000000000000e+01
1.681236993774285482e-01 1.395127010126293321e+01
1.897098778237008565e+00 1.252549756799176883e+01
1.836319876858801159e+00 1.191962735484098346e+01
1.227966283589426055e+00 1.104874730074115163e+01
1.813486991851055885e+00 1.126709488388888225e+01
2.045159580113984354e+00 1.115160787716142110e+01
1.024785100075592981e+00 1.144210823996503201e+01
1.082677869994823405e+00 1.149063327189055705e+01
1.099485767813778159e+00 1.255964873232770529e+01
2.076511869269659805e+00 1.167367861086104242e+01
2.042449062120670789e+00 1.235487465913318772e+01
2.449182260249343823e+00 1.220146217478350081e+01
1.926434417647527653e+00 1.235064446509162117e+01
1.922353964410117522e+00 1.136377760767888567e+01
2.035235938080153240e+00 1.099276766299241004e+01
2.127231114035135207e+00 1.164542930042535751e+01
2.014934160860872847e+00 1.160909728947162378e+01
1.588717038573896900e+00 1.204564497894290120e+01
2.039711521103066527e+00 1.142602153264330056e+01
1.603373761971303324e+00 1.178676635257597560e+01
2.153954731013812296e+00 1.245676669741331644e+01
1.807830960794326813e+00 1.230550008858584299e+01
1.392642821798127928e+00 1.213180641295928197e+01
2.129393431433489248e+00 1.242182289098334991e+01
1.779414920428817881e+00 1.250953074704925250e+01
1.802456830521140585e+00 1.250653270987890586e+01
1.948343413337621177e+00 1.272114730815444439e+01
2.246614299875906440e+00 1.255009943353098123e+01
2.370163340339245917e+00 1.235103359320712357e+01
1.823663246775609759e+00 1.164288334228457167e+01
2.091056801795587283e+00 1.144107461531996783e+01
2.026008690447684835e+00 1.163707753869328698e+01
3.328126037564770323e-01 1.259612450991873089e+01
4.619431173616697639e-01 1.132722111176663304e+01
4.341798597101702573e-01 1.283834769385807029e+01
1.429899623447883350e+00 1.188050171481518369e+01
1.980228669025945853e+00 1.140143863592477835e+01
1.833872490282698831e+00 1.113002339272098773e+01
1.886374718877787737e+00 1.124640305910040539e+01
2.067985950191006062e+00 1.155299148822331112e+01
1.614618884268310017e+00 1.209499271178368041e+01
5.030979379096465198e-01 1.171579356630272883e+01
1.584071123158126371e+00 1.149631510166446979e+01
1.373911522589624346e+00 1.136248800166911721e+01
2.136434510866508152e+00 1.250863666021627196e+01
2.040415547277057762e+00 1.108479026972930370e+01
1.453946929106161523e+00 1.211203184073167449e+01
1.799381393979136323e+00 1.152957152933403684e+01
2.016922679618100123e+00 1.136314881427638390e+01
1.813497749277530824e+00 1.120096859979285320e+01
1.005950848727043212e+00 1.141861052107905294e+01
1.720767112247219011e+00 1.218707369489256287e+01
2.171793612320160438e+00 1.155886026032736957e+01
2.052548152189747732e+00 1.118141928914766581e+01
2.125461227875959480e+00 1.098667556096886067e+01
2.087374868515725623e+00 1.147886619280613729e+01
1.284458296326619342e+00 1.196072755333486093e+01
1.824857732829893386e+00 1.194549997519696305e+01
2.086260710218285297e+00 1.174895397054508273e+01
1.981691198675991528e+00 1.168013416533091409e+01
8.520668936201434285e-01 1.086845068485912869e+01
1.676866517739158180e+00 1.122939910583837886e+01
2.272665540418298047e+00 1.135991667392090676e+01
2.083715510468101328e+00 1.195945098191979028e+01
1.827757529444932860e+00 1.156740322518882991e+01
1.813080743042291276e+00 1.174544326030399155e+01
1.906889822182782579e+00 1.128322819978319735e+01
1.278586791235335474e+00 1.128132392066448908e+01
2.126508429079482010e+00 1.139950637863410954e+01
1.790354745373887280e+00 1.179810754320780042e+01
1.600732932696883992e+00 1.215221650296866152e+01
4.935501711038941530e-01 1.204417906047678954e+01
1.850346634149370395e+00 1.259008189759898144e+01
1.816100236776371890e+00 1.257437127823247103e+01
2.146861703335666061e+00 1.152398880032479767e+01
2.134229773342302960e-01 8.674465886399143955e+00
1.658041347560428536e+00 1.170607030951301653e+01
1.330114651217239263e+00 1.199394989177466364e+01
1.948094836621457882e+00 1.197860701928379967e+01
2.166930146117858058e+00 1.143893709176072804e+01
4.779147500583380559e-01 1.196762964815791896e+01
1.293449802193360476e+00 1.132610833253971272e+01
2.079012785184477963e+00 1.193568125820198311e+01
2.036309258483670614e+00 1.112345930356240586e+01
1.997243395181465431e+00 1.121869012406769528e+01
2.088735139541371133e+00 1.114073803099472748e+01
1.218007635132775324e+00 1.100240766920474833e+01
1.987987684478550898e+00 1.156107655206097284e+01
6.180113773732535121e-01 1.153244300547961387e+01
6.846753470998581115e-01 1.082604199865121863e+01
2.087680803504997851e+00 1.178170407146669696e+01
2.168138381108527746e+00 1.138534442978002659e+01
2.308518378721000630e+00 1.224939852009882735e+01
2.113753373006136638e+00 1.235424774217794486e+01
2.142229179818420093e+00 1.228844928544772053e+01
4.330061705817638829e-01 1.233940155790627990e+01
2.021688269754633449e+00 1.100571520638345291e+01
2.263303387177661108e+00 1.193894769595656236e+01
1.083994359870770197e+00 1.096847614005393368e+01
1.814909737089037245e+00 1.183250207822715794e+01
2.317638842456586357e+00 1.222320158808952861e+01
2.495546103280516792e-01 9.281200078172606283e+00
1.360684253262590682e+00 1.187055015109369727e+01
2.015441148162981477e+00 1.144217337700355586e+01
1.327843721189041259e+00 1.205984562490581524e+01
2.163938657392901366e+00 1.164770324917711619e+01
2.164972964864247729e+00 1.159503988866366697e+01
1.848060161618988229e+00 1.212525213295819881e+01
1.208021894416074549e+00 1.170105824648095982e+01
2.181520727060762610e+00 1.176550066791062932e+01
1.571004282716111033e+00 1.181178168737915080e+01
4.663682220530617206e-01 1.151174786814351059e+01
2.138618940850687267e+00 1.189797715308301918e+01
1.872899171188183498e+00 1.176553099348593889e+01
1.812118143662988734e+00 1.220127921018647221e+01
2.336200828427819065e+00 1.218202467797462774e+01
1.875436921912198240e+00 1.161148299868272460e+01
1.871465047272248050e+00 1.158460225964875612e+01
1.809188552397311245e+00 1.156301419569740041e+01
2.305837889981490640e+00 1.153911965073647394e+01
4.162255195135928232e-01 1.100622246801743565e+01
2.084746206746914687e+00 1.088057366538587090e+01
2.059906027435172593e+00 1.111403654003397712e+01
1.340418836009276138e+00 1.089379320458899691e+01
2.103723347267403732e+00 1.180396685653204614e+01
1.463570009128996874e-01 1.187435633929881007e+01
1.842470340174682031e+00 1.141331199452818801e+01
1.724345517748705925e+00 1.177287835296226604e+01
1.823167550678857829e+00 1.220467604533775940e+01
2.277022439223415073e+00 1.168981090049791760e+01
1.654772811678154154e+00 1.243799379272837591e+01
2.210676684635140443e+00 1.235680744111210316e+01
2.113275796199645118e+00 1.246165225455411907e+01
1.213661744201265602e+00 1.121091316075711752e+01
1.487962140519064613e+00 1.194897794495336463e+01
2.112803246782341215e+00 1.178588484289359606e+01
1.704993330398925533e+00 1.209869409798389839e+01
9.317310246552181763e-01 1.154188841989691916e+01
1.529365198661743364e+00 1.218951978402581737e+01
1.698810722560518460e+00 1.171776343749180249e+01
2.050606140870701033e+00 1.262279081784942925e+01
1.660490563973469946e+00 1.253389600344191734e+01
1.566460742110482141e+00 1.210164564244701779e+01
2.059549875410020547e+00 1.130602671630792955e+01
2.156875900908184374e+00 1.113881475386956765e+01
2.138700756652923918e+00 1.121230476856031189e+01
2.175234447060724552e+00 1.158988919034311316e+01
2.178609214715327980e+00 1.157201192232873588e+01
1.921688234176777366e+00 1.219935467503801441e+01
1.869994670726494501e+00 1.224816670198705992e+01
1.988792416957010811e+00 1.098267537620873391e+01
2.078386892510013961e+00 1.115516310845654147e+01
2.025309794935246099e+00 1.122529213568237338e+01
1.961411617279283703e+00 1.208482367324306139e+01
1.846859484227014070e+00 1.214024674922526792e+01
2.094116905834180198e+00 1.120344910158607199e+01
2.035760472272349020e+00 1.098741690405196358e+01
9.059951702835246368e-02 1.520551333634371716e+01
2.186880815718482474e+00 1.205812316659138972e+01
5.623339003918153001e-01 1.208904041494632331e+01
1.961018377271217306e+00 1.186297479114050013e+01
3.777106673670031500e-01 1.138340869374220077e+01
2.060086741778586639e+00 1.182434817312029907e+01
2.129355991395320835e+00 1.172912919701500023e+01
1.577257752859112738e+00 1.122796532582419005e+01
1.959837549977819560e+00 1.129013024113305441e+01
1.840121967178163676e+00 1.188117528683547341e+01
2.101403567809485118e+00 1.150655130099874413e+01
2.082781792913007468e+00 1.163845587078396981e+01
2.656542715284258560e-01 1.479169017594075086e+01
2.090166634612284025e+00 1.138505853848370641e+01
1.511545398971454457e+00 1.225960597873750579e+01
9.873601369270432748e-01 1.184814466780784770e+01
1.588328588183694379e+00 1.164172825456956595e+01
2.134875476546279849e+00 1.220635805943868668e+01
2.006772773246716213e+00 1.246158792960306805e+01
1.886048254469344432e+00 1.277675035241738399e+01
2.151103604822317550e+00 1.141728175236417009e+01
1.421564677184477210e+00 1.194679552633940922e+01
2.019510021023910529e+00 1.172666422135734443e+01
7.703786818451284768e-01 9.696376995606231119e+00
2.166323449586653460e+00 1.219209018793321420e+01
1.955205605169217931e+00 1.204958386219244915e+01
1.735804061508526841e+00 1.215100538415201292e+01
1.648996784313430553e+00 1.148256839882417601e+01
2.042906758786492638e+00 1.184266518988300199e+01
2.125540498978768955e+00 1.164393259197320951e+01
2.155358335046771767e+00 1.217467703790302558e+01
2.101061129986345755e+00 1.076832331618492766e+01
1.755242993291084019e+00 1.148410916345582855e+01
8.830430724141308252e-01 1.057710395790600266e+01
1.159036747073282747e+00 1.133827382068240297e+01
1.934329973478604581e+00 1.196000046695414554e+01
1.868188504005402040e+00 1.195465885900324210e+01
2.052184418806918931e+00 1.191219081283122705e+01
1.564265986310481749e+00 1.163000911185040209e+01
2.083502571725409425e+00 1.200315661374184550e+01
8.193097951442740445e-01 1.079464843014100772e+01
4.187306878660048692e-01 1.024226883983367742e+01
2.007035367004292414e+00 1.182127271674294100e+01
1.974396584405787136e+00 1.104782234679048258e+01
2.021657472284054347e+00 1.197977519124970236e+01
1.803687091894695893e+00 1.203270927294327386e+01
2.052788427598318144e+00 1.108804413179853476e+01
2.316261958394497444e+00 1.190880924337177760e+01
2.351763647110631350e+00 1.169565889543149417e+01
1.757570999337362494e+00 1.187196026025692319e+01
2.040727847818445184e+00 1.102252878570577543e+01
2.334321324012464061e+00 1.297436404293988055e+01
1.136513722724203923e+00 1.152307616297206216e+01
1.954867191473311339e+00 1.162426067141946007e+01
1.852479219430427149e+00 1.193394991846172459e+01
1.995660006720946678e+00 1.167887019536615867e+01
1.813684167108362111e+00 1.135646663890110730e+01
2.097172457238196674e+00 1.095766589283709358e+01
1.797549426892723679e+00 1.200105518127323201e+01
2.060167358402574589e+00 1.147565150765719544e+01
1.926552051520360243e+00 1.181288831031203657e+01
2.456905764749794052e+00 1.190416461646589852e+01
1.762610545123267425e+00 1.142035354999824115e+01
2.096853098994631459e+00 1.192508560622330549e+01
2.025954738163323388e+00 1.101120737633506330e+01
2.012312564345656529e+00 1.142666423071959514e+01
2.033810950265782402e+00 1.092423812461543520e+01
1.616172158400156045e+00 1.126105327692781621e+01
1.429903921584931403e+00 1.171656094667507553e+01
2.013747955475502671e+00 1.102491839762663872e+01
1.640010312901357459e+00 1.122640443888431427e+01
1.437206471890658532e+00 1.214916580664233514e+01
1.567720688326713185e+00 1.188979133166202118e+01
2.036042936330839215e+00 1.179063445112456066e+01
1.757593013155735351e+00 1.225903697027295891e+01
1.769583386827967786e+00 1.225686380334515135e+01
2.369227885794323585e-01 9.922966329050440848e+00
1.162066263616694073e+00 1.198286637534431343e+01
1.877103810401340445e+00 1.160235081718457373e+01
1.878469334451412287e+00 1.157263690483406648e+01
1.948491041246904310e+00 1.156497444511851036e+01
2.025934604526661520e+00 1.226021732220562477e+01
2.035929952798297027e+00 1.221995414297020943e+01
1.844512510836120223e+00 1.173635173313921598e+01
1.487495479269789200e+00 1.146186414854521196e+01
1.948191174191881370e+00 1.229247328831634789e+01
1.277658685393151305e+00 1.142336124297173860e+01
2.164584633922312484e+00 1.220033829141842041e+01
2.174506958795201506e+00 1.204532234297837157e+01
2.460031293403658559e+00 1.233200505441017292e+01
2.356804083903987213e+00 1.214098453515909526e+01
2.017527380373075108e+00 1.191568481017524839e+01
6.467999247218099157e-01 1.132590885085448384e+01
2.106478143755720289e+00 1.119845011371681665e+01
2.116408635182599252e+00 1.116020550366707553e+01
2.049726761040839396e+00 1.068503900756429026e+01
1.579564994887404206e+00 1.129918151862006681e+01
1.753783620287238110e+00 1.154700128208481402e+01
1.871937680173091367e+00 1.151161912048299563e+01
2.213958932867733154e+00 1.116313300009341702e+01
2.002700800892125876e+00 1.138246828383438825e+01
2.031133095148339507e+00 1.167854287534466273e+01
1.852079424440038702e+00 1.210395491403257928e+01
1.802814886688783202e+00 1.185981164371011154e+01
1.257785066274963670e+00 1.122949406068634026e+01
2.192331946178963875e+00 1.117921018603233563e+01
2.210604259427299212e+00 1.096623886738269071e+01
1.866019390282262824e+00 1.119286773110891886e+01
1.933359342802752678e+00 1.128278461934059429e+01
2.315739179800903713e+00 1.143371105804599885e+01
2.844102283120072960e-01 1.328711743741469853e+01
2.195111790294943965e+00 1.114506501209277189e+01
1.304248025200116068e+00 1.129838831728949167e+01
1.949521548017055128e+00 1.225794890085363242e+01
1.988927819068965874e+00 1.168141706202050933e+01
1.712568856251394989e+00 1.182350539192566963e+01
2.215027233870539458e+00 1.152698566240165690e+01
2.040342385081872933e+00 1.149934816289117023e+01
1.952003490488408266e+00 1.129886259871804377e+01
1.931054021690933320e+00 1.215403380501216724e+01
5.391056622937649978e-01 9.357793204608219284e+00
1.324712026042840218e+00 1.177950297025713766e+01
6.500604334642142712e-01 1.170562830416393219e+01
1.549964640514940317e+00 1.155656239411836061e+01
2.002043137702703923e+00 1.180377417656050731e+01
2.186295458189141172e+00 1.116129762436538719e+01
2.004307746372104848e+00 1.131102031256225438e+01
1.972121178844479905e+00 1.273431464229113708e+01
2.500019690492781610e+00 1.281188180096549267e+01
2.061857527197160422e+00 1.104367933855328765e+01
1.891762235479635290e+00 1.163472272962314591e+01
2.168630847722594179e+00 1.131627402231156410e+01
2.141511500305326443e+00 1.128933776984003856e+01
2.116508744332914915e+00 1.167144630445085518e+01
2.034562147818100186e+00 1.206500611446655569e+01
1.697805446481366998e+00 1.186532478977635030e+01
2.149482466577431250e+00 1.136667087217663585e+01
2.155200583759709243e+00 1.162230704437478757e+01
3.725197974732127881e-01 9.102672216311027853e+00
1.830009943088484414e+00 1.171532648179159430e+01
2.009750796764455227e+00 1.170968483535849991e+01
1.559837182203469119e+00 1.162827218116796146e+01
1.219421235858291208e+00 1.216523343010751290e+01
1.831781645844179796e+00 1.232318191443748034e+01
8.505214682185076036e-01 1.049049231537465943e+01
4.206099901516657802e-01 1.023600737600977340e+01
2.027575200851807757e+00 1.168974858652178916e+01
2.474850191166721558e+00 1.154920816044315046e+01
1.889819036596671609e+00 1.169361118952758893e+01
2.278853392083046270e+00 1.253516864495942151e+01
1.341924706236916620e-01 1.351964695497496827e+01
1.257328112871576309e+00 1.097761726817533123e+01
1.500917057466815363e+00 1.206572122933393310e+01
1.031096942951310158e+00 1.149630112463800558e+01
1.331298531767454607e+00 1.146819916639470449e+01
1.691735528379832321e+00 1.188766368450697009e+01
1.940040264198569453e+00 1.216852914944978714e+01
9.183668637245385735e-01 1.145014804002012987e+01
2.026233297323292604e+00 1.222578572018974619e+01
1.965079372963317583e+00 1.111397013673649248e+01
2.050931096819186727e+00 1.088462964084371265e+01
2.317048735016731253e+00 1.210268973059485731e+01
2.062088019763166358e+00 1.197929898662290249e+01
1.524155081312920768e+00 1.215305220569004696e+01
1.125145603207892142e+00 1.071032795077308819e+01
1.780449309443128847e+00 1.126333252927396877e+01
9.578898192676087442e-01 1.108603240216309693e+01
6.000147608779233810e-01 1.116313140015933492e+01
1.998980403557743646e+00 1.231322434043205583e+01
2.290868817069916297e+00 1.221954567154247506e+01
1.340937780894966735e+00 1.151694068178183095e+01
2.300761382324530757e+00 1.219853054676828386e+01
1.978202219542061657e+00 1.168746168033664290e+01
2.299470336071084642e+00 1.218657168593767182e+01
6.821095925881340838e-01 1.193551732140246102e+01
1.413292010334753712e+00 1.244711842951049974e+01
1.955804045567216987e+00 1.167238280080169588e+01
1.454459417592614878e+00 1.174981811172830604e+01
1.505484996031254408e+00 1.242736441750627030e+01
1.887233195146651221e+00 1.179560619175414971e+01
1.460800262877415934e+00 1.203447590920583998e+01
1.144784285558826609e+00 1.155657592478869766e+01
1.419503435832381033e+00 1.236999470142385604e+01
1.991975502017099275e+00 1.143563053978446398e+01
1.678793246316912180e+00 1.235588086341924097e+01
2.047003722342849663e+00 1.182249151442449531e+01
1.878572627474579537e+00 1.176109692657567507e+01
2.358046594675541563e+00 1.155290019761690168e+01
2.532425364589215633e+00 1.220029640718505881e+01
2.008585162833439242e+00 1.148951574412847876e+01
6.612307181264479583e-01 1.028566543767742125e+01
1.998370197439655715e+00 1.219948425235418910e+01
1.312763413467473494e+00 1.150308865985796025e+01
1.289085455102500388e+00 1.061645117935399441e+01
1.778768973781995832e+00 1.127048247246690060e+01
2.053556004199322160e+00 1.148784059595476847e+01
1.886278845717668462e+00 1.130171201198184683e+01
6.531576650130054285e-01 1.186462561422770889e+01
2.283260341097979040e+00 1.162677388422727631e+01
2.103753318961679941e+00 1.207867197332259046e+01
8.431441246667342737e-01 1.194541524592403370e+01
1.953290624058326763e+00 1.240705962180061661e+01
1.069020876355437855e+00 1.133062582967464849e+01
2.032609505666467697e+00 1.122359827744902994e+01
1.927932155051281571e+00 1.199385499529948262e+01
2.025303975516351773e+00 1.165385908411917981e+01
1.928770075908058157e+00 1.153158614820606509e+01
2.115419692332786816e+00 1.129147288874044008e+01
2.150503761597769348e+00 1.225555455171847719e+01
2.297127773646463478e+00 1.288848935849405564e+01
2.213869199688107692e+00 1.155232932281118430e+01
1.748182451868692144e+00 1.158170526600796002e+01
1.045633682125494818e-01 1.945871707211295032e+01
2.138480529063617741e+00 1.203216342380484249e+01
1.009388020527182572e+00 1.217500601065874122e+01
2.247328052973294188e+00 1.152635674590410453e+01
2.270016742617746441e+00 1.131082491192504769e+01
1.859252133539081697e+00 1.164526670020666899e+01
2.050126762196659236e+00 1.247522335936738180e+01
1.793505445873772697e+00 1.263989701143160005e+01
2.161842687224211357e+00 1.125351189971125976e+01
1.268251986912132034e+00 1.166224576779098321e+01
2.039304914515027711e+00 1.159681628643134665e+01
8.916192217421284871e-01 1.010630876789621269e+01
2.473710474044823471e+00 1.202781108375669206e+01
1.367198175878109767e+00 1.071568636364311899e+01
2.191570725585587187e+00 1.089302043237448991e+01
2.157003611652923425e+00 1.169233198459522782e+01
1.258667076366939419e+00 1.094920616370465538e+01
1.190139514390782027e+00 1.212323900557850997e+01
1.951931715747083240e+00 1.212779750241865351e+01
2.061953717367895678e+00 1.163718218039087660e+01
1.941776780537814995e+00 1.178923383754808896e+01
7.473535917829412512e-01 1.165772649598574517e+01
2.118792501418440999e+00 1.191824436072378468e+01
2.153866690197311584e+00 1.182270845713390450e+01
1.973143971080952852e+00 1.170495972341937474e+01
1.958026768269721662e+00 1.145978157839986977e+01
2.155167902990732021e+00 1.125830762776867466e+01
2.173460151044556810e+00 1.123832573053236672e+01
6.054452242502212922e-01 9.686856445314397490e+00
1.645299589135320373e+00 1.234831202547491458e+01
1.266582515987412894e+00 1.138763842498629053e+01
3.486241186046546425e-01 1.141697666180498416e+01
2.324167129389067998e+00 1.207409953783312595e+01
2.046546718339161686e-01 1.465556832827192935e+01
9.016369904335805874e-01 1.150193372191661823e+01
3.222386114661504597e-01 1.051110951178093522e+01
1.858290372116405909e+00 1.259949646323313743e+01
1.841730748204730483e+00 1.239357928577167733e+01
1.698637507979064543e+00 1.211348003810633145e+01
1.717191068532920806e+00 1.236196526273317353e+01
1.054429865391950383e+00 1.132014035541719466e+01
1.687193235149861970e+00 1.175617815566918267e+01
1.923664873493180050e+00 1.151582006514476930e+01
6.749753454862889024e-01 9.641109859793127512e+00
7.828096613430294282e-01 1.231909473775319697e+01
1.066871155471402766e+00 1.206482802654142006e+01
1.026000744475758619e+00 1.069089350005090999e+01
2.216362179555420919e+00 1.121371654282261332e+01
1.889485360261525360e+00 1.214585672399492999e+01
2.043531482222016749e+00 1.201225110702715781e+01
2.161675441897945138e+00 1.166747733484891292e+01
1.925989771703761511e+00 1.195361436328910365e+01
2.350406594633286606e+00 1.236394474238791119e+01
1.880078518282387146e+00 1.167976925778299879e+01
1.381622733800390579e+00 1.171161769126280738e+01
1.611670562520185035e+00 1.119753681184880456e+01
1.206961562466322802e+00 1.071938525101596262e+01
2.069051833526605488e+00 1.209408420717704402e+01
3.927523898798219726e-01 1.255221791547171151e+01
1.595540013516456801e+00 1.204270476028199255e+01
2.048216737066320459e+00 1.125816230953532049e+01
1.536772263338600064e+00 1.121339384413844975e+01
1.973587828555195545e+00 1.109255149806684138e+01
2.242935885973047050e+00 1.196322061728098518e+01
1.761446464863666739e+00 1.198057426384147028e+01
2.085240726633703190e+00 1.182939820063308112e+01
9.024471992607578930e-01 1.116650134271188577e+01
1.317369307348629892e+00 1.183171797039993045e+01
1.943723350579624976e+00 1.146436665901856777e+01
1.113796025950603230e+00 1.060619553817259408e+01
2.111168006822370380e+00 1.126131917492191725e+01
1.896914272776456745e+00 1.146425918022677237e+01
1.770739276178612931e+00 1.150695330431155661e+01
1.157165715631949254e+00 1.184178767958087164e+01
8.123836926045918672e-01 1.088915079598841906e+01
2.196380318087090444e+00 1.156695824689666097e+01
1.864954304416825082e+00 1.191675049288727273e+01
1.667621930806120201e+00 1.195918577443822350e+01
1.996020005053791957e+00 1.155363011710611332e+01
2.100866624341697797e+00 1.232011667732995974e+01
1.980191571898495928e+00 1.120412275125623403e+01
1.950490312558321948e+00 1.138481541499668737e+01
2.033432196859562779e+00 1.174102125679342379e+01
2.860566758757565609e-01 1.420254957434374177e+01
1.814352969681464867e+00 1.176060417063559171e+01
2.071800790864974484e+00 1.132930966999825984e+01
2.130918532582664060e+00 1.126668540319786160e+01
2.050502847212548829e+00 1.162960270508158978e+01
2.094458212429461952e+00 1.176705922710505092e+01
1.637669687100766991e+00 1.252477523524658842e+01
1.981367172677963806e+00 1.224184751374112956e+01
2.059738943065371419e+00 1.186458299776139214e+01
9.392245749832427437e-01 1.168917378920283134e+01
2.064216720952010142e+00 1.203533554676927331e+01
2.017748006854103604e+00 1.109655065542517782e+01
1.423562174666546332e+00 1.131741925175140651e+01
1.576407656327679430e+00 1.141153127239597431e+01
1.730418245226702512e+00 1.146119268799323621e+01
1.011268125219765501e+00 1.041182129938945700e+01
1.928256478445846023e+00 1.221270332925786306e+01
2.093919593110604271e+00 1.215223153903073872e+01
1.704114106213415303e+00 1.234013720514120216e+01
2.122874076972000257e+00 1.147495087269038194e+01
1.842448568422172084e+00 1.186705685116438147e+01
1.482393021101923392e+00 1.169524811258509267e+01
2.135012674104465713e+00 1.167829916922331535e+01
2.145700098228578323e+00 1.084892624680380280e+01
2.155916912430125176e+00 1.070988078738763427e+01
2.028272103120653647e+00 1.061065741245950989e+01
2.025068003402540617e-01 1.054999625646884098e+01
2.424368748181536137e+00 1.208873942067289775e+01
2.104462320794503238e+00 1.169499780472146178e+01
2.113707029189394682e+00 1.155180523242118262e+01
2.041092203189835530e+00 1.092232981339075515e+01
1.726927260829234090e+00 1.149494765686849895e+01
1.919861244704107683e+00 1.136188187590565057e+01
2.018358229743689058e+00 1.139076883033728294e+01
5.459217323175845626e-01 1.043681218159684754e+01
1.781196903831731237e+00 1.206960603192253245e+01
1.612598483115786629e-01 1.683342884020985863e+01
2.303308754552791715e+00 1.205004296860978741e+01
3.971530882559748954e-01 9.858083380706306187e+00
9.107888571416151713e-01 1.105436935605611382e+01
1.923266664224938083e+00 1.158884130723784267e+01
1.928608067602900045e+00 1.153222382117219702e+01
1.717336657456654425e+00 1.157098116987737058e+01
1.351780506318866815e+00 1.155416435276674392e+01
1.073072035314197148e+00 1.190478663310493879e+01
2.014511949953112779e+00 1.149388071564962566e+01
2.098968803292803109e+00 1.160622132371313597e+01
7.402003938929098137e-01 9.993128119314167890e+00
1.376096843293128646e+00 1.106839579657228612e+01
1.187415706430638984e+00 1.113552043488329524e+01
2.358103972656369340e-01 1.093317184727532521e+01
1.988307787268444704e+00 1.204035802498239960e+01
1.858604355306084477e+00 1.166574689789887032e+01
2.353530346630737569e+00 1.162707550050340366e+01
2.005629773468105004e+00 1.200845821604766606e+01
2.117921030275853767e+00 1.141514717073206953e+01
2.138394981871829525e+00 1.133289832046052759e+01
1.694730462094854007e+00 1.189369764115857819e+01
2.054919027381745256e+00 1.124945132188328145e+01
1.920795013180883970e+00 1.149793879345826042e+01
1.941795475505038837e+00 1.181509692798166711e+01
1.828930648687922433e+00 1.187905354413333825e+01
2.206735014324114008e+00 1.248273404659679819e+01
2.165709753246689129e+00 1.247351524554493984e+01
2.067678537942435835e+00 1.138013793437195886e+01
1.829503485799820250e+00 1.208880715593540778e+01
2.010726605401755407e+00 1.219249959588382382e+01
1.668749060483771807e+00 1.169278400564777876e+01
2.200359482466955008e+00 1.118042049006960781e+01
2.014954509183316755e+00 1.161735170406045192e+01
1.968260694952628453e+00 1.118548410965319029e+01
1.890269590021506962e+00 1.258393798105222672e+01
2.010004142624160384e+00 1.171898413620688473e+01
1.038973340383184674e+00 1.161264490625782564e+01
1.713012624064153888e+00 1.209229683324788951e+01
1.160607061047645772e+00 1.182949675841761028e+01
2.417670922948959689e+00 1.189871165486071725e+01
1.496930702794398327e+00 1.187095265336737526e+01
1.902060739496338471e+00 1.127228454242510303e+01
1.846977737074857240e+00 1.133990204282688907e+01
1.116563014727593561e+00 1.156344891830550736e+01
2.279457549659034132e+00 1.143845748974823806e+01
2.317920137027683847e+00 1.112805891357613319e+01
2.248464402584139599e+00 1.222701080029031928e+01
1.869456365858436442e+00 1.148633187978389714e+01
1.967197380885942648e+00 1.240935490356266513e+01
2.045044096661568833e+00 1.175728687506539316e+01
1.759804479938639865e+00 1.252529797731553884e+01
1.432658279386708866e+00 1.097059575991616853e+01
2.378368825451834478e+00 1.142127888527095969e+01
2.286213750295251312e+00 1.177047257044283946e+01
1.932548019963298946e+00 1.178911120812959545e+01
1.954664765398890225e+00 1.165916212259650031e+01
1.626209724503447474e+00 1.141267596170276200e+01
8.444948158262256532e-01 1.022018783752004900e+01
1.934271147619686770e+00 1.198984832680432788e+01
2.119406947472297631e+00 1.190285789104362557e+01
2.122091000129233240e+00 1.234428388976097857e+01
2.038099909190684844e+00 1.198554314751897465e+01
1.962811802479824008e+00 1.198054302709925523e+01
1.790177652678821563e+00 1.255430150175295978e+01
1.727093459774702744e+00 1.170716084838123727e+01
1.314563261591311649e+00 1.137782811318569998e+01
2.144789383514218883e+00 1.200412848496834428e+01
1.985725916266526170e+00 1.091666297755653225e+01
2.096290978995138055e+00 1.205457657069162458e+01
1.938846711588083194e+00 1.116432994080670937e+01
2.169966189181643301e+00 1.204224273804461376e+01
2.106790292695138067e+00 1.081944490217906463e+01
2.014690904230433066e+00 1.124471250973846814e+01
2.234485053405140143e+00 1.146364933143229159e+01
1.124933908317890197e+00 1.109960230869062237e+01
2.122254952323844979e+00 1.216320708966004460e+01
1.273158077851682002e+00 1.105415477891492415e+01
1.827933369887001502e+00 1.144870018705306514e+01
2.125428691994940333e+00 1.108217610454468982e+01
1.959676741851235304e+00 1.120953837091072636e+01
2.246894869420235086e+00 1.160778718637930496e+01
2.019923152068451078e+00 1.077522252230842170e+01
2.194503218409231682e+00 1.117520764654447518e+01
1.991451658453003704e-01 1.519614646792122414e+01
1.883987058124292568e+00 1.221627453821081488e+01
2.100732608155221559e+00 1.135776578162033346e+01
2.902891597485047215e-01 1.113880030429361234e+01
1.365590312896928449e+00 1.140227646933148442e+01
1.770838183692106549e+00 1.187007752470432287e+01
8.848801038467360991e-01 1.085574120288491784e+01
1.815239438771021563e+00 1.168549134613419582e+01
1.973817864131991673e+00 1.121234366934318416e+01
1.531453774696937664e+00 1.191578488967222249e+01
5.981498310953367037e-01 1.050464700435857957e+01
1.028715562386621096e+00 1.100980543665822431e+01
1.899081143615569234e+00 1.151225732488678766e+01
2.084345119730467655e+00 1.151714904393865879e+01
1.214924161298171379e+00 1.103775404763992185e+01
2.231523357927784446e+00 1.120496052950259092e+01
9.843697335726017128e-01 1.119973498543411239e+01
1.290215218740523362e+00 1.155671321674215868e+01
1.934198556188654994e+00 1.241507692349614977e+01
2.322276254383951244e+00 1.236115058312269355e+01
1.323346375315509915e+00 1.116168765050559486e+01
1.349684497455044818e+00 1.148643014743707091e+01
1.848912304586247002e+00 1.204305177212046374e+01
2.087287595538498408e+00 1.164287852709575866e+01
2.063307085927878592e+00 1.158319274830358125e+01
2.113816698159098451e+00 1.149344808290431530e+01
2.068904657228060717e+00 1.216226752505895448e+01
1.905547670035426355e+00 1.236670477253091782e+01
1.928369842577209559e+00 1.124123536135360624e+01
1.564487918955549395e+00 1.119767706072745916e+01
7.111099334856071374e-01 1.213259375154308017e+01
1.917057231887281166e+00 1.209282509721482946e+01
1.919241642393842318e+00 1.120326106998317250e+01
1.932633616738596460e+00 1.250794784358519784e+01
1.997554292813833454e+00 1.101132881892754511e+01
1.638680615461272083e+00 1.194805560670550193e+01
2.226720406685982923e+00 1.161073804929122133e+01
2.003236507479236650e+00 1.212942982844570139e+01
1.862934241694203630e+00 1.182917027740665894e+01
1.971696650948258744e+00 1.158259638198443398e+01
2.140071609628571014e+00 1.223147202428388880e+01
1.903649767407506133e+00 1.241450342563077491e+01
1.878696600605103573e+00 1.229841491514143570e+01
2.116285777481814456e+00 1.151984842370862694e+01
1.990665266545547540e+00 1.167103945276743460e+01
1.872867426474731367e+00 1.202682988278675147e+01
1.897424203886641569e+00 1.256306846952123735e+01
1.788647848432060705e+00 1.159779443944244015e+01
1.560026257186527765e+00 1.167682329768963001e+01
1.840259510903229145e+00 1.166728512844293597e+01
2.242757476732803124e+00 1.090880940022297629e+01
1.997808504637721416e+00 1.136606549034150504e+01
1.842781123565885970e+00 1.181991730105669269e+01
2.054089062265396670e+00 1.125329270746058263e+01
1.971961534043527475e+00 1.114519106437006002e+01
1.934899496688134768e+00 1.166540296727202453e+01
2.024254883121282766e+00 1.170384426538068290e+01
1.866800360039515327e+00 1.194025793432187577e+01
5.989494768102004985e-01 1.219362291852571367e+01
2.027234884162286477e+00 1.125052425827144020e+01
1.930089954771542660e+00 1.183966795732025901e+01
2.028706234696239896e+00 1.135678005478862396e+01
2.048290041928227723e+00 1.121373329688317888e+01
1.960207425277769699e+00 1.224123270615153203e+01
1.439255807655984931e+00 1.184486814982446923e+01
1.024700045156334616e+00 1.150130330428721592e+01
2.227129735455199544e+00 1.087243537944828375e+01
3.618625301929884186e-01 9.365179462373456332e+00
2.134504597302008921e+00 1.116819404665147708e+01
1.891110927146110843e+00 1.175036001377916506e+01
1.771932492051274455e+00 1.268647413491493303e+01
1.850774994740195911e+00 1.170526093745990970e+01
2.143702174033797370e+00 1.193337868704756666e+01
1.397246050615528645e+00 1.166208056386238390e+01
1.993948463987599951e+00 1.137287649706122927e+01
1.121697770483008672e+00 1.059269658822957716e+01
2.088154409774360953e+00 1.192702338927232830e+01
2.251597225515113543e+00 1.174057668876090865e+01
1.550559761974550366e+00 1.200497142801767758e+01
2.032639302322943653e+00 1.094745963601540950e+01
2.014688477985596915e+00 1.108823842022730588e+01
2.109382521252607390e+00 1.217816914859661992e+01
1.830879086546312040e+00 1.226770716771330072e+01
1.905977701458389628e+00 1.209945873381476211e+01
2.044696956512342290e+00 1.146279275025804445e+01
1.643389616724123092e+00 1.246693795376207881e+01
2.086233512306423954e+00 1.200653977797668404e+01
8.618196561738140637e-01 1.057408368794404474e+01
1.894379200504150429e+00 1.254432965144170709e+01
1.914181708023802830e+00 1.254902002429793662e+01
1.977594775738036548e+00 1.139305510378774677e+01
1.826814277720653745e+00 1.132707996298419140e+01
1.853923339944846260e+00 1.193097355860919961e+01
2.077502113780889115e+00 1.163642588497233987e+01
2.175163567350447913e+00 1.152180417774706633e+01
4.957315538967245194e-01 9.843915021241441465e+00
1.162188585757370163e+00 1.182074413427788961e+01
7.471860563324290716e-01 1.137238214008524295e+01
1.971460296891030639e+00 1.269397753619506197e+01
1.843384666063614841e+00 1.222756364995966116e+01
2.051145246188836868e+00 1.189088519300723767e+01
2.051726736080296654e+00 1.150585219030206297e+01
1.748044951468348707e+00 1.246265647717939018e+01
2.914854425521534176e-01 8.699450486958248518e+00
2.058875142296953342e+00 1.205139345487816094e+01
1.867586458363396762e+00 1.194815610039631437e+01
1.698534965504975069e+00 1.185359134368546918e+01
5.978561742117864952e-01 1.068690428910324819e+01
2.135156655947163085e+00 1.177141008328835170e+01
1.156345063152723229e+00 1.154212952039963724e+01
2.101866837580381731e+00 1.117307634961420959e+01
2.449698059798672389e+00 1.170932431735636925e+01
2.449887685119220837e+00 1.170025176722143989e+01
2.045518886849404527e+00 1.242387013046025324e+01
4.995227858219656869e-01 1.114457589619179068e+01
1.394584649557731648e+00 1.177439351356320607e+01
1.688738263657553418e+00 1.193773584912543129e+01
1.270018557654140512e+00 1.168601324309366518e+01
1.984476041485880637e+00 1.178060534076585952e+01
1.781673155076643811e+00 1.187603261555692136e+01
2.077361069790821357e+00 1.175643249627714049e+01
1.649839421482154567e+00 1.202948589514643452e+01
2.071111437749961315e+00 1.198559249206829413e+01
1.500995750853016286e+00 1.204265370553286019e+01
5.150567056114448983e-01 1.096125727555021356e+01
2.052844946850575614e+00 1.203277747652797025e+01
2.121606389114541358e+00 1.123986915778377060e+01
2.148326435649124289e+00 1.181082926818151257e+01
1.982956746379708868e+00 1.192933922145948955e+01
1.769329848745714528e+00 1.161165421952119381e+01
2.358030631407190270e-01 8.978828271226223734e+00
1.686335616727277609e+00 1.171490465418733429e+01
2.306752917913956313e+00 1.177270604669134535e+01
1.863668487300607968e+00 1.188526228863142897e+01
2.273719261491376820e+00 1.128813404234217010e+01
2.291452106542204437e+00 1.111516388238635678e+01
1.357171518904135565e+00 1.216699025338549944e+01
2.180823651494317339e+00 1.200064881686462748e+01
1.051975252620433565e+00 1.140964482838632144e+01
1.225167765792446017e+00 1.220249911334971138e+01
7.935067450926291954e-01 1.193158019684238624e+01
1.947298152213672306e+00 1.197491246355934713e+01
2.013680695762886774e+00 1.169923663962480553e+01
3.785907562293455153e-01 1.140728743780900878e+01
2.049005051264737087e+00 1.107355200543750584e+01
2.049787803109949902e+00 1.224479434788744037e+01
1.987081670166941594e+00 1.130515856534947616e+01
1.865873427144513208e+00 1.222845716364058966e+01
2.040574188435832159e+00 1.209676164835172685e+01
2.037803902735089601e+00 1.158477304079918113e+01
2.082432023395018206e+00 1.228145363023829439e+01
5.789772166520789076e-01 1.004436038519101615e+01
8.713042233721721708e-01 1.074205576848632937e+01
2.196126954734796133e+00 1.197207188401950440e+01
2.022809857451577820e+00 1.100429615181809595e+01
1.288832081999897294e+00 1.116249764405732314e+01
1.698552240282977133e+00 1.213410086237785634e+01
1.496802995819680904e+00 1.172815729284170061e+01
1.999308107381266852e+00 1.156994512161175770e+01
2.080413215657772152e+00 1.196569662762795616e+01
2.103786012658389382e+00 1.178502448853054041e+01
1.840294016856153680e+00 1.178053858258490472e+01
1.965850736824775735e+00 1.180486088024734670e+01
1.144902647288976949e+00 1.104386252741554308e+01
1.449720358713013191e+00 1.125104084522434889e+01
2.174267466856789177e+00 1.252317236091764485e+01
1.872410155803234222e+00 1.140666575671133032e+01
1.262218082648607131e+00 1.186793445475270481e+01
2.421306201011877768e+00 1.213967041289781257e+01
2.241711470977445497e+00 1.159329939000638454e+01
2.249710986471816110e+00 1.215884952969729405e+01
2.196205857701448938e+00 1.220675011149496569e+01
7.502023078466930617e-01 1.198429898115890602e+01
1.640785964784407858e+00 1.253792646848330961e+01
9.176691752356694876e-01 1.119418078373423064e+01
1.002067256904076054e+00 1.210895727919863241e+01
1.729138885427371208e-01 1.070766975117921049e+01
1.656941776996218030e+00 1.166481917692513015e+01
1.605268820506919880e+00 1.166470588049747548e+01
1.820773082815860588e+00 1.199586045034846293e+01
2.197337230216823034e+00 1.211442792661644319e+01
2.038520232959037504e+00 1.173358561949745571e+01
8.416305668644797899e-01 1.180716694546661394e+01
2.367233301250322164e+00 1.200909969630586893e+01
2.243679993800947070e+00 1.164898263090205432e+01
1.100575325031034390e+00 1.208570954692253885e+01
2.435963520426551288e+00 1.155218049359530674e+01
2.360796708876800931e+00 1.168785827789137066e+01
2.148993808801511918e+00 1.143698619044175580e+01
1.439046770678681142e+00 1.196381903949885839e+01
1.687113533237408758e+00 1.204207071491164172e+01
2.157938920244823755e-01 9.241253005226370831e+00
7.236671177745864769e-01 1.078696914932860906e+01
1.658308324798107636e+00 1.126271112405782837e+01
2.012277613328145698e+00 1.230879293232022498e+01
2.141820510331768901e+00 1.203646979928263505e+01
1.830561288806014320e+00 1.136746409056194373e+01
1.891394459843983356e+00 1.132453558983885245e+01
1.274935294402666841e+00 1.153849862160252648e+01
2.274354553643028520e+00 1.111151797073979353e+01
2.130830124108042067e+00 1.075618481046115349e+01
1.604887394570612136e+00 1.193107285986600630e+01
1.906838494813976270e+00 1.154712300654579593e+01
1.229055440985386660e+00 1.137725337182003393e+01
2.175141581105504152e+00 1.268045162769697676e+01
6.852909645516033210e-01 1.128506337947895233e+01
1.423863334863293972e-01 1.016085801350680917e+01
2.059748134664235675e+00 1.157857497472240560e+01
2.002864333744691194e+00 1.131237840409958295e+01
1.957483864266484908e-01 8.164729706604044068e+00
2.015849100477748568e+00 1.150371828658089512e+01
1.961657319727130311e+00 1.197603884480212777e+01
2.369857559498862454e+00 1.183345574172660974e+01
2.056481394406503238e+00 1.204569344817124232e+01
2.019569560934237451e+00 1.187478995622412370e+01
2.112595056224481294e+00 1.157501947421758715e+01
1.994514608799115019e+00 1.147455555643773550e+01
1.883219164043173466e+00 1.145970916445909005e+01
1.920532137822288821e+00 1.122180401275984707e+01
2.125320222517697477e+00 1.214428383202433537e+01
2.012431121967514169e+00 1.229015876776586680e+01
1.943730714244953806e+00 1.150459548459568815e+01
1.973821460087098245e+00 1.164974035076572534e+01
1.879449139508839961e+00 1.173225754551882183e+01
1.925719759229373551e+00 1.158439353141029571e+01
1.940991935032568283e-01 8.906043583085297755e+00
1.598460875096448630e+00 1.184620471804892361e+01
2.145047435870022667e+00 1.221201281419083884e+01
1.596487327077260598e+00 1.190167087159061587e+01
1.463037176534912609e+00 1.208058415343144176e+01
1.817010879252202393e+00 1.235372631104568519e+01
1.260047721951129462e+00 1.206179980890658854e+01
1.986284545743773222e+00 1.157831068362111004e+01
2.050127298673758869e+00 1.088486314589802006e+01
1.965796217850909189e+00 1.252957403714625428e+01
1.980692884123968156e+00 1.236167564727341528e+01
2.237387055170100059e+00 1.229832377038578350e+01
2.490032222960471220e+00 1.268720075078566012e+01
1.742269573199138888e+00 1.107129349814409913e+01
1.978608724380620076e+00 1.237470874831011969e+01
1.968833912476573467e+00 1.180068839687945292e+01
1.365554693794006846e+00 1.187356963921833497e+01
7.804645667813416843e-01 1.015059654688101709e+01
6.444649661167062282e-01 1.253816358220039007e+01
8.389890862808468963e-01 1.224708202505266996e+01
1.074747757132913151e+00 1.071976131488840167e+01
2.207534372603224160e+00 1.150440935790019559e+01
6.758012820768191098e-01 1.160614461921009166e+01
1.084347408471639129e+00 1.198453974731250149e+01
4.393173734866166469e-01 9.339467355606549503e+00
1.032912697236904931e+00 1.064154051263862932e+01
1.617232764777926546e+00 1.117340911642293300e+01
1.805135024105554153e+00 1.144831652710659853e+01
2.193039163797642299e+00 1.127633614428713749e+01
6.399504047647402993e-01 1.024230479905649105e+01
1.998035515195772938e+00 1.152566934528819687e+01
2.718543004972321375e-01 9.175546259329761867e+00
2.078294807664692545e+00 1.117846523222206656e+01
1.798855938680285371e+00 1.153145961814327336e+01
1.855892011059706137e+00 1.271560489162079222e+01
1.985092667591762616e+00 1.122861358537647014e+01
2.030193582088844373e+00 1.095508716637831448e+01
2.073450307553267535e+00 1.139579124496066243e+01
2.379288563117118116e+00 1.177696117789330899e+01
2.194870424282838517e+00 1.245212274399750463e+01
1.964489615885710139e+00 1.230829241104074967e+01
1.633618362970032933e+00 1.237814744564315106e+01
2.166637718043034955e+00 1.145200956943977211e+01
2.733050134330848313e-01 1.201445097504872805e+01
2.293811329614453776e+00 1.232542360954801630e+01
8.680956179882539647e-01 1.078121458662424637e+01
2.812704547310577313e-02 5.000000000000000000e+01
2.147883733920185279e+00 1.108849384925285442e+01
1.618472811398433242e+00 1.123084573034904743e+01
2.148079740153203243e+00 1.100179956684681315e+01
2.005403674532022062e+00 1.151215631626822677e+01
2.111180310308356400e+00 1.173904890320470074e+01
1.084840054069884374e+00 1.177915904146878923e+01
2.070107719853184758e+00 1.144743029877071727e+01
2.351082249621043729e+00 1.134861633904259115e+01
2.345120545988246707e+00 1.146778036164677950e+01
2.280450170277875888e+00 1.141841232355547220e+01
1.680506434689247541e+00 1.139134747134230885e+01
2.018988273923505883e+00 1.153119382801957649e+01
2.095895606394577726e+00 1.144747077073902197e+01
1.851100396712718421e+00 1.210894523910558007e+01
1.997973081018855179e+00 1.115033293721140772e+01
2.178073493782035186e+00 1.115323351053005574e+01
1.705229426125141279e+00 1.203830502720283135e+01
1.422255960637111460e+00 1.113114958815746292e+01
1.375679857500758718e+00 1.185391721510997343e+01
2.015734573255599571e+00 1.155329765061744673e+01
3.062266110440875488e-01 1.335270464405532387e+01
1.627038372065422678e+00 1.185778453303176150e+01
2.037445915302194877e+00 1.076640421055531149e+01
1.392183669428904702e+00 1.166394027238066755e+01
1.296060932014307943e+00 1.195724285329182912e+01
2.101733603680984164e+00 1.166936727057825607e+01
2.092482837276063545e+00 1.168595931124903942e+01
1.766007518412762378e+00 1.164793704215329839e+01
1.197064026663642089e+00 1.201796186006689382e+01
1.426396688596136553e+00 1.122801979383183202e+01
2.185411638989643635e+00 1.125228926571149657e+01
1.969003207064389693e+00 1.136029601867817895e+01
1.769091001339565539e+00 1.167504224225991116e+01
2.085088224035158699e+00 1.177362581190156021e+01
1.905741038641648677e+00 1.154511494677164407e+01
2.041065256426321639e+00 1.176442159984833502e+01
4.325150321391731389e-01 1.177910084997769147e+01
8.166202386506668520e-02 5.000000000000000000e+01
2.090729578924805487e+00 1.148199870793647293e+01
1.996759334912955097e+00 1.233889284399591624e+01
3.608453298186255487e-01 1.290241742723784668e+01
5.333749630859995206e-01 1.160210901473932843e+01
2.092643672152414425e+00 1.154377567188520182e+01
2.166916745344344974e+00 1.199473363740824716e+01
2.154911837654266193e+00 1.151599144949621767e+01
2.012495568197587570e+00 1.146256361507378685e+01
2.263694907974089787e+00 1.141010819079294869e+01
1.963767766418501148e+00 1.225024876549731623e+01
1.524499213439004741e+00 1.127361356978832596e+01
1.296700616082878232e+00 1.255423699792949677e+01
2.021364957837144427e+00 1.122195535921627574e+01
1.734860115040856909e+00 1.174976003118047707e+01
1.939607846143104775e+00 1.180363661882191906e+01
1.288655876946610768e+00 1.204976362906415766e+01
1.707305849994767533e+00 1.189836674671411743e+01
2.047579087329066017e+00 1.220687633440889464e+01
1.683518302016518087e+00 1.185425386842432616e+01
1.116904354927146237e+00 1.157702490738014767e+01
1.606925737905985807e+00 1.131919958962159711e+01
1.999304045648515604e+00 1.106448972251062735e+01
9.179097640789573020e-01 1.237459768193269305e+01
2.098664202293647030e+00 1.144222447812784615e+01
2.050572877431001917e+00 1.162022211010603456e+01
1.993638897871315097e+00 1.143000394648448115e+01
2.033562104699176309e+00 1.121806865662871466e+01
1.393447179804227831e+00 1.137850207716133966e+01
2.324652006800108861e+00 1.199722576040562494e+01
4.632136124357597029e-01 1.265035477376286721e+01
1.388281943301802990e+00 1.138665654728236376e+01
4.504768361730431270e-01 9.650808106223097482e+00
1.964045097798965855e+00 1.212438296374176794e+01
1.337703403768219390e+00 1.175863335939469678e+01
1.864416915923783780e+00 1.223691316826386988e+01
1.921366197588927127e+00 1.173574776765894612e+01
2.027811807092378071e+00 1.178872573035152627e+01
2.033800264472855002e+00 1.170741288519494994e+01
2.036533210580615538e+00 1.156958736323706383e+01
1.984462951991386337e+00 1.125200772901555446e+01
1.540730905582592403e+00 1.148878866326275094e+01
1.999653169797760199e+00 1.091162307499699047e+01
1.835933734089725933e+00 1.121067334349279676e+01
2.392455727452303282e+00 1.200030978483919242e+01
2.272468563856588020e+00 1.270724386631587599e+01
2.124735674455458412e+00 1.156886059611028550e+01
2.116904786245945136e+00 1.173220713406627702e+01
8.411990646713213282e-01 1.077501057931740824e+01
1.942128520992836282e+00 1.135291236330179920e+01
1.995024934053681420e+00 1.106432542308939304e+01
1.729079052200471756e+00 1.192776424581726502e+01
1.883718388734409555e+00 1.183904688184497012e+01
9.340422538940666985e-01 1.040863043645350672e+01
2.013133483638656518e+00 1.140762983690882137e+01
1.518591718816942437e+00 1.183538817069937465e+01
1.200266168378729237e+00 1.175555352182888669e+01
1.884830280590451101e+00 1.221352532395442303e+01
2.048012621661130961e+00 1.145002702775975933e+01
2.196723225527757783e+00 1.158663080675660240e+01
2.136360424118643131e+00 1.128487198635286504e+01
2.106141451751720073e+00 1.148722673550105178e+01
2.065671282411564835e+00 1.187946271683665422e+01
2.030724520868823380e+00 1.191737376475407117e+01
2.174478479843292344e+00 1.156616222717544318e+01
2.004332979366130196e+00 1.165272857064501189e+01
1.663315542119996104e+00 1.201635534137925632e+01
9.440014002456639242e-01 1.094160392842799467e+01
2.210239831015228251e-01 9.132068601597724822e+00
1.804501883416850916e+00 1.248800903544503704e+01
1.106016810379251147e+00 1.159333637569939413e+01
2.013675683651906745e+00 1.118600872594982931e+01
1.977701673674381988e+00 1.151712643329209662e+01
2.010471706712203765e+00 1.234501860075450352e+01
2.160513418997383805e+00 1.208311517045289918e+01
1.241343889848510518e+00 1.111997349780664557e+01
2.049829823441593923e+00 1.133366393956299412e+01
1.458197674025762725e+00 1.215819012281359335e+01
1.337270111308448417e+00 1.206691626018554864e+01
1.202280546408789563e+00 1.192324565870082154e+01
2.369030165971386381e+00 1.264810517650288091e+01
1.212581821961899342e+00 1.119406990240219280e+01
8.245256206795466003e-01 1.005699108941912101e+01
1.371986831887000102e+00 1.142294329510850659e+01
2.192328847721325413e+00 1.201593573215288835e+01
1.227020819173177291e+00 1.199498819735954314e+01
1.699670321942842399e+00 1.191127620198518677e+01
1.693063411355036241e+00 1.202944440777406143e+01
1.768143049491724739e+00 1.156611456049201614e+01
8.911731183121353039e-01 1.037892976559867542e+01
8.434955358457532082e-01 1.030014136111146783e+01
2.082276818330226043e+00 1.105323467040876650e+01
1.459289416605199508e+00 1.124020930608215352e+01
2.043007893975301137e+00 1.138920618961033959e+01
2.341424898509849140e+00 1.234625901150546490e+01
1.622184593602320701e+00 1.208369390545091271e+01
2.115624359757198647e+00 1.163809431059224941e+01
1.829729647420290872e+00 1.180914365443517866e+01
1.788144363537511605e+00 1.140685857352823263e+01
1.455913608161013117e+00 1.144943630384911337e+01
2.114885565658849220e+00 1.177132079352922034e+01
2.041972938215609545e+00 1.221263825324329133e+01
2.135170956673500875e+00 1.182910433104274084e+01
2.334015531134262300e+00 1.205035074964992958e+01
2.272747193114756481e+00 1.233932532363440693e+01
1.585214505286046904e+00 1.110105126835740563e+01
1.572348513914440860e+00 1.172061041022975303e+01
1.925298700451681722e+00 1.239489540855445426e+01
2.092986035380546284e+00 1.139833800199001601e+01
2.160558903081678750e+00 1.135493498851319849e+01
1.946639966893545237e+00 1.188402586265187288e+01
2.051966416212064548e+00 1.161194050988462934e+01
1.793062498327141929e+00 1.202890242709809421e+01
2.308818918427347544e+00 1.142479648894944688e+01
2.273643380956085647e+00 1.152472994741562928e+01
2.194703578828026469e+00 1.098331553234610247e+01
1.986004967560478063e+00 1.185406819844594395e+01
1.485555789354926270e+00 1.153793703588063302e+01
1.624565238147310575e+00 1.157381080608087309e+01
2.049604068789184552e+00 1.237499794165817768e+01
1.613944089986074193e+00 1.181980674397537534e+01
1.913736952759975685e+00 1.185147813904501035e+01
1.836646314416513048e+00 1.171124434986142937e+01
1.469354287872515652e+00 1.214525559271818445e+01
2.314338667216607970e+00 1.184637107675840184e+01
2.160809270712977792e+00 1.057620752454202773e+01
2.311907886100732057e+00 1.215888339145796593e+01
2.082066534597512231e+00 1.209216747696667227e+01
1.979153891273340182e+00 1.141162649234035520e+01
2.059119508896781525e+00 1.113240363158932134e+01
1.399097235443488962e+00 1.159794713484185280e+01
1.843873612454169253e+00 1.136028897500796297e+01
3.191822751400870684e-01 1.003104324439798312e+01
2.301287844659158477e+00 1.166408066028285084e+01
2.143604309826368848e+00 1.176527741745788092e+01
2.108268571185859752e+00 1.140463227807384072e+01
2.143985046430180841e+00 1.124789560601088745e+01
1.450241611799251595e+00 1.131301430572952071e+01
1.817642791051147899e+00 1.173954878621090891e+01
1.624229948400508938e+00 1.241696419822497255e+01
2.024861660031720856e+00 1.191227943621114171e+01
1.886896332537171705e+00 1.198684942251284546e+01
2.333401038832874530e+00 1.158460929326781930e+01
1.408772566375263935e+00 1.201973208618390565e+01
2.056632043430563606e+00 1.155522391713154207e+01
1.921242244988932146e+00 1.194816616024575850e+01
1.355013987680927734e+00 1.198777233583470547e+01
8.752929493116723414e-01 1.115677041006099124e+01
2.160161218337026234e+00 1.194905506918316007e+01
1.652816478089147223e+00 1.259718310773536487e+01
1.684798444265490858e+00 1.203878743556510678e+01
3.113568424069478868e-01 9.050810038130666868e+00
1.970228477636159159e+00 1.129899627497209735e+01
2.038644839734416347e+00 1.185847646750043616e+01
1.140116040505846584e+00 1.142725463706673139e+01
2.139562420826491618e+00 1.114532009961447834e+01
1.457196960135006769e+00 1.162383622366805014e+01
1.119030221928496882e+00 1.166027733405632283e+01
1.776862862268257182e+00 1.134519119032509593e+01
3.572206383583020339e-01 1.312679455442332177e+01
1.600951383776638259e+00 1.227777652359335292e+01
1.663082808660707013e+00 1.174300610214333318e+01
2.221622869828383084e+00 1.110479721390255925e+01
1.750876270310883998e+00 1.196246384234443738e+01
2.169895157464969859e+00 1.187552995325446048e+01
7.309528463576556723e-01 1.222525575671427589e+01
5.318075807544788702e-01 1.055995277288968026e+01
4.119961214474324174e-01 1.331657222180730393e+01
1.969922186734148761e+00 1.201268973666515372e+01
2.077731401675095846e+00 1.202631539799805793e+01
2.165385881138079061e+00 1.189514345134388584e+01
8.017741971467269302e-01 1.087525722509461445e+01
2.451872023879127394e+00 1.253482584767049879e+01
2.107727895084371639e+00 1.162347772060593876e+01
1.940068591984592805e+00 1.138880193087429582e+01
1.705349328267956821e+00 1.148770648316375897e+01
1.722344301234952635e+00 1.215961025831593822e+01
2.711014534743131366e-01 1.195237836066627324e+01
1.244167816949165450e+00 1.193877184312812290e+01
2.191613122834549454e+00 1.197215495232906690e+01
7.656425843956762289e-01 1.049573438555345639e+01
1.471889539532311997e-01 1.543490240390425861e+01
2.115327264951214037e+00 1.178844231693441991e+01
2.207785814485167197e+00 1.118319911523250099e+01
2.422230301031443656e+00 1.195439614530612893e+01
2.399222516066236821e+00 1.191131499977927888e+01
2.190601579793791664e+00 1.176908874445156350e+01
1.923914751976181003e+00 1.202005829287819338e+01
9.847550132548645863e-01 1.120896244180501178e+01
1.954409097793207151e+00 1.163666613308122422e+01
1.312918956841878426e+00 1.186005224575760586e+01
8.212604125826807877e-01 1.113003986739187035e+01
1.960290502538142299e+00 1.124634882570402183e+01
1.996227630055660951e+00 1.180384300568766953e+01
1.536203514040685336e+00 1.200399926274879547e+01
1.909870844853822414e+00 1.220271293826143655e+01
2.601977603341463219e+00 1.272744660625008883e+01
2.331868552744180256e+00 1.297299275942600616e+01
2.172720444551899721e+00 1.294143009259225252e+01
2.050577064012734763e+00 1.169699303778106270e+01
2.066444139397654034e+00 1.167409681949954070e+01
2.206897180789748614e+00 1.187061142270840897e+01
2.313212021992141043e+00 1.175011088393433667e+01
1.692471064856157614e+00 1.132449499028208173e+01
2.229148773757216873e+00 1.117853304682857818e+01
1.348181447311095793e+00 1.153642713071128867e+01
1.755846725058296531e+00 1.205017416449489964e+01
1.990821153501173502e+00 1.174382863663743315e+01
1.680688347532839355e+00 1.204283113255913129e+01
2.196525904990360267e+00 1.215528383689463432e+01
1.846926313810414610e+00 1.179931841647439228e+01
1.752670165873194130e-01 9.542852014629639612e+00
2.009376544005608167e+00 1.195966609336316111e+01
1.467210424929384249e+00 1.229718564800627689e+01
1.516342046408104105e+00 1.233956052472664311e+01
2.014882337585543581e+00 1.076397540282062515e+01
2.586181670620985695e+00 1.268956253982719495e+01
1.279770010793592094e+00 1.176522135109076217e+01
6.689650291973108232e-01 1.093386331795896105e+01
2.229603734419641103e+00 1.163781107049113750e+01
9.687832159529314868e-01 1.102078195014373563e+01
2.157948856122935410e+00 1.100031653517257269e+01
2.094254520980420864e+00 1.127397803867059345e+01
2.115009037174710560e+00 1.203056595722100042e+01
6.587027945230730097e-01 1.023679670376157702e+01
2.078931577301589950e+00 1.118809950105232964e+01
1.507056922770540819e+00 1.216859742454098026e+01
2.039580382853679819e+00 1.139896644158523031e+01
1.706609849870184048e+00 1.201107485336918401e+01
2.235627434414222403e+00 1.195172052501834514e+01
2.361888813775752549e+00 1.248113978565766935e+01
1.262199628025354681e+00 1.203304847668074551e+01
2.311024376680217429e+00 1.124267912230038569e+01
8.484410025819366652e-01 1.033307750035111638e+01
1.964997267515583124e+00 1.230205371645259405e+01
2.081503388490956397e+00 1.146948140537474536e+01
2.176594218646041412e+00 1.262217841226594750e+01
1.852207109554000475e+00 1.213249350596447051e+01
1.430976451775656688e+00 1.152290559785696900e+01
2.216449148722250406e+00 1.165208186592668760e+01
1.933015750381289477e+00 1.178437232736925289e+01
1.813748044667525594e+00 1.210583236843974397e+01
2.103590941225184086e+00 1.175668655682671293e+01
1.999509493079100420e+00 1.130977537871066474e+01
1.223557887216708773e+00 1.183173375930256910e+01
1.978478850154062663e+00 1.226779866378636186e+01
1.817397249095897616e+00 1.196787763196477883e+01
2.306019940708108784e+00 1.234821621481913212e+01
8.366830658713861890e-01 1.110671689739905688e+01
1.020714017943026519e+00 1.140009899795357207e+01
2.109951214663174035e+00 1.128077754333555660e+01
2.321642003212810224e+00 1.219308362017153335e+01
6.772713292393953699e-01 1.031877323906014610e+01
4.156753355751960366e-01 1.016314769952757580e+01
1.438516335740440910e+00 1.145325483832478142e+01
2.320302406986417765e+00 1.234663925415949137e+01
1.585237378672103015e+00 1.176391258595190692e+01
2.174620671057013510e+00 1.237623730810356726e+01
1.997241026864847058e+00 1.171358144842367821e+01
9.262977342357384680e-01 1.107940343342344924e+01
2.247352622836376934e+00 1.104473676719894826e+01
2.126464472839571407e+00 1.084494885281884180e+01
6.571855238032452418e-01 1.055855709195523318e+01
1.965116772903317210e+00 1.162479860490195449e+01
1.992570376763562523e+00 1.151444698494683472e+01
2.214347162105513966e+00 1.164730190674324461e+01
4.654084246762775767e-01 1.003400226980352805e+01
1.713031250787667936e+00 1.222715184149182832e+01
9.365490848923833100e-01 1.053203539611059725e+01
1.543988340762975309e+00 1.157260284797098038e+01
1.546844216014180207e+00 1.118308340547746127e+01
2.017355002821580978e+00 1.157862938676817599e+01
1.969298276353090182e+00 1.252632253655855088e+01
2.048299117198729036e+00 1.245056676695903519e+01
2.033722808174494023e+00 1.164941970746651556e+01
6.798064495654483341e-01 1.048684258591851481e+01
2.005957409827007432e+00 1.220782193973618135e+01
2.087142440876756933e+00 1.143730773498275610e+01
2.075024554494674156e+00 1.141435329008226596e+01
1.971285584464665064e+00 1.144756866459710132e+01
1.428433549429623417e+00 1.128188078438863862e+01
2.059798573024507196e+00 1.103425060324062379e+01
2.029300224949968534e+00 1.224153062383463642e+01
2.253175094036482307e+00 1.167909597385996179e+01
2.550342058477692131e+00 1.230064512618866601e+01
6.761180000962931924e-01 1.064920031196050054e+01
1.890776741152640383e+00 1.186021306377932127e+01
1.480550883386648753e+00 1.168686857007192970e+01
9.385039702418445096e-01 1.063710492148420528e+01
1.962005303258771871e+00 1.218604239168853987e+01
1.566568741895216998e+00 1.149069758968211907e+01
2.100357023362852349e+00 1.257424379396082337e+01
2.093630788653698449e+00 1.169697893101953667e+01
2.186437484696533318e+00 1.140408429198620688e+01
2.169649035603984366e+00 1.146782919467664108e+01
7.104509290664928756e-01 1.048710041255246317e+01
2.206786131885347668e+00 1.161242191894210940e+01
1.986846246179278852e+00 1.097390640492510450e+01
1.764185256526886736e+00 1.156067320038900270e+01
1.477902573818418164e+00 1.203059612113019483e+01
2.147151981962358125e+00 1.213248159222507638e+01
1.912075164786618098e+00 1.193616313944744434e+01
2.011788975111970856e+00 1.106061017496556431e+01
1.886798026973215192e+00 1.217000192217109777e+01
1.341445967000280737e+00 1.092031292211595428e+01
2.039814796602962499e+00 1.067970458945105783e+01
1.892228074475212463e+00 1.113412318372769683e+01
2.135985613233239988e+00 1.166130986055832430e+01
2.316402476094816976e+00 1.199804063775534502e+01
2.338893118813894834e+00 1.180067100821955783e+01
9.842461357673412126e-01 1.232805009869330171e+01
1.022758452140397400e+00 1.148682744689348567e+01
2.144506055960964552e+00 1.181526887037972173e+01
1.510381557465003910e+00 1.155072595122273071e+01
2.128332605320208071e+00 1.176022980783936056e+01
2.084851641484406493e+00 1.195635099501287257e+01
2.076903151310546480e+00 1.101027014763274892e+01
2.239852517688574629e+00 1.220816330655694415e+01
2.105680665021826936e+00 1.114471629692140198e+01
1.547894394903043480e+00 1.155429645412711892e+01
3.096523125563763190e-01 1.269628916919179495e+01
1.855207087884309880e+00 1.152067971947786340e+01
1.783699522192329301e+00 1.231712740737042466e+01
1.936906852118233102e+00 1.202528579174924239e+01
8.223644230969587854e-01 1.223541927556945197e+01
1.693393651781955445e+00 1.142208591080812496e+01
1.418657244262199191e+00 1.191219144208461955e+01
1.103284696844532897e+00 1.168079373508423302e+01
2.411795673396202044e+00 1.176424699241761829e+01
1.174372291819274050e+00 1.148163963056421544e+01
1.860470521957994672e+00 1.167972574541651731e+01
2.387671308260269409e+00 1.202974939508403018e+01
1.999477362750391896e+00 1.201190407208494371e+01
2.111889588138613938e+00 1.176711226601088356e+01
2.042850679077432563e+00 1.112239328409754258e+01
2.296961329442493316e+00 1.145869648383939321e+01
2.019526851834115622e+00 1.164283140409499495e+01
1.203374723785551659e+00 1.206733810034340770e+01
2.249485120690696949e+00 1.117343218696326268e+01
7.008822591014184367e-01 1.215804537310342148e+01
1.882136698627978388e+00 1.243733994934873266e+01
2.257991507814228971e+00 1.208821512202327142e+01
2.209951206917148525e+00 1.140095496824921106e+01
1.102040254826110566e+00 1.086558222566432974e+01
2.402887991171601456e+00 1.197089864836751971e+01
1.216307694263089489e+00 1.159154843738105178e+01
1.438329621935614533e+00 1.170610080315403145e+01
1.697055668554949381e+00 1.226197770605777215e+01
1.543728248795041003e+00 1.221544962891533537e+01
2.197770126719424510e+00 1.144625479446901295e+01
1.795061790640880339e+00 1.179852566076862175e+01
2.031774441377114382e+00 1.188270259043939170e+01
2.138026082182154841e+00 1.129083581222202248e+01
1.292636706815326608e+00 1.174888829036813753e+01
1.572644565032218944e+00 1.152191646910885048e+01
2.090425106040995296e+00 1.230322484221906620e+01
2.319982974885253513e-01 1.375647080464522176e+01
2.068552595997451782e+00 1.199130167417358450e+01
1.517930601597368589e+00 1.205952422419607473e+01
1.883735702444153448e+00 1.229670077529702077e+01
1.923458271675190012e+00 1.192332870605344119e+01
4.843938027697436977e-01 1.037041866991896022e+01
3.879565417011924255e-01 1.082298235853085444e+01
2.081240897660511013e+00 1.152948360329395427e+01
2.056015252362037860e+00 1.202393486464126049e+01
2.176681263197323801e+00 1.173520191395644119e+01
1.995498628988488177e+00 1.158109892465461499e+01
2.054125973295412244e+00 1.234681451437186439e+01
2.417066050409358569e-01 1.479984788150220254e+01
2.071842590310397192e+00 1.139699537211657443e+01
3.217859885420062960e-01 1.158568967148573314e+01
2.003838617495046659e+00 1.199116344046819016e+01
5.863354173781138989e-01 1.130672393206546111e+01
2.192057754620068799e+00 1.106978126049156153e+01
4.664129817788086885e-01 1.153957250548479152e+01
1.452269434734354547e+00 1.168525273232983430e+01
2.038057432785946421e+00 1.121617616007181795e+01
2.143264280918048659e+00 1.224240837653087510e+01
2.072167284328571668e+00 1.140873689093604959e+01
1.858965273589260558e+00 1.219991729014674142e+01
1.934922186076585282e+00 1.195341603519695539e+01
1.434898341562342416e+00 1.156163710707026127e+01
2.278600461939536803e+00 1.188277244087259099e+01
2.155575266805527690e+00 1.098989486178257557e+01
2.118637333424980618e+00 1.150042240946634919e+01
1.968765943119508144e+00 1.108861857096819037e+01
1.929181858240537339e+00 1.194585257965776215e+01
2.160135004529684100e+00 1.130740587563472488e+01
1.064385379408366639e+00 1.214096798814147427e+01
2.088685968755331412e+00 1.146459361447163339e+01
1.964369756329681582e+00 1.230240778004378299e+01
1.982175120967797799e+00 1.172871496669486646e+01
1.449453060421695305e+00 1.126708864856233205e+01
1.970797456851686835e+00 1.175327262033106734e+01
2.018579472278894116e+00 1.117547965559770518e+01
1.980250337748392209e+00 1.133543301234898415e+01
1.948774887950822210e+00 1.215621605317390319e+01
1.688701509182556126e+00 1.212168565921348495e+01
1.978665798251851626e+00 1.122830786314199258e+01
1.756290633128439360e+00 1.148088775168297637e+01
2.295670975285523774e+00 1.152829884935707838e+01
2.192746236977848096e+00 1.229942113132445591e+01
2.024263690256109527e+00 1.093121351758945714e+01
1.777743959407043439e+00 1.152035904981042513e+01
1.665312245390527357e+00 1.228761864637267109e+01
2.052481824617288453e+00 1.224182176468118399e+01
7.494915234502635970e-01 1.243828354325009222e+01
8.394567546119939827e-01 1.130565314687324729e+01
1.848995944655267065e+00 1.237907355626866668e+01
4.388257805984017157e-01 1.093708946305951990e+01
8.903760030713971929e-01 1.069029898847142768e+01
2.019829964602839922e+00 1.128777330725085015e+01
2.080108419700795075e+00 1.108517788908862478e+01
2.050983017574590672e+00 1.164063362860663808e+01
2.037451566072179698e+00 1.152603614144365984e+01
1.955977351856325930e+00 1.268935332832240270e+01
1.769847836120260753e+00 1.217427574517614630e+01
2.168708991681642662e+00 1.184802792804466520e+01
2.009127678406106732e+00 1.238103122600518802e+01
2.140531601944005047e+00 1.183625759042865511e+01
2.000434539845862059e+00 1.097801337596131077e+01
2.020675799689191088e+00 1.151160824011217265e+01
1.797319964133996750e+00 1.168862115754258113e+01
1.721383992458312084e+00 1.164786077231576833e+01
1.776184309197580413e+00 1.135456335293187102e+01
2.057877879676607957e+00 1.176240483149209304e+01
1.887041828524615994e+00 1.163807634162706073e+01
2.021946001059093501e+00 1.135234926560405633e+01
2.058531945230214433e+00 1.119035776804024174e+01
2.207631614245681551e+00 1.230423159156197421e+01
2.094862401332342028e+00 1.058564771203119115e+01
1.907063340354149927e+00 1.102089242339904906e+01
1.520933448553277501e+00 1.156902065094537946e+01
1.719632776806974572e+00 1.185742380188980327e+01
2.075470589797532295e+00 1.120210073959659347e+01
1.347955732706021648e+00 1.182242731537346891e+01
2.087013619895492500e+00 1.122351733317912803e+01
1.616143721931068367e+00 1.221085905761365531e+01
1.785698562421112134e+00 1.227937961464538752e+01
1.936980183101699948e+00 1.146850699455958100e+01
2.026674806771982418e+00 1.160775554497637785e+01
2.109515585877056232e+00 1.170394733144174104e+01
1.506755458239563028e+00 1.222139699882634289e+01
1.913821980624581975e+00 1.169927471774937544e+01
1.209228111853903886e+00 1.132096667837466519e+01
2.011791789598376567e+00 1.236487896580113954e+01
1.924379730316950754e+00 1.235636507720780131e+01
2.103828918864318442e+00 1.175263959029125438e+01
1.941718379947475981e+00 1.218966775749948361e+01
1.858440014658959027e+00 1.254136988229596739e+01
1.968047118732847212e+00 1.219879844104248967e+01
1.212438014991782165e+00 1.162710948740739170e+01
2.279672033240324414e+00 1.312059282080955747e+01
1.984946985398597485e+00 1.185206838636198867e+01
2.071969874549081769e+00 1.196358625263001940e+01
1.857230474807141762e+00 1.239609634388080650e+01
2.244580493096947293e+00 1.183744344262175474e+01
1.910037983432748110e+00 1.248870039816507571e+01
8.484079727341458099e-01 1.129118376379302013e+01
2.024346089274134286e+00 1.189536756053167821e+01
2.020510258742645338e+00 1.093714274703095413e+01
2.188974393890935399e+00 1.166326554566758134e+01
2.141039285179442420e+00 1.167265429819935996e+01
1.993415797222202412e+00 1.134640780963971274e+01
9.069806354109685165e-01 1.168119309855759447e+01
1.924855016148687259e+00 1.159594811528045000e+01
2.049769408553739236e+00 1.139056576581408109e+01
1.767357814855390119e+00 1.173134156934534467e+01
1.963875666917125562e+00 1.120799744102955131e+01
1.119650370266320527e+00 1.202049847259999460e+01
1.697243444983486338e+00 1.204905218624722529e+01
2.064863935596692013e+00 1.202636679732215796e+01
1.800056952027373036e+00 1.152974732761437338e+01
1.657911515978238048e+00 1.140109532551130478e+01
1.020408252217280376e+00 1.209487392077497958e+01
2.056271545970141723e+00 1.135524342991453395e+01
1.663632060871868212e+00 1.154009738434946897e+01
2.348284479321566920e+00 1.201807602279733800e+01
2.126158945258208810e+00 1.202110987174641998e+01
2.452685145938766631e+00 1.234592518179134935e+01
1.804709931229069531e+00 1.175469427616640417e+01
1.367022356370003688e+00 1.111945669362394895e+01
9.517371266082073067e-01 1.039495324487666750e+01
2.076029082167033746e+00 1.130575590124288965e+01
1.994463028525217618e+00 1.098609784327922867e+01
2.168715314044663778e+00 1.208405645791575012e+01
1.558333133210987986e+00 1.150823522510654584e+01
6.359118234343223985e-01 1.192430078342306388e+01
2.113510006022229160e+00 1.153979869101952715e+01
1.578690218253330224e+00 1.161736618712896885e+01
2.427740749841161616e+00 1.206024860567866419e+01
1.934185173696277182e+00 1.177269609225980318e+01
2.048033458028522880e+00 1.147080497144942868e+01
1.100756447314654496e+00 1.151931207510124722e+01
1.423367978275053014e+00 1.195378075040190424e+01
1.678252988484655095e+00 1.175110772144094362e+01
1.179654093723392139e+00 1.141350891511731014e+01
2.372279379471853578e-01 7.521540263335849019e+00
1.264695496598817526e+00 1.089209375068767294e+01
1.915053288309825241e+00 1.103802230346194513e+01
1.206080375865570709e+00 1.207519829620357577e+01
2.316653741064060412e+00 1.195264490651511835e+01
8.468435101423681111e-02 1.166192530153067963e+01
1.994160552777391571e+00 1.154106732256398260e+01
1.979733871561963676e+00 1.146001676414543802e+01
2.013880768054488790e+00 1.161529653602033463e+01
2.143921407911142385e+00 1.091753072463946594e+01
1.149318227565122807e+00 1.145639232410736419e+01
5.886682112516188337e-01 1.097033241125432390e+01
2.055416875734608073e+00 1.183779677668344377e+01
1.572734647270209729e+00 1.164904557996708867e+01
9.963861501481597882e-01 1.029642614899370834e+01
2.200483422481208873e+00 1.190551152794298417e+01
7.971051693448946152e-01 1.160304114327486147e+01
2.004487700506167425e+00 1.096567329323718631e+01
1.899024661494523869e+00 1.128179649845367472e+01
2.050619135211058541e+00 1.127646987432831693e+01
1.912633429766806614e+00 1.140076309765691320e+01
2.180901335873810076e+00 1.152638749704997778e+01
2.243952816936286787e+00 1.142401214304913992e+01
2.180162627760268368e+00 1.178557138545446037e+01
2.238236777329233984e+00 1.174119782991362726e+01
2.321071236189013121e+00 1.171164438275015840e+01
2.105088077116337164e+00 1.170119502693891356e+01
2.082003903785260235e+00 1.137293118402719472e+01
1.679417530055085761e+00 1.206191064575801342e+01
2.060561099188786383e+00 1.114282242834250169e+01
9.982582604306425855e-01 1.144914666192514296e+01
2.127866385184552289e+00 1.218967318928248922e+01
1.989542699874474962e+00 1.156070024775841709e+01
2.342136260193471653e+00 1.214439001380620908e+01
2.079354220556012045e+00 1.160858064990876493e+01
2.113279098009218426e+00 1.163748279016172482e+01
1.033706210527733926e+00 1.117902233661019906e+01
2.114229405132865836e+00 1.085974682242915890e+01
2.356178537989790378e+00 1.247308106739932754e+01
1.212619364907721264e+00 1.109703750424221802e+01
1.436803742794551697e+00 1.172104715188784319e+01
1.921262719090360616e+00 1.185068495026853164e+01
1.908710533431739353e+00 1.190753163701373829e+01
2.054092275974304105e+00 1.189673555595893362e+01
2.088927491041848050e+00 1.162587648474964830e+01
1.952660652671525110e+00 1.149802911784596482e+01
2.234862979917553005e+00 1.250715823492929424e+01
1.379932606296503161e+00 1.122640866564001172e+01
1.688254731735550740e+00 1.152238725946022946e+01
2.074642476955508741e+00 1.186794979215077994e+01
1.009358507506261660e+00 1.163353374444910138e+01
2.181381299541469865e+00 1.180416985272145780e+01
2.077706429881650330e+00 1.167534417558303517e+01
6.206926672148748159e-01 9.667729887463897498e+00
1.840515437903418094e+00 1.171205831457933222e+01
2.036784490653755775e+00 1.107116269742009429e+01
1.728937728135381713e+00 1.208451315315339514e+01
2.127896223953333443e+00 1.074674538474425667e+01
1.924867177687538122e+00 1.205238900907774990e+01
2.270917128780492344e+00 1.253631942860546111e+01
1.652854529426275754e+00 1.192731213615674513e+01
1.627680664418945211e+00 1.168428467714254992e+01
1.611257115303923237e+00 1.167803937812274384e+01
1.394936234563189048e+00 1.210501338906281354e+01
1.927037852599625456e+00 1.248314378473130049e+01
1.834476681525788022e+00 1.251135570284112752e+01
1.415010366895059990e+00 1.240218828731695488e+01
1.104161022553903138e+00 1.196622681782541520e+01
1.214560958201042151e+00 1.139607140954531772e+01
2.008563273393409787e+00 1.139058500765261073e+01
1.813586110049028699e+00 1.200802444190153651e+01
2.368110716956465911e+00 1.165129992608971676e+01
2.373598728553859782e+00 1.162923808565784789e+01
2.162663496860547596e+00 1.235009841506383665e+01
2.046836771074686645e+00 1.125123277419893952e+01
1.952282499549471639e+00 1.128928304068936050e+01
2.672740782668875159e+00 1.259016929305214916e+01
2.034595115898774953e+00 1.101301226006054002e+01
2.131782486221229345e+00 1.160082143033248059e+01
2.230376987825485102e+00 1.204978404515227730e+01
1.958211723912412827e+00 1.136572665089105882e+01
1.543185667851226350e+00 1.162644876367030733e+01
1.354219027677112219e+00 1.197611173273163132e+01
2.145921874665492890e+00 1.133352623419161631e+01
2.162501926284292608e+00 1.140650733572346631e+01
9.655020035594562566e-01 1.095528679367397906e+01
1.408725980466384087e+00 1.153888400320140661e+01
2.252191088267431862e+00 1.146398302085622944e+01
1.844714800972543145e+00 1.252431456143048294e+01
1.961166790744979904e+00 1.189211389436334620e+01
1.206592906775044716e+00 1.133729443980007900e+01
1.862917753490062278e+00 1.154609453184508183e+01
2.061494811868360699e+00 1.176192228425893305e+01
1.992039450209178053e+00 1.118065880676185309e+01
2.286383414190200192e+00 1.177041900053382228e+01
1.438876851966022219e+00 1.236784329363674217e+01
1.463171019238773907e+00 1.177084809239760510e+01
5.592281443665079177e-01 1.048172468723876527e+01
2.001457778093577389e+00 1.155909571256823831e+01
1.741628219344641071e+00 1.149247721188417870e+01
8.438312920387676108e-01 1.230724209170084826e+01
2.139703807022726778e+00 1.220009264919872471e+01
4.703758546163834819e-01 1.261660311332417272e+01
2.013594098361419782e+00 1.223322028117318894e+01
2.094855744315756496e+00 1.156244315821557223e+01
2.359504151654609583e+00 1.189027109058043230e+01
2.062172480757220150e+00 1.063992817560847470e+01
2.308573466623114800e+00 1.221148664451666832e+01
1.544108753158004887e+00 1.133940949801697862e+01
1.821874622258105259e+00 1.208871808469392839e+01
2.060769173411995059e+00 1.138837452201776834e+01
1.834014908241670572e+00 1.145343707903314190e+01
1.267814167704564454e+00 1.115769831487421193e+01
1.735535441446514060e+00 1.203576528907491117e+01
2.051146812602604008e+00 1.237536536624561556e+01
1.605412475256802196e+00 1.183450618557447065e+01
1.068452164280734751e+00 1.142000363464588020e+01
2.019915589178197468e+00 1.128761950106212097e+01
1.408048371624244899e+00 1.188963204171646204e+01
1.251391141794660600e+00 1.090678790244252028e+01
2.005046651805884483e+00 1.134349360065418999e+01
2.069869478676147789e+00 1.160728059562962500e+01
1.707359845387398600e+00 1.135027169236759370e+01
7.555966119309507345e-01 1.083516073119093903e+01
2.041228910111183126e+00 1.113385296944546710e+01
2.065327263700669658e+00 1.144893906694561636e+01
2.044653422892453332e+00 1.151203742348044479e+01
2.119618353324123738e+00 1.112516783760416317e+01
2.107678014368733255e+00 1.120564082218546709e+01
1.760156309887051851e+00 1.232817472790159918e+01
1.512435270581376612e+00 1.112330272105818807e+01
2.126400357674186559e+00 1.236746027159811945e+01
2.105718366226318139e+00 1.264318043112776202e+01
2.203797100532783215e+00 1.145102281565074342e+01
1.868546220250294043e+00 1.169285008108770008e+01
2.082872729477309282e+00 1.186125626485275752e+01
2.276231100378390160e+00 1.224655461971263648e+01
2.336485005339156817e+00 1.231466514134112344e+01
2.118685472260877667e+00 1.143941462071098236e+01
1.060321338290712179e+00 1.140827342590376681e+01
2.074139984006486692e-01 1.194124771899370074e+01
1.199899767989793364e+00 1.110526633633984872e+01
1.675358770857750201e+00 1.179285466030857066e+01
1.905560447469558882e+00 1.175422765870569108e+01
1.638006453773095172e+00 1.124041378323673435e+01
2.013825800451888526e+00 1.219832683463249978e+01
1.979106054810979787e+00 1.221218303772268499e+01
1.531822396225403615e+00 1.127294789305300959e+01
1.805864691979808700e+00 1.252886147027236596e+01
1.098701848626790767e+00 1.193503445902894633e+01
2.137860804769323053e+00 1.141509155134862752e+01
1.732909075340308691e+00 1.232595368689232451e+01
1.972952694432695830e+00 1.242907860858249158e+01
1.578211709767009863e+00 1.207651370075130792e+01
2.045058483988976494e+00 1.159020900578753022e+01
2.042972604144020821e+00 1.241278493483845757e+01
1.890891130892505156e+00 1.121586349944574934e+01
2.003356745312321774e+00 1.092445583583935687e+01
2.222609295171817045e+00 1.128792493502123229e+01
1.277953889918015618e+00 1.138991653357768641e+01
2.039596685674625487e+00 1.129850923147026442e+01
1.829898762945177282e+00 1.132217406785238722e+01
2.113601640944531734e+00 1.083723525948582456e+01
2.158809783783178560e+00 1.178020398820856762e+01
2.046618212717428609e+00 1.204420529973822696e+01
2.008968675905292045e+00 1.104399271962443763e+01
2.134140019121085530e+00 1.175079803021349001e+01
2.042683518254623909e+00 1.161659754978227177e+01
4.608898951885548878e-01 9.748189181986372631e+00
1.127057925378639025e+00 1.098891582952315993e+01
1.909282608027039307e+00 1.152827252468505570e+01
2.240831976283421678e+00 1.213671482082140685e+01
1.043357574469603311e+00 1.095072467212743561e+01
1.918631535370385555e+00 1.189001884434976652e+01
1.666777236895334857e+00 1.133973755679993722e+01
2.024360500818095598e+00 1.202052660597830780e+01
1.882317005783380237e+00 1.182037972158921946e+01
2.122785899152438649e+00 1.138867198054408014e+01
1.937852910679938034e+00 1.208149944299954726e+01
2.051224706466100667e+00 1.140913760042386116e+01
7.559924345260423673e-01 1.008474475457768627e+01
2.161273249116692163e+00 1.164778706861615731e+01
2.071825542837676171e+00 1.172890547517897630e+01
2.123879545988262230e+00 1.150835470035254282e+01
1.991371070142711863e+00 1.226981930051233149e+01
5.257463141418611263e-01 1.065704182306095404e+01
1.959025486109490011e+00 1.163637398396065770e+01
2.266203057383861186e+00 1.159646452683323758e+01
1.984543261479214005e+00 1.174036155791171865e+01
2.072353934018158927e+00 1.098578964573817629e+01
2.120114958652445036e+00 1.173837585992007781e+01
2.047417651227532609e+00 1.102785275535648069e+01
2.043800301123444019e+00 1.187160146049190068e+01
1.907779009253459890e+00 1.238948305989331189e+01
1.649223353738769937e+00 1.182342262041863101e+01
2.024431095557475579e+00 1.197961313083578894e+01
1.875060837036171435e+00 1.226799331911808366e+01
1.980973275954154733e+00 1.176142576277590202e+01
2.052303325888052754e+00 1.155002806343457955e+01
7.214664518041927765e-01 1.192788140917846995e+01
1.775699328656157761e+00 1.199929187142794795e+01
1.968984083814891317e+00 1.191376496603413671e+01
1.196203324354494280e+00 1.118393944466501289e+01
1.852086053428971368e+00 1.237415445357834010e+01
2.200967862511022943e+00 1.192433775129167195e+01
2.064700191766791093e+00 1.099701152931743131e+01
1.906293922886078462e+00 1.134911754276773621e+01
1.938611955969068879e+00 1.211344085532820003e+01
5.704730003138006600e-01 1.013781622163470608e+01
1.800306145651999534e+00 1.214378142274446759e+01
1.436688122350784580e+00 1.185750231148799116e+01
2.062885699593111077e+00 1.109339863074760935e+01
2.044257261733248843e+00 1.115774621017287060e+01
7.680275870324696497e-01 1.109341661316656058e+01
2.024298909973077709e+00 1.123598004582303744e+01
1.703934181418668148e+00 1.119688122515627704e+01
2.033251198669743687e+00 1.139152641369718744e+01
2.031611633279896356e+00 1.122735914168378102e+01
1.885774860954599008e+00 1.180724629624710253e+01
1.757077865471971867e+00 1.215159955598032582e+01
2.038441724687229506e+00 1.157825982929402109e+01
1.863389292888288473e+00 1.184147965812793935e+01
1.223761057768971705e+00 1.199374051193927215e+01
2.051355889582309633e+00 1.231749588323759070e+01
2.044403104669365145e+00 1.175167079484113408e+01
2.099060467563130583e+00 1.192062695075800249e+01
2.004217058146566366e+00 1.129758228161080957e+01
1.714632616249885944e+00 1.188660547036183068e+01
2.094401789597579278e+00 1.132088971183089932e+01
1.923369828625681288e+00 1.140416886699309096e+01
1.875976271695971809e+00 1.235888437169492171e+01
2.079479119150259958e+00 1.209989641979909436e+01
2.168323749771358333e+00 1.094956689441843345e+01
1.030767565200729985e+00 1.111964076609188723e+01
2.056644775541657921e+00 1.166997027380080709e+01
2.009563534077006608e+00 1.195461259336469695e+01
2.121976056013851863e+00 1.169786319907336924e+01
2.325708515957787270e+00 1.279049511282126872e+01
2.697849281357101336e+00 1.248813426992998643e+01
1.628017806218859720e+00 1.176931180219199113e+01
3.567082774566641690e-01 1.089861085959333664e+01
2.333390395354079772e+00 1.206298973145899112e+01
2.162781217219755359e+00 1.173872279611453884e+01
1.151467371696907271e+00 1.164033883303232031e+01
1.997045031943658344e+00 1.242434739837162816e+01
7.162532701769142029e-01 1.049841664276046238e+01
1.089430482899709646e-01 3.364874526759501094e+01
1.951107943844503145e+00 1.221806724581204762e+01
2.107164481637424203e+00 1.126675362131915925e+01
1.975409688376735584e+00 1.160633226833191678e+01
1.881476106025083750e+00 1.194498312697506037e+01
2.240134615037042032e+00 1.178353629473220643e+01
2.066550245372132277e+00 1.157475683455325211e+01
9.294854622273895917e-01 1.134469831206826029e+01
1.273849425892822351e+00 1.152319356684960816e+01
1.952989600592809571e+00 1.167830308252559490e+01
2.109293143183555319e+00 1.181592045720037554e+01
2.591537731398821376e-01 1.495861205910826186e+01
2.036793139096147787e+00 1.178652292523523570e+01
2.140040430621662271e+00 1.130086058712661234e+01
1.097283027172596626e+00 1.046589223954214098e+01
2.049196235280739131e+00 1.111673265818265044e+01
8.090378570255654656e-02 1.275147520829274050e+01
2.041474635587617215e+00 1.126000977993124863e+01
2.141075664776669552e+00 1.239849195977361340e+01
1.013070741073677672e+00 1.101967494886953425e+01
1.966293748998071633e+00 1.205758527769231314e+01
2.689540127186539342e-01 8.757353832514434444e+00
1.302652778217165741e+00 1.170535212266592318e+01
2.007362507154661468e+00 1.113666605048179470e+01
2.086109005783381765e+00 1.285871225370873461e+01
2.146764374395015551e+00 1.231879575820754802e+01
2.073788278392225681e+00 1.206620195525854911e+01
2.156260856242453894e+00 1.156684516233473836e+01
1.445916210678021452e+00 1.204265163272055617e+01
1.789014591725943459e+00 1.180639259624181037e+01
2.264210727900786146e+00 1.153006257168905790e+01
1.814244951954550267e+00 1.192463738719452415e+01
2.022083751389777806e+00 1.149475786418161860e+01
2.095795575178812875e+00 1.160404628158713436e+01
1.982252263714611384e+00 1.170571878012566991e+01
2.188868115969407224e+00 1.232637663070880052e+01
1.375571966249504063e+00 1.213975972183041030e+01
2.100829967110007246e+00 1.183881229350528841e+01
1.266651336184497767e+00 1.207605983828346652e+01
1.920116489423827177e+00 1.211182529849971878e+01
2.014792080700658961e+00 1.197068526798092769e+01
4.074215108849568168e-01 1.279376981660913870e+01
9.190148141166947227e-01 1.165314501209731013e+01
1.108740028790799137e+00 1.090717822642875312e+01
2.274790513403257552e+00 1.096480824555770894e+01
2.037022138180901276e+00 1.225048902654115857e+01
1.176489236721059761e+00 1.044178944144899823e+01
2.250440509398706990e+00 1.179898370779391392e+01
1.998605515834144475e+00 1.118842248650076066e+01
8.972986788641126310e-01 1.137077797492414710e+01
1.997394322349829832e+00 1.128641014274179710e+01
2.189295520252727112e+00 1.157166837550203375e+01
2.116029324612180851e+00 1.260049184243387010e+01
1.170239370166830106e+00 1.167240060155370962e+01
4.568066434397743958e-01 1.042393891618809754e+01
2.009776606864607462e+00 1.182951071987549341e+01
1.221969078530172670e+00 1.197143347229476085e+01
2.042634545944698399e+00 1.141018771443805413e+01
1.962625486465147340e+00 1.128016890211515566e+01
1.990231900495850415e+00 1.149376019172137831e+01
2.095606497163391424e+00 1.210576499738218459e+01
1.657947649901212017e+00 1.161270051483927368e+01
2.146931983141031619e+00 1.214086857116664042e+01
6.703635735157948972e-01 1.072946947069398149e+01
1.995383422376763471e+00 1.106848629289567043e+01
1.377828084791868024e+00 1.162688031587081561e+01
1.969111211683097773e+00 1.176442206784500755e+01
1.871229379754931310e+00 1.209443733723751357e+01
1.350032055275638687e-01 9.844239271072472874e+00
2.051181459149969966e-01 1.330450508132367915e+01
1.931135602205669377e+00 1.190387094455104133e+01
1.813851297649483385e+00 1.189173342268765232e+01
2.059948194833820523e+00 1.124062650722577317e+01
7.605908430577510426e-01 1.157999715576208466e+01
2.151119786007607892e+00 1.240787699194308402e+01
2.134250642580370450e+00 1.230939104757461955e+01
6.219200328216493157e-01 1.132434075728717104e+01
1.299733936544745561e+00 1.203769565346578752e+01
2.261624541038716796e+00 1.213194912870082476e+01
7.305810716162469687e-01 1.163809963859868901e+01
1.273457036922615471e+00 1.142977010363586743e+01
2.071459146024290821e+00 1.159181947857724815e+01
2.089621000617710056e+00 1.242580336719070822e+01
1.178987659234276286e-01 1.009049331411735650e+01
9.322730899338387278e-01 1.038767130270309913e+01
2.164438821723759510e-01 8.193723794829381291e+00
2.221108766051841155e+00 1.288656797266964027e+01
2.014247867505950751e+00 1.136968576303313760e+01
1.173621854110621365e+00 1.075589492041999051e+01
2.308383184394297238e+00 1.198282835296624427e+01
2.217219935960577093e+00 1.219753024533146046e+01
2.246145028497039675e+00 1.178849857372755139e+01
2.227365432561260850e+00 1.196289504260506398e+01
1.614909895990222166e+00 1.110721882295462848e+01
1.575364605443133170e+00 1.171411295439273559e+01
1.207850424671567335e+00 1.197863141776644014e+01
2.375303994126216178e+00 1.244088632410521633e+01
2.089211223279868079e+00 1.148323127899347362e+01
9.184673362619819592e-01 1.135212443659822945e+01
7.845309408723764033e-01 1.146372211647499384e+01
2.045198408882453300e+00 1.118837707090927580e+01
1.043561748766798747e+00 1.098673826808883192e+01
1.645806036730372401e+00 1.194143719522351610e+01
2.042438632932039422e+00 1.131934323212507110e+01
1.824879220460451146e+00 1.253832887600325208e+01
1.827197505274251066e+00 1.220663529934133429e+01
1.960598842109594342e+00 1.193841606187546311e+01
1.336454232715310164e+00 1.176544922326271703e+01
2.023329036927890456e+00 1.134967945604031136e+01
1.902288171833725228e+00 1.140561692505008473e+01
2.051101003596584427e+00 1.214093374834977546e+01
7.975785756299075269e-01 1.135080897295393676e+01
2.161735077015263240e+00 1.143397074334093411e+01
1.440673097223672983e+00 1.211202303412219017e+01
1.536278796415731396e+00 1.110220635234729158e+01
5.997160663020926208e-01 1.070997170877457094e+01
1.901646691099111441e+00 1.223563895891400044e+01
2.332152323085429746e+00 1.173120083340787723e+01
2.280661688219682404e+00 1.215153726958508074e+01
2.023072666027641464e+00 1.246046345096099728e+01
1.689782884196103563e+00 1.178687004507763270e+01
1.477538838101636776e+00 1.131896473345181242e+01
1.626208171499679001e-01 1.241249792684180164e+01
2.151189308978344261e+00 1.217659757682017130e+01
2.231492021853939800e+00 1.172249973647496191e+01
5.024907908995980277e-01 1.008589979908562206e+01
2.086576960302096939e+00 1.165889734668382438e+01
2.034500828529409056e+00 1.188742600122272286e+01
8.538557359568359484e-01 1.185132494116615653e+01
2.022899886457018237e+00 1.245260910945513366e+01
2.080655238725521272e+00 1.185233657487824033e+01
1.843473862105470040e+00 1.215044987932975218e+01
2.033475196719417788e+00 1.120410556575190242e+01
1.950395881182944269e+00 1.193151613362825003e+01
1.808167932437517944e+00 1.148664008013216353e+01
1.088137970474079980e-01 1.315373148304170492e+01
2.080643101192368949e+00 1.072497205929218822e+01
5.391934352775907824e-01 1.110349735008951733e+01
1.974869780679292752e+00 1.171546886395752018e+01
2.015749491751735345e+00 1.191295647406539437e+01
1.666005451884709387e+00 1.168815804796157920e+01
2.162759373711144573e+00 1.111480361760573388e+01
2.173205844064443504e+00 1.190056305061709985e+01
2.039900805841038611e+00 1.238044722743888570e+01
2.325839372764359148e+00 1.184147849272458330e+01
7.802819509973361045e-01 1.173097267804761579e+01
1.537500718775814290e+00 1.207054377635840403e+01
8.365183860387681580e-01 1.153737991137569274e+01
1.286753017198045024e+00 1.128052978239072246e+01
2.153440322396330320e+00 1.077795323010266060e+01
5.463254177665641809e-01 9.541386775173270607e+00
1.989735587675667938e+00 1.197768281907276666e+01
2.453992657759855422e+00 1.222860882051652709e+01
2.440493197646722123e+00 1.228441705404331152e+01
2.070064042893459355e+00 1.205211674718685444e+01
1.988755380456189936e+00 1.243364281915726899e+01
2.114102812911748064e+00 1.178758827411741450e+01
1.996852275306200353e+00 1.230279972991340287e+01
1.124565895232089607e+00 1.167559350414135189e+01
2.060929710135666948e+00 1.200481732483393316e+01
1.927218645920794060e+00 1.223430166025226917e+01
2.008144110142808803e+00 1.147472480165246012e+01
1.980298654862026053e+00 1.276419173696610798e+01
2.382645411435586169e+00 1.261863967950067789e+01
2.074298079868458267e+00 1.266795449413428365e+01
2.192903928884728515e+00 1.162906875288466146e+01
2.065839850021135238e+00 1.229472484060685922e+01
2.342097198007435210e+00 1.182717970233721339e+01
2.132716829198597175e+00 1.201265625118305991e+01
2.097995918661877734e+00 1.220521238567066824e+01
2.230182040233514407e+00 1.184590726865723909e+01
1.812606351513954328e+00 1.154501310719155427e+01
1.010425284933669676e+00 1.138644776313662810e+01
1.503149104557877980e+00 1.188443910132309256e+01
2.144878081219285360e+00 1.203753253395034406e+01
2.776503954052043088e-01 1.356854550890344946e+01
2.025921668215928673e+00 1.172100113584656000e+01
4.263226790154354129e-01 1.295655349736948558e+01
2.074549393798182262e+00 1.183087568881861351e+01
2.025520623360065553e+00 1.147179765425468645e+01
2.154832831498667556e+00 1.229338286861935359e+01
2.192143931310654104e+00 1.165052153382886857e+01
1.343556663096140413e+00 1.216989397299169973e+01
2.155921994766838434e+00 1.172028349960380211e+01
2.176674392866043917e+00 1.232191216457348126e+01
2.226591851047245552e+00 1.119741296407570630e+01
2.022220075518242233e+00 1.172753609703056732e+01
1.955741407020201050e+00 1.193873937290841702e+01
6.030047149668982254e-01 1.135141780936665867e+01
2.203963390071167261e+00 1.203717672654586224e+01
1.496592222342955081e+00 1.151835834805050141e+01
2.103334029473172606e+00 1.177615475480193297e+01
1.755423222870094113e+00 1.122692750532874584e+01
1.185118182008207288e+00 1.056583412945393086e+01
2.046370129355842060e+00 1.120108692568689435e+01
1.418235576616764471e+00 1.162875581424816218e+01
2.114274531548023806e+00 1.164896357697569940e+01
2.043762694828727078e+00 1.102061990473101538e+01
2.053137347457206996e+00 1.272266759115550272e+01
2.178144644542217456e+00 1.156596893855968666e+01
7.790846545843771453e-01 1.162716226113825613e+01
1.099689079595370433e+00 1.160654040170686940e+01
2.018032637186987888e+00 1.112451330604203825e+01
1.444155448997897384e+00 1.165073383846124599e+01
9.060095687117379892e-01 1.220986813445224861e+01
1.417562928367305908e+00 1.177455581891670988e+01
7.079609060733473846e-01 1.162679725802881237e+01
1.572267058528256323e+00 1.183431039666748674e+01
2.102908071479510976e+00 1.144587191495317668e+01
1.538105730735865873e+00 1.147967434883558191e+01
2.633532879062399079e+00 1.257093962205682480e+01
2.193857609451464352e+00 1.200495407824445060e+01
2.165845728243758650e+00 1.154121473609330373e+01
2.027644478480225665e+00 1.234888931550017510e+01
2.476442641956188684e+00 1.226331830724863536e+01
2.447559264451455441e+00 1.178686881891931471e+01
2.000107117465855122e+00 1.158756844056734359e+01
7.201995238829298485e-01 1.051526316461535160e+01
1.202110925250130746e+00 1.194302228998644821e+01
2.035457209876664564e+00 1.238269247633268755e+01
1.940620907006143092e+00 1.128382935793765895e+01
1.357745340970021752e+00 1.126484272065624381e+01
5.367936776847794800e-01 1.091215709598735728e+01
1.388448141241897194e+00 1.158388327515328520e+01
1.913983900879300482e+00 1.162435889810142520e+01
2.177581342142704379e+00 1.183582834993184285e+01
1.961500618151434727e+00 1.191644165915557174e+01
7.016084985687026654e-01 1.103410456819058183e+01
1.762061609820058106e+00 1.234131012031972574e+01
1.283072851882357313e+00 1.104700866099788570e+01
2.471086013215676225e+00 1.200170731391015977e+01
1.951272630106005490e+00 1.215317470694219182e+01
2.040410867577363341e+00 1.242354159814275150e+01
2.425284404000573435e+00 1.219351585670879601e+01
2.088736350318176171e+00 1.133141259980617299e+01
1.791915812515111339e+00 1.160546232101125419e+01
2.177271498899059132e+00 1.167580732148708833e+01
1.820707790008250226e+00 1.239385219342232425e+01
2.076224409713640640e+00 1.246438421821981279e+01
2.296634766205881473e+00 1.198849732200111440e+01
1.178129659637817683e+00 1.167046524528726081e+01
1.493181391742592012e+00 1.223029850655378148e+01
2.286419140373969316e+00 1.229932494066882143e+01
1.302125337078116285e+00 1.170647351120301671e+01
1.803228402031088695e+00 1.210224059325673451e+01
1.989244996070763216e+00 1.166449143280576450e+01
1.676375446961808180e+00 1.140160024059123067e+01
1.811644779776969472e+00 1.215677058877865058e+01
1.924152744549294747e+00 1.181456060688836018e+01
1.483590807425640756e+00 1.215001839798677885e+01
7.275311495483671731e-01 1.088731473897929369e+01
1.889317506990171536e+00 1.184126776183614460e+01
1.866885560857767690e+00 1.209323337046844138e+01
2.026954356433400939e+00 1.141156748014102895e+01
7.795216530297759405e-01 1.092085446543168992e+01
2.123464060211510684e+00 1.142807998229516464e+01
2.158305275462784500e+00 1.142161775973466931e+01
1.241968926553568275e+00 1.214860985444665253e+01
2.148339272167761660e+00 1.144599952060030468e+01
2.258675187012935126e+00 1.212689175935956243e+01
2.160396697729768611e+00 1.151986121592100076e+01
2.099007448396405628e+00 1.171739789075622262e+01
2.056336807930736033e+00 1.072468139007023069e+01
1.998029682584073319e+00 1.086377853779419134e+01
1.833125914131636502e+00 1.129033875228659412e+01
2.178722172270645796e+00 1.169094903601239643e+01
1.777253685977165043e+00 1.191823248701142646e+01
1.766376806626864360e+00 1.169289876488793389e+01
1.930953927198471476e+00 1.163762148384997452e+01
1.423287539760643039e+00 1.160503177052324908e+01
1.722042394922183250e+00 1.183306012259196471e+01
2.286437125545668358e+00 1.236418691425760663e+01
1.702809857343731803e+00 1.170742571466747250e+01
2.127421537713215738e+00 1.156769035349814878e+01
2.047726931157328956e+00 1.159971669934031269e+01
2.042729695506481313e+00 1.162164999505662166e+01
2.170849751960151064e+00 1.172742913308579915e+01
2.080119789101192218e+00 1.141104930371926329e+01
1.945928689392357525e+00 1.128381304148263098e+01
2.028316609672388804e+00 1.160433625033933858e+01
2.030140063099064918e+00 1.131005772280055588e+01
1.900975340027386107e+00 1.213829403797117301e+01
1.756034792164078207e+00 1.261353097533051404e+01
6.524246610026853688e-01 1.031547835726073359e+01
2.098061886190625724e+00 1.121679588568115093e+01
1.838490851479342547e+00 1.141416103551428840e+01
2.901302003059327284e-01 1.356705635946081934e+01
4.816988521225078479e-01 9.913353969466392357e+00
1.883242719277696375e+00 1.255963993916679478e+01
2.005960742223652726e+00 1.115986835710953251e+01
2.411506564220622817e+00 1.237784639238078377e+01
1.919203769364194345e+00 1.164143256922384317e+01
3.070252829126426941e-01 9.262316849331037716e+00
1.592974388582497847e+00 1.151587425920035024e+01
1.546823999142523665e+00 1.178187290233997686e+01
2.054369771928714616e+00 1.200247758783618757e+01
9.907770553917099043e-01 1.196286336255007043e+01
1.944675064429876032e+00 1.240472452967669170e+01
2.095245553333843880e+00 1.232607489834456871e+01
1.974864926635453433e+00 1.181776985031518912e+01
2.252170724970380178e+00 1.266276351357649510e+01
2.095336534278846585e+00 1.089853775661653223e+01
1.897180509206360721e+00 1.164947807281531311e+01
1.043878241129523321e+00 1.154802799811988123e+01
7.323850341906918970e-01 1.138428083907535537e+01
1.748652667636944269e+00 1.240715758146803793e+01
3.328425177691823889e-01 1.193519535664279552e+01
1.858229204802898993e+00 1.171361364622410939e+01
1.901443968713243171e+00 1.241324796491802473e+01
1.206533559556468571e+00 1.151442167434802677e+01
1.993680360081763636e+00 1.124307793105626097e+01
1.927111617069511507e+00 1.183050130514364540e+01
1.667664661143240856e+00 1.210164941689994400e+01
2.134085173487482390e+00 1.157842626165711053e+01
2.119795172572282116e+00 1.131934369664311113e+01
1.026917188155680671e+00 1.174956107967911834e+01
1.212195724650378947e-01 3.110516166777404479e+01
2.382656332181539938e+00 1.288191815311838795e+01
2.132212795848481335e+00 1.183972458376426395e+01
2.036239735857787281e+00 1.139336556988548743e+01
2.123676942651858468e+00 1.179489805404633707e+01
2.090491048499472537e+00 1.102761208089915179e+01
6.728154123456721036e-01 1.057109816524782886e+01
7.138122999979481520e-01 1.070128980177238276e+01
2.165956408374876574e+00 1.084646926964086511e+01
1.996791902213563619e+00 1.163754213618040545e+01
1.703203779001697837e+00 1.217245855518462072e+01
1.869817723600869508e+00 1.186638785278043784e+01
6.545124525494930845e-01 1.035585500227201905e+01
1.368868703384108265e+00 1.164058184172190913e+01
2.028362773649296180e+00 1.092019374591911962e+01
2.136759549323091534e+00 1.099603112498804158e+01
1.707753780053355763e+00 1.237440219452645707e+01
1.864705977140498572e+00 1.164127365865618913e+01
2.200551271023271305e+00 1.148625814698835157e+01
2.402829682739887895e-01 9.257295020726193258e+00
1.754946264282289059e+00 1.148395893306052606e+01
1.958267259958862194e+00 1.202095756150567674e+01
2.180794209311639253e+00 1.105811300167681388e+01
2.252375782779349578e+00 1.165798175963467997e+01
2.104818350016921968e+00 1.112668415692636259e+01
1.929689726102345793e+00 1.134073804513033501e+01
2.264673897084903853e+00 1.140140290795213751e+01
1.917110073239256529e+00 1.137763129000235551e+01
2.067353942893870755e+00 1.207675770645505686e+01
1.773713922975135526e+00 1.159282576741042092e+01
1.084547915498593307e+00 1.084287367019446080e+01
2.049880597579462727e+00 1.155639720194202802e+01
1.932791601279489679e+00 1.173863024368308672e+01
1.153672982694928129e+00 1.108093530439583141e+01
2.060170142535942439e+00 1.118448893751607542e+01
1.680720905439281543e+00 1.174366964113427514e+01
1.892097636233458724e+00 1.124911146640849147e+01
7.619859188059556754e-01 1.092827277424252586e+01
1.146346877234440509e+00 1.112265282622864682e+01
6.946990571081503862e-01 1.153110753008339273e+01
2.080874900860500087e+00 1.105223950235063235e+01
2.064531591583403713e+00 1.224363200229669424e+01
1.860102458759347765e+00 1.170860950009834234e+01
2.285820578529289993e+00 1.262912145862275537e+01
1.974126451972359586e+00 1.237809745909270909e+01
2.487695523500016215e+00 1.237998071755031049e+01
5.160021838505053360e-01 9.352720855940940936e+00
1.318229993632320074e+00 1.176335345963817325e+01
2.094168386006318272e+00 1.144578358386404560e+01
2.360595048873960877e+00 1.233902560908653712e+01
1.884672305290314709e+00 1.127050399752716281e+01
1.780246614662893911e+00 1.134114048477932357e+01
8.000138717313358683e-01 1.085162070403547929e+01
7.890232898750294543e-01 1.052278721878903767e+01
1.971505131188927118e+00 1.252984705186001690e+01
8.999293986875660512e-01 1.030293719390704865e+01
2.010066669666624062e+00 1.171454142404834187e+01
2.345200878238364428e+00 1.230571115578253938e+01
2.362727192563028211e+00 1.141117544922471261e+01
1.843059054087640147e+00 1.198883279210432740e+01
1.507973428577690900e+00 1.208888107461195638e+01
2.071509001816231876e+00 1.088514565142758173e+01
1.854557994382429076e+00 1.164601744491402258e+01
2.317317906500479197e+00 1.247166913555499868e+01
1.786190259939411495e+00 1.215359510551312638e+01
2.011874878661490396e+00 1.243896925036930057e+01
2.075184591199001893e+00 1.230646237972249679e+01
2.123895044366677087e+00 1.212124010333217150e+01
9.996552572746928433e-01 1.143218516071167734e+01
1.520114057633985993e+00 1.136540752319452174e+01
2.276929942540624641e+00 1.147312941868705671e+01
2.492686201965667703e+00 1.223175862992257379e+01
1.981013853085278109e+00 1.157159709764485456e+01
1.241750558610492883e+00 1.172766093142554666e+01
5.376953119629668265e-01 1.209730643140569306e+01
8.898066523155699625e-02 5.000000000000000000e+01
1.717567897034562918e+00 1.187595259555276961e+01
2.111124187659935370e+00 1.153261657737341928e+01
1.458473629449648090e+00 1.223084949482973904e+01
2.287157142023520162e+00 1.221036124600237294e+01
1.770898719096962282e+00 1.129386359513434357e+01
2.004162491501965793e+00 1.148881889936198242e+01
7.111714299977022202e-01 1.053284679606140806e+01
1.822523177010376916e+00 1.254110118590375578e+01
1.490517574457629335e+00 1.187934157995854711e+01
1.717629930276008743e+00 1.183932227978715979e+01
1.014056762955163338e+00 1.186817078542799031e+01
1.828333040029734846e+00 1.202251434390472262e+01
2.072608740965222296e+00 1.103371831012266036e+01
1.862685843771677785e+00 1.182306488777158826e+01
1.370099156332731161e+00 1.145128432514003158e+01
2.212246056957194007e+00 1.224224423458625566e+01
1.696921751304256709e+00 1.147808709193367704e+01
8.496164649339411623e-01 1.021726778914879930e+01
2.016470297683546242e+00 1.100787416581295020e+01
3.389099896923634114e-01 9.059046471855364047e+00
1.621497808974312838e+00 1.133539376852365166e+01
2.040665710085518558e+00 1.099990296602491924e+01
1.968965453690017853e+00 1.129080050607872465e+01
2.152045491274086952e+00 1.168826892244089422e+01
2.233126204490186062e+00 1.204571217701182029e+01
1.966582274843634570e+00 1.143355756915416954e+01
1.935260919366366128e+00 1.137120756128662258e+01
1.646361092073966415e+00 1.216692163213476796e+01
1.042985321033490065e+00 1.127369948973323233e+01
1.887756277442941943e+00 1.162516275900398455e+01
1.758396200773885365e+00 1.204847145658709096e+01
1.970404529853102549e+00 1.150872236700429596e+01
2.328247749578419956e+00 1.167226597990110371e+01
1.973851864305720571e+00 1.122239357045939911e+01
1.817333935213642615e+00 1.174293356120725385e+01
8.621736772026801221e-01 1.148977486481293298e+01
1.867575684754754217e+00 1.183991103754332030e+01
1.645234521963880647e+00 1.173342753580287123e+01
1.526988223371261055e+00 1.153958029387424666e+01
6.525890952557013014e-01 9.930888387409567031e+00
1.980750159221165152e+00 1.257949848560362582e+01
2.025293198464499955e+00 1.133812286974002070e+01
1.934599927386468021e+00 1.134511656264268353e+01
8.020346036812021628e-01 1.075037071353301421e+01
2.017867265306565905e+00 1.097403310156410150e+01
1.787924595867608435e+00 1.160853511455899323e+01
1.187182291934095746e+00 1.147656074260793169e+01
2.013911026009104432e+00 1.125114762611097241e+01
1.984824835339476401e+00 1.178281043900424407e+01
1.913501900217522422e+00 1.144429723444795854e+01
2.047036899389351294e+00 1.121357216996829642e+01
1.980638461259702776e+00 1.145092539597870385e+01
2.267955704868101385e+00 1.178091071897728348e+01
9.491034976016387015e-01 1.120749034494011021e+01
1.845580507081050481e+00 1.205720355400154986e+01
1.997834797373323257e+00 1.186669045339592543e+01
1.631279179083646724e+00 1.166778728825079092e+01
2.074911657224202344e+00 1.179401548704670333e+01
2.112450557992705313e+00 1.158782308905742653e+01
1.554534677297331413e+00 1.151919204248425110e+01
1.930819404887587964e+00 1.178802569418355795e+01
2.073393896050855112e+00 1.178465312100235884e+01
2.042521455732728253e+00 1.184051523669284123e+01
1.313523005382184916e+00 1.097348021215428915e+01
1.224018054761976559e+00 1.175872199790015848e+01
5.304209938249699885e-01 9.127512110036724025e+00
1.840509076417206069e-01 8.866791008385357387e+00
1.694131044304257649e+00 1.152516888697438446e+01
9.788027939075795159e-01 1.055242227999467097e+01
2.122891810732267182e+00 1.162222044282025024e+01
1.737063491038472129e+00 1.206277231214856016e+01
2.217352601444338323e+00 1.223943705893232980e+01
1.563332558053932120e+00 1.130027595053314293e+01
2.066783317592446600e+00 1.111712331600442383e+01
2.243889529485694645e+00 1.086816503902087483e+01
9.497984771342453669e-01 1.181898229296088942e+01
2.078196353430373566e+00 1.155967770806504014e+01
2.018842005522621719e+00 1.189462065836090865e+01
6.269452637201036183e-01 9.783817253633760203e+00
7.557064781005122800e-01 1.031804218256741734e+01
2.201712487274329444e+00 1.189126417443493899e+01
1.756293556284039603e+00 1.121945858735792179e+01
1.957956664213143405e+00 1.229862016052996587e+01
1.727183326521148254e+00 1.178282643756561754e+01
2.478820975911896762e-01 1.038011534381823786e+01
7.181056776053130752e-01 1.107982722209461102e+01
3.224537033792232998e-01 9.939196677224687804e+00
2.096241900431477401e+00 1.112655873033409648e+01
2.046322382612353774e+00 1.172800251989661646e+01
2.099900295031733144e+00 1.141924445245726005e+01
1.655587768363657508e+00 1.235811795553969006e+01
2.104281258873230698e+00 1.197851119849144652e+01
1.161092969105018691e+00 1.175053184034693565e+01
6.638921212614504741e-01 1.149868207039697943e+01
1.306733736108632193e+00 1.115737260894530891e+01
1.965035856906569123e+00 1.177070940324931669e+01
9.333348755693499088e-01 1.111492886577059558e+01
2.104420363006096029e+00 1.131076261586379239e+01
1.865198711083033478e+00 1.239351931822154640e+01
2.133767505833995770e+00 1.170914617951814307e+01
1.935941699975778141e+00 1.147915771985511135e+01
1.517631692271365296e+00 1.134264710794646369e+01
1.531147271642685270e+00 1.146038584404811012e+01
1.853602105249000820e+00 1.172886450235772671e+01
9.208046298443848254e-01 1.244075217249061893e+01
2.024878323801265534e+00 1.143216400332504179e+01
1.879251766649712385e+00 1.143057549236443293e+01
1.442445588595836270e+00 1.202112441450060665e+01
2.109529303728835625e+00 1.122476442073384817e+01
3.673822442879537964e-01 1.133538656850709536e+01
2.033818183019536541e+00 1.116310672998868192e+01
1.066072468001056928e+00 1.113505175822531967e+01
2.083772488288655467e+00 1.149541803144047769e+01
1.617723498310591701e+00 1.196040683354149614e+01
2.018938139928304842e+00 1.196168468769424109e+01
1.847632029249915542e+00 1.214024297315769552e+01
2.133501489378045513e+00 1.105965405448227834e+01
2.118124253263186763e+00 1.152606063334125786e+01
2.173352349469185985e+00 1.133716477114280075e+01
2.095294587049315815e+00 1.142221008894082779e+01
2.073329486605593353e+00 1.097254100057865500e+01
1.286918973341311334e+00 1.092921282112052417e+01
1.826851585504488229e+00 1.209573078201182028e+01
2.056577535086251629e+00 1.107119010489918232e+01
1.903267585668347417e+00 1.156401639984673757e+01
1.795079935878123756e+00 1.183611451282658145e+01
2.202039488248799692e+00 1.229946954909143031e+01
1.647542243995073763e+00 1.214402491246125493e+01
2.330405622633348717e+00 1.169202513491148743e+01
1.671207037367819392e+00 1.140828989706089480e+01
1.955808820225669875e-01 1.216859569979084377e+01
1.764737336114607924e+00 1.242400583057751362e+01
2.203905107118679485e+00 1.186080587697270872e+01
5.077416612726244338e-01 9.553857333433739996e+00
2.465293535875574094e+00 1.199393946778340947e+01
2.158237085965845736e+00 1.175650986569660894e+01
2.272696127381935938e+00 1.250112867108908077e+01
2.025082089262130847e+00 1.211882799865914428e+01
2.046659594547820760e+00 1.249959529311317041e+01
1.987823663324191692e+00 1.220016309254110531e+01
1.625531662100693442e+00 1.187416210072634826e+01
1.809081014618691308e+00 1.184570989539155583e+01
2.038615104064697814e+00 1.160181844711681443e+01
1.896429879793527284e+00 1.210889894346082052e+01
2.109155323560969908e+00 1.182493508677895733e+01
2.116727368445671331e+00 1.173266347060926407e+01
2.073344515579800262e+00 1.223069537390387396e+01
2.120339378100248418e+00 1.141887461276374438e+01
4.422241679766880651e-01 1.072398530791748250e+01
1.396100770461859542e+00 1.173555546630546154e+01
1.297111462859590336e+00 1.159802072695955921e+01
2.037053182022468434e+00 1.194420228793880234e+01
1.237049674448905900e+00 1.122442501413187976e+01
2.296054418391294760e+00 1.162761425107584401e+01
2.185576201903170812e+00 1.158051565418842799e+01
6.242097785640707830e-01 1.087753877916109246e+01
1.921251793939440677e+00 1.219315468941488767e+01
1.273517584895508703e+00 1.138436887888904714e+01
2.041863123062543028e+00 1.101342455849929003e+01
2.186026141897072339e+00 1.109880010284096308e+01
1.858255738844597493e+00 1.185744326740371513e+01
2.146331117211535577e+00 1.205715822260246917e+01
1.853046491649381400e+00 1.223840428436016126e+01
1.749787331183184858e+00 1.136981698852871148e+01
1.987465020693999440e+00 1.112892865600489500e+01
2.033970129928554638e+00 1.139104459801344582e+01
1.329244760156980343e+00 1.162896786533815607e+01
1.908305084316704425e+00 1.237465025167231225e+01
2.043526774531159607e+00 1.206799006844338429e+01
1.700646359865420010e+00 1.204181395272477850e+01
1.978436526311932564e+00 1.162290494336082070e+01
1.981478752401927501e+00 1.106171605964173033e+01
1.737459241080778094e+00 1.148102015116237773e+01
1.955439506884230294e+00 1.212732180894456846e+01
1.647915719969938353e+00 1.181506151245495140e+01
2.339464057904527383e+00 1.160251346998705557e+01
2.241870376175080004e+00 1.154539392797851782e+01
2.077770922567863554e+00 1.180157316608280027e+01
1.868819429328173021e+00 1.197474915902398074e+01
2.152628115750323090e+00 1.148019784567028267e+01
1.077916086993708111e+00 1.132970659286206860e+01
8.834395560433512262e-01 1.031380051766145201e+01
1.695763516129240811e+00 1.189790882858116206e+01
1.677271535266640301e+00 1.187024207088378702e+01
1.518617511992953917e+00 1.164101677378381083e+01
1.967574968775140265e+00 1.182030190077527010e+01
1.403483774938620643e+00 1.121501913642987880e+01
1.621690766059747713e+00 1.215132695655022133e+01
1.693365333127853756e+00 1.239308206984995842e+01
2.275739546382264056e+00 1.141919654902302916e+01
2.161145598989963723e+00 1.105241643466031576e+01
1.999461684407205064e+00 1.165240390973554696e+01
2.046114065925734860e+00 1.119256872753819643e+01
2.008291968666958027e+00 1.160026515504897304e+01
1.125328669678649085e+00 1.196859128655054150e+01
2.063478609006571762e+00 1.138794690228298379e+01
2.357161983165210195e+00 1.201468785263235439e+01
2.221925740316166298e+00 1.161756998269757091e+01
1.989921926376292616e+00 1.109760618916412156e+01
2.001850966310212865e+00 1.135427328664601276e+01
1.863274715271712401e+00 1.135021407376493841e+01
2.370092539845006119e+00 1.162183002793211095e+01
2.022693727311221767e+00 1.180783543838453298e+01
8.300428357719292771e-01 1.076587613706744229e+01
2.021907481526414863e+00 1.208961248402741973e+01
2.037434575629722744e+00 1.182250075696224556e+01
2.179960186632151853e+00 1.152074320930476148e+01
1.873750957466105538e+00 1.176528271018868388e+01
2.111088267718060241e+00 1.165950475011191401e+01
2.109287428210741666e+00 1.166489477053492330e+01
2.061486475994911860e+00 1.104081338219801367e+01
2.047958392187262611e+00 1.200775667933171853e+01
2.097091074174020076e+00 1.065656483037916935e+01
1.371809170099691499e+00 1.201049082749876717e+01
2.053192518167426428e+00 1.228249694395969094e+01
2.017899009778411745e+00 1.221007074919246804e+01
1.477573938409201260e+00 1.201066173192447728e+01
5.366190714635271641e-01 1.273953809559634465e+01
1.881492866349503634e+00 1.223905728309422791e+01
1.810387016483391509e+00 1.230305315390025811e+01
1.720644579693084930e+00 1.127952293534477768e+01
2.006229208401752562e+00 1.212876706074968958e+01
1.924780389690380344e+00 1.182702759465823839e+01
1.768936052176790286e+00 1.224763251171709655e+01
2.033495919976765709e+00 1.123432225182832056e+01
2.125889843108250687e+00 1.232133941042544301e+01
2.124156496589651333e+00 1.095780944019155356e+01
2.017227012097195793e+00 1.142102741980018621e+01
1.950679516671885327e+00 1.157643938013886853e+01
1.468492749945920828e+00 1.122001517519323777e+01
1.955191649161912848e-01 1.034741900916093549e+01
2.081048114809654681e+00 1.101902050873420968e+01
2.037773773952735734e+00 1.184551518557069549e+01
2.110150099991667361e+00 1.153396448866374335e+01
1.947364313831532412e+00 1.195196164365139957e+01
1.713685815575591853e+00 1.241343062610098613e+01
2.062587265962715577e+00 1.169787035338015535e+01
1.893283627473687281e+00 1.263785097814986003e+01
1.065559999981249284e+00 1.153571890144371359e+01
1.483373607851553810e+00 1.158407941842059152e+01
2.058146483746209565e+00 1.128404146834439281e+01
1.968947401805395847e+00 1.164638755549622218e+01
1.894489295692345587e+00 1.213301488516171034e+01
2.080346726275189351e+00 1.137186746011190763e+01
1.746322781527172907e+00 1.115534678155982817e+01
2.109649945815332828e+00 1.188321515838367226e+01
1.906721614239916596e+00 1.185635539506699132e+01
1.752847286666689097e+00 1.234515348249028932e+01
1.607885219963119727e+00 1.185036224293217799e+01
2.182679894119400110e+00 1.140590022163149975e+01
1.863668807932070237e+00 1.134012616189127876e+01
2.181512057846086261e+00 1.055773520490414263e+01
1.808282803767577329e+00 1.141235982166165286e+01
1.733417739071786201e+00 1.144031122874517514e+01
2.265612530776688782e+00 1.233290705734459713e+01
1.988473164056153486e+00 1.136422233967382667e+01
1.155418037689663890e+00 1.149138781423862987e+01
2.420148803038217000e+00 1.170250546783200640e+01
2.081941577669338628e+00 1.130717296330425725e+01
1.191289774482564345e+00 1.142623298033725732e+01
2.009142191322095261e+00 1.261300602034107499e+01
2.066296319564433492e+00 1.141677689075491919e+01
2.096017686814245717e+00 1.149024449958056415e+01
1.724098367236561513e+00 1.180972285756749862e+01
1.570713106199539633e+00 1.245351932095587699e+01
2.394313893889549405e+00 1.201977935152820720e+01
2.117778362594029851e+00 1.216094235836446913e+01
2.254139832839245905e+00 1.220660329402836908e+01
4.773603218252518987e-01 1.065274785000686109e+01
2.202941010862576654e+00 1.133062887387315243e+01
1.911149879176685884e+00 1.182593621669501793e+01
1.773058532905054774e+00 1.145226391006512756e+01
1.958985463576095931e+00 1.137073099572332424e+01
2.009191745914060245e+00 1.131877031134381362e+01
2.449257182677373912e+00 1.250419879760725195e+01
1.979254484430239103e+00 1.227618646442723005e+01
9.220826085254947291e-01 1.189485310845788391e+01
9.764041652431991736e-01 1.055139140644932105e+01
7.399050052145853540e-01 1.167471404298430571e+01
2.212742875213152605e+00 1.189599527938016976e+01
2.189790006568010039e+00 1.107739630480627469e+01
9.781668747747516157e-01 1.079934215815601561e+01
2.272969279255081076e+00 1.120631657449851204e+01
1.883443426593097714e+00 1.168187046339553170e+01
8.299804831743319289e-01 1.018899589814165374e+01
1.167048208171644896e+00 1.130461344958798442e+01
1.015004521667150383e+00 1.081785111363502239e+01
1.861350425724742630e+00 1.146120721845310264e+01
1.642009843511678113e+00 1.193259994670955670e+01
2.220385501651851445e+00 1.227131180445728909e+01
1.700779040255387509e+00 1.131934483279461290e+01
2.162785432766678007e+00 1.105450447162943384e+01
1.984953232437747461e+00 1.145621263694662417e+01
1.946145325971196494e+00 1.226826401535831934e+01
2.273294440976756370e+00 1.150800035495660900e+01
2.170680215896646281e+00 1.149627495371743180e+01
1.752218984057535289e+00 1.174601856464475347e+01
2.117857983169978198e+00 1.074390097606088723e+01
1.138964737796418492e+00 1.151502765101760239e+01
2.263414088779712063e+00 1.218791181177163274e+01
2.325809051192888610e+00 1.117738152894117221e+01
1.979165311595808330e+00 1.142594857329005364e+01
2.080313228089659905e+00 1.145065191968421914e+01
4.690510098136971839e-01 1.268293388238446795e+01
2.328062880321901673e+00 1.168004888919935880e+01
1.276664253257974613e+00 1.224492191087064974e+01
1.711825996323581567e+00 1.209657232770239688e+01
2.067580185055378106e+00 1.242069270404591030e+01
2.111854921854808609e+00 1.150395859025842249e+01
1.984806090051230321e+00 1.220281037416294190e+01
2.115674990563225055e+00 1.227921646573145686e+01
1.275192317660850616e+00 1.185327313360953205e+01
2.163932929918358283e+00 1.185986101208582433e+01
7.894962105663591023e-01 1.167322290025153642e+01
1.631854160136176013e+00 1.175614337980846891e+01
2.307858016983515004e+00 1.181679625804514089e+01
1.786782233346266624e+00 1.214719356945056639e+01
2.196726563581383740e+00 1.241801557292612301e+01
8.295740011784357160e-01 9.957047400185865982e+00
4.783322919660383254e-01 1.149357003221947515e+01
2.094553247813608188e+00 1.208221814289012208e+01
2.142514609185792285e+00 1.214601765153537727e+01
1.924702021104644611e+00 1.134597188105411192e+01
9.946694313677793831e-02 1.240488725813060000e+01
2.117037937254612867e+00 1.200535719194608042e+01
2.292053435596770772e+00 1.133225462920912818e+01
2.100660053442822583e+00 1.174252684848898376e+01
1.102080520730821300e+00 1.190569696230489960e+01
2.137024749508633636e+00 1.181778875773924931e+01
1.997077955321108433e+00 1.174021699674540287e+01
1.128301056961336979e+00 1.185779405777404349e+01
5.020074147284712129e-01 1.166744471647863790e+01
2.360278918332584741e+00 1.188372281395534280e+01
1.599879160335930806e+00 1.162694925772236587e+01
4.801172417189938924e-01 1.022853196658089914e+01
2.052360595104504082e+00 1.245232425020578937e+01
2.203134468542655711e+00 1.146525949491454455e+01
2.068891646383393734e+00 1.186531629910729890e+01
1.944027855978490260e+00 1.140053490887216014e+01
2.078496549729055953e+00 1.229582171729843587e+01
2.019079510782382236e+00 1.116034837967853477e+01
2.103926652859872348e+00 1.219942569627017726e+01
4.798077385528696226e-01 1.091539287772997469e+01
2.093028689429544897e+00 1.215904488098995273e+01
2.021754385694307210e+00 1.209851875953149580e+01
1.525206438045444646e+00 1.167184776384442202e+01
2.056882199430543956e+00 1.085714658069236727e+01
2.148944475585674141e+00 1.157753568461709648e+01
2.239390285961941451e+00 1.242170548479112391e+01
1.539797572537866532e+00 1.148374092972341209e+01
2.216972061436108365e+00 1.161476586986023207e+01
1.013445508222176494e+00 1.196279591257751740e+01
2.220813712574940979e+00 1.134321401847319244e+01
1.653497060153167109e+00 1.131723877112514742e+01
1.604334977708239407e+00 1.171036752587700924e+01
2.128825852617477032e+00 1.120672204880461642e+01
2.172468468453726764e+00 1.123681246090783326e+01
2.144915311012088655e+00 1.217485989012301850e+01
2.129295970207165656e+00 1.141700468576017080e+01
8.663453392672928466e-01 1.092698860227407920e+01
1.974870580518816698e+00 1.236361357913088277e+01
2.002510694229683086e+00 1.233968327447553825e+01
1.929845405250263601e+00 1.170104846421201295e+01
2.030471594751085185e+00 1.130470766521518833e+01
2.178897692781771145e+00 1.203787528288946440e+01
2.201476425986898189e+00 1.191287880796723364e+01
1.917487064182639145e+00 1.250609916843261793e+01
2.022520246593194848e+00 1.108640003329374757e+01
1.234794226370352410e+00 1.168482033009457233e+01
1.690466041774284944e+00 1.197640471276466911e+01
2.043825935321347487e+00 1.120714476930479719e+01
1.989831395498580013e+00 1.238035145046230845e+01
8.191047941884527228e-01 1.071853982073909606e+01
1.936636107520344430e+00 1.183574133858274458e+01
1.796587689083882777e+00 1.150402506872836916e+01
1.430315416879366142e+00 1.144338191836985708e+01
2.560709023847801635e+00 1.236746651556853394e+01
1.857337151474961034e+00 1.197419706095869252e+01
2.280589844750304795e+00 1.181989938642617943e+01
1.886545243778870340e+00 1.188725778438755931e+01
1.979106438724781203e+00 1.139971696853103822e+01
2.002038915767235139e+00 1.242207732473346482e+01
1.034715141087049206e+00 1.202807044323810892e+01
9.632422170571288689e-01 1.066233776577155545e+01
1.900883624833240582e+00 1.210864670029909185e+01
1.789248747920945570e+00 1.225326738865520859e+01
1.642054370880027259e+00 1.193498810519028197e+01
8.203274055565531464e-01 1.043426231588057718e+01
1.747225809769548110e+00 1.178849176067853044e+01
1.900309652459005072e+00 1.145930619618508750e+01
1.484153544509136724e+00 1.172644778499794427e+01
1.366531342248316516e+00 1.174464538845474593e+01
1.933415721790081587e+00 1.184589828946722889e+01
1.883131696083533146e+00 1.150080945648270969e+01
3.265065850035572814e-01 1.289545295389216939e+01
1.251791797659999039e+00 1.196096514380172771e+01
2.100135463077618336e+00 1.120262910753163688e+01
2.203997151867477911e+00 1.273939034884180366e+01
1.973720145294136863e+00 1.139660423648087928e+01
1.543130299521504378e+00 1.117681076759007297e+01
1.749819810197100534e+00 1.192140487557155737e+01
1.023074257236575191e+00 1.124731744865339422e+01
1.999847538412118153e+00 1.175422506718452276e+01
2.110972670881803293e+00 1.134680258236109296e+01
2.082241356231357976e+00 1.210465870444888736e+01
1.696573363633246734e+00 1.178778257185830647e+01
2.043422287656315284e+00 1.193539798901572979e+01
1.990346240036889425e+00 1.115002460212286728e+01
2.027145070160519147e+00 1.169180882713633274e+01
1.915762804981471001e+00 1.190093192951993473e+01
1.747992294918140121e+00 1.174313554832262518e+01
2.129700688898611194e+00 1.096754737956156944e+01
2.092639846084536348e+00 1.086282398942278249e+01
2.330496048833038625e+00 1.227420534158705756e+01
2.194110298322932362e+00 1.135995264848661890e+01
2.167143864758817706e+00 1.164887230253459016e+01
2.152761842318474450e+00 1.127105559975402649e+01
2.008455481356671513e+00 1.154685381564286217e+01
2.246641110130762176e+00 1.239930881828746045e+01
1.473342101326187148e+00 1.126504791185110754e+01
2.039837251684956332e+00 1.178042259402753267e+01
2.119920244907813167e+00 1.183187697926266146e+01
1.310866722378502547e-01 2.219725081827763802e+01
1.478754775529576682e+00 1.209317733251068105e+01
2.075433338208256817e+00 1.223070436218386803e+01
2.182684134560179068e+00 1.155349277452538281e+01
2.064403433640966679e+00 1.135081598842112172e+01
1.907973961240699401e+00 1.172806107422316657e+01
1.877154300764618811e-01 1.698554629867044241e+01
1.778343401487175068e+00 1.135220437384896286e+01
1.580805142257772689e+00 1.188247292712288150e+01
1.149903002437458799e+00 1.157279081065489912e+01
1.362295058657646107e+00 1.184474299833405020e+01
1.703513082062376949e+00 1.162555854266442346e+01
2.320005097380772874e+00 1.248780070056498559e+01
2.041891852273348018e+00 1.078321393651215310e+01
9.507107768248956869e-02 2.974727438106669197e+01
5.109819898065596222e-01 1.184151154479624424e+01
2.312314951506851290e+00 1.205051987818369597e+01
2.395763479210564206e+00 1.170022763641042651e+01
1.937550934007350456e+00 1.169272616123626207e+01
2.041893532007593048e+00 1.205590182072800154e+01
1.900815790338872269e+00 1.164753663059704714e+01
2.115755774142354717e+00 1.173822740349821281e+01
8.852967904743288541e-01 1.131270467197079732e+01
1.100457309822189256e+00 1.166452932289948485e+01
1.877693231809535401e+00 1.186921942481439096e+01
2.109251204406240809e+00 1.108306914195788373e+01
2.279886556267826769e+00 1.118621488160628097e+01
2.135642570980546218e+00 1.207156093436258892e+01
5.788154754225578458e-01 1.103918123935546447e+01
2.191880068720392316e+00 1.183609898572420427e+01
1.458490493678540556e+00 1.146081798806724805e+01
1.903564409457761508e+00 1.243657151596298505e+01
1.829099629873998767e+00 1.215894362765035552e+01
1.738485141810941048e+00 1.173320998971509077e+01
1.421274398015440310e+00 1.187633334274197061e+01
2.136638150731235530e+00 1.116947209709911526e+01
1.970628073140779035e+00 1.125575519961380699e+01
4.666446770415539347e-01 1.187894707634024805e+01
1.547572373160126524e+00 1.147272200882239090e+01
2.458283069362317885e+00 1.256262542741930410e+01
1.200507501013852618e+00 1.132603607946965774e+01
1.897254035136354045e+00 1.199369630282359012e+01
2.315735162136562941e+00 1.195739884376365936e+01
1.941729492540533730e+00 1.167137713958933176e+01
1.301706258328061416e+00 1.208659177529455420e+01
1.779165429948382782e+00 1.127527589864254765e+01
1.008691096037949153e+00 1.014437285408109979e+01
2.111577258508382737e+00 1.170436000682254019e+01
2.216444916728611325e+00 1.202856577417090733e+01
2.008533049674640747e+00 1.262011707471636335e+01
2.158177107306648690e+00 1.181875968156703216e+01
1.891228406114726868e+00 1.157349383557149025e+01
2.066061905351664230e+00 1.204714529474293272e+01
8.119055969203335943e-01 1.228640909168144013e+01
1.711468394763444589e+00 1.184205609155832484e+01
2.015905027381876824e+00 1.159248654492140318e+01
1.278408573634488787e+00 1.120279514194350767e+01
9.778425735107099115e-01 1.069833433064852812e+01
2.057795398993978342e+00 1.179516945817065476e+01
8.878254642631361326e-01 1.083266650588830515e+01
1.283598451128000750e+00 1.176747852427349805e+01
1.138116135809855045e+00 1.077280554502626586e+01
1.550085080189352427e+00 1.209330050895399822e+01
3.843340068336076887e-01 1.023822150059384484e+01
1.454919113708680323e+00 1.130341154020101513e+01
1.983894083087357929e+00 1.152662903521197890e+01
1.675158822862439667e+00 1.143266108373768120e+01
1.625955975612318472e-01 1.470493774074471105e+01
1.928661373293908188e+00 1.144181457187962181e+01
2.008343588446915629e+00 1.160453584200906541e+01
1.969259727287187234e+00 1.145826288205018528e+01
1.873637315799281167e+00 1.136456943187995883e+01
1.814533409469825109e+00 1.243663179724735990e+01
2.126188085997533062e+00 1.190048548035651876e+01
2.117276072144981480e+00 1.080232244775789141e+01
1.387619766130989030e+00 1.160355099352864983e+01
1.174049687951411070e+00 1.120212696793264939e+01
2.080340934439679934e+00 1.147985156914310068e+01
2.440629071760440194e+00 1.149446174077851701e+01
1.793304560493156563e+00 1.176707892992661364e+01
2.093118780026446135e+00 1.127376639794969471e+01
2.036539673127626848e+00 1.135652416589938341e+01
1.953857473441915626e+00 1.204283377197319460e+01
1.667526546736533000e+00 1.116132390832608401e+01
2.461934609570395782e+00 1.210096235029306300e+01
9.220687895399082290e-01 1.246088589417604986e+01
2.385606409859612143e+00 1.150155169436860092e+01
1.044063775563148333e+00 1.091848522831241652e+01
1.375303356753937001e+00 1.130358293644662737e+01
2.124207580142969842e+00 1.142075213108683762e+01
1.985002696567023328e+00 1.206880404172061994e+01
1.967941991466604978e+00 1.173605167450281250e+01
1.866500784769069332e+00 1.203547972461647753e+01
1.281426051676415323e+00 1.169893866129800841e+01
2.331080222798335155e-01 1.558844349069147661e+01
2.167141458994278569e+00 1.209528652976144869e+01
1.194208531600395862e+00 1.228822256244524702e+01
1.921472710814689844e+00 1.130678701756385784e+01
1.781855272836710302e+00 1.215426412522366739e+01
2.093149761161940958e+00 1.141849515054669872e+01
2.010362365995869371e+00 1.157750248120512282e+01
1.757238228557728377e+00 1.183569750701549417e+01
4.145345266233071979e-01 9.584293681480072991e+00
1.950223990053713941e+00 1.187120200945696347e+01
2.036234097561632872e+00 1.172641484710838888e+01
1.444650061538015062e-01 1.386712949489903934e+01
2.234746975903690647e+00 1.191442342204613070e+01
2.217977721462446095e+00 1.248625272056760238e+01
9.544583200618060870e-01 1.152657329883897397e+01
1.887496332023461676e+00 1.199545615400347387e+01
1.977792048719240192e+00 1.185836743317770470e+01
1.021091160231659911e+00 1.077326024546679761e+01
1.883005550747230084e+00 1.209870704274860387e+01
2.296437304601178120e+00 1.261497264225811143e+01
8.743785794119856014e-01 1.121514374476103271e+01
2.139474544265644429e+00 1.153019968170740839e+01
2.251751859709691495e+00 1.126277187730753759e+01
2.120473792287257631e+00 1.170490033241783934e+01
1.749969355379238145e+00 1.220942480211062175e+01
2.394055642397581618e+00 1.175840777878748078e+01
2.237998132086991721e+00 1.163009908281945570e+01
1.421828338433287042e+00 1.229563331749866428e+01
2.049496573981067105e+00 1.126427380313393734e+01
9.641139583558480108e-01 1.077159854032433906e+01
2.386272865311932279e+00 1.189863758541008742e+01
1.876784431748782955e+00 1.215705582967224707e+01
1.965355311222048096e+00 1.140091244476698051e+01
2.276289077856237242e+00 1.166143556215673982e+01
1.119792393559550181e+00 1.177111916856904905e+01
2.065026622785183008e+00 1.120796752102206462e+01
8.535447511268633436e-01 1.123212677753648769e+01
9.704310988951171391e-01 1.077454019249167594e+01
3.928565806037854213e-01 1.089709261703697507e+01
1.109244185814810546e+00 1.089840787035168823e+01
2.105938986027783066e+00 1.209181083641306031e+01
1.788081168558637968e+00 1.191510277975486432e+01
2.131914602140125403e+00 1.072502316169817149e+01
1.896538889519163273e+00 1.168987500929656420e+01
1.542480000702059373e+00 1.190359279880582122e+01
1.945366067408951460e+00 1.125729429627720179e+01
2.009556210404277010e+00 1.156804961995212544e+01
1.919896499676938317e+00 1.218100432729343829e+01
2.382417235787750442e+00 1.245427218543947667e+01
1.920255997809773962e+00 1.200896363853621729e+01
2.230954059704247427e+00 1.189925689972159439e+01
1.957060805674742499e+00 1.229418365389494383e+01
2.055515333602609740e+00 1.219835066385613764e+01
2.212292813839837446e+00 1.183911077296533776e+01
1.169422478860678849e+00 1.110122369591513447e+01
2.029257022658283560e+00 1.105690254404830775e+01
1.224574683367371936e-01 1.068561457199348830e+01
3.990255895328890801e-01 1.237029838235871004e+01
1.774832237112277555e+00 1.159249646330332162e+01
2.201759006636492266e+00 1.199003189940727943e+01
2.264960599629773252e+00 1.153629567453417160e+01
2.170254635807431498e+00 1.111974367059386637e+01
2.101418605663246009e+00 1.185374998577286654e+01
4.528587741809943501e-01 1.222208181100229574e+01
1.368637387379292525e+00 1.170325035307931927e+01
1.312047033320380196e+00 1.150048714829371121e+01
2.112451940472964917e+00 1.155224178131263280e+01
2.083578353936662797e+00 1.123643422137290315e+01
1.140244170920185152e+00 1.170530407005469797e+01
1.110305474428204819e+00 1.086955831616750068e+01
1.687337430458251131e+00 1.132261969242120614e+01
9.199297921560708469e-01 1.125914250021281937e+01
2.009395193203091345e+00 1.095634501134705552e+01
1.951097097652066514e+00 1.216529905116620647e+01
2.196549791707797628e+00 1.253506134365115621e+01
9.372592164028682449e-01 1.087164645190346057e+01
2.086042615284155577e+00 1.191264012063704847e+01
2.127305467807093731e+00 1.162631316020732442e+01
2.028510343756827705e+00 1.098251650146496416e+01
1.860770093051226981e+00 1.185454200162605076e+01
2.106511516344500734e+00 1.190198185506713990e+01
7.959729343707232507e-01 1.036802070859927660e+01
8.352163344575090909e-01 1.062156885887810098e+01
3.707078715297069116e-01 9.540544824774350730e+00
7.907101642547361697e-01 1.086725101038604713e+01
1.539411713185368402e+00 1.160731333944026922e+01
1.992990701545272358e+00 1.246309669080995519e+01
8.948671378068533411e-01 1.170294160309997800e+01
1.946849962764422015e+00 1.195387677674111515e+01
1.979710831804230020e+00 1.123621424663036805e+01
1.739606903079746525e+00 1.200960630971208154e+01
1.857373304982282702e+00 1.221824561303436951e+01
1.611784567439985771e+00 1.168774938186021473e+01
9.945553768216019996e-01 1.131477522549104187e+01
1.110701966001731877e+00 1.163990834896173077e+01
1.187248063325596847e+00 1.164949064107575261e+01
2.251645588093974304e+00 1.139547150594994740e+01
1.522352364433998462e+00 1.127212384317466842e+01
1.669984306011119690e+00 1.208447091631090231e+01
2.552667256582013433e+00 1.255761939633302937e+01
2.067993204532212470e+00 1.236327042142974975e+01
9.769038782882255578e-01 1.107947871221379899e+01
1.239357405239249532e+00 1.113668848373515807e+01
2.013100479408153731e+00 1.247514163075283378e+01
1.526501816535906997e+00 1.159584830779334297e+01
1.940366480922733450e+00 1.178120153203683707e+01
1.618307115346143465e+00 1.117495010210258677e+01
2.273589836541512366e+00 1.112791511066977179e+01
2.207583172201633026e+00 1.178602799149329350e+01
1.828685437357385535e+00 1.184489605573152105e+01
2.031423347200863372e+00 1.163768716752564103e+01
2.021314059727363333e+00 1.154079202952414107e+01
1.935236085442961107e+00 1.220321282998382983e+01
1.917687092192506881e+00 1.189953826194168052e+01
1.004682464289687882e+00 1.081536167498064671e+01
1.951003050704299246e+00 1.162781210000582277e+01
1.886220910988483990e+00 1.221635107942011444e+01
1.859187352301639340e+00 1.170465780447728932e+01
1.978265598495810629e+00 1.155483224924057950e+01
2.012226114652815756e+00 1.200164983626649651e+01
1.634565725826027771e+00 1.122001215705258304e+01
2.017914948703321443e+00 1.183366367198211755e+01
2.011979429615798676e+00 1.157346364360728153e+01
2.330936204233735154e+00 1.262476914350789592e+01
2.212247802655268991e+00 1.109804099935828070e+01
1.014276481750360226e+00 1.126229783942137352e+01
2.015661628443279341e+00 1.219457184747337131e+01
1.180089265546827804e+00 1.111519320870347727e+01
2.080491908889115393e+00 1.181336885249248247e+01
2.203644571421042198e+00 1.220074469176053356e+01
1.290485667618906040e+00 1.140307375131357048e+01
2.015243008111196055e+00 1.097602927247353044e+01
1.854241484582375699e-01 9.508554593222774187e+00
1.829688720937641788e+00 1.157638712569395523e+01
1.045862139332577767e+00 1.164853438237329186e+01
2.144512731895391155e+00 1.110130112383053635e+01
2.062133531045278634e+00 1.171657979209248879e+01
2.066025842534084944e+00 1.182267051715049000e+01
1.809999331361979324e+00 1.235205970746224224e+01
1.724009428207699424e+00 1.183011980660014473e+01
2.020596077465335316e+00 1.246136076237794477e+01
2.058307455977979927e+00 1.190777202387860356e+01
2.094900690055451875e+00 1.192910805658794260e+01
7.258293623778654391e-01 9.962325800693685451e+00
1.831520486944288040e+00 1.148971755554067187e+01
2.035418258048546924e+00 1.131941124658521325e+01
1.826173011446728500e+00 1.234133191386540496e+01
1.268051158234630105e+00 1.210482240774907936e+01
2.095620298317580676e+00 1.186018729914819581e+01
2.978047042458533133e-01 1.291274726555789520e+01
2.082628038325806674e+00 1.147688724412683214e+01
9.766711629690557617e-01 1.157030901009613899e+01
2.091059892827540345e+00 1.176290542567268460e+01
2.045587719084645872e+00 1.156381602006033837e+01
2.009066289495209823e+00 1.175034672509140066e+01
2.098175586214834798e+00 1.176687344204511199e+01
1.684257851128337036e+00 1.222108539796961679e+01
2.641025144957038773e+00 1.246305961839656540e+01
1.991386540402400263e+00 1.266378341544634445e+01
2.176503780501422902e+00 1.216862537645718056e+01
1.139725635823012562e+00 1.137259703061758920e+01
1.439737440993389184e+00 1.153728901221810332e+01
2.040224974343896491e+00 1.222821285296602234e+01
1.171921943398784860e+00 1.172880472648381556e+01
2.185722326763320122e+00 1.106728670091175992e+01
1.062698134932259730e+00 1.068240173525344971e+01
1.770117062327887680e+00 1.180710211527053488e+01
9.717565959937607412e-02 2.841213367920386546e+01
1.995137140425531808e+00 1.217603587829336043e+01
2.282321972975896340e+00 1.223403358423288445e+01
1.700475837046880878e+00 1.192268256306525309e+01
2.031194126016514723e+00 1.127885979040730291e+01
1.068804140987668960e+00 1.097483182820453784e+01
1.884126737675223540e+00 1.171587551804801741e+01
2.601780092543254153e+00 1.245480998327689903e+01
1.621093276046083886e+00 1.118747770158644350e+01
1.998988963378971473e+00 1.220717886945654485e+01
1.127839371946450786e+00 1.109974769857840826e+01
1.740431692865797020e+00 1.203947093372747368e+01
1.277204751067472666e+00 1.086641985328558846e+01
2.029010436738157175e+00 1.166802659099289841e+01
3.368232535325293986e-01 1.376034908961410252e+01
1.341376535611151999e+00 1.194635419326502657e+01
1.248322169459642250e+00 1.112074284709177974e+01
3.870473458444105841e-01 8.792025271815843368e+00
2.127205649386673780e+00 1.212715571208071808e+01
2.119764838256184891e+00 1.211102749449655214e+01
2.374061611037896480e+00 1.224787322196517536e+01
4.038123645329408928e-01 1.248400808085201774e+01
7.206553614037114475e-02 1.841052271279941266e+01
2.073851519285973666e+00 1.130752167872760694e+01
2.103501317556857764e+00 1.261472193763490957e+01
1.882554006572282557e+00 1.169595206993488645e+01
1.975517993404020567e+00 1.212289392523770459e+01
2.068262141277351418e+00 1.167900209101097175e+01
2.164461679041507214e+00 1.134889774414533825e+01
1.438566926806040369e+00 1.169145131777044178e+01
2.097803004756146006e+00 1.149939103315708522e+01
2.169433574100267048e+00 1.225652331978058029e+01
2.106388149459394121e+00 1.193254977729550070e+01
2.037840502183297264e+00 1.201645942652227284e+01
1.885209115536085056e+00 1.249488205178011846e+01
9.164515130412447252e-01 1.112011626206753512e+01
1.513050879030176876e+00 1.152584037067018841e+01
1.163343059658981105e+00 1.133444224284821189e+01
2.106179896548480368e+00 1.161757336423838005e+01
2.131339896603728246e+00 1.169353192485928616e+01
1.915482494271400382e+00 1.223656150329740555e+01
1.181280886761392201e+00 1.200616632132739348e+01
2.824793709966397781e-01 9.174369317267036195e+00
2.292640514901986393e+00 1.141662961858066083e+01
2.085522074783573210e+00 1.188240628642221886e+01
1.520520138953016964e+00 1.136217603500199758e+01
2.116425460845379636e+00 1.214423148802483432e+01
2.078313970734947613e+00 1.210710015633693004e+01
1.779031928904123649e+00 1.177045442368566341e+01
8.571996874854569404e-01 1.021324726745205780e+01
1.776840052153919380e+00 1.222452738665385574e+01
9.617394333601337886e-01 1.080381207175987157e+01
2.196886335922504152e+00 1.162551734496733857e+01
1.692579249368394212e+00 1.192453387935841036e+01
1.678750604380259803e+00 1.241332473457919683e+01
2.038360242024351177e+00 1.246391739603068238e+01
2.095083202720715576e+00 1.192368689497954470e+01
2.237080389478583342e+00 1.227798347062633333e+01
2.039548847517879793e+00 1.220891950453757246e+01
1.904321210874319048e+00 1.162317951367537994e+01
1.968629327756301839e+00 1.192825562554294194e+01
8.308167898510875338e-01 1.084763617210576747e+01
2.371871999452404012e+00 1.195987086084811502e+01
1.608065540344135069e+00 1.177701739542004233e+01
1.497102842920394972e+00 1.192827320453589834e+01
2.022540842914562820e+00 1.158559368384792876e+01
2.249212565235387817e+00 1.190518178533073090e+01
1.937359564118535715e+00 1.193365872291351160e+01
1.105157016277129589e+00 1.043770808831115104e+01
2.026047865994438091e+00 1.165405405383650894e+01
1.984456241959557277e+00 1.133085892432552022e+01
1.669937896745254058e+00 1.160272003662939433e+01
1.361271742914250904e+00 1.155705015169233540e+01
5.328829826515348034e-02 5.000000000000000000e+01
2.012613336230092198e+00 1.114304780190149025e+01
1.097815555300035273e+00 1.167788284446613822e+01
2.031646349755261927e+00 1.131229697912005783e+01
1.835783989291086771e+00 1.128800243605732945e+01
2.020238390738713363e+00 1.089244252823640124e+01
1.988955844364409087e+00 1.154937867528986040e+01
1.642453922269678346e+00 1.170065316384226328e+01
2.060901843048509097e+00 1.100811613521712573e+01
1.991943293470090692e+00 1.142016258930949313e+01
5.739935823392998682e-01 1.204886225021187940e+01
3.136486975655864429e-01 9.314190387795864723e+00
2.003308550583938974e+00 1.255078287227111211e+01
9.042556902849758771e-01 1.016366640629871121e+01
1.745269728504164952e+00 1.218471089146874320e+01
1.766386472629067228e+00 1.176723152919094595e+01
1.447300796427519076e+00 1.182052608249285264e+01
2.065164099270119902e+00 1.175568457283610257e+01
1.359589043057088276e+00 1.132905751186580368e+01
1.683774652940035921e+00 1.183289977742269450e+01
1.884266987799970261e+00 1.203277914350136335e+01
1.995187924002151503e+00 1.147469102430584442e+01
1.969062106198606443e+00 1.188315770159803186e+01
1.968659352009981545e+00 1.220960220187163614e+01
6.827749391887093233e-02 1.294816092753493031e+01
7.125256039809517716e-01 1.017473855687342876e+01
2.107011782136796185e+00 1.073938747901681090e+01
2.208669024620771193e+00 1.192998729646879497e+01
1.235570196750817029e+00 1.141156112797877675e+01
2.217147344121844998e+00 1.235703672565989031e+01
2.008746496824219907e+00 1.093137538047081847e+01
2.157403121127358325e+00 1.171289149933989648e+01
1.767599426934274742e+00 1.149852039812444637e+01
1.957440540782054761e+00 1.150775953560860820e+01
6.765765093376764350e-01 1.024383541466839276e+01
1.422131323081276655e+00 1.118389136642631598e+01
2.121249305238082528e+00 1.189841267659435253e+01
2.036160957620014589e+00 1.172141257206931186e+01
1.651653893824263974e+00 1.173122656679751508e+01
2.005027277072404690e+00 1.122449630890019634e+01
1.839146029128207127e+00 1.154382757459678643e+01
1.747593088079070878e+00 1.242224103854595185e+01
1.998372478553352316e+00 1.219234307364102854e+01
2.172204262882302395e+00 1.215632113156036276e+01
1.716988235111547967e+00 1.122836014787947967e+01
2.022923131714070344e+00 1.124445797701521954e+01
2.010518752364795159e+00 1.094130810495289552e+01
2.111497222416389263e+00 1.107226889245892565e+01
1.669679339678566077e+00 1.196187978936613305e+01
1.727080024378104595e+00 1.200445282611822329e+01
1.313686011279638910e+00 1.140877930679557650e+01
1.905258074913219080e+00 1.179786785242693448e+01
2.571333413891873310e+00 1.319983317928850397e+01
1.694968051002834430e+00 1.220390995955806979e+01
1.855585852700989635e+00 1.212841092615460425e+01
2.082995759283738035e+00 1.154107279998401658e+01
1.173488967371228986e+00 1.186422913727252038e+01
4.709629790339300293e-01 1.156849239785879213e+01
1.683820702897095734e+00 1.145038420296810067e+01
1.672307835439300616e+00 1.167578729596569609e+01
2.118598841491551088e+00 1.155490118831446189e+01
3.205866052197511862e-01 9.111279147589609551e+00
2.227658774736158698e+00 1.142718457889998085e+01
1.215349095435246385e+00 1.121994158028406829e+01
2.058211762928326305e+00 1.172590780746178929e+01
3.504277886236598638e-01 1.120813881805404755e+01
1.937176335377936764e+00 1.182025944523461547e+01
2.085535026384279789e+00 1.127323437552270313e+01
1.970088740157031948e+00 1.144011053167844594e+01
1.749041723216323341e+00 1.241459660356255945e+01
2.086883411682242340e+00 1.110400506610061733e+01
1.841007400641358371e+00 1.128831469044916069e+01
1.969271946099270698e+00 1.216317327890602584e+01
1.908715377481560616e+00 1.231230330695150244e+01
1.775025893935675558e+00 1.233595036306754444e+01
1.866450975306543247e+00 1.148686595727274806e+01
2.027327718809945889e+00 1.182800381803158452e+01
1.781137242484971406e+00 1.175731726103919605e+01
1.859667608915082315e+00 1.233406008452749880e+01
2.454217718174341201e+00 1.215315250102030298e+01
2.147468385129591706e+00 1.132762922943696360e+01
1.763305289899664396e+00 1.132945407580293917e+01
1.511921629347739771e+00 1.192766265515439272e+01
2.213257728431845095e+00 1.218049130073930542e+01
1.264724019107482889e+00 1.145865134602603064e+01
1.902337621292840675e+00 1.234826561964647595e+01
2.327007374486817159e+00 1.255870765478106854e+01
2.095967896412249232e+00 1.214526479596261410e+01
2.050252101566857998e+00 1.097253065454594712e+01
2.193295301058391988e+00 1.157335897978003914e+01
8.175559488422896592e-01 1.046958434868491139e+01
1.932191294650292823e+00 1.150581253698262074e+01
1.832678915366891870e+00 1.188290206761731760e+01
1.822507840413526647e+00 1.231725366884852235e+01
1.171975174055550850e+00 1.168838426634542671e+01
2.038376076193004316e+00 1.123763838229967682e+01
1.372326209110724671e+00 1.184072535476259880e+01
1.353411081189642928e+00 1.123936265951317992e+01
1.535843037060158567e+00 1.116014559480895940e+01
1.515614595126602682e+00 1.160309720779485332e+01
1.395526269000409103e+00 1.102551936315767556e+01
1.394570951178199181e+00 1.138179789617774773e+01
1.890748871481674476e+00 1.130113873077417708e+01
1.566424044982694053e+00 1.155125686356457138e+01
1.956338553630478927e+00 1.188125792807466574e+01
2.257076354678433816e+00 1.226041222732519209e+01
4.102065702532127767e-01 1.224381326113991442e+01
1.398702156590634793e+00 1.215889454459762931e+01
5.449385153369852297e-01 1.125303412692465166e+01
1.965775140694025591e+00 1.214825395663784136e+01
2.065070369730366284e+00 1.204591980012076036e+01
2.065849700475424378e+00 1.179570230254768681e+01
2.096604845732246147e+00 1.121825114549939073e+01
2.095279010791632146e+00 1.158834382580492672e+01
1.971905615955784619e+00 1.134652438356935455e+01
1.121570644928887361e+00 1.205435529233413661e+01
2.166475426731563125e+00 1.195276773337861265e+01
2.146031562851001606e+00 1.164828263827173771e+01
1.979805549698141709e+00 1.125453855689301896e+01
1.368407336163503407e+00 1.117278441066250672e+01
2.025142854164867945e+00 1.171250290610551836e+01
1.184375531674061177e+00 1.181551886377790161e+01
9.910914326476474301e-01 1.200170349395017588e+01
2.499680934498581308e+00 1.229668203920221004e+01
5.573964157681251530e-01 1.074044298964420641e+01
2.255006008335064482e+00 1.181113505346253589e+01
2.000368258208138794e+00 1.137835312767524520e+01
2.065756991455940828e+00 1.096414361849242347e+01
2.179911119862359303e+00 1.233614196208606728e+01
1.984965666019882780e-01 1.315187160915670006e+01
2.189065836548221178e+00 1.176228857219248702e+01
1.693770639545367995e+00 1.188878689636626085e+01
1.684788303984220859e+00 1.180143101495250768e+01
9.666278986990762823e-01 1.051004910753480459e+01
2.137254948656777565e+00 1.133066561928501059e+01
1.762933347321045563e+00 1.111539142282889969e+01
1.960787037140801603e+00 1.194262643325636652e+01
2.018304664768657108e+00 1.203567298940653885e+01
1.996288464305369992e+00 1.179060632763082239e+01
2.048036446622971241e+00 1.184128443138183506e+01
9.822379815721314911e-01 1.120397232010176403e+01
1.438700010296892762e+00 1.180898221084682120e+01
8.186552490818852501e-01 1.185651371856912206e+01
1.539768759549699162e+00 1.171236556858506006e+01
2.184278441442831564e+00 1.193996422368559962e+01
1.996956098512701283e+00 1.143765036607876695e+01
2.276173101989539482e+00 1.178065309008265160e+01
1.998307317491544000e+00 1.221787551107145831e+01
1.955277412642705492e+00 1.248163502794037605e+01
2.283187849427243510e+00 1.115168710420354437e+01
2.175268449758326117e+00 1.223540183957793026e+01
2.270480424865318092e+00 1.210907715074017865e+01
1.705846261000435238e+00 1.221438614984152338e+01
2.154252165553208087e+00 1.176143470230591426e+01
1.926422164457883834e+00 1.187146202320806765e+01
2.133017416863403959e+00 1.136951228956612248e+01
1.999118990671245877e+00 1.185230531425071021e+01
1.822036480069533892e+00 1.144855430471155522e+01
2.031281321781597260e+00 1.171111003029715647e+01
1.937064064177459466e+00 1.153139775409421652e+01
2.023108604919969356e+00 1.213692491014584895e+01
1.448632228435653868e+00 1.214023357286412796e+01
2.017920066601424089e+00 1.237857161274469853e+01
2.143005574367720989e+00 1.131613540587839140e+01
2.444933684049573619e-01 1.474385261791579005e+01
8.351694856456178817e-01 1.031022260470435903e+01
6.608307869250743538e-01 1.089017760602064655e+01
1.299696712443297431e+00 1.192598446729571471e+01
8.487283370749330036e-01 1.190813849772353272e+01
2.148036669652073627e+00 1.202141775786148337e+01
1.412109901161194836e+00 1.140596360304710721e+01
2.144453032929944047e+00 1.069976802118585191e+01
2.070186259251018068e+00 1.120482165941412767e+01
1.961640743403999965e+00 1.144273257921132725e+01
2.057715434305026125e+00 1.186433512921264466e+01
4.769916636549462186e-01 9.686845684635347453e+00
2.078420766889177873e+00 1.256397274229165717e+01
2.247356399310733277e+00 1.150641028650534814e+01
2.091225946700162375e+00 1.167917290859672086e+01
1.966371559408355507e+00 1.190568720779406320e+01
2.112247157366032191e+00 1.159315883287020910e+01
2.209023313595359639e+00 1.199963224457197342e+01
1.520872018486278732e+00 1.122474311940614911e+01
1.231248417623619806e+00 1.135428514509103692e+01
2.223307767203347662e+00 1.164651238160805136e+01
2.339016871276462517e-01 9.423724897200706607e+00
2.058549597340096682e+00 1.131751514504300360e+01
1.164477719526227917e+00 1.128560029357719685e+01
2.078127892529300524e+00 1.140288240319711122e+01
1.675133661986146771e+00 1.232151294278231646e+01
1.560473844354932194e+00 1.176388994003344735e+01
1.759811881712989301e+00 1.189090885447111390e+01
2.065868343634700288e+00 1.191452407488339382e+01
2.089210880664473358e+00 1.089763816141381803e+01
1.890917700156467207e+00 1.185639188441302849e+01
1.947784120302389566e+00 1.141922755986866100e+01
1.919737063463640814e+00 1.150160833078520817e+01
2.117924788441967188e+00 1.104900608377298532e+01
1.749547570142800268e+00 1.153391382888473160e+01
2.172820828587482822e+00 1.221061086242927907e+01
1.673421241944381688e+00 1.227524377950542167e+01
2.099637494845538743e+00 1.210234188651074128e+01
1.924760520187093871e+00 1.158469560663157338e+01
1.935199362636424114e+00 1.146372474941099284e+01
1.594071820682790297e-01 2.009841276782784902e+01
2.180453827218880480e+00 1.226815445205888544e+01
1.981763498260856959e+00 1.151071925593193690e+01
2.061404322170033776e+00 1.107344563773697388e+01
1.984981317380727583e+00 1.178505314025618667e+01
1.686109380978023875e+00 1.178880121214227472e+01
1.766224645078054545e+00 1.236816928147815808e+01
2.196489074692368426e+00 1.190758111724556656e+01
2.054058790228030063e+00 1.097318955541275365e+01
1.680148003095242260e+00 1.161883017556566777e+01
2.076489407078860872e+00 1.163085695216719984e+01
5.816432476261828438e-02 1.770826859629114480e+01
2.133020311119167012e+00 1.116847930822245161e+01
1.963446614474021468e+00 1.228821588672862219e+01
2.332565561881482896e+00 1.173890999143073266e+01
1.557242899122303514e+00 1.185459111635782747e+01
1.690486197692935955e+00 1.214277196643333134e+01
8.717609246184572225e-01 1.033761314704679357e+01
3.711892531101678716e-01 1.186508083001850622e+01
2.232116190625226704e+00 1.201459443457325271e+01
2.202235640888600798e+00 1.137999631314086280e+01
2.256400554539462089e+00 1.150315572575923362e+01
1.647762501260203960e+00 1.195931347894622654e+01
1.089585146248412517e+00 1.156552057440432257e+01
1.359958083993529687e+00 1.147895270034257109e+01
1.238331821919047115e+00 1.192520893746418587e+01
2.208393472459813545e+00 1.225316638768506294e+01
2.314615706564600917e+00 1.121190986791622279e+01
1.049568155275893977e+00 1.053588701257373472e+01
1.482793034634581453e+00 1.146909371883024242e+01
2.272012744424999120e+00 1.233888682015286697e+01
2.044590989821174265e+00 1.147351893776673570e+01
2.253452101814907405e+00 1.210126624408138873e+01
1.973655966003814877e+00 1.178465948062865465e+01
2.341569817713522461e+00 1.188162029808818332e+01
1.900628509110085185e+00 1.232661086314440091e+01
2.161599691696271197e+00 1.157989846170883830e+01
1.992876065012663123e+00 1.144141548590777191e+01
1.944481448249642641e+00 1.164208800698976809e+01
1.985754600363166089e+00 1.160654168581789136e+01
2.191849299990941358e+00 1.185152511848832724e+01
1.570584782194401896e+00 1.135554108738298495e+01
1.936671221816498534e+00 1.205418527427213427e+01
2.043044982872932014e+00 1.170746885023617700e+01
1.991662880403470837e+00 1.226857573304986637e+01
2.016148669879114674e+00 1.239482604285903555e+01
1.737525055415342745e+00 1.184759629765632738e+01
1.921515974928311721e+00 1.209545831606135913e+01
1.972675179495822384e+00 1.128951559819631711e+01
2.088343177524226491e+00 1.078412692566915965e+01
2.001641336481748912e+00 1.159080247382578044e+01
1.328845416441702731e+00 1.136618154261225833e+01
1.225676094652830894e+00 1.102843169342043161e+01
1.931476402850304641e+00 1.205144806996125517e+01
9.057917058118163389e-01 1.115879905721499732e+01
2.105926102936580779e+00 1.205420600892754202e+01
1.872809626572498720e+00 1.156606171905051461e+01
2.016344311789433963e+00 1.135753116422701225e+01
2.272339249384531357e+00 1.198417305485130235e+01
1.861561371531483822e+00 1.196877377808850440e+01
2.270734363802774158e+00 1.270111070619682536e+01
2.263636533846343557e+00 1.261333369822762052e+01
1.843359074047109969e+00 1.200602127625645288e+01
7.797328717618517979e-01 1.044324538356318754e+01
1.951795750980667821e+00 1.190844634579836381e+01
2.026919247540584834e+00 1.173594676319867069e+01
1.992846189797310430e+00 1.127743491689332345e+01
1.919423455983078508e+00 1.223595983730273140e+01
1.083277151307016295e+00 1.084291420042465148e+01
2.317051190602263055e+00 1.128712468645322353e+01
1.925660052692143687e+00 1.178828683897439689e+01
1.639076146158485070e+00 1.135351237200826802e+01
2.019181535442728492e+00 1.185804305266755598e+01
2.331880631068963261e+00 1.193500639086188464e+01
2.169114830768908764e+00 1.102320310225336542e+01
2.029002836298801515e+00 1.106756578660854196e+01
7.817154957764496093e-01 1.046756025551718849e+01
1.906250221288414037e+00 1.127555522169085478e+01
1.973162512941777802e+00 1.150478831092424414e+01
1.455518801986375843e+00 1.165271169347103708e+01
2.307878537506562022e+00 1.181935720873853235e+01
1.788542338144829547e+00 1.158078952705188946e+01
9.509483934632034785e-01 1.095000310214901518e+01
1.886052520408363131e+00 1.130509954155685293e+01
4.679911757255725835e-01 9.259673205578643262e+00
1.735896504697837406e+00 1.173669497308201848e+01
2.024481991705130213e+00 1.146505227878793853e+01
1.815899497462964085e+00 1.194247656716822092e+01
1.754690453043503018e+00 1.207234367957760846e+01
2.217521568511813701e+00 1.106930196743620876e+01
1.670744811069271973e+00 1.123784914523010592e+01
1.148393694934721099e+00 1.117967407197805585e+01
2.068334779553202107e+00 1.176974728603852682e+01
1.989200680697460477e+00 1.214424289520815492e+01
6.519847512163269299e-01 9.410293134124602332e+00
1.874427365653507094e+00 1.207030384363465991e+01
7.935490598471804935e-01 1.091520502758744726e+01
1.897889744979537330e+00 1.226849756692374527e+01
2.131408321791316229e+00 1.105441553107345776e+01
1.804206541957604326e+00 1.137263648476390898e+01
2.182095857113587556e+00 1.063490307320160611e+01
1.551447643641332474e+00 1.212935416102564012e+01
8.254034837708325301e-02 1.223229828493397164e+01
2.036710766391290228e+00 1.200518659648974484e+01
2.053842483892209358e+00 1.218847511044589638e+01
2.101773906066130237e+00 1.199390718347741291e+01
2.119341375989618470e+00 1.126507993203467706e+01
2.126573492707281687e+00 1.154299910614360591e+01
2.360155151527266959e+00 1.157757870493756869e+01
7.314227643989926197e-02 5.000000000000000000e+01
2.226398953014113946e+00 1.189180154152879254e+01
1.230120542181644794e+00 1.096259635158227574e+01
9.398177389501009005e-01 1.201839269318364067e+01
1.591162312453269223e+00 1.199865398541252048e+01
2.009514636041559665e+00 1.111200000920763209e+01
2.197216215128400929e+00 1.148504531069737133e+01
1.950889511683659538e+00 1.173701902792821095e+01
2.302953500500808826e+00 1.162378407535943481e+01
1.930417198515157473e+00 1.195569102915205306e+01
5.454880948519885697e-01 1.082343665364172303e+01
1.506133808315641254e+00 1.196984718519547997e+01
3.084127037243973857e-01 9.131874725499002921e+00
2.063693904810330881e+00 1.115800482194655885e+01
2.058631660791220952e+00 1.094218086319666128e+01
2.033512217816530132e+00 1.187076159579476098e+01
2.050570878256429364e+00 1.171716977104523494e+01
1.761026676643117517e+00 1.200741214066333562e+01
1.991657696296932123e+00 1.145584877618342112e+01
2.098764632771960681e+00 1.174682888352471721e+01
1.996535645657469882e+00 1.144925270855338795e+01
1.850973735066865578e+00 1.200376983565288569e+01
5.300840934642840896e-01 1.039219078130365048e+01
2.106030402812844926e+00 1.086883702512121808e+01
2.041881996980437375e+00 1.219803660545525759e+01
1.997563642822846930e+00 1.162423690727411696e+01
1.521565981773432386e+00 1.129086253437924725e+01
2.339852398555068547e+00 1.198618274708085885e+01
1.914345163280505968e+00 1.214315512373587502e+01
2.125507094658893870e+00 1.086671875565862244e+01
1.488568475636462107e+00 1.206113685017869663e+01
1.847314802585779514e+00 1.158300026025930940e+01
1.971619417523503337e+00 1.145455351565819235e+01
2.069866704383165779e+00 1.188398394103727362e+01
1.656723176887331617e+00 1.145032999572828913e+01
1.750306629866592134e+00 1.164058243498843481e+01
2.119604949198265142e+00 1.169788160385880538e+01
1.479515995590371169e+00 1.157930712011000907e+01
6.187956619738226305e-01 1.003272449536595445e+01
1.926845062406026710e+00 1.183508039223682573e+01
1.649317639957105230e+00 1.125159010757190181e+01
1.155082007429748536e-01 2.010440234702936024e+01
1.073950919099321499e+00 1.106900518123469368e+01
1.731920638011302360e+00 1.146722772311891347e+01
2.248364815478173906e+00 1.191691056170253482e+01
2.409682232780056221e+00 1.196446523123968575e+01
2.020904005853816354e+00 1.170687977655797063e+01
2.016678412118225960e+00 1.181752108325333772e+01
1.225102008111598195e-01 2.045199694449695116e+01
1.990877958590929087e+00 1.153672775681352292e+01
2.169447025123965922e+00 1.243254407163049180e+01
1.020977618825187117e+00 1.084718377583896931e+01
1.256246577731529035e+00 1.107867508197008632e+01
1.650583888175629177e+00 1.187634871886651311e+01
2.162214597170267094e+00 1.171146700642097116e+01
1.903630147947934947e+00 1.247668559251746245e+01
2.096951479372999305e+00 1.117756695613372919e+01
1.866814054464166928e+00 1.211507797354215121e+01
2.159081957688248732e+00 1.239963307820912952e+01
2.012809277963512056e+00 1.129505841488100515e+01
1.821625954713630424e+00 1.141240491397554102e+01
2.567268799775115351e+00 1.263871171866496823e+01
2.429058159860350230e+00 1.184293734761810946e+01
2.051758304990521697e+00 1.149398853235265072e+01
7.187432965890472314e-01 1.115992217270423836e+01
1.968715662829712221e+00 1.228643576349664457e+01
1.700042204596279749e+00 1.189325506975438174e+01
2.194401168461193041e+00 1.248249218335518407e+01
1.259311130181734129e+00 1.109244951048881056e+01
1.131944842775807425e+00 1.187867162207365013e+01
2.270855435033571457e+00 1.166664980448871702e+01
2.911563585718580649e-01 1.276152144638895258e+01
1.748519258024264333e+00 1.214237133339569752e+01
2.046682336520155854e+00 1.163704572322923525e+01
9.649081026133919936e-01 1.233430925726141503e+01
1.838224064775698663e+00 1.131118091860830965e+01
1.479673221011482465e+00 1.207062446994819460e+01
1.668816105702964236e+00 1.177555007435865164e+01
2.042201445680574601e+00 1.146896001862945447e+01
2.146492201133470168e+00 1.101279593764613551e+01
2.139001131301775604e+00 1.208686020100090630e+01
1.771752632471634392e+00 1.244534695420614590e+01
1.819953342349683645e+00 1.143768093046537437e+01
2.026187665779735525e+00 1.182444474916014165e+01
1.995936669980728828e+00 1.125825385254416666e+01
2.228354641201557129e+00 1.110828594556164894e+01
2.017762409740465834e+00 1.125573896610320013e+01
6.372325362418006511e-01 9.931569382222193099e+00
1.835481571343674068e+00 1.149534561665035071e+01
2.404155265711199085e+00 1.194473048407642324e+01
1.836346694501999055e+00 1.156529226139597100e+01
2.163869425410380742e+00 1.166405717662292574e+01
2.238683785645746216e+00 1.092828690712128825e+01
2.022816709093195886e+00 1.232716053356715769e+01
1.999243747615628175e+00 1.165352492034068987e+01
2.148562945847181549e+00 1.182473312332967730e+01
2.644429668336570893e-01 9.682440767462596298e+00
2.065626478669819743e+00 1.208887232268779499e+01
2.064566001237953419e+00 1.137488533065881136e+01
2.094188888558482731e+00 1.149347664495136812e+01
1.846172071771537748e+00 1.184394111550117401e+01
2.137256036375379864e+00 1.157912554240179759e+01
2.222359175491738448e+00 1.153826864446724798e+01
1.975965259151341913e+00 1.186979854356653341e+01
2.069154019016706147e+00 1.128980806727394004e+01
2.152823294178043856e+00 1.135553881001325038e+01
1.591388870380524345e+00 1.203332782514147503e+01
2.091619009110127436e+00 1.157591676686530846e+01
1.666495592579937846e+00 1.204744278931070589e+01
1.709357581142523230e+00 1.160093503339874133e+01
2.317979142487581079e+00 1.212788359162998297e+01
2.100240826311519093e+00 1.129600568934728777e+01
1.612522818629058774e+00 1.130213168329445672e+01
2.185430022517995674e+00 1.074243626571464638e+01
1.953734369084537237e+00 1.217319708307881676e+01
1.952411361762353081e+00 1.189730127718224217e+01
1.907948845881208833e+00 1.239618197267043165e+01
9.028130951012873773e-01 1.047043246803722560e+01
2.224788778818379331e+00 1.136712989333623369e+01
2.049455681918510130e+00 1.184855381781791728e+01
1.473211893473909129e+00 1.133716204973302233e+01
9.786854731315951517e-01 1.100138023668895926e+01
1.847706023998575198e+00 1.154023432145871908e+01
1.886049253297040984e+00 1.200214061932088860e+01
2.177916411440728783e+00 1.210266973873177498e+01
1.538171965873859737e+00 1.131411795567644951e+01
2.083375326775529501e+00 1.204708611411765951e+01
2.131114915282476208e+00 1.122830655107305375e+01
2.346464894029000270e+00 1.152560032507627241e+01
9.615130351346923288e-01 1.049617001724570819e+01
2.211156190873285521e+00 1.179262321416286952e+01
2.364925894148892371e-01 1.019144584225530537e+01
2.171237598167204685e-01 1.600394461041427618e+01
2.074710024322868662e+00 1.205774112558700928e+01
1.952693997166547346e+00 1.150025484901748563e+01
2.291833305078337268e+00 1.159208698451432795e+01
2.047241766455815792e+00 1.209892946203990860e+01
2.229148738119987705e+00 1.137705810082935010e+01
1.688038486218603529e+00 1.164215079895148541e+01
1.492778641400806405e+00 1.173735886406731410e+01
2.067632554109736898e+00 1.165597184015336474e+01
9.831816492735679924e-01 1.041087396354111227e+01
1.501322212398551903e+00 1.149012833796248501e+01
1.967649875130383919e+00 1.141218232296683510e+01
1.679348128627622394e+00 1.171973819051365595e+01
2.093544102175978416e+00 1.166262236850116452e+01
1.818717054128362376e+00 1.136835000856816258e+01
1.776506085587875816e+00 1.166820701249689307e+01
1.865595341448224920e+00 1.224793280915960381e+01
2.195333792731767542e+00 1.225251661292249139e+01
2.290138272275272779e+00 1.279082262799934533e+01
2.180696834460238431e+00 1.143280132324031939e+01
1.621092732154578275e+00 1.213243733726064200e+01
1.774744405755284138e+00 1.205067004934692498e+01
4.319717220134924318e-01 1.013460895209371593e+01
1.964545243994547441e+00 1.225630201003012232e+01
1.984898645400543948e+00 1.215849905496764016e+01
1.672127066062190304e+00 1.152657386272564999e+01
1.311628614311057373e+00 1.106549445305999413e+01
2.079491245319908366e+00 1.199286945206694277e+01
2.069368084147526154e+00 1.148765274319208984e+01
2.018257808746573900e+00 1.176362897413836706e+01
2.220415409787784178e+00 1.195866285672098428e+01
2.009716486673410518e+00 1.160667059097435327e+01
2.202016325489136062e+00 1.176799851511026240e+01
2.161179007802259910e+00 1.259928985577901805e+01
1.687666126538465816e+00 1.171163058064785467e+01
1.504246498659268738e+00 1.171463493175908432e+01
1.139071137153509827e+00 1.140386856119079440e+01
2.324348584368395976e+00 1.206217111831681876e+01
2.371296991097147977e+00 1.175412970187864481e+01
2.089135552245736882e+00 1.131028203189484849e+01
1.597135975505457328e-01 9.845027566810459874e+00
1.976205829379400036e+00 1.167587796942475009e+01
1.686937284848566199e+00 1.210236105140179141e+01
2.047797937564531878e+00 1.133399477863512672e+01
1.945231352718809648e+00 1.211724380660712086e+01
1.919427497087146328e+00 1.127139012657274009e+01
2.255581791553056270e+00 1.093167412655663995e+01
2.057417316947803165e+00 1.118434073188516287e+01
2.236933085633332929e+00 1.132791394735470369e+01
1.839638851129292263e+00 1.183937588635777516e+01
2.193940260937972564e+00 1.156030152305369008e+01
1.729285299393203523e+00 1.221079807760284019e+01
1.795469458878184321e+00 1.188226480281296382e+01
2.050956099257492671e+00 1.160339600899083479e+01
2.113871159200993777e+00 1.172489593375958528e+01
1.903726971476968677e+00 1.180365711447490540e+01
1.388026550101816525e+00 1.127673263906535617e+01
5.848559908586909994e-01 1.126805023794372396e+01
2.010563512398311214e+00 1.154822999505021208e+01
1.787853386611336637e+00 1.140308497412398836e+01
1.809709084259658818e+00 1.146400670596963245e+01
9.455451538871115225e-02 1.253606141773128435e+01
2.043661644738035577e+00 1.234271437495900159e+01
1.668900595330715886e+00 1.170789020636094691e+01
2.289295580833373478e+00 1.115736918682594592e+01
1.945068339529791412e+00 1.194419969748416044e+01
1.448801751161796547e+00 1.155316698790699625e+01
1.888962907384565071e+00 1.146587729221397289e+01
1.756962455659403011e+00 1.171579622135332244e+01
2.036409586990837628e+00 1.215425001961276585e+01
1.969433699749699285e+00 1.174059913885757389e+01
2.020051202746573349e+00 1.161981953430062120e+01
1.842521878643913702e+00 1.202037450460137791e+01
2.046756692548281187e+00 1.129691697402645367e+01
1.982270179728196746e+00 1.179567316969473367e+01
5.524805413476860938e-01 9.833776348408589385e+00
2.063030635450085803e+00 1.127026157555986252e+01
2.179949995745280145e+00 1.128154290860413411e+01
1.977694744876984156e+00 1.161200283462392591e+01
2.078386899071564375e+00 1.111527261264285471e+01
1.344369336280780702e+00 1.115337401945462936e+01
2.146653456294246531e+00 1.117640158571453313e+01
1.630005900185645284e+00 1.160381164922677399e+01
1.828865090066703836e+00 1.196829750865339470e+01
2.468928121653140906e+00 1.271002160970541794e+01
1.812211195191442803e+00 1.186136933148249462e+01
6.031677266631918499e-01 1.043958715607771381e+01
2.085471780622473847e+00 1.197705536160089324e+01
1.750756171883798062e+00 1.215322167214028504e+01
1.421353124445329685e+00 1.133672421115852913e+01
2.443722777162628645e+00 1.169697490186944400e+01
2.091021535512094687e+00 1.211183292064164974e+01
1.518278489073694226e+00 1.140002018253489346e+01
2.153049147464360935e+00 1.161137221133876984e+01
1.792495384206840292e+00 1.150667276734545119e+01
2.117211778885691675e+00 1.201121592973727914e+01
1.899095913950172854e+00 1.204689679139042902e+01
1.469746308301039583e+00 1.140146645305574147e+01
2.148907343359514499e+00 1.262082024935616431e+01
2.158033216946508404e+00 1.181524939356091153e+01
2.161933150473233756e+00 1.050189906806138751e+01
8.017000915100681580e-01 1.025739171189754551e+01
1.855987004579369604e+00 1.218495086537996741e+01
2.116669996156711697e+00 1.204202605984618124e+01
2.139994100339862371e+00 1.201548828320654572e+01
2.002838228746381510e+00 1.153913002480119054e+01
1.732530134899423757e+00 1.197968916355159585e+01
1.917153474094505983e+00 1.154030627935493136e+01
2.012462177865294688e+00 1.137667369469701306e+01
1.902999586227181794e+00 1.196728564746199197e+01
1.130965546951511858e+00 1.157833158771981630e+01
8.714363155269866379e-01 1.039417660273342214e+01
2.229650166563427849e+00 1.145938537821770353e+01
1.992365538514324408e+00 1.143592021575469708e+01
2.128213331431258126e+00 1.090875678403084947e+01
1.232233617820219118e+00 1.140352443176639952e+01
1.985197615584752828e+00 1.153482957405480747e+01
1.976909372936184406e+00 1.198740689496980316e+01
2.219854604837111500e-01 1.498878557015813229e+01
7.481572564113138091e-01 1.171045045505197102e+01
2.023273278714951662e+00 1.096691585524430579e+01
1.901730852035888208e+00 1.168611541317351943e+01
1.924955486308311148e+00 1.168102079941598248e+01
1.973558558412303432e+00 1.172689474846125357e+01
2.304097263423611874e+00 1.145349716634706105e+01
2.363519335020979550e+00 1.137364062606365955e+01
2.163605133280719794e+00 1.116359818798890302e+01
1.927659913212041776e+00 1.174152102126998365e+01
1.148626287508717425e+00 1.114497494271649813e+01
1.696150423523854700e+00 1.135209349956424241e+01
1.575446676492012310e+00 1.111316516554352063e+01
2.207563198483603273e+00 1.218372143799459018e+01
2.107578357712923456e+00 1.122418361431353873e+01
2.068684561986933623e+00 1.133659037445354656e+01
1.600380141872072226e+00 1.169603027120297689e+01
1.761165256816967117e+00 1.169680355034782515e+01
2.083110736157377740e+00 1.141181051399792956e+01
1.477451328008906994e+00 1.150077194857297513e+01
1.876231337588836867e+00 1.181968026788860371e+01
8.592530316727526873e-01 1.186509263656531488e+01
1.031138484906657826e+00 1.078593699901171554e+01
1.989500689811550149e+00 1.151058509158515086e+01
1.984556884334951254e+00 1.193673129643236841e+01
2.036994227419176351e+00 1.124403222585492834e+01
8.256340944934466020e-01 1.072193106848150457e+01
9.593979594309350878e-01 1.223134706790133563e+01
1.921722460730784343e+00 1.159719305112000853e+01
1.675524569720845847e+00 1.203756614697548244e+01
2.070428426834735713e+00 1.131506167873014235e+01
1.942553558668975056e+00 1.179140655881479383e+01
1.791304514650492230e+00 1.176351636286922542e+01
1.786801923889464794e+00 1.140268802001944515e+01
1.446280079191270662e+00 1.134986387478610048e+01
5.510076725455386182e-01 1.060411051121373660e+01
1.961421043274373721e+00 1.217069843691074915e+01
2.174403598963518647e+00 1.168520077195453410e+01
2.225339405550248895e+00 1.132692251891236701e+01
2.232064825622432913e+00 1.173796576483186627e+01
2.177158412442838920e+00 1.175928163362830858e+01
1.960822747337050975e+00 1.151371834587804521e+01
2.028218003811466108e+00 1.125025120770970410e+01
2.114591644633629031e+00 1.098090154451863398e+01
2.018339423571323454e+00 1.192420382245147614e+01
2.045354121176182094e+00 1.166028025315525163e+01
2.073999094754440886e+00 1.240563722933734958e+01
1.960098675535713264e+00 1.140466409900672495e+01
2.307687244901546197e+00 1.170470093499216802e+01
2.156483665497541224e+00 1.167735180446778109e+01
2.105755921145123111e+00 1.153743452329097785e+01
5.275080173538413408e-01 1.071641168159318447e+01
2.537508663291707212e+00 1.190336534744015218e+01
1.236512642504812964e+00 1.088830951987366369e+01
1.851358918258176445e+00 1.215942039660889584e+01
2.209110538574272642e+00 1.132889874196022362e+01
1.499773053308742332e+00 1.191699013377443706e+01
1.988087081832880854e+00 1.141138309262017714e+01
8.116260384292512953e-01 1.137544054568533802e+01
1.820588040065523661e+00 1.233631654138495648e+01
2.177194367312511591e+00 1.154775832163563010e+01
2.308002033134301634e+00 1.173765027690815899e+01
2.148841132181134927e+00 1.136525911074316753e+01
1.129853961431235287e+00 1.080885875510782057e+01
1.608787459563886468e+00 1.173542369125883411e+01
2.090280004705292072e+00 1.164463584229978821e+01
3.576462258689474538e-01 1.031740421964619792e+01
6.612866119878443305e-01 1.016273640280089730e+01
1.554604460826016776e+00 1.185456923013167874e+01
1.807898741613842786e+00 1.177107406728678463e+01
2.088642427181801153e+00 1.214801668214075292e+01
2.803781931208514933e-01 1.421734262917718006e+01
2.057566343959843280e+00 1.173025614008775896e+01
8.122298144604269687e-01 1.205149289851713945e+01
1.569786356758772428e+00 1.206421284335354294e+01
2.073247683876118241e+00 1.171127438206676885e+01
2.086078787955704783e+00 1.142316479999376888e+01
1.894295227202819065e+00 1.242130657386497639e+01
1.147526009704428418e+00 1.147024890252954776e+01
2.329674586954983528e+00 1.213163796371850189e+01
7.756050801598441957e-01 1.062318729237835591e+01
6.838973904880862875e-01 1.148693980401806058e+01
2.240602949197926907e+00 1.149588611690065854e+01
1.639004213635465446e+00 1.168420772586411971e+01
2.393557135977065764e-01 9.223199038798528093e+00
1.910339104845351299e+00 1.165356649837809933e+01
1.844502775983280163e+00 1.236586894814875137e+01
2.499755063608064987e+00 1.247216716323843677e+01
2.140298892215791504e+00 1.148747456197765437e+01
1.802685576868670259e+00 1.180123487054113340e+01
2.086703370420781578e+00 1.161090404842124002e+01
1.987829799014069199e+00 1.194946932959189922e+01
1.663112045520961590e+00 1.120875330316993690e+01
2.162851113145915161e+00 1.262379961724952615e+01
1.977763141485622489e+00 1.134675010945713858e+01
1.528267994297725307e+00 1.211325134881508347e+01
2.087902458124790250e+00 1.237933015779727342e+01
2.040356168588327801e+00 1.099981669864384237e+01
2.050989112892041000e+00 1.173008181132138184e+01
1.794097254269439334e+00 1.216293411249781009e+01
2.293116512930449602e+00 1.180866426846880479e+01
2.261567423159623669e+00 1.236985767422509674e+01
2.164428586948608846e+00 1.115819662100296661e+01
1.577720629289126597e+00 1.189030331677277808e+01
1.415943876433349180e+00 1.137065686235359330e+01
1.937993426037870393e+00 1.196199569957527764e+01
2.125356459310603796e+00 1.239760676023042940e+01
2.450186417265953764e+00 1.212205358124103149e+01
9.676654846784672470e-01 1.024773575102532419e+01
1.026134537018352777e+00 1.113470867610974402e+01
1.727620266958645789e+00 1.136261750687660488e+01
2.082296399474737214e+00 1.095776939112598747e+01
1.418619472670067605e+00 1.103619964279268828e+01
1.308010638075809196e+00 1.167371339032568578e+01
1.467859938776492790e+00 1.150565634823719208e+01
2.089271806920362629e+00 1.209477947410457332e+01
6.895830037742141094e-01 9.496611386630027241e+00
2.043711937971233183e+00 1.194393814952040245e+01
2.180798965416487434e+00 1.085171503614115096e+01
1.242725962150335928e+00 1.139012359368834026e+01
2.145361843503228894e+00 1.175503903188811172e+01
1.397653237159616202e+00 1.118600257429166689e+01
8.558471703393926155e-01 1.019207206962727419e+01
2.166315529665299611e+00 1.220891807981804789e+01
1.894653088614217218e+00 1.234745068158581915e+01
9.348064471603712011e-01 1.148851386696615506e+01
2.001522250972778971e-01 1.703882632588358703e+01
1.755509975982066706e+00 1.152122448122073273e+01
1.722299408727508307e+00 1.161285050138000230e+01
1.822770738434241311e+00 1.183436288446718798e+01
1.543465486425653177e+00 1.178452485783439663e+01
2.298047256086390266e+00 1.179316030523314751e+01
2.187975223495301602e+00 1.108178250866334480e+01
1.891967799860186705e+00 1.147640419204534012e+01
7.457954662502268572e-01 1.078951700930277546e+01
1.140931398672954122e+00 1.140930964041967499e+01
3.634189113918638303e-01 1.259142601176269061e+01
2.015599649498175605e+00 1.193071747426660423e+01
2.031270447037684779e+00 1.174925526657992769e+01
2.174158606719397202e+00 1.239482960034894532e+01
2.058331523912466210e+00 1.169564915303282149e+01
2.048741881478524096e+00 1.132044972293819818e+01
1.859406457890523612e+00 1.225606279977637847e+01
2.129523664403855765e+00 1.163744970256570532e+01
1.995095588190198832e+00 1.132322847872546845e+01
4.970193580642652265e-01 1.157553863242501357e+01
1.880752412411984320e+00 1.187131692141186257e+01
2.064218055308865818e+00 1.157963560812583381e+01
1.311060535867105026e+00 1.135685041923396987e+01
1.596386294154362506e+00 1.179420767823951266e+01
2.258341749049721070e+00 1.178700277144904796e+01
2.011301695388490796e+00 1.222017425891282549e+01
2.125842744486197589e+00 1.137730991329875074e+01
2.040542765704657313e+00 1.145009424537951581e+01
1.448560747225130285e+00 1.194927918759109176e+01
9.077189470690426587e-01 1.051336942404319608e+01
6.458687521226561534e-01 1.145296072140598476e+01
2.202515248782856094e+00 1.144369226148838159e+01
2.004908994451794157e+00 1.139016004227301337e+01
2.196765797761905947e+00 1.136552674263534080e+01
2.004420620545670051e+00 1.149245266572620494e+01
2.330334607533795399e+00 1.217943908470278380e+01
5.427374847779773415e-01 1.090014245262877779e+01
2.019690535718812630e+00 1.126603511814456482e+01
2.006517697623175778e+00 1.192111871637789378e+01
2.337064600761924460e+00 1.170536810313166853e+01
1.065139194223436281e+00 1.123159853032585787e+01
2.355098673558640332e+00 1.227097805659351692e+01
2.125117300002651533e+00 1.218531035318371991e+01
2.095759616544556447e+00 1.141888009661208869e+01
2.135411981572676421e+00 1.151705423860204824e+01
2.124167690356305371e+00 1.176244328811764106e+01
1.490873992317412799e+00 1.138260472274204105e+01
2.114008277988386642e+00 1.214629801599913961e+01
8.143329198820903336e-01 1.024023724722666628e+01
2.281091894489354566e+00 1.109191767739089229e+01
3.008529411405072018e-01 9.281300431963554587e+00
1.878268995105833117e+00 1.206962157946382597e+01
1.092724627382998692e+00 1.121047888146768123e+01
1.374739461478283298e+00 1.113519008263684107e+01
1.154361817967063802e-01 3.597545119815737991e+01
1.529965560952729398e+00 1.131379637918289838e+01
1.115800122635050240e+00 1.125292994290293613e+01
1.994069152774188947e+00 1.230068766213685549e+01
5.940631231628381442e-02 5.000000000000000000e+01
1.308036338648953079e+00 1.170469335723362647e+01
1.614892547169355597e+00 1.173522568751934436e+01
2.147011812388713636e+00 1.119632342419171422e+01
2.183155054338301149e+00 1.080858056686027702e+01
1.859563654641759600e-01 1.325309770530865094e+01
1.755437354919820558e+00 1.143024928657404793e+01
1.951233826686832540e+00 1.226697911686419928e+01
1.999462326381763466e+00 1.164906606714967197e+01
1.801278529717538657e+00 1.156135277183964760e+01
2.134667655235386263e+00 1.137385437225794860e+01
1.155781676540559966e+00 1.144578376553669052e+01
2.073125164809433318e+00 1.251349475487002216e+01
2.053179558422119300e+00 1.102489448393643379e+01
1.070631233699441909e+00 1.136250898744650684e+01
1.986178756167252368e+00 1.202593718685813862e+01
2.258034157048388835e+00 1.115265367522071571e+01
2.223797691520025488e+00 1.196918772029582456e+01
1.477393331899291784e+00 1.201535351707846822e+01
1.824445146765170112e+00 1.154807882286825915e+01
9.861900309359471484e-01 1.097127723510933173e+01
1.874069517341189206e+00 1.171659526559330544e+01
8.461273725155888936e-01 1.096505113213503435e+01
2.303084996965422793e+00 1.259996385402554253e+01
1.354565280039454978e+00 1.167986862832632866e+01
9.703312080529861161e-01 1.200394219896193881e+01
2.072572188348834832e+00 1.164995438013653306e+01
2.131768678286349417e+00 1.173228681111305782e+01
1.125251862371918543e+00 1.056602249682925709e+01
1.752146617175465826e+00 1.156595929019871605e+01
2.017650847584160356e+00 1.142395060767373849e+01
2.064524038223837010e+00 1.168536968307404855e+01
7.020284954603039917e-02 5.000000000000000000e+01
2.066834023814385635e+00 1.096739949045162810e+01
2.125039873757236464e+00 1.203530022871241734e+01
2.115792518296373270e+00 1.154667085732982024e+01
1.004731837273990402e+00 1.090075876920246678e+01
1.767678579547243167e+00 1.164227377684827403e+01
2.155562165081108983e+00 1.138426314158186337e+01
2.312495017037234479e+00 1.209550611143009036e+01
1.924154569972109430e+00 1.243140442440264870e+01
2.075149196820211372e+00 1.100146995182624110e+01
2.033271994399521443e+00 1.159725939190703059e+01
1.373724836387686166e+00 1.153916471077348405e+01
2.115511877993271561e+00 1.195296888622971920e+01
2.131213533616909572e+00 1.192870174227236113e+01
3.896237893368411087e-01 9.382528732042899833e+00
2.069410232079875733e+00 1.149409337106297180e+01
1.951881829653740186e-01 1.494609452661406301e+01
2.046669487197368742e+00 1.179240214861062874e+01
1.787508133844307068e+00 1.174979272223363225e+01
1.041493269190454152e+00 1.104677023342733300e+01
2.067584183880936788e+00 1.204903955024412632e+01
7.996235509071127900e-01 1.091659466627911357e+01
2.250483345814128899e+00 1.275592666146221354e+01
1.583679276774215161e+00 1.123966247523209994e+01
2.074996320438952768e+00 1.241047110021611033e+01
2.206622963202135690e+00 1.166729050597627193e+01
2.317720478422250707e+00 1.165305657793342320e+01
2.029598643828827598e+00 1.144543840373901133e+01
2.090356592163606475e+00 1.191742877684517765e+01
1.413926227654648926e+00 1.142151616251610058e+01
5.146122290497504581e-01 9.079997844710508303e+00
2.007639926875773639e+00 1.222334063017327743e+01
1.649926251657854337e+00 1.149292956611550132e+01
1.953510206183512121e+00 1.162094974141384540e+01
1.935983551199576658e+00 1.196887869575364505e+01
2.217724608124313601e+00 1.184252541118356383e+01
2.404314271011292359e+00 1.249773173555874273e+01
1.411351479234307149e+00 1.185948888518771582e+01
2.066209461934191971e+00 1.127621432239646282e+01
2.204878614022277805e+00 1.172669154682015069e+01
1.101872811887462777e+00 1.142646320036104157e+01
4.127408847413629456e-01 9.439888158508733085e+00
2.438550967082167009e+00 1.275875872524362009e+01
2.279474475976645653e+00 1.133216353730809089e+01
2.077952729951758837e+00 1.126654164944051928e+01
2.243772460025315052e+00 1.165728605071531909e+01
1.793530128337112117e+00 1.144597521438871190e+01
1.991887333722805353e+00 1.146980305133482503e+01
2.070268077042255683e+00 1.215005874305428790e+01
2.350966784745762705e+00 1.178203307774690245e+01
2.352298944462409391e+00 1.215951900583084822e+01
1.942605903987306259e+00 1.205145351758103978e+01
2.158671013118600879e+00 1.190528317526342050e+01
2.269469926471635812e+00 1.194831119711447087e+01
2.156292760209879589e+00 1.228313763159590621e+01
2.335195384902339910e+00 1.224283731543884102e+01
1.666531524261672725e+00 1.145338085201607470e+01
7.248105975384447341e-02 5.000000000000000000e+01
1.673173754438798566e+00 1.173506882875296675e+01
2.277691987052494316e+00 1.150485917028968963e+01
3.465823544415870261e-01 1.034887749058299988e+01
1.877840360295562894e+00 1.242290719396732079e+01
1.010938123711685316e-01 1.323413009318330857e+01
1.950545852930965163e+00 1.213712991955481257e+01
2.043563355022614214e+00 1.122345022096429012e+01
2.116997736330755053e+00 1.088108755209951894e+01
1.963241714249336356e+00 1.212607704627136407e+01
2.047310074058442453e+00 1.120213452039932278e+01
2.061789011677433781e+00 1.144811939886291263e+01
2.010011473895779055e+00 1.160056578400260818e+01
2.140135219492685703e+00 1.224131214801239587e+01
2.174084864918806925e+00 1.188899667706248664e+01
1.975135322032885776e+00 1.129639988695747732e+01
2.056954034856828262e+00 1.158176568336180878e+01
1.513170316199642151e+00 1.153889512263674710e+01
1.018588613388241360e+00 1.164884369596691549e+01
1.270929211386288227e+00 1.143002918785368394e+01
2.008015108105214885e+00 1.148099738171262452e+01
1.624141803070713985e+00 1.203912459972561955e+01
2.085049679221471219e+00 1.214729563922866973e+01
1.961743418610866208e+00 1.155873831735328316e+01
2.109176468115384395e+00 1.190600767483881128e+01
2.072793135971453538e+00 1.134115839562094941e+01
1.312373700275217159e+00 1.173665609230242879e+01
2.212916455609875044e+00 1.138511686615366436e+01
2.221577422226695298e+00 1.217024998353877585e+01
1.629005555166150643e+00 1.197871291148286943e+01
2.074956999844061123e+00 1.208971569923559031e+01
1.732313231140892640e+00 1.166175583726652398e+01
2.186297341861196397e+00 1.250945906805294783e+01
1.970649964113304620e+00 1.166637108564031067e+01
7.899264031679741338e-01 1.158259557440683629e+01
2.098211748909485586e+00 1.118159858358463943e+01
2.038269503836203533e+00 1.197033819221187656e+01
2.312500327911542808e+00 1.165423579854238056e+01
1.720687309081035732e+00 1.228060184038983138e+01
2.164774498025182847e+00 1.095671672801299223e+01
2.084130935717881883e+00 1.238494019786714340e+01
1.804126320724126931e+00 1.174312778416821779e+01
1.154061715550707135e+00 1.149124453953818126e+01
1.334405059334069499e+00 1.123116011463146435e+01
2.142175261527829555e+00 1.105580280510378621e+01
1.967522433532163939e+00 1.161335641208036584e+01
2.262718455700656772e+00 1.213178149261020522e+01
2.135716750077754966e+00 1.162718777980678553e+01
2.049179268946333288e+00 1.174231504250100855e+01
1.818089532260540375e+00 1.217339812542809874e+01
2.075691409847865820e+00 1.140418672715070336e+01
1.389761594329698813e+00 1.176029208121157410e+01
2.316953080442768709e+00 1.165635561620298688e+01
1.722068004493754856e+00 1.239255014954800771e+01
1.869693921681861992e+00 1.219645137070906316e+01
2.008435011507383017e+00 1.134384839050555982e+01
2.012433762500023704e+00 1.227314441298040038e+01
1.852482362554541462e+00 1.175511666213948203e+01
8.709205271207889898e-02 5.000000000000000000e+01
2.150097433314045681e+00 1.204685602446999226e+01
1.664649658063243498e+00 1.202963204321879154e+01
1.787485265072812801e+00 1.189243449778676975e+01
2.106165311091805492e+00 1.115999916356058286e+01
1.771021305391577316e+00 1.171879994415221304e+01
2.019541269597207922e+00 1.114943349930416616e+01
1.952079156910177637e+00 1.205056039526497891e+01
2.111146773551353828e+00 1.114154579602284301e+01
2.143746270287007150e+00 1.122171194280620909e+01
1.165645149269979974e+00 1.112738282068891493e+01
2.288335070164842833e+00 1.215593839917389651e+01
1.243034215823257682e+00 1.077098994247518071e+01
2.350580513746673983e+00 1.191665846292587894e+01
1.807555345304231453e+00 1.188680966664167826e+01
1.150633303791957163e+00 1.148096636175813678e+01
2.053233769946260168e+00 1.214061058305228613e+01
1.597280707383228693e+00 1.177555273915938727e+01
2.204990572681750471e+00 1.227936789002438722e+01
1.212068999498865818e+00 1.079109309304011965e+01
2.042673481918358735e+00 1.132453163569186749e+01
2.131554551933564579e+00 1.185631216944629251e+01
1.731925866043636242e-01 1.200115970972576207e+01
1.624786710381337373e+00 1.135409762298012915e+01
2.012889886820962371e+00 1.195473071781091789e+01
1.351556919806970125e+00 1.172979350810742716e+01
1.785361156836730023e+00 1.164815568623247977e+01
1.944748948384276144e+00 1.257793411909934633e+01
2.099731548542036030e+00 1.087128960877525863e+01
4.390234460795874316e-01 1.048156935324196404e+01
3.888460405162199596e-01 9.468907445237633169e+00
2.211695180906262159e+00 1.219123486905108855e+01
2.234595983563695487e+00 1.104221004135309947e+01
2.400550026347762156e+00 1.236174110499941214e+01
1.397180356262431200e+00 1.139435108260035001e+01
2.048775784844631520e+00 1.153410491185143982e+01
1.217966322698074366e+00 1.062047630492618033e+01
1.932164065564615951e+00 1.204239544480112656e+01
2.109876024250811444e+00 1.222575055088197971e+01
2.085183238642529968e+00 1.108723993223253679e+01
1.805249833404293236e+00 1.141317652757557966e+01
1.877312680769796849e+00 1.207716702935537967e+01
9.990560055803032746e-01 1.195541768926958071e+01
1.952778375069091688e+00 1.185701150832700002e+01
2.004287929170194271e+00 1.173763785166053175e+01
1.009305211493024546e+00 1.110229326499458580e+01
2.043072283253970056e+00 1.187231351770205201e+01
2.241938241992623038e+00 1.154589250274702827e+01
2.025857302448738739e+00 1.191603739823825592e+01
1.952113704946895067e+00 1.214156363661427740e+01
7.564489542880263873e-01 1.170628531133042927e+01
6.151301297363459542e-01 9.475395827006925842e+00
1.458272505895774618e+00 1.169632770929279353e+01
2.056123408606504999e+00 1.162094709444156670e+01
2.069855213701171426e+00 1.204725242799363727e+01
2.280389685910556352e+00 1.141210779915716067e+01
6.297730561228438440e-01 1.010601553603345870e+01
1.852891454284118389e+00 1.136707724540717024e+01
1.563898082945234247e+00 1.198974857420925666e+01
2.184110430334084807e+00 1.108843893304388217e+01
1.994506853285876513e+00 1.160915120860280503e+01
1.140690706116573860e+00 1.088690612037345851e+01
2.243520439486001106e+00 1.155050856933834247e+01
5.963842397893424074e-01 1.101193554467321789e+01
2.254876611667051556e+00 1.199574451973877842e+01
2.081946500063227123e+00 1.182612724737260557e+01
1.087886036721843919e+00 1.183285232788793451e+01
2.170675497327257730e+00 1.214514586460164836e+01
1.525764744024720176e+00 1.181490473743537883e+01
1.216507023471343096e+00 1.192739226659904439e+01
1.973116168703794360e+00 1.212499724018282521e+01
1.574999911614271664e+00 1.130868408663381075e+01
2.036745610218743341e+00 1.135473779253096716e+01
1.622357841412806589e+00 1.146873336095769247e+01
7.037826552714900874e-01 1.114997626528319508e+01
1.900449801056903532e+00 1.166029531883641113e+01
5.395243260052666745e-01 1.140058104933325289e+01
1.801838271812741255e+00 1.213758397965650460e+01
5.365250272329767922e-01 1.084130154103108445e+01
1.989624433497763301e+00 1.158583925157443772e+01
1.767211657410085790e+00 1.223207700658670305e+01
2.091077925040322416e+00 1.116870203628310954e+01
6.274786484269956333e-01 9.950415968887920570e+00
2.019550097631118035e+00 1.137857502514398966e+01
1.771465073475292584e+00 1.217325642886342862e+01
1.824456489371554690e+00 1.217824740707116504e+01
1.850791850905993075e+00 1.189969909355559352e+01
2.130727968563873809e+00 1.127038985304808705e+01
1.818443789488971563e+00 1.209650638089583907e+01
2.370958724247653304e+00 1.224203804489270020e+01
3.341560472988781005e-01 1.064944419045934509e+01
1.702646962319238622e+00 1.142988900043877010e+01
1.733478202183184935e+00 1.146792025716348817e+01
2.068258155139163890e+00 1.168928150791646914e+01
5.374573615118918291e-01 1.046080894495436375e+01
1.121753233502648800e-01 2.525463825340347057e+01
2.302323344826669338e+00 1.183178531156845814e+01
1.891776354099485857e+00 1.165379334463026417e+01
1.796369638030455684e+00 1.223101969445927040e+01
1.245130967573993441e+00 1.137094102641167126e+01
2.162352823751002795e+00 1.174180870524520692e+01
1.772331717778909743e+00 1.220588348480066720e+01
8.565774704653089655e-01 1.099182830013554479e+01
9.011746069381905144e-01 1.154264298856401538e+01
1.962237164368976661e+00 1.168200764199518282e+01
1.558678041214960786e+00 1.161449959613003813e+01
1.679039162261652951e+00 1.125170668543445451e+01
2.125377907149654355e+00 1.162648675578224555e+01
1.633244796005489885e+00 1.172527369664204144e+01
9.901642256847907886e-01 1.148041648869073050e+01
7.676179862026556444e-01 1.024520070665993110e+01
6.527948089340696036e-01 1.148179197522457073e+01
1.984926918932317763e+00 1.133760092327393743e+01
1.696702566938842693e+00 1.203841532108633139e+01
2.030291184623829182e+00 1.228556595503219384e+01
2.154956958894250985e+00 1.235815125060556952e+01
2.323741798892144494e+00 1.130193079779911258e+01
2.174385956267584241e+00 1.219933452500258753e+01
2.038066894964990272e+00 1.137109861599873106e+01
2.190778124225872148e+00 1.084035797236350618e+01
2.026875904242474213e+00 1.169155670641127287e+01
1.456337759828678857e+00 1.128121984807115830e+01
2.309536342964292999e+00 1.188570236154169812e+01
2.651408144984352955e+00 1.249874839892618894e+01
8.441787616684159890e-01 1.055923357241759852e+01
7.677902236433011840e-01 1.047002715986324439e+01
2.408661320968744857e+00 1.217811925350468449e+01
2.014063781426156829e+00 1.200122045432860673e+01
3.463222113231162469e-01 1.335938063666572972e+01
1.952016318098027448e+00 1.205448170732345226e+01
2.052169730066087272e+00 1.264742045715203567e+01
1.513432318033356649e+00 1.147415575708662416e+01
2.053287037696813311e+00 1.098609432685586462e+01
9.754679072303324983e-01 1.024679577967353516e+01
2.397488328597722873e+00 1.266291527223262747e+01
1.966270889176790826e+00 1.147649482794076725e+01
2.113954813209953265e+00 1.180064820596635400e+01
2.068718947166090505e+00 1.097988656672023211e+01
2.230178151756283533e+00 1.214886415594575375e+01
2.060969728529034872e-01 9.784596893008677299e+00
1.433807570287463307e+00 1.135454391136985031e+01
1.997388342359982083e+00 1.120308927028214363e+01
1.801463815612381003e+00 1.173139587882947232e+01
1.984144625495303460e+00 1.207319368708468765e+01
1.558781720416859473e+00 1.175683937045154437e+01
2.250897423194294866e+00 1.168890859517198777e+01
2.131227685479569089e+00 1.164789437879999490e+01
1.095008720547378189e+00 1.074799098313624235e+01
1.616042081902433702e+00 1.169686209720933867e+01
9.634690639446039651e-01 1.134832721819265444e+01
2.423392674255010260e+00 1.277440632853284086e+01
2.242741897723492528e+00 1.205339809798760164e+01
2.101133217416015775e+00 1.210114740939668820e+01
2.026246651334184357e+00 1.207662114196836534e+01
1.802275647668974079e+00 1.152505760910525368e+01
1.903978256887630449e+00 1.206595949447353178e+01
2.128976700596351801e+00 1.164515175246438261e+01
1.225712780228767729e+00 1.155406213334281951e+01
7.971797774720630336e-01 1.198867317162244284e+01
1.259912045278208659e+00 1.152931112704274774e+01
2.130216528419446753e+00 1.188584405889816509e+01
2.025854626080966003e+00 1.166638612831397204e+01
1.620828884803733771e+00 1.161868610503065646e+01
9.819512609344813736e-01 1.047322812841443174e+01
2.023558463508839278e+00 1.169784934823355549e+01
1.395812420953815192e+00 1.192186771719652150e+01
2.040579352387945633e+00 1.101900881573992486e+01
2.214891022442385893e+00 1.172597842371032861e+01
1.175089656878672395e+00 1.144441883690714157e+01
2.102145708070304764e+00 1.231409151153816062e+01
1.180182093965984613e+00 1.115774536769469272e+01
1.463553365218630331e+00 1.133490419835595731e+01
9.032953662763657521e-01 1.067210098630918580e+01
1.829699064257066521e+00 1.136463132088389472e+01
2.121489157006279935e+00 1.164140453948709464e+01
1.967738577651536369e+00 1.195876464111102067e+01
2.101274913523325516e+00 1.170710951694269397e+01
1.811198927518350876e+00 1.175515213830694705e+01
2.115693130219558959e+00 1.129875864822890108e+01
1.311940370661197841e+00 1.108866979612516168e+01
2.263722933543823590e+00 1.158550538906746397e+01
2.114637519177835490e+00 1.085004344236513774e+01
4.027505852939994857e-01 1.020051726727196062e+01
1.958328639013903860e+00 1.168538078639050681e+01
2.070073107322915718e+00 1.100771898845829533e+01
1.949964543543485584e+00 1.160871142340231010e+01
1.555065363321200600e+00 1.191248135811282616e+01
8.194086433941076830e-01 1.052770467223229822e+01
1.828096228128851086e+00 1.239572058562136192e+01
2.122366166037040092e+00 1.150524959317034401e+01
1.445701736475919486e-01 2.087801285645718252e+01
1.602704225635897428e+00 1.183550866129743007e+01
2.012694062137646345e+00 1.114812555755298895e+01
2.037759210340821081e+00 1.190325405731398334e+01
2.035162017460363071e+00 1.182679782517561407e+01
1.097891989524461653e+00 1.106647143012186518e+01
1.609407528494601003e+00 1.135407120532445369e+01
7.951129137601875563e-01 1.041440931371317902e+01
2.218026283493856887e+00 1.125028204832194056e+01
2.230874516089076831e+00 1.172610276440434340e+01
1.895552787071356660e+00 1.205855266754289801e+01
2.125015239800856381e+00 1.212440022874469925e+01
1.566789875558616707e+00 1.166017536209746197e+01
1.555837856013069675e+00 1.153053408731646101e+01
8.332232009258470073e-01 1.154399479023786235e+01
2.038803451678111056e+00 1.169034818536038323e+01
1.650441612124419422e+00 1.197819245296088297e+01
1.728761125128727594e+00 1.216734205581234818e+01
9.535768510088180605e-01 1.135474513325727841e+01
1.450347008086304124e+00 1.104978806292576898e+01
1.770947024834981454e+00 1.223361589549725359e+01
1.628927687877932184e+00 1.157355640844248690e+01
9.408845214763719156e-01 1.132477739071479306e+01
1.766660976666027283e+00 1.193666199866900257e+01
1.800227688958366157e+00 1.229184465998082487e+01
1.855744600005282186e+00 1.223938809702455721e+01
1.872282679444610798e+00 1.144471110743613984e+01
1.701020185556717523e+00 1.185533842372719349e+01
1.968697099468167622e+00 1.197661193560022141e+01
2.027510379620961700e+00 1.117850228981312277e+01
1.529020346773150685e+00 1.189796328083313348e+01
2.034697372092665546e+00 1.173743697544207976e+01
1.311861276234094209e+00 1.185226079189198245e+01
1.893973850848003293e+00 1.181803163973399862e+01
2.096834648458008488e+00 1.180240102542843239e+01
2.162988552903978956e+00 1.182930218224046293e+01
2.147962956346655794e+00 1.209846219545832113e+01
2.002834960997663671e+00 1.190946758232828628e+01
2.428714786748508825e+00 1.165960287631954806e+01
1.846174997750984259e+00 1.231358583854259159e+01
1.373015103403039339e+00 1.158613984787178630e+01
1.821344452387607005e+00 1.193526521704101029e+01
1.462226665981688045e+00 1.179682940586918960e+01
1.681562671068603132e+00 1.137659225960475240e+01
9.597497851695929727e-01 1.147768598466213774e+01
2.025146240072232651e+00 1.181855242399637795e+01
1.951921156417237846e+00 1.223457310530462827e+01
2.266967756246394128e+00 1.145402149787445722e+01
2.150605862279153069e+00 1.102086473418275858e+01
1.921514682015531550e+00 1.213941361560743992e+01
1.664266848168525437e+00 1.171308909623461325e+01
2.105234553528728902e+00 1.193332316683393124e+01
2.064182629191866347e+00 1.257486568769014035e+01
1.362666333867116331e+00 1.206221541619542670e+01
1.731970279480042674e+00 1.175596389355960802e+01
2.386339051314201321e+00 1.303920127367332604e+01
1.673269691195205633e+00 1.131314486588717827e+01
1.521356940697317084e+00 1.161077663819408912e+01
7.994028369793009237e-01 1.168476862810296701e+01
1.438231256076718312e+00 1.180496283546322189e+01
1.663535395885582746e+00 1.185168447990171536e+01
4.489413606971787152e-01 9.826323179315089362e+00
2.051366657274401373e+00 1.158143610858683559e+01
1.099546181390907540e+00 1.113548577249035887e+01
1.566822717083058425e+00 1.164542275334535226e+01
1.533850063419446075e+00 1.209173542586672667e+01
1.148484627111700407e+00 1.149535972384314064e+01
2.128009130090242618e+00 1.124992695618357530e+01
1.511637600660129088e+00 1.180988520838031341e+01
6.299024166954045878e-01 1.130622770300234592e+01
1.991915076326399747e+00 1.130404359369091694e+01
3.309229494507288649e-01 1.340597044918647285e+01
2.245440770974636013e+00 1.154762295377598136e+01
2.447877633774660389e+00 1.252605038807722693e+01
2.034568038072616325e+00 1.185551115051884175e+01
1.715850425083753628e+00 1.204239497893481570e+01
2.013555059806200642e+00 1.153974491280371950e+01
1.975080804598738249e+00 1.210156645366388339e+01
2.125360706510820208e+00 1.115529500906640870e+01
2.014625386670140017e+00 1.213417467280022422e+01
1.961768931431046914e+00 1.178784836142427750e+01
1.691828992418652700e+00 1.173389709231817335e+01
2.081480519695976916e+00 1.196898137593590938e+01
1.201788548050233052e+00 1.167350593633660871e+01
7.866815808803931942e-01 1.168104809457864590e+01
2.055243936034331309e+00 1.150359092341642331e+01
2.118415543708328297e+00 1.257504183992232427e+01
2.359141191541311855e+00 1.211957322985956154e+01
1.994699500986871321e+00 1.136220064774855665e+01
1.950310265918096198e+00 1.220255083842009824e+01
9.657191631100925377e-01 1.088497873017784201e+01
1.199355692217539016e+00 1.075050332651799323e+01
2.201313567327410237e+00 1.122158479976067369e+01
1.978156237006651441e+00 1.182020200883507499e+01
1.653054125199555191e+00 1.178108677603511367e+01
2.130564772640525462e+00 1.226346402611188857e+01
1.686313031447396416e+00 1.194897617306813586e+01
1.970954527507638110e+00 1.246197699946251980e+01
2.122514862157641069e+00 1.203539534115801501e+01
1.553358597660930318e+00 1.178225734237698141e+01
1.449719021057473745e+00 1.121200860533793531e+01
2.063415546480640295e+00 1.188936978665721789e+01
2.269475359830190442e+00 1.164097419290026103e+01
1.522406324122102528e-01 1.661449752004339686e+01
9.281439937186022338e-01 1.133312289472257284e+01
1.948103571510565901e+00 1.145148731982822454e+01
2.297189949860752645e+00 1.146812161897280902e+01
2.026688947603932256e+00 1.150140739806529311e+01
1.849575846328618711e+00 1.138166881385305018e+01
4.550837004519709406e-01 1.034751945465701795e+01
2.383537649744972509e+00 1.194341933788093257e+01
9.355305810529360722e-01 1.111370308449368416e+01
1.680242772903539406e+00 1.232540744126348464e+01
2.109470009852014716e+00 1.203344235238988702e+01
8.779198044134478573e-01 1.058452403227864025e+01
2.215805554311483405e+00 1.213474731881097846e+01
2.136181663885910353e+00 1.141804911905360242e+01
2.168237525411886857e+00 1.162991612423934029e+01
1.873866272279831824e+00 1.231270248544184298e+01
4.957351036563817370e-01 1.008511815027271119e+01
2.050332668252840662e+00 1.185388163516205573e+01
1.290930408322948253e+00 1.147244050801972648e+01
1.848938318324686358e+00 1.202903364415826282e+01
1.850100032205628686e+00 1.180713346269362773e+01
1.541191076454513809e+00 1.182658290244384247e+01
2.058700837327489985e+00 1.140848495397720264e+01
2.069372709360258522e+00 1.167297972656860416e+01
1.420799554881164939e+00 1.136365958818156052e+01
2.052242802644614006e+00 1.218727984910664652e+01
2.041918115443566606e+00 1.128012358770181045e+01
1.434222909637814292e+00 1.149746698132615741e+01
2.348702880177083507e+00 1.163822162632900259e+01
2.205351668302693913e+00 1.164900627159651059e+01
2.289763488380233802e+00 1.127126936738237717e+01
1.649328740976433227e+00 1.192479415854180935e+01
2.060520888518232230e+00 1.142857265673272060e+01
2.133583004600110300e+00 1.153188104192851071e+01
1.485337283258864272e+00 1.178918256702064227e+01
1.573285332333948183e+00 1.144096444409637314e+01
2.414452889673814440e+00 1.177426878019167411e+01
1.082016376841834271e+00 1.087740508108291948e+01
2.098913581927922323e+00 1.186012055112254338e+01
2.261405020594638327e+00 1.189675273525897836e+01
1.019242029289832319e+00 1.071834049072656470e+01
2.215942975361439693e+00 1.223049853112918584e+01
1.933073700207026846e+00 1.230616187435642139e+01
1.645132362178370222e+00 1.216046178409600564e+01
2.052228506897622040e+00 1.140938402908912686e+01
1.844725764063305684e+00 1.247675691845006085e+01
2.198771506708651291e+00 1.099918632626617487e+01
5.359386705216176994e-01 1.061525358330163016e+01
2.065819854018703605e+00 1.193109243194870928e+01
2.053069775480935277e+00 1.120951994402299157e+01
7.033709658699346390e-01 1.141570920594800675e+01
1.111276218112653424e+00 1.171589286109999684e+01
2.054321631131232007e+00 1.138259142748106356e+01
8.095597947610597145e-02 5.000000000000000000e+01
1.057976782883024214e+00 1.170498557335182355e+01
2.116290932067849351e+00 1.185294808630437835e+01
2.070959165292988846e+00 1.146335362893904986e+01
1.959207048614690416e+00 1.196875562513238478e+01
2.126101927298723826e+00 1.123466379288483807e+01
1.901815208099729482e+00 1.234815121714841091e+01
2.110073802862769021e+00 1.183531221479373130e+01
2.384507971453926789e+00 1.245771386083957744e+01
2.154140787306229043e+00 1.149067905964524172e+01
1.846598916380366218e+00 1.200011229454011463e+01
1.485250791821022709e+00 1.173525112863233844e+01
2.036100927342926692e+00 1.138453162363171067e+01
2.087855233046079562e+00 1.163560843973382219e+01
2.117533143072380941e+00 1.204167155845494541e+01
1.940646084809474425e+00 1.172020739100839748e+01
6.496977943442294734e-01 1.033756182220376019e+01
2.181650588960617920e+00 1.081617462985345313e+01
1.609231672084922238e+00 1.123217688691890714e+01
1.148794199222500145e+00 1.146851149784300894e+01
2.592137152097722552e+00 1.241639427303512555e+01
2.026018542616475848e+00 1.157250229376173145e+01
2.048007329285069122e+00 1.120750686435687804e+01
1.206145834449098064e+00 1.091467743421336678e+01
5.727359177361611708e-01 1.017038363211771745e+01
2.355977581072504101e+00 1.176758537659310200e+01
2.476704669156429006e-01 1.284170357279887398e+01
2.004887078374201881e+00 1.141137120141655181e+01
5.221130159763116563e-01 9.497166545501377399e+00
1.521476518644217624e+00 1.133604450355398541e+01
2.336553445664069528e+00 1.176317040042224527e+01
2.174006513568720322e+00 1.198979760202619893e+01
1.566799773792166617e+00 1.101363626958154107e+01
1.906130349863738860e-01 1.198361154032219922e+01
2.007346981984481360e+00 1.227787045926949716e+01
1.285413455036899633e+00 1.115388413547971602e+01
2.004609109349340557e+00 1.195531444387063580e+01
2.142139692522804673e+00 1.142457947479830871e+01
1.237437478720069706e+00 1.150213289498696057e+01
1.090421360872300571e+00 1.052031453956008633e+01
1.641369316043270077e+00 1.190126393349065914e+01
2.074386463416599824e+00 1.215024013514700663e+01
2.457130846759369713e-01 1.157431655087314581e+01
2.221927757227290634e+00 1.127632391802025680e+01
1.563936993149745325e+00 1.188586774146922131e+01
2.056044909891274308e+00 1.136057943781970003e+01
1.734640979174534969e+00 1.165485249956103253e+01
2.100706456456657545e+00 1.100546126981827832e+01
1.585782751236264110e+00 1.223317379062401855e+01
1.320532851442035582e+00 1.189484866331490842e+01
2.079625073816197212e+00 1.216054608936011050e+01
8.829863261182939738e-01 1.040596683389942179e+01
1.787551772370163716e+00 1.163576958884353729e+01
2.042818376504927258e+00 1.156386935824390783e+01
2.077995104946983584e+00 1.122159471329752556e+01
1.964230251403843663e+00 1.213127095441983272e+01
1.043333234839525669e+00 1.161077963908583577e+01
1.664176071547210478e+00 1.171134515315953095e+01
1.770197634890051441e+00 1.199634513754283383e+01
1.849244312096137044e+00 1.220805455202783740e+01
1.983885929731470155e+00 1.204487525976732165e+01
2.246752918131356136e+00 1.237143138251437335e+01
1.774658195534936089e+00 1.207735147351269411e+01
2.047086705518748495e+00 1.130754884824986384e+01
2.118466703249954453e+00 1.166715764067709671e+01
2.140337703829962024e+00 1.238522856072654221e+01
2.061164116503619415e+00 1.094953196992779532e+01
1.714001718168792099e+00 1.209180027226953946e+01
2.086363560613127444e+00 1.161801017409288761e+01
2.127715146087520548e+00 1.127689510209205537e+01
1.554919477538016626e+00 1.195250679630962587e+01
1.518430753692074253e+00 1.138277761778828534e+01
1.718769931590896860e+00 1.166123679374485000e+01
1.853833269700333020e+00 1.188821527796411814e+01
2.021356495580511226e+00 1.182709780111993858e+01
1.981175946312429659e+00 1.190067752943210344e+01
1.700946129307183474e+00 1.223159839510633695e+01
3.212074135465234348e-01 1.127572241860005953e+01
2.863672530217213907e-01 1.308764678444333995e+01
7.346088800266296903e-02 5.000000000000000000e+01
1.809533053033269390e+00 1.129102544155135668e+01
2.276613430795288551e+00 1.162762682221296551e+01
9.749112106974704428e-01 1.102297618024707759e+01
8.720459419720654193e-01 1.033397335094163161e+01
1.486124267831179901e+00 1.182602313414918704e+01
2.049726224982187262e+00 1.204689283233276065e+01
2.070950764215870876e+00 1.125343736972553899e+01
1.361532050118202664e+00 1.173781060391288023e+01
2.123613377418564152e+00 1.163381032912021773e+01
2.077765781685895874e+00 1.134241410120784010e+01
1.961005492671177741e+00 1.173589444075652821e+01
1.999058350421227814e+00 1.179285818096538563e+01
2.130742686137449660e+00 1.086123824149540340e+01
1.508586650911906579e+00 1.131049947831632885e+01
5.624402217125035186e-01 1.169938699994204612e+01
2.194996288930202155e+00 1.112531761365047700e+01
1.207462050844580803e+00 1.179923383392380742e+01
1.208750343428140805e+00 1.104032740464305995e+01
2.028024102267703910e+00 1.153571333843206048e+01
4.399643433619509492e-01 1.164099480114025020e+01
4.656814027946431511e-01 1.030156114507415133e+01
2.102361645904794241e+00 1.121943136668325103e+01
1.902330149492198474e+00 1.148632129252592371e+01
2.089719717069681071e+00 1.156723908127277411e+01
8.735740086596749387e-01 1.027684067590866768e+01
1.962714674877102938e+00 1.156671860228731497e+01
1.940661195994422883e+00 1.194790522902994034e+01
1.786321644399826214e+00 1.179012879367867406e+01
1.224031597289601647e+00 1.175037225503532490e+01
1.622199169162909405e+00 1.178659235334869493e+01
2.006230070216066697e+00 1.184698498701333236e+01
1.803581202314858745e+00 1.217535611606886192e+01
1.975035167872534636e+00 1.219653942647743250e+01
1.211965164247047477e+00 1.109909578186213075e+01
2.113177961318214226e+00 1.160878463960283469e+01
1.902891272172229309e+00 1.126738975956459932e+01
2.415170228318007428e+00 1.201059359639966218e+01
8.370840592252688506e-01 1.092118196160469523e+01
2.092495898625652995e+00 1.080872238810066577e+01
2.305304276744023717e+00 1.133326977953933401e+01
2.333057879658830824e+00 1.246972824821285464e+01
1.824237658486491220e+00 1.218962916706369448e+01
2.067256045252038987e+00 1.147722668273553559e+01
1.977249101554385380e+00 1.136991556674141002e+01
1.736448279888738178e+00 1.137742332439145798e+01
2.027720662714221245e+00 1.178879050397030959e+01
2.212658845846542377e+00 1.171138210304946092e+01
7.810759386394680037e-01 1.038756207572075851e+01
2.131243165704640674e+00 1.124614884028886053e+01
2.052994643998743651e+00 1.159793486426720222e+01
2.065545132347303081e+00 1.134965412787635408e+01
1.362489726102784071e-01 1.458018747660173808e+01
6.971862826479365838e-01 1.015415407511599533e+01
1.901874608209173978e+00 1.161249845052052088e+01
1.224027577561421332e+00 1.162104163526867673e+01
2.136629020180781602e+00 1.140703160338159705e+01
1.073059789611336301e+00 1.109131710331012322e+01
2.307270749801583420e+00 1.185935456357168682e+01
2.276803613303207019e+00 1.190746394284967558e+01
1.060734079010204473e-01 1.207802342481830671e+01
2.017054163681291090e+00 1.184763177670102863e+01
2.239570414525676956e+00 1.191748396578631741e+01
1.615214040289266517e+00 1.165697751039761876e+01
2.181604760931107556e+00 1.168161346093827468e+01
1.321200603518883465e+00 1.193840029438351102e+01
1.525461475547028822e+00 1.182723696262486968e+01
2.047539519728727608e+00 1.123259126952282116e+01
2.136248109470654022e+00 1.131439677936949018e+01
6.711092352973372366e-01 1.022942828161082396e+01
1.640481693380091643e+00 1.193936141710467957e+01
1.998624040376870026e+00 1.162540225928973570e+01
9.492746937825462528e-01 1.060543276901981713e+01
1.978451539885969224e+00 1.153935041015218488e+01
2.012540408333685527e+00 1.142809348743502795e+01
2.080249502610688861e+00 1.206562390794895734e+01
2.158438472638414929e+00 1.186209171654888017e+01
1.670878096234797994e+00 1.202882518889027175e+01
2.316561915193670274e+00 1.266527916552453981e+01
1.363639946410553527e+00 1.114836450038182569e+01
1.851802464773238954e+00 1.236789257273132669e+01
1.955332329499152255e+00 1.190039675572050903e+01
2.239067547307259431e+00 1.112507873044341622e+01
1.859794868513427124e+00 1.209199378364004218e+01
1.909557733984057704e+00 1.220766489275208855e+01
2.148261238395294370e+00 1.089712470422139567e+01
2.008958985960118682e+00 1.194075491574743708e+01
1.827084016393573540e+00 1.155629842057525813e+01
1.136020551224693476e+00 1.142711132986168465e+01
2.118317367487765779e+00 1.158510466836631814e+01
1.598446456533733295e+00 1.143678789557635511e+01
1.316942180476663449e+00 1.136597849401553795e+01
1.740041261757948154e+00 1.155473426822300986e+01
2.033884828784529031e+00 1.197634487758739219e+01
1.990855495554933130e+00 1.131051624300918945e+01
1.948469795427967499e+00 1.135254194005163342e+01
9.962922232195918770e-01 1.136081683066429626e+01
1.336225924262072207e+00 1.203122225688636071e+01
1.660676866961103837e+00 1.182991591631486017e+01
1.673132810101040979e+00 1.204189131800763946e+01
2.357135870806887468e+00 1.130206351959164479e+01
1.568251942804423482e+00 1.131243329142651000e+01
9.725540639139086396e-01 1.114099996627541778e+01
1.536789943505468825e+00 1.214748106477349054e+01
8.062649254726399484e-01 1.003638755152574014e+01
6.858551698435059185e-01 1.078115860600754594e+01
1.732261755528172520e+00 1.158605763770239250e+01
1.691604542496804586e-01 1.029622009281856165e+01
2.221080943201286573e+00 1.147970737417585418e+01
2.038373970676379265e+00 1.179522895901082080e+01
1.946981957570490529e+00 1.182093211843098501e+01
1.807354735010221924e+00 1.199468437172550317e+01
1.711066805276768132e+00 1.145467522233081681e+01
1.830980604919448362e+00 1.229469083505436267e+01
1.378255416594660554e+00 1.209017626660905265e+01
2.431113597196188802e+00 1.244840787793560111e+01
2.008334882150393685e+00 1.234439414411567348e+01
1.970092035459170887e+00 1.188072002369807301e+01
7.031019565561889006e-01 1.056520915245831027e+01
1.528627353404184763e+00 1.182589666781105642e+01
2.145400168331510926e+00 1.115995859310777405e+01
2.179594212934329533e+00 1.205575538718266948e+01
8.922947391171440756e-01 1.116276433794050682e+01
2.058578095931586471e+00 1.128776336613831610e+01
1.932624523783707859e+00 1.205010376549547502e+01
1.622101385839619825e+00 1.199880868092220254e+01
1.946452297055081937e+00 1.134270525565899135e+01
2.229969156630848826e+00 1.197765847083354629e+01
1.733340492400406996e+00 1.151591525666897375e+01
2.031473664865694584e+00 1.195519708140019333e+01
1.045282759110803150e+00 1.097707039705208665e+01
2.288959449361421539e-01 1.434103728678700485e+01
2.178735664658703275e+00 1.131831644474666376e+01
2.047581058271876309e+00 1.142445539627617990e+01
2.391484744785393524e+00 1.161668344424803934e+01
4.884576901235687663e-01 9.699841372853502008e+00
2.124507926038899264e+00 1.138575601056628450e+01
2.244564584489925796e+00 1.127178382505337950e+01
1.883283410460707463e+00 1.153886057886152550e+01
2.025747339289505788e+00 1.204324687965345042e+01
1.217233339993086583e+00 1.168178180882426709e+01
1.627347502564632897e+00 1.213670460791466255e+01
2.046855049581101316e+00 1.128970000301844223e+01
2.628210549504103044e-01 1.107776358300661279e+01
2.038761998056691116e+00 1.193010699026457289e+01
2.086620440667356302e+00 1.175293400024040302e+01
2.139046487820291720e+00 1.186280579604702368e+01
1.230980626261820587e+00 1.089307536042727520e+01
1.578415096178170884e+00 1.203369667187900660e+01
8.249468081888894355e-02 5.000000000000000000e+01
7.023208412404805534e-01 1.056664298098520227e+01
2.202975325039310484e+00 1.112032827644278754e+01
2.414272352914698383e-01 1.377604327938073148e+01
8.061968764769551488e-01 1.126042972130324671e+01
2.257300857271812955e+00 1.237241947074523196e+01
1.718013492911278695e+00 1.203195991410964361e+01
1.904917519915686253e+00 1.165640332683436320e+01
2.358009153765967980e+00 1.201596998417543993e+01
1.847500231737029264e+00 1.137472142754740823e+01
2.023026314330147013e+00 1.157871345534589125e+01
2.104041111287727528e+00 1.215367085325939733e+01
2.230644249690202141e+00 1.198352592663285954e+01
2.151580688390516638e+00 1.165901285034067847e+01
2.122561815050469924e+00 1.168391411676194735e+01
1.397713581434582686e+00 1.188923656715268429e+01
1.184068585074838253e+00 1.085372550328349384e+01
2.230301252901297993e+00 1.179532400337789255e+01
2.021195115467878445e+00 1.139450894473078968e+01
1.766567586171023940e+00 1.206529350438250248e+01
2.078177731615567403e+00 1.179260253059255881e+01
1.768342269011540013e+00 1.156926878609190013e+01
2.267273479428620231e+00 1.171885627892500281e+01
1.704682866630663485e-01 1.259602839926507833e+01
1.575888400375843990e+00 1.220835922398823925e+01
2.259618771044266783e+00 1.206692190260538311e+01
2.092475170110346117e+00 1.120850695109731454e+01
1.654204224733715423e+00 1.175029135154127324e+01
2.449440716429345244e+00 1.244002902138623945e+01
1.988352602465618624e+00 1.170722433624571934e+01
2.156328996689278021e+00 1.176544582336955536e+01
9.537797143797147603e-01 1.052327057170379376e+01
2.169280137756698590e+00 1.119286944978708576e+01
1.542469133726521724e+00 1.164912579934589942e+01
2.235872771578179208e+00 1.160654411289655208e+01
2.062169550156591313e+00 1.144092689083007386e+01
6.788706627523215520e-01 1.025240664454394590e+01
1.012435869190168258e+00 1.092589740817737365e+01
2.228992524559303412e+00 1.157058869518116850e+01
1.880803266261092954e+00 1.217074099625991934e+01
2.084211179768054922e+00 1.201230069286851965e+01
2.139695088091634112e+00 1.186718455921751492e+01
1.997796216895819377e-01 9.325431062448629405e+00
1.763305729160079549e+00 1.172097242264222139e+01
8.058450160437622412e-01 1.181011949665639804e+01
1.565089543074606571e+00 1.214230540605079867e+01
1.900471279738620511e+00 1.199899234255314084e+01
3.201530325581644632e-01 9.735305179018659771e+00
2.452709009777736870e+00 1.208270772004181204e+01
1.109838082080551791e+00 1.112275652651175406e+01
2.034247974113542412e+00 1.144250464026334058e+01
2.138588120000791015e+00 1.195478269248934922e+01
1.076602626531891316e+00 1.061338560704486689e+01
2.228767878040633088e-01 8.893760180416892425e+00
8.295295038991117309e-01 1.087966495910557185e+01
1.172566897952643350e+00 1.120079492144104272e+01
2.104456385531781493e+00 1.245138788424033294e+01
7.233490446239602134e-01 1.141475659758834205e+01
2.460046869946092674e+00 1.207013584242371174e+01
2.239994082592029478e+00 1.121675471428908111e+01
2.130056126258718763e+00 1.075651760948955982e+01
2.028419761674017163e+00 1.175726901072621899e+01
2.302926112531635816e+00 1.196986101145885151e+01
2.015116431778178452e+00 1.177915927813444341e+01
1.672865860837032370e+00 1.181421987849533473e+01
1.312778057842984625e+00 1.127764263864811944e+01
1.806873733056262310e+00 1.190653812116356747e+01
1.641585065826879353e+00 1.201807157860707242e+01
1.923247912932498416e+00 1.220739159326259582e+01
2.297547400277325735e+00 1.210160304213344773e+01
2.203445418479741846e+00 1.232542453096313828e+01
1.777573469442446319e+00 1.205484907185066312e+01
1.539365298624797207e+00 1.215555892353001788e+01
1.876502114014948930e+00 1.209247521579058215e+01
2.037146294448080042e+00 1.208525137177211484e+01
2.082186110821875769e+00 1.211179401627397567e+01
2.071358132528243967e+00 1.185430744106225731e+01
1.518468592078737522e+00 1.161183112944862117e+01
5.261831961931052321e-02 2.887751754985971786e+01
8.543222054874756166e-01 1.070789212024340564e+01
2.274513477538061323e+00 1.166720786757539052e+01
1.146813322918457834e+00 1.120085945151526552e+01
2.052223266286364645e+00 1.185648527951946996e+01
1.120612190957514853e+00 1.138957600065655029e+01
1.134356649413071461e+00 1.145036609597246624e+01
2.081242348553946186e+00 1.151492691952688396e+01
2.162788215965585348e+00 1.158892041410616436e+01
1.993322706501873043e+00 1.138697504267733152e+01
1.228746527800027577e+00 1.160963320216804817e+01
2.086478213679822336e+00 1.095230720511749212e+01
9.853727102543111682e-01 1.111851739747852363e+01
2.239626484635810488e+00 1.082919219632333174e+01
2.311167538343550376e+00 1.177286238766964921e+01
1.914147879420784903e+00 1.193695166023211307e+01
2.162891896431323069e+00 1.155835699887573220e+01
1.854099849733932492e+00 1.166649809736778920e+01
1.657775402873318482e+00 1.147407356356256791e+01
2.155920776331122557e+00 1.210140820558580543e+01
9.512251900358803525e-01 1.115833824040543121e+01
2.125620955712195670e+00 1.163197107112490514e+01
1.339369753642283056e+00 1.132744288357049633e+01
1.890971284408617725e+00 1.239409622284920154e+01
2.115816792451497452e+00 1.169215323683504160e+01
1.986659501366920377e+00 1.155888457314159901e+01
2.123083842944132993e+00 1.127047882371747711e+01
2.041998828007208999e+00 1.130352276434588710e+01
1.341278192515948708e+00 1.145674572492555399e+01
1.338603417019650133e+00 1.161783994653176322e+01
2.117912886162217845e+00 1.083858965609056568e+01
1.823062929685027145e+00 1.163173479066193750e+01
9.825885093337808351e-01 1.094656561787189020e+01
1.198940059122891588e+00 1.088346532150144874e+01
2.154500456341812864e+00 1.164869628779816146e+01
1.996513947813864265e+00 1.184307299494908960e+01
1.952794247363598412e+00 1.159200960878018805e+01
2.546713882891273872e+00 1.221983022294337573e+01
2.146043983926016807e+00 1.177564501340385128e+01
1.765603945355112447e+00 1.146917033196238123e+01
2.271401369212846522e+00 1.212408810760165956e+01
1.997120146418052133e+00 1.179412583970447592e+01
1.734956554189690747e+00 1.121118935911994008e+01
2.015095478857995559e+00 1.136987246858553213e+01
1.897192473147372160e+00 1.182545601418977199e+01
3.667305351867147789e-01 1.008611124999900177e+01
1.945216194087508343e+00 1.159482096159378095e+01
2.062248263592842967e+00 1.135235867868848203e+01
1.674599969913703745e+00 1.125387706995786630e+01
2.093808671161617063e+00 1.114897107585271741e+01
1.955802743601342319e+00 1.175971553345355680e+01
1.698852834662359923e+00 1.163429713482523553e+01
1.782295431179616585e-01 1.214436931632508987e+01
2.514480183927714219e+00 1.219350687427563074e+01
1.794563734529534660e+00 1.155687236428817677e+01
1.542833886886795236e+00 1.217669851646444457e+01
2.104243963957098007e+00 1.129574013334501714e+01
2.268607050650183865e+00 1.136495108913562468e+01
1.408885031791244691e+00 1.130265685410672560e+01
2.037248868209027730e+00 1.137391422290526855e+01
1.937986178407761217e+00 1.201150185429174400e+01
1.546576047033473511e+00 1.157176522716134137e+01
1.599510809898515573e-01 8.739562782112759720e+00
4.067337620111780572e-01 9.247133835607316499e+00
2.158785472439929354e+00 1.168468930658147897e+01
2.143694484652342247e+00 1.170311538459009171e+01
2.080560271686298535e+00 1.168379423453858834e+01
1.843282934953010432e+00 1.221759908249308424e+01
1.191387156278599369e+00 1.106483002802683657e+01
2.144127366313098193e+00 1.158504639251234991e+01
2.127350280291456119e+00 1.118629727231911097e+01
2.103665842273581443e+00 1.155260184826843251e+01
2.051996286428536820e+00 1.124600912250643425e+01
1.540715340621508167e+00 1.161175003692677166e+01
2.052037728810741424e+00 1.202126113267780205e+01
1.876395118533851214e+00 1.222581684454323003e+01
2.362950528675936024e+00 1.178102600938681199e+01
1.558129606134263989e+00 1.162676226354791353e+01
4.374311543523701218e-01 1.226179963282206486e+01
2.346145818225627622e+00 1.144017733367048884e+01
2.184341636454637747e+00 1.155517817753923282e+01
1.819761122692646449e+00 1.177455761893067709e+01
2.756733002493748086e-01 1.029936789095135552e+01
1.680715220332290150e+00 1.213160983467944121e+01
1.802557465660716396e+00 1.200157426970612029e+01
1.771674241007947126e+00 1.210523602088831119e+01
2.203422010828853583e+00 1.131399067925010371e+01
1.496688189361414789e+00 1.142613446042479275e+01
2.224413961437774923e+00 1.130270176297039342e+01
2.124938923469068541e+00 1.235891628892397520e+01
1.580873045371644414e+00 1.143025887412153807e+01
4.852273445084436254e-01 1.034343460290159200e+01
1.919394181133182276e+00 1.205604761728507412e+01
2.200815000724397397e+00 1.113367233215324070e+01
2.149010335980585662e+00 1.145404126047550086e+01
2.042911945731149093e+00 1.165712451807447003e+01
2.172547013076408629e+00 1.142247922541621996e+01
2.183619639009231062e+00 1.163984313886590272e+01
7.656068554345220045e-01 1.039501214085176528e+01
1.823896548867915524e+00 1.223080075942961997e+01
2.091381219378070977e+00 1.225711961174126685e+01
1.863534444089839148e+00 1.185620532244808523e+01
1.826026711918664613e+00 1.185091573443750868e+01
5.546222019692200744e-01 9.087504379401428523e+00
2.253256816903321802e+00 1.172915948415204390e+01
1.915451289652946754e+00 1.178866053651888102e+01
2.054408623908912990e+00 1.147918779906420284e+01
2.000375196405763667e+00 1.116510292291338935e+01
1.368159029732080700e+00 1.120913565690105074e+01
2.103783233204368219e+00 1.206836317858659235e+01
1.819335765627693169e+00 1.190658872334867802e+01
2.023313061795827927e+00 1.199356217339044584e+01
2.135225172173620845e+00 1.167475300704294838e+01
3.706328611939562756e-01 1.099971662450681364e+01
1.749743342173137872e+00 1.146817195478350193e+01
1.075071261526170385e+00 1.095478029804206876e+01
2.059804832457865942e+00 1.179853646578186854e+01
2.076282157250081806e+00 1.166575952083256240e+01
2.052944726320416358e+00 1.201193287002428356e+01
1.954528465871021137e+00 1.201056909397496852e+01
2.002463030458530469e+00 1.121000211957147030e+01
2.181303530374110622e+00 1.205417015146359283e+01
2.032346097332526025e+00 1.201959827958746274e+01
2.016186834855378862e+00 1.136587552369936382e+01
1.683022384055996357e+00 1.229436880673537047e+01
2.879379247168094014e-01 1.251239368737051549e+01
1.833744242061840168e+00 1.171555732743625100e+01
1.532205563859208253e+00 1.152310716975761729e+01
2.083938001758359082e+00 1.136873806700262257e+01
2.371760053105486321e+00 1.256957360618871888e+01
9.811489495150237383e-01 1.112375953090055170e+01
2.123223730416314403e+00 1.216053302769264732e+01
1.170133150287617996e+00 1.130168565679309900e+01
2.152912021566860012e+00 1.226845902352837570e+01
7.481057344209397497e-01 1.002969980987066556e+01
1.981152484606995001e+00 1.242252823292552577e+01
1.333764560475912075e+00 1.134826923121965336e+01
9.102406298307809118e-01 1.056269323448105268e+01
1.872739815873559754e+00 1.227182863684507552e+01
1.964845090458800847e+00 1.202886699318251829e+01
2.079340001762175927e+00 1.188667773344922729e+01
2.016442427622665345e+00 1.133998865165266956e+01
2.011646705359301013e+00 1.141803265905387299e+01
1.418350829674442926e+00 1.190690245065278141e+01
1.640073883082352246e+00 1.204634637325887070e+01
2.105083087570820410e+00 1.134990003761063093e+01
3.338662703219683059e-01 1.008236525059684219e+01
1.807526923679329656e+00 1.239992025695518585e+01
1.473976630646944397e+00 1.118397167387203162e+01
2.188206828792256253e+00 1.187747972311397326e+01
2.248305620183167264e+00 1.204183249213267182e+01
1.844155034965660356e+00 1.139251832451605395e+01
5.959583521427672670e-01 9.373727441419754669e+00
1.772944978812597272e+00 1.213128426371476465e+01
2.028090026275761293e+00 1.185919770095084580e+01
6.424382682232221420e-01 9.887099370956985211e+00
1.924233216108344413e+00 1.150873010495291027e+01
2.226945449022448287e+00 1.138318140188286698e+01
1.099652756298658440e+00 1.129071329460766648e+01
2.130402548204763491e+00 1.190622823612600811e+01
2.480387805221973441e+00 1.192454783522202710e+01
1.816664442834165838e+00 1.137057481951722870e+01
2.085508432598897066e+00 1.209259317428827707e+01
1.510844145190935350e+00 1.159405063151506887e+01
2.039504266678990874e+00 1.153501680073199864e+01
2.397988424478753711e+00 1.181741502916076669e+01
1.988739009529186585e+00 1.197506775296999848e+01
2.204255953151515346e+00 1.207414488944018416e+01
2.004662848583228740e+00 1.207782692674224734e+01
1.417267798767939846e+00 1.169315823232590290e+01
2.280074741400164307e+00 1.149569436257769084e+01
2.034719281155306092e+00 1.211559259158439161e+01
2.193911987860700297e+00 1.173611648574809863e+01
2.028925718290583102e+00 1.132460237629322997e+01
2.190652845053846054e+00 1.142039234948342141e+01
5.772407973795057323e-01 9.492286084018884296e+00
2.090984008870464539e+00 1.205993557767624580e+01
1.412148981832130223e+00 1.140579053480522020e+01
2.291543986771880981e+00 1.196522527527470103e+01
1.675179477286803609e+00 1.197617950071722781e+01
1.881773517153629394e+00 1.222290387973277603e+01
1.984012675801250847e+00 1.170920156663661160e+01
1.956896875272852609e+00 1.166843558495830457e+01
1.651360971161297098e+00 1.234764836696696477e+01
1.782501317410715602e+00 1.186729909826601848e+01
2.180574275041807120e+00 1.130482052991723485e+01
1.741123949314616448e+00 1.208598153994206648e+01
2.087644277114165003e+00 1.200641167011291444e+01
2.124482982599867675e+00 1.220339611898453391e+01
1.027904323828410682e+00 1.185246942186330976e+01
2.331184927173333143e+00 1.191716638863832678e+01
1.868183591014701994e+00 1.208605735499481959e+01
1.474533653786546550e+00 1.212071684542505956e+01
2.027906000898998418e+00 1.114518706707617568e+01
1.996641014125855929e+00 1.192121849573013392e+01
2.110310764647841175e+00 1.133051482093932982e+01
1.527081510009273613e+00 1.190322575977866926e+01
2.283846205663739415e+00 1.122647380904385983e+01
2.293492499585247479e+00 1.257175901130355378e+01
1.675171553200840879e+00 1.206471120786532047e+01
2.133423506912433876e+00 1.123664438974726210e+01
2.149767502147572173e+00 1.153576495243216371e+01
1.952104621234194592e+00 1.195750821524132768e+01
2.104796387908541178e+00 1.206515938885616812e+01
1.989059438196414620e+00 1.193495827024332456e+01
9.211271338813805665e-01 1.156426518612581766e+01
1.990425733817611231e+00 1.194457900837572062e+01
1.493693012896970540e+00 1.161705259417836089e+01
1.965820979150714853e+00 1.144845389299666572e+01
8.474473763593248776e-02 5.000000000000000000e+01
9.457742427508525340e-02 2.079543486219341730e+01
3.601346115445465679e-01 1.205617949804517508e+01
2.110957640705304339e+00 1.101897206391858575e+01
2.040831010732043982e+00 1.166057463509119607e+01
2.048204379601404668e+00 1.173082080488146239e+01
2.192704145657188075e+00 1.187378289874623327e+01
1.551276320175128065e+00 1.214954447872379539e+01
2.042478447719626722e+00 1.111233125912388786e+01
1.091937254698922555e+00 1.172828686774387563e+01
1.888461680068897586e+00 1.218606816682246041e+01
1.915038318511987248e+00 1.214096179708252343e+01
1.846794012834746201e+00 1.205951131128676046e+01
1.765121291562600447e+00 1.181457396504512047e+01
6.270035102398286986e-01 1.244197108197755597e+01
5.192452108974590641e-02 5.000000000000000000e+01
8.631802290496158880e-01 1.110037049531984188e+01
2.046244963747362089e+00 1.230727810560640911e+01
8.726523145488843669e-01 1.143632001629953976e+01
2.103179393906963845e+00 1.182501767861054276e+01
2.025238084671744598e+00 1.150924183362614883e+01
2.084638206657052351e+00 1.148821253433082568e+01
1.986358797923507113e+00 1.162436131743052670e+01
1.066154401309538979e+00 1.069584817386640552e+01
2.038616941913443448e+00 1.123704410552241129e+01
1.663306740430514186e+00 1.179435826698107803e+01
1.848223426292082916e+00 1.174903368891509281e+01
1.642537982485104742e+00 1.182304153776417976e+01
8.502849394751194056e-02 5.000000000000000000e+01
8.855314643480824977e-01 1.110509596372751773e+01
1.348916438508271698e+00 1.151517478323077981e+01
2.018483342727245056e+00 1.167108452432583121e+01
1.463583728286014241e+00 1.166833238694737140e+01
1.924427484144377365e+00 1.135445474234811769e+01
1.897088610786941576e+00 1.147878561879481119e+01
2.125325298096507609e+00 1.208633311632901197e+01
2.118144799220711860e+00 1.106977780684860235e+01
1.868019292327460334e+00 1.188815918059504639e+01
1.776152041739241128e+00 1.167794591030934548e+01
2.046422698613490798e+00 1.143590059671535464e+01
2.410080760498578556e+00 1.168522307347036282e+01
1.643930261715531138e+00 1.187042516185262464e+01
1.944960691451394830e+00 1.156029802086590053e+01
5.581001001666560102e-01 1.133322542155930535e+01
1.570077183563846512e+00 1.145203597516271543e+01
1.778112327365726886e+00 1.149159782464614210e+01
2.039476934365344274e+00 1.190200800511392032e+01
2.133791535926054195e+00 1.205861452128482725e+01
1.919364592742820452e+00 1.175623034862072380e+01
1.428796872312200650e+00 1.190983438116072612e+01
2.084805013982684585e+00 1.155726148384367669e+01
2.022876939339493862e+00 1.251634635935348960e+01
1.214107896991379443e+00 1.094843347837188574e+01
8.501265913200575230e-01 1.109137457463163123e+01
1.915548614293253404e+00 1.141125367360565868e+01
1.412109881968414138e+00 1.149817775007357135e+01
1.554113959371607123e+00 1.209268407953170588e+01
2.233379287777908395e+00 1.140216989370551914e+01
1.699659808102056413e-01 1.775069450909315094e+01
2.232257313983405655e+00 1.091771889979874288e+01
2.090449052943076591e+00 1.130982591627398470e+01
2.001343469377094397e+00 1.178858114099948473e+01
1.895932649582094953e+00 1.221753060126800783e+01
1.525571527139525152e+00 1.141950112846406817e+01
1.890325125840185860e+00 1.167842141319735028e+01
2.057487497433579282e+00 1.134022229388341074e+01
1.333127181586289955e+00 1.135321017817949851e+01
1.955246427236505546e+00 1.210789843399173371e+01
1.948902884653876733e+00 1.179393493079232336e+01
2.110915498283400193e+00 1.170374136018589084e+01
2.526363493439224506e+00 1.181699283872741901e+01
1.110631341919610771e+00 1.078045583413662101e+01
3.323893763355830755e-01 1.153496676907040808e+01
1.951731065553471645e+00 1.208305350680198842e+01
2.064030383498511867e+00 1.149306903360449716e+01
2.147448284870258739e+00 1.106955942516219515e+01
1.793374813444162941e+00 1.247029555593635486e+01
2.314735088183783152e+00 1.233879684483857631e+01
1.068231153248036192e+00 1.153065125023366910e+01
1.575714717154435229e+00 1.204075862720456591e+01
1.973242385389070819e+00 1.244356679269968780e+01
6.701401017394014170e-01 1.013447997306888837e+01
2.419481876274168997e+00 1.206636842912905649e+01
2.045678543438607111e+00 1.152932872891041427e+01
1.520593406159261862e+00 1.126300193329507238e+01
1.996600432659094260e+00 1.141259554762741502e+01
6.682110299911842022e-01 1.083671730260647159e+01
2.027005118841540110e+00 1.145643831330065154e+01
1.150974074811365266e+00 1.114631102840223420e+01
9.035048371250720134e-01 1.100763736404532267e+01
1.315277225726905197e+00 1.173496327567613662e+01
1.681632805231106698e+00 1.125832377720616506e+01
1.946095833710304923e+00 1.163928888110797999e+01
1.097166003231331066e+00 1.107979777887654294e+01
2.259291744750731468e+00 1.152253460338735280e+01
2.504816003340352815e+00 1.185868408559738896e+01
7.144854462819102414e-01 1.122160006101700169e+01
2.093225680401649580e+00 1.189609300853670604e+01
2.284050229428025602e+00 1.184616223330238327e+01
1.710330249143747761e+00 1.158933461603406379e+01
1.312421034834991174e+00 1.092339064314859698e+01
2.101112339872467150e+00 1.128750701641889975e+01
1.511972826766803779e+00 1.134384968775432334e+01
2.360657579509494841e+00 1.171600441988086061e+01
2.213319012005448450e+00 1.219909788037013776e+01
2.140643847363502328e+00 1.188567421005376090e+01
2.125795003484114432e+00 1.186476545598179300e+01
2.159158927062208910e+00 1.150947870970615661e+01
5.345766963403374428e-01 1.061670825413505703e+01
1.872469626878120907e+00 1.220062118198003098e+01
9.503635765741956787e-01 1.098157458428474698e+01
2.042738537531822107e+00 1.183617918495277088e+01
1.978673525639992326e+00 1.230991571904255366e+01
1.707836948816504830e+00 1.130491059404290510e+01
1.791149280248685915e+00 1.200737683132967426e+01
2.153889741383807177e+00 1.236834875590601790e+01
1.382716506309612070e+00 1.127393292484774889e+01
2.184867782598202801e+00 1.178857457688740240e+01
5.304998291850985259e-01 9.551388664921164562e+00
2.174669798106891427e+00 1.157525058093396986e+01
1.788668122060274923e+00 1.226949352998909859e+01
1.662887058713676147e+00 1.169289088467990290e+01
2.576930517114366825e+00 1.223085670072048892e+01
2.082943186419893511e+00 1.200392212325404806e+01
1.606935113331904030e-01 1.148864156270352943e+01
2.300183223441604863e+00 1.152371066268645450e+01
1.477385683097882429e+00 1.152036761071455473e+01
1.914849685693826409e+00 1.172635635609750793e+01
1.081492426137875995e+00 1.137225676151902221e+01
1.973587588226161094e+00 1.166985469566001754e+01
1.956553097746678072e+00 1.200958609143278721e+01
9.113936438245259231e-01 1.062783116251413951e+01
2.284032508636695713e+00 1.242023672577664506e+01
1.914604988544618802e+00 1.195728704935583231e+01
4.194806506561772341e-01 1.059701743616610514e+01
2.021096752694258925e+00 1.193932505928410137e+01
1.978752420584833693e+00 1.145269633773077800e+01
1.340621899293487074e+00 1.105835690459538512e+01
1.670806284866744873e+00 1.218762329082108309e+01
2.073453678032360248e+00 1.126929894865179982e+01
1.376115557202469475e+00 1.107001963086251806e+01
1.466613532583647128e+00 1.175658602174807577e+01
1.816721186069050198e+00 1.150683025637194490e+01
1.664802044135759385e+00 1.160896821126304523e+01
2.444639105882706165e+00 1.228704140977811932e+01
2.038479051415295729e+00 1.123379148909725878e+01
2.158028886269807600e+00 1.193809658279010755e+01
1.806724523522483583e+00 1.183129850728201227e+01
2.031738781734308663e+00 1.165085917225745327e+01
1.923441872882249326e+00 1.205236697548437874e+01
5.434173650839817515e-01 1.179168732223748961e+01
1.840789667274617569e+00 1.200137143710072429e+01
1.458361973531874245e+00 1.189961796790034221e+01
2.494141013259154160e+00 1.180422152481903630e+01
2.054862370285089668e+00 1.158753727332666017e+01
2.043776523531464218e+00 1.225363792114359285e+01
1.857515272203285939e+00 1.227867530295893062e+01
5.180516309743762315e-01 1.115742108782593789e+01
1.989946850346043128e+00 1.189392805788003926e+01
2.096056983209852564e+00 1.174419103682206966e+01
1.913310420114919586e+00 1.210201140413391840e+01
1.983647237881475567e+00 1.167427388147950928e+01
1.594011554114016072e+00 1.130280872993846941e+01
2.065952789394760458e+00 1.129066591884293125e+01
2.102350486577482247e+00 1.115677664906925948e+01
2.172181945338199860e+00 1.180618519086339191e+01
2.104100734830042896e+00 1.156377126467910443e+01
1.279367465581753960e+00 1.071204575742793885e+01
3.648052761206572736e-01 1.197198259042959911e+01
1.993735346588731971e+00 1.140377272594128222e+01
4.345928227702543500e-01 1.199081323228506690e+01
1.917727927721868175e+00 1.143572866046318026e+01
1.366976710338452472e+00 1.094086029650938663e+01
2.181806880173527752e+00 1.203803668919677072e+01
3.273508472411714165e-01 1.315835263163105573e+01
1.922703846160283225e+00 1.157031546411229606e+01
2.211069699620557216e+00 1.181386450954638967e+01
1.676933480865344661e+00 1.138333423299742186e+01
1.591940526606874462e+00 1.200477287515749936e+01
1.742882959983522273e+00 1.131432359888038341e+01
9.685071910802961481e-01 1.112783341538349369e+01
2.402397488713571061e+00 1.172202274726070748e+01
1.706198754801556916e+00 1.183879554064955286e+01
2.332163844023076305e+00 1.120312325323762792e+01
2.025730272100818574e+00 1.195766929249635879e+01
2.067766061403976341e+00 1.117003968658711344e+01
3.160328203544748860e-01 1.031080386368950741e+01
1.696890254604832782e+00 1.150788771606588767e+01
2.243957303876183307e+00 1.174662917834327480e+01
5.880086345439043960e-01 1.005449235323841606e+01
2.109383896097972944e+00 1.208239393125949412e+01
1.117297390170690408e+00 1.153496238668364704e+01
2.390900962968355525e+00 1.215034562864993894e+01
1.465222218557842071e+00 1.206964400154845407e+01
2.042064880146908568e+00 1.193325275859191947e+01
2.057613719665013274e+00 1.188805347641643984e+01
1.347748029706075545e+00 1.126028758882837089e+01
1.635899586506659009e+00 1.181364199507093993e+01
1.588382534770274024e+00 1.222676378283451548e+01
1.991631159449277932e+00 1.202753373211280596e+01
1.136719816939655292e+00 1.137945311296074813e+01
2.066530728655573412e+00 1.175050610227252967e+01
1.571555816561572172e+00 1.124427945246672067e+01
1.596792280899710814e+00 1.208214924524859590e+01
2.449704956849959814e+00 1.179211468070817226e+01
2.162299176897708897e+00 1.138689013827563201e+01
1.887586051646979568e+00 1.157604807903373612e+01
2.091297084563017883e+00 1.099760955983698807e+01
2.260879019591521377e+00 1.160043710500219660e+01
2.135450290782083815e+00 1.113620455344739213e+01
2.268410897050470609e+00 1.131655215558636307e+01
1.378638871022726642e+00 1.133902682984051324e+01
8.567960521964782528e-01 1.121519871160882076e+01
2.044065433465420245e+00 1.175257352502228159e+01
2.102265717913799570e+00 1.139767971222087439e+01
2.060150013300413807e+00 1.109541146702774839e+01
1.207436811572001778e+00 1.181604223747346971e+01
6.226429140224094549e-01 9.564437101796068319e+00
2.139653705688849161e+00 1.163958912496074838e+01
2.181955414619819678e+00 1.152070587481487252e+01
2.056160246438685224e+00 1.199323108628800760e+01
7.083150621248165413e-01 1.021018608713843001e+01
4.828992161704942498e-01 9.551146257194956135e+00
2.013128658827854522e+00 1.143288293832417146e+01
1.828650238931929906e+00 1.139369050239402803e+01
2.098048508363361542e+00 1.194174165147301458e+01
2.334889611017718636e+00 1.112704545526534794e+01
1.465485757151339774e+00 1.184541110116137119e+01
2.703183271837703572e-01 1.397162466376101442e+01
7.597586230601476309e-01 1.024532154196397293e+01
1.732452983992240014e+00 1.209801605386602397e+01
2.220419168697860268e+00 1.146004082987623285e+01
1.703130803012856020e+00 1.181535611981414924e+01
1.970768100557595437e+00 1.172411936953414902e+01
8.769326596119776385e-01 1.153960845659525347e+01
1.310907186807055869e+00 1.193770794853304906e+01
1.164092194692420090e+00 1.104329767746432189e+01
2.042950228465571172e+00 1.124090753791646868e+01
1.676023020278914366e+00 1.196610184113151831e+01
2.620461760240460514e+00 1.272361466280167974e+01
2.193139230771463666e+00 1.160436742443795133e+01
2.087622931471805110e+00 1.147490027171341787e+01
2.250320597880417939e+00 1.164439498313314125e+01
1.903646894025328828e+00 1.209208977768845550e+01
5.795831458013440685e-01 1.032702806132278894e+01
1.421919309701294154e-01 2.287094226968898880e+01
2.309267616331632134e+00 1.205252082098998834e+01
1.829084622077646216e+00 1.137070280401074740e+01
2.915021660832665673e-01 1.365074927888954548e+01
2.061473811400844180e+00 1.120683376113932894e+01
1.862073956210350822e-01 9.588390179675863934e+00
2.315044383105325121e+00 1.157888590485810276e+01
1.962558721596368017e+00 1.158831489820863325e+01
1.172227217493058804e+00 1.106223639650958113e+01
2.395954752151656653e+00 1.188219157682234162e+01
1.096091712416715325e+00 1.055626629792129556e+01
1.867855109135340808e+00 1.196474193660600172e+01
1.180405501585470640e+00 1.139189781487833741e+01
2.105853103214723188e+00 1.111862419701426496e+01
1.956181704954479628e+00 1.210373016278998470e+01
2.093234252323918909e+00 1.156297440254081721e+01
6.354147252874668972e-01 1.159094108516733002e+01
1.482563066258782980e+00 1.204247703472469944e+01
2.061722737958724849e+00 1.186750402429525053e+01
2.145625360563215622e+00 1.105027069144579777e+01
2.037273862470809771e+00 1.117288070058618921e+01
2.140781336796672818e+00 1.164052996923780725e+01
2.555137653407532627e-01 8.853806228616621254e+00
2.147478501058322387e+00 1.214936136359414931e+01
2.062797085349169723e+00 1.143406476340295264e+01
1.725681003639858213e+00 1.142852850786055008e+01
1.322658322985673096e-01 1.401349126919524757e+01
2.394897470153040775e+00 1.185566565646541548e+01
1.897723208668270489e+00 1.166967788671888151e+01
2.054499216515158988e+00 1.255792045577680227e+01
2.094316673559341702e+00 1.190509608705480282e+01
6.461208837495331370e-01 9.845946314554172574e+00
2.184545413747919440e+00 1.104366791550235760e+01
2.081563866009662700e+00 1.128810814549829189e+01
2.322289501223952168e+00 1.252614013193537978e+01
1.609263863501026126e+00 1.143186126975158246e+01
1.749007675429444353e+00 1.194406341159665175e+01
1.758153086161567291e+00 1.221227146759140325e+01
1.870096247571528147e+00 1.213821050691986159e+01
8.868272476202923027e-01 1.102951072936241239e+01
1.420797847740989051e+00 1.184650107843370215e+01
2.218153462669510745e+00 1.162129580237699500e+01
1.959789609466964677e+00 1.177182702040784790e+01
2.070020847440420475e+00 1.163442901324296308e+01
2.114052090466534750e+00 1.201319905272866428e+01
8.558665473339513996e-01 1.059718342312589101e+01
2.030810771014136318e+00 1.163866529550870865e+01
2.077398463035677434e+00 1.164589981824227394e+01
1.843890163915499425e+00 1.174002804192009464e+01
2.023026003058452815e+00 1.204078248806752427e+01
2.391469391009210632e+00 1.198927114125325843e+01
2.120874608769864000e+00 1.104949939608817466e+01
1.977023585137372752e+00 1.161559872534478366e+01
7.661966726939543060e-01 1.093134337968065317e+01
1.741069000705458114e+00 1.186736306245692063e+01
1.279561052031251256e+00 1.189173853960167371e+01
1.996632906706493626e+00 1.167944213433082190e+01
1.705975541527028794e+00 1.168153089531135791e+01
9.518381568059942621e-01 1.170332449943942876e+01
5.197839723268756762e-01 9.522293068955473672e+00
9.534147252430356101e-01 1.099308916000384073e+01
1.332970977603390450e+00 1.110660398992892439e+01
1.982449299708790358e+00 1.174139299375228163e+01
1.877734320583108296e+00 1.147940455634141799e+01
6.774787623964786398e-01 1.043389303234559229e+01
2.045121065107624148e+00 1.118146914407791392e+01
2.011986244732724138e+00 1.156834765823809974e+01
1.540078847182736022e+00 1.135936732306620733e+01
2.416500653759212636e+00 1.198657537152544883e+01
2.141460125903769551e+00 1.168734330640604924e+01
2.164329778762048573e+00 1.110136200646886984e+01
1.946491293015432555e+00 1.183961895710121759e+01
1.667668889397779797e+00 1.177844707938100477e+01
8.974175059901046136e-01 1.100450030983996541e+01
1.977713254134241927e+00 1.211134944673939806e+01
1.349834207821553722e+00 1.119741108136838470e+01
2.003490529814741627e+00 1.196023882591347665e+01
2.162336561224437403e+00 1.197422925614870692e+01
1.990033400624623638e+00 1.230923994894035012e+01
1.595661005981332980e+00 1.152201598997832654e+01
1.636236699776899561e+00 1.170910651647785627e+01
2.211273502250146628e+00 1.137967482127027097e+01
1.680776467884115277e+00 1.168420717612754345e+01
1.132625150972895289e+00 1.120764902064564161e+01
2.052225995630394095e+00 1.158017580869791807e+01
2.129141774936114118e+00 1.105475524164578260e+01
1.974165674375500501e+00 1.186816504637842939e+01
2.047690188303201708e+00 1.240980393062555898e+01
8.430563394529918542e-01 1.080783039474929375e+01
1.995534964755173668e+00 1.124185932262768439e+01
1.102366757157471566e+00 1.101801854266111214e+01
1.987734615550693640e+00 1.157567832334545699e+01
6.384694675965389976e-01 1.101396973759709397e+01
1.053417040970356267e+00 1.113928835432312248e+01
1.009307179060368709e+00 1.135685228490118703e+01
1.400086104745520199e+00 1.148528909983783564e+01
1.813437847326296648e+00 1.161002013528076660e+01
2.049457811321940159e+00 1.113173645969249570e+01
2.033864298234930867e+00 1.151026660831656123e+01
1.183360284035165577e+00 1.181124107389269362e+01
1.516114071584070633e+00 1.161844395397800511e+01
2.071505620627248412e+00 1.176477472417400172e+01
6.715950637308779614e-01 1.008971340953123708e+01
1.568855290455908102e+00 1.165664991133972350e+01
2.169437219577597276e+00 1.157935611834216338e+01
2.062056856580921860e+00 1.150896045861275319e+01
1.008274036285926600e+00 1.137236177450377461e+01
2.212739268537109893e+00 1.184035677309549328e+01
2.144735452806187492e+00 1.120782774591478059e+01
2.041190433341374622e+00 1.161306988362550285e+01
1.181179871629262079e+00 1.137673000480911156e+01
2.265790590606259869e+00 1.187967793149873863e+01
1.951517575720666198e+00 1.164580072508774755e+01
2.308582300520635400e+00 1.101018373110458803e+01
2.036291518913201593e+00 1.173589810023427660e+01
2.106160919096346618e+00 1.146374145695756397e+01
2.144362336023708959e+00 1.138522365109370149e+01
5.536319145735201230e-01 1.055427777752016638e+01
1.756231611419160732e+00 1.196386069410457331e+01
2.159341351899006778e+00 1.181773590558771048e+01
1.751271419234426308e+00 1.166182042396378016e+01
2.327366164195316500e+00 1.194390005824337564e+01
1.712889418288760401e+00 1.150011967736706886e+01
1.818169765460361909e+00 1.161871046027722798e+01
2.226726304493100439e-01 1.154946792900254948e+01
2.268525222293565680e+00 1.234295513152965817e+01
2.030939613281456779e+00 1.234527856150825897e+01
1.404976608315867903e+00 1.201254921279590349e+01
2.174803436176820259e+00 1.180254453485648902e+01
1.209636075061295113e+00 1.095695642229025246e+01
2.077635213400178316e+00 1.174359700771235104e+01
9.378617776165516506e-01 1.042443691522619886e+01
1.839547830065279443e+00 1.173566199740093730e+01
2.279275946642561390e+00 1.187911812286434632e+01
1.769433158699947661e+00 1.214966527759593262e+01
2.056895823567429726e+00 1.221588370632599840e+01
1.950677498518773145e+00 1.212516785757796356e+01
1.838648791442413666e+00 1.190972267276850616e+01
2.081295472832628057e+00 1.159032148968718801e+01
2.105984829323066965e+00 1.146956025907866739e+01
2.253492688029564484e+00 1.215870655113537069e+01
1.714856189456459346e+00 1.209771554341922695e+01
2.172841589291587994e+00 1.120161480450565428e+01
1.793235948905855803e+00 1.162261583092988637e+01
1.966025340441333036e+00 1.146337309575714336e+01
7.388971725417799175e-02 2.006989411180759930e+01
2.012368504295146021e+00 1.139083918399177264e+01
1.839480574352680087e+00 1.243467999205563679e+01
1.964263601571190954e+00 1.151705590402188761e+01
4.122313491576518052e-01 1.029399537509503482e+01
1.914714611845899306e+00 1.185729487186575604e+01
1.993799291483741687e+00 1.150042763560448122e+01
1.763159915737164907e+00 1.236119841547673381e+01
2.142974339930405758e+00 1.230120021685394427e+01
2.081364893112234160e+00 1.149630401902970789e+01
2.111019616876930627e+00 1.084357784732630670e+01
6.937537347758085393e-02 5.000000000000000000e+01
1.968504672016446522e+00 1.122874408653171585e+01
1.892345315537958594e+00 1.177014785437549627e+01
1.620472137287108927e+00 1.141076057498038487e+01
2.010863883862617829e+00 1.128439952629472209e+01
1.896334376107794428e+00 1.181092540114393508e+01
1.980131249046350073e+00 1.121142331595872754e+01
2.032452273409620425e+00 1.168271399066046889e+01
2.163644015846460267e+00 1.132882022234549524e+01
4.418721126347514572e-01 1.197996688619893035e+01
1.981833671933617813e+00 1.143597596544337414e+01
2.135896797302519801e+00 1.163431378738582112e+01
9.842362603087034811e-01 1.130422038873375179e+01
1.579528677770997591e+00 1.124702324334691106e+01
2.093212209100443477e+00 1.128511011582488877e+01
1.324720574384543603e+00 1.115820404779347541e+01
2.122303911009451483e+00 1.136649565040848131e+01
1.871662230407719507e+00 1.168526372507868416e+01
5.837831396557555674e-01 1.072884800168642094e+01
2.071792904095178578e+00 1.186921113922243443e+01
1.403078684541728904e+00 1.129170769498147031e+01
2.167578188029999353e+00 1.123563439983410284e+01
1.009604876660979755e+00 1.099404337216513738e+01
1.766930179738812390e+00 1.200105314809163382e+01
1.884751664697069229e+00 1.212801383298817726e+01
2.008340049342195677e+00 1.197175100708726880e+01
1.607080518074006203e+00 1.136618013029597485e+01
2.186371126100762119e+00 1.120485224980019012e+01
2.240817858427899711e+00 1.200689497981092835e+01
1.895354953652204966e+00 1.127364689067476888e+01
9.849723045962365253e-01 1.120355559085951214e+01
4.910538662235037211e-01 1.277085714441017394e+01
1.830209786068041744e+00 1.240736354851512857e+01
2.126725562717758145e+00 1.167511282208649703e+01
1.817275505205559583e+00 1.202644047108387504e+01
2.101318418321806547e+00 1.190461297166902099e+01
2.271212254844732215e+00 1.184613255807772347e+01
2.022378276140006204e+00 1.137286423265997115e+01
2.043678083951844915e+00 1.157249979372343773e+01
2.038538532198422182e+00 1.218343068702474774e+01
1.720974556067727868e+00 1.202224969831331869e+01
6.869030312533259686e-01 1.167216044423567567e+01
1.989825606735498020e+00 1.221619880384647772e+01
2.071623200250046981e+00 1.124062688193680870e+01
2.112125389476956716e+00 1.248613454067403872e+01
2.026078740017392299e+00 1.149327472781357784e+01
6.534458790578030474e-01 1.080093305146208493e+01
3.005203981384033662e-01 8.846171909950729884e+00
1.974644680737139391e+00 1.205487102463176896e+01
1.402021879597165732e+00 1.171662961923487423e+01
9.816501800127885868e-01 1.058688044326298083e+01
1.798527031496554240e+00 1.191718797227922799e+01
2.439161010184720091e+00 1.200748834386716979e+01
1.686447319802054645e+00 1.149195554135008734e+01
2.375386633998730623e+00 1.160304510749539553e+01
2.012272011313692932e+00 1.146719915894653141e+01
2.096335125447175152e+00 1.183020456611231985e+01
2.493462214322194725e+00 1.195210204624308759e+01
2.078926677731445238e+00 1.231143472773520209e+01
2.361498965910365122e+00 1.227166033956984670e+01
1.629730112725655378e+00 1.177121148068845358e+01
2.083833697035443855e+00 1.241243019794359626e+01
2.144204158257463355e+00 1.179300671868931794e+01
8.320671046116571157e-01 1.125155729726105847e+01
2.092326661136045374e+00 1.142794894695391328e+01
2.259996378834630004e+00 1.107049807918601836e+01
1.717925284805371211e+00 1.121521378743123343e+01
1.714434534676862798e+00 1.199640948612324109e+01
1.855259417031190239e+00 1.191126636975098130e+01
5.471603041739021567e-01 1.120927898810233003e+01
1.474596398134730535e+00 1.156843472588918154e+01
1.489619905970370528e+00 1.175767702245600077e+01
3.275914177214836465e-01 1.088514436487100490e+01
2.429545828173945043e+00 1.249570353939062883e+01
2.209573757949122363e+00 1.117020593155416108e+01
2.132311647317608916e+00 1.130801911357718836e+01
1.995559770590014326e+00 1.207945173335368239e+01
1.960242564750296790e+00 1.149519116995023715e+01
2.346370640107578787e+00 1.128801908538906140e+01
1.374602005789231862e+00 1.189452089914825983e+01
1.652626872938641078e+00 1.171555075358372378e+01
6.707122944770362860e-01 1.030903033604367813e+01
2.184985311491928428e+00 1.112614447039158350e+01
2.116241268345558257e+00 1.164371437285743127e+01
2.127241623512206470e+00 1.229470078480706086e+01
2.045997511061230067e+00 1.250639230349539055e+01
1.174077431665576210e+00 1.131150765707256234e+01
2.165745947096550328e+00 1.122828776302647036e+01
7.631988801903419883e-01 1.047019865702837293e+01
1.498381099409710426e+00 1.194653929750122145e+01
1.842519521037868424e+00 1.143160186599103589e+01
1.907153523381067473e+00 1.184244438425098167e+01
2.068612617851184332e+00 1.240348596275518034e+01
2.421813964138607389e+00 1.214243731385003500e+01
2.015734977518119031e+00 1.132692595520370205e+01
1.988807127990079193e+00 1.165570381760682928e+01
2.156738576865532053e+00 1.103481013981262926e+01
1.581415857340232600e+00 1.220342080749054503e+01
6.402954541292070756e-01 1.215652696509895314e+01
7.195865022243165265e-01 9.933945141162476844e+00
3.273919055010925394e-01 9.417056411124180570e+00
6.048115563828961039e-02 5.000000000000000000e+01
2.148027270899729668e+00 1.181835337240860540e+01
2.049555073767429736e+00 1.187875810561577872e+01
2.146329877334644642e+00 1.156372379738695244e+01
2.069188075629521339e+00 1.167355547637257196e+01
1.989128355378259938e+00 1.167231915328018310e+01
1.771040098888482239e+00 1.200690646608196488e+01
1.303855849363219965e+00 1.149474594343927158e+01
1.657957998985407189e+00 1.163388777709750066e+01
1.662016396143140007e+00 1.143956800351076986e+01
1.972571699008898394e+00 1.145274924559302931e+01
8.904321998792980031e-01 1.074588345790349031e+01
2.535085601005334643e-01 9.391400087383647843e+00
2.026305537287346858e+00 1.223203613445891591e+01
2.072797025964187689e+00 1.151332977665952662e+01
1.655726474400151416e+00 1.183916023785333849e+01
2.055255602802726678e+00 1.141385330682670407e+01
2.069149910490831523e+00 1.174824555912803703e+01
1.679578033407540749e+00 1.148951817683229137e+01
1.507914292068119444e+00 1.170487064746557060e+01
2.143745829972361516e+00 1.130662862664203594e+01
2.072748327587706552e+00 1.245921716310309968e+01
1.395495763060926153e+00 1.186527373333562352e+01
2.218688146443074771e+00 1.192642150094471454e+01
3.677881701537790149e-01 9.480538143145219365e+00
1.980161928872624655e+00 1.140227760321439554e+01
3.192921400582301450e-01 9.889306545062629183e+00
2.481671574106609768e+00 1.192632935663875671e+01
2.119423545621072602e+00 1.190616034531265299e+01
1.981725694895012380e+00 1.140958017383310086e+01
1.706123266730346311e+00 1.182782533708887840e+01
7.395072867558744045e-01 1.036660688215479809e+01
2.049023209004930290e+00 1.126213236264448803e+01
1.861965507906953921e+00 1.208230941411241233e+01
1.995756081988742769e+00 1.164573636505348375e+01
1.524480664756202586e+00 1.148893000708098100e+01
1.648206924693508713e+00 1.145283126622387293e+01
1.876330931531020596e+00 1.185207067995063213e+01
2.109934166431495672e+00 1.202549353493308182e+01
1.888120582415346860e+00 1.185985682647947392e+01
2.038623385550955014e+00 1.106369562394083772e+01
1.772133434339565383e+00 1.142149674973109796e+01
1.816785259204317882e+00 1.199060586150214114e+01
7.179317812409448107e-01 9.633319133419355751e+00
2.287305826058354530e+00 1.207553236369552785e+01
1.856478467670724664e+00 1.178403554630175520e+01
9.958863630968259884e-01 1.051338954520159596e+01
1.309725462882423752e+00 1.146406733852935567e+01
2.400144770134685857e+00 1.228403707164517122e+01
1.577418028628332802e+00 1.148535984559457113e+01
2.023997235177553033e+00 1.144121268779192313e+01
2.143296866254435162e+00 1.209349367775324957e+01
2.044505761153131651e+00 1.187419705923159086e+01
2.165281052495637848e+00 1.188954811449910665e+01
2.300995282928744445e-01 1.326294071505022920e+01
2.310328449379151827e+00 1.153663091587095124e+01
1.856691052675254694e+00 1.207245222439965637e+01
2.267388728777843809e+00 1.162743708937228426e+01
1.927415090617907723e+00 1.192805677213798710e+01
1.253505155098501911e+00 1.136842121464434996e+01
2.290642648420578631e+00 1.177370414225665129e+01
2.282933356977324468e+00 1.139917937574660201e+01
2.065625917739137840e+00 1.131484189107267646e+01
2.047851130907005324e+00 1.133661774954657275e+01
2.048997133174335961e+00 1.199004111177175247e+01
2.116341498984934510e+00 1.242274730691167228e+01
2.531598283111801351e+00 1.244588060610025693e+01
2.216550211940380599e+00 1.177819200965804747e+01
9.948103303728751401e-01 1.118972412390121107e+01
1.330391430134961084e+00 1.140214743121726393e+01
1.731410640010848434e+00 1.166890248684970111e+01
2.173071638456471888e+00 1.181363572089133562e+01
2.090674616774309325e+00 1.177647927416237117e+01
1.722368987522515882e+00 1.170738338428696323e+01
9.560864808845699614e-02 1.339949099094707918e+01
9.439610633932231654e-01 1.109446388323148192e+01
2.121689135354416500e+00 1.192840941316022274e+01
2.089727143850672153e+00 1.165232649568651979e+01
1.948226096424602316e+00 1.167809962350125730e+01
2.025745591671903156e+00 1.138047992400471387e+01
3.644587063714170849e-01 9.974299609613941797e+00
9.339846947000631783e-01 1.088757730694870851e+01
2.245601149428849030e+00 1.155359827365189851e+01
2.177582051228903914e+00 1.172477587195196946e+01
2.237775953541430773e+00 1.242464120196511246e+01
1.944642285514385227e+00 1.147527942006499124e+01
2.073703946777048834e+00 1.178587765644961749e+01
1.166383659744155477e+00 1.089458649992742956e+01
2.009504860624573563e+00 1.166618073550547940e+01
2.659886137592816224e-01 1.007306469638424495e+01
2.066684892962222353e+00 1.143404741666461177e+01
2.010865650187498854e+00 1.164880767492195623e+01
2.114005805042349362e+00 1.151720159221530437e+01
1.428228923063505462e+00 1.127206918768754385e+01
2.208667790871765568e+00 1.176951464187213503e+01
2.177758457310699391e+00 1.152101643324261104e+01
1.145071949124483401e+00 1.120452905959735546e+01
5.988114398279825723e-01 1.108436106393570597e+01
1.357239816693018630e+00 1.119623723971663232e+01
2.307576891251939877e+00 1.161207881003429954e+01
2.342598514384084840e+00 1.169045288550934458e+01
2.091268025236280970e+00 1.210086612168641018e+01
1.326489011858253519e+00 1.148441967403583419e+01
2.077570968682481478e+00 1.170438769766601261e+01
2.539427040248815715e+00 1.223195561147787558e+01
2.085363671390362050e+00 1.143683362297983663e+01
1.919039479684698790e+00 1.177220916949940666e+01
1.496929061396625515e+00 1.123857650143306230e+01
2.088829510165506331e+00 1.093200053581324482e+01
2.206425425421977948e+00 1.147866745800378041e+01
2.111285182019704720e+00 1.187270169735402980e+01
2.039739451560588002e+00 1.198474542247680397e+01
8.481889004236272678e-01 1.039498239888531117e+01
2.073604969948157795e+00 1.155668527471457452e+01
2.109492041498654213e+00 1.158063439340442180e+01
2.020733171189957211e+00 1.220894917243968258e+01
1.347471224648308485e+00 1.145582775678631116e+01
1.007865671997428825e+00 1.139858147238802921e+01
7.269268376970472456e-01 1.104863039177966222e+01
1.716659479556386314e+00 1.207144622199495743e+01
1.844864863091910223e+00 1.211794280992784145e+01
2.203224669308024186e+00 1.199245938877756323e+01
1.063760486728327015e+00 1.134420040207942293e+01
1.602941167603574302e+00 1.178463543852121376e+01
7.926796893434197022e-01 1.109703185272082671e+01
1.082088570476112732e+00 1.093456275630492769e+01
2.009662652489874635e+00 1.123444574177661437e+01
1.607242749201599707e+00 1.160286537804111617e+01
1.982607447466447903e+00 1.202665547052232498e+01
2.038093822077489126e+00 1.224977759242346309e+01
2.094720680271624946e+00 1.211553075798901524e+01
1.799776007295224689e+00 1.171612801543773230e+01
1.845527381562218405e+00 1.175589154696855410e+01
4.462676622902677082e-01 1.196005808234975021e+01
1.348395472443692400e+00 1.161031358411056402e+01
1.903795373674947999e+00 1.146016983065035255e+01
6.769327519120472703e-01 1.140711526844550860e+01
1.506563800068951187e+00 1.147744311761482905e+01
1.377173500294488928e+00 1.167407798865387036e+01
1.985613457686161709e+00 1.165429158351834182e+01
1.843870863697352425e+00 1.192287407272915623e+01
1.989621609722405537e+00 1.165963812020223855e+01
1.982181534241219678e+00 1.245516354697746664e+01
1.227540636948153630e+00 1.138833848144155425e+01
1.645442124635450587e-01 1.858918664463770654e+01
2.374305969869413335e+00 1.223699023394580543e+01
1.536500149155132444e+00 1.166042184055072184e+01
2.369786798894103264e+00 1.177112135022419537e+01
9.939831138030133517e-02 3.759922922830594416e+01
1.269983845539372380e+00 1.139808025454648366e+01
1.791970846110299220e+00 1.202057218987220466e+01
2.547025457523631520e+00 1.264408824503860984e+01
2.153530328658892934e+00 1.079210815235369125e+01
1.791507561144274119e+00 1.215076551606274613e+01
2.027582321932547949e+00 1.115109434135154842e+01
2.058448284172829101e+00 1.148775065783221905e+01
1.408443174260232356e+00 1.116693465723326639e+01
2.271761591961018123e+00 1.147171482843869583e+01
2.046985855060259762e+00 1.228317401119329766e+01
2.147197636164458689e+00 1.174820681602863992e+01
1.242710567010887779e+00 1.131919453286121424e+01
1.666784137990993786e+00 1.170538413492220187e+01
2.080050027512255983e+00 1.207562046228995101e+01
2.207508548691439199e+00 1.088743036539002951e+01
1.723446193272976323e+00 1.144492120030764681e+01
1.453280852666645862e+00 1.185315284022554572e+01
2.188105300375879469e+00 1.108714651018240716e+01
1.332974895929805559e+00 1.141807535795000916e+01
1.442470063020064641e+00 1.148978682383286731e+01
2.033460500318359454e+00 1.211553752441472298e+01
9.268906393422641221e-01 1.130991891283248840e+01
2.033009839506167094e+00 1.134914911354884026e+01
2.090736506590884947e+00 1.159637476629785269e+01
1.550358339195253565e+00 1.199153944648988990e+01
2.126208811498065288e+00 1.120085586173989967e+01
2.113281669259428508e+00 1.131025610706756446e+01
1.988049419436725085e+00 1.170941875901256424e+01
1.252372015858050691e+00 1.172607139380544616e+01
2.311840509248014985e+00 1.250986751752399151e+01
2.145960450766461136e+00 1.154812050064631279e+01
2.116285757555711022e+00 1.156607929051735439e+01
1.928028075163411126e+00 1.188839831972260797e+01
1.840726682526803160e+00 1.220906390643944484e+01
2.315922330832885123e+00 1.139383492592441627e+01
1.230477113249153209e+00 1.103484445702618721e+01
1.039312638532387645e+00 1.088140776883732208e+01
2.041149766114537467e+00 1.139617724630313766e+01
2.087641190034199568e+00 1.121876165338327347e+01
2.168594638073487957e+00 1.143657145786214002e+01
1.010575851471607001e+00 1.094553249565096742e+01
2.172188885323389496e+00 1.138391409143991950e+01
2.314393287030248825e+00 1.207561615017389123e+01
1.721830642417216950e+00 1.130332850645492471e+01
2.096291343340471514e+00 1.182320667662373204e+01
2.420943305837355730e+00 1.185140858432666811e+01
7.739690281221603962e-01 1.030538391807338883e+01
1.546612573511687794e+00 1.164331378373477399e+01
2.077522173784814630e+00 1.127935551010163095e+01
2.076795376983628927e+00 1.154634214843172835e+01
2.168826140643151934e+00 1.200314244237080707e+01
2.448537719594678030e+00 1.215042243127906296e+01
2.135972383299946653e+00 1.193437131792019734e+01
2.173381002174208376e+00 1.063638432150976776e+01
2.203368302016481373e+00 1.145701138798385088e+01
1.662530532104783187e+00 1.224879525470979225e+01
1.155259810273028931e+00 1.156836233799065283e+01
2.137732676622163375e+00 1.187381060200081428e+01
1.086744861159754771e+00 1.164372506875738189e+01
2.183369415320150608e+00 1.156333223574638325e+01
2.049880486497064780e+00 1.140219190384772219e+01
1.786585185119572872e+00 1.163686030167480467e+01
1.161768775378718033e+00 1.126911035263453442e+01
1.600277211483594364e+00 1.180300664544007816e+01
1.226516677579948089e+00 1.116796604063407550e+01
1.378944583627509657e-01 2.024591658612464684e+01
2.123522319688757598e+00 1.109490782973527701e+01
1.706823846146014345e+00 1.190739157892616440e+01
1.059341750209819244e+00 1.065399323922718899e+01
1.595377461964573085e+00 1.147104135691431992e+01
4.485589558167871749e-01 9.966168102104589366e+00
9.973581996046761156e-02 2.196046965512903526e+01
1.190197385062851776e+00 1.113868180672035635e+01
2.020402908852033885e+00 1.180107879365523971e+01
1.835224398165006487e+00 1.220676437186077301e+01
1.483626892233304906e+00 1.146944325151445554e+01
2.081812690792411491e+00 1.160281571972822157e+01
1.893625735240969776e+00 1.132299272607600749e+01
1.674160306509267615e+00 1.153747048016664145e+01
2.059732655689046066e+00 1.147909199971128658e+01
1.283907558657416237e+00 1.150916601135431172e+01
6.109659428311050577e-01 1.127135134328302257e+01
1.400915137093931673e+00 1.179515157768082645e+01
2.010998709723626376e+00 1.176851547789992836e+01
1.558476183187018860e+00 1.143753051805679277e+01
2.253956097311027751e+00 1.138219677588215539e+01
4.391027595114304627e-01 8.986838468079403341e+00
2.201321257132393239e+00 1.154734857509292034e+01
1.536059526488978033e+00 1.191497916782301125e+01
2.201481942996574848e+00 1.141238390564967631e+01
2.172650696064777898e-01 1.004073599870160116e+01
1.264056990741272424e+00 1.188050968068236912e+01
1.662238252470416899e+00 1.161972819918070066e+01
1.571865722240664009e+00 1.200782527604286720e+01
2.101984015161381336e+00 1.185567143566402848e+01
2.002024957192797050e+00 1.190742866553632240e+01
2.095018164163382046e+00 1.177718961062030090e+01
2.353722110057256067e+00 1.182062599106336442e+01
2.318679092008746334e+00 1.274521567095318986e+01
3.039839656919337552e-01 1.077909054845902403e+01
2.148705353075631486e+00 1.138508179172641199e+01
2.237816921916131907e+00 1.166145944569977466e+01
2.186793482708634162e+00 1.141794367174100344e+01
1.459205742370838221e+00 1.188045556800530100e+01
8.594994242170822529e-01 1.107087489050537421e+01
1.566042426576060853e+00 1.201120273482030676e+01
7.992198436857432531e-02 3.380966137387126480e+01
2.050655231078819973e+00 1.108649153000672882e+01
1.061281916324605668e+00 1.133969452843828307e+01
1.370546748135217152e+00 1.175851881981470548e+01
2.202975084701326747e+00 1.170681419980046023e+01
1.330441964613153782e+00 1.139366426017311085e+01
1.249206534619541564e+00 1.116556824245152058e+01
1.950840331271401773e+00 1.199696502436889567e+01
2.205186808220907402e+00 1.165870119944677263e+01
1.586755072484222762e+00 1.201077567007721392e+01
2.409232182490753438e+00 1.230506591399615246e+01
2.024336478855964572e+00 1.156530175795518112e+01
2.052202350770808703e+00 1.217994303228462272e+01
1.981435120307344588e+00 1.195748820990303507e+01
1.717131079610952904e+00 1.170176089820096088e+01
1.776329551646059102e+00 1.149356701921064605e+01
1.967451717845610792e+00 1.158822170258932438e+01
2.170750586463344511e+00 1.193556023423825607e+01
1.891440372084599808e+00 1.165029988139857764e+01
2.114877532195377441e+00 1.134133339849444155e+01
2.153221726196959729e+00 1.149167129219854999e+01
1.991600613395718478e+00 1.165116437989604670e+01
2.339392367363213765e+00 1.181639582179762371e+01
2.088342502165684955e+00 1.141655741942465241e+01
2.153256027700849895e+00 1.186554520777197297e+01
2.063217608288281824e+00 1.123170127609538405e+01
1.970219766998513311e+00 1.180544365245631155e+01
1.764904006921927726e+00 1.201210214993384717e+01
1.253296365163578230e+00 1.119132757671305711e+01
2.151209872703535808e+00 1.177686082616602548e+01
1.788436944246668103e+00 1.182963776087045460e+01
1.834405210672808817e+00 1.172436231099002590e+01
2.119744314007098840e+00 1.128624828634706745e+01
2.032422179228128734e+00 1.142655773196200109e+01
2.043793586750060953e+00 1.145608681514256411e+01
2.004713386782082107e+00 1.199202868782351672e+01
2.152332930263744171e+00 1.232043588907452580e+01
1.896605273392129254e+00 1.193950105092991443e+01
1.316560427714097647e+00 1.144395833777394778e+01
1.619255449893741927e+00 1.180834695423396496e+01
2.399626862240723746e+00 1.204436628071927728e+01
1.166393318695238879e+00 1.109264225992301967e+01
1.864509462006696872e+00 1.182966459343883692e+01
6.727709670845447576e-01 1.079192514011099036e+01
1.167387148642793804e+00 1.140136589877472417e+01
1.111215522963118207e+00 1.130937887883888848e+01
1.379579999747735153e+00 1.178952096065380850e+01
1.775832923294323740e+00 1.164217627569304980e+01
2.125769042178205837e+00 1.099192778662585646e+01
2.230845842828236947e+00 1.181888686541452138e+01
2.086352451165942146e+00 1.214544682926363528e+01
1.186482449110809467e+00 1.173428288522534935e+01
1.385811519738482600e+00 1.112051926771301247e+01
2.094664918718005975e+00 1.188033531903903395e+01
1.514503987362355364e+00 1.187665686368096196e+01
1.944734876002564450e+00 1.209998354186611635e+01
1.371913739130161458e+00 1.166099859439332498e+01
2.202182404399519733e+00 1.114301489848386240e+01
1.163554799104083326e+00 1.091847076271542427e+01
1.905488803077513671e+00 1.222824602738673860e+01
2.104977295200238352e+00 1.190675450904148214e+01
2.216308225959680023e+00 1.135139602443459061e+01
1.497799602741940017e+00 1.163314536989376435e+01
2.347008731483916311e+00 1.114897127537764376e+01
8.418054310577620658e-01 1.024812956717462242e+01
2.243902586402613419e+00 1.238173242392524642e+01
2.073206701164491683e+00 1.184018685166177498e+01
2.225305959682123191e+00 1.175610035013826327e+01
2.176811454414302904e+00 1.140219583140921245e+01
2.037752607131082971e+00 1.165461791923740442e+01
4.993575863170707785e-01 1.115112063064250236e+01
9.512431013159104998e-01 1.128421550449348665e+01
1.729217347578537289e+00 1.180691808544415089e+01
2.034748748451880862e-01 1.215338273755262399e+01
2.027261179907300370e+00 1.154377160719756468e+01
1.441621234862540346e+00 1.185125250602553315e+01
2.041397634408385287e+00 1.134444626498956055e+01
2.072581209669754898e+00 1.214874121805537577e+01
2.121938616130945032e+00 1.133188344756094068e+01
2.054234517752491662e+00 1.234592116540927620e+01
1.757233774884437549e+00 1.213539781682612428e+01
1.588599524661705509e+00 1.132134763340068950e+01
2.116866792431220112e+00 1.205700639670096308e+01
2.061592588550270833e+00 1.208637406824451332e+01
2.042026647131463868e+00 1.126278270765750733e+01
8.562326556746572281e-01 1.064057086495703253e+01
1.343979485033202081e+00 1.111317543485088954e+01
2.047897121234617313e+00 1.109819560781519598e+01
2.149654592554623989e+00 1.195450697211945190e+01
2.175784278844035580e+00 1.248685552108325147e+01
1.856727277258466646e+00 1.188476412888390499e+01
1.716395311457464823e+00 1.185854602886989895e+01
2.044616208507520572e+00 1.134870245788557774e+01
1.778143886388839467e+00 1.213009392454245550e+01
2.496677629747594551e+00 1.199842592960650123e+01
2.206931409792626475e+00 1.173535369235598758e+01
2.155155101783368110e+00 1.155271630375949421e+01
1.949352824745542723e+00 1.129474678784387720e+01
2.404044394652966599e+00 1.152599520120405430e+01
6.920020718741723975e-01 9.963707018929232717e+00
1.720195020707103728e+00 1.149665357454724912e+01
2.151502943145168878e+00 1.165832889059788258e+01
2.050021517816782435e+00 1.169358979337439131e+01
2.169499738240690867e+00 1.205834000978387266e+01
2.412284483392991508e+00 1.237607827753431167e+01
2.104113867686612238e+00 1.173071333850240983e+01
1.018338951539629278e+00 1.041066032337936420e+01
1.915705444524000045e+00 1.162110789778190956e+01
2.116177424722062383e+00 1.149331774357909808e+01
1.636535189867627027e+00 1.220011994568311842e+01
2.116550457852993450e+00 1.135367913547607621e+01
1.918330886508065047e+00 1.189609581358972257e+01
8.804083291968632929e-01 1.133760749384402011e+01
2.130753982443859051e+00 1.193119396036926183e+01
2.290706311611711676e+00 1.149190282025002219e+01
2.115220294075268903e+00 1.188453697112837304e+01
1.791409053622451619e+00 1.231546200263629132e+01
1.700853759316214298e+00 1.187330814992428785e+01
1.249691006895999212e+00 1.132380418863634297e+01
1.991157014777939382e+00 1.193464195331251432e+01
1.813318054470480556e+00 1.223813681632528017e+01
1.231045052130046003e+00 1.113383658554352174e+01
2.018924906847709089e+00 1.174077094034974955e+01
1.480762778875511998e+00 1.159585146481811790e+01
2.044255643697304503e+00 1.140133648107353181e+01
2.064172983251737037e+00 1.186256314050023519e+01
2.139859484160957948e+00 1.138636396920195359e+01
2.194542853150515782e+00 1.152372737048771612e+01
1.994646666657853507e+00 1.153361227894565744e+01
1.913068991831899046e+00 1.167146603868573962e+01
2.354566244189044255e+00 1.274688406163214438e+01
2.240526067339074778e+00 1.145677304499228200e+01
1.839602422644514457e+00 1.195518688255502227e+01
2.036451458094647116e+00 1.148751241170163340e+01
2.034660805628180302e+00 1.123895602357328904e+01
2.095152799098420004e+00 1.133150468757142804e+01
1.259345572936809932e+00 1.172225667630691071e+01
2.327026445342249339e+00 1.210039603334340441e+01
2.173776240623492839e+00 1.162504638958252556e+01
1.961317618217163217e+00 1.200396701961899382e+01
2.087497678837637149e+00 1.178055248842470348e+01
1.948150718932622816e+00 1.166596777347432301e+01
1.031965093143463630e+00 1.166310884225563349e+01
1.072824214186544500e+00 1.135165861977775137e+01
1.977690623154424454e+00 1.213387614030440176e+01
2.285214505553132103e+00 1.137472237241710715e+01
1.885546594671585918e+00 1.150113157163895039e+01
2.150336873532302739e+00 1.153686569604008483e+01
1.360719165654842966e+00 1.175238013563462047e+01
2.067671306164701406e+00 1.196200602849712524e+01
1.218429208101485361e+00 1.185426693625009342e+01
2.119831539717036417e+00 1.190260926250919660e+01
1.655176000026271632e+00 1.150562900673126343e+01
2.025701835431048980e+00 1.160979107888999629e+01
7.720667770841065092e-02 1.171336637315788920e+01
2.173184505584142112e+00 1.160476757751825438e+01
2.001902833703972817e+00 1.128778303208817313e+01
1.000454645320965286e+00 1.119219664358544009e+01
1.429080348181749116e+00 1.169724314271216059e+01
1.960292311153883471e+00 1.166949247162935066e+01
2.095330901689065772e+00 1.245766821894011400e+01
1.814011970927009276e+00 1.155249762369656708e+01
1.924006683755692837e+00 1.187719712439841580e+01
2.043511888610829441e+00 1.178811602873277131e+01
1.300014515862454312e+00 1.088573445570072096e+01
7.490307941263674163e-01 1.044340972240667398e+01
1.715706506893000860e+00 1.199913801478482789e+01
1.781375315114330116e+00 1.184165728541314877e+01
2.036540014703629886e+00 1.153142820913452482e+01
2.102494357020432858e+00 1.107174596167622838e+01
1.897067963525929990e+00 1.192466600999998327e+01
1.999020666031142479e+00 1.134348157599824169e+01
2.058262274101647638e+00 1.208870980231677095e+01
5.944976193568363154e-01 1.075848863886319151e+01
1.986872720499004874e+00 1.192340389043085658e+01
1.928356446704303728e+00 1.214995492455634007e+01
1.796307481330025047e+00 1.211114570716780570e+01
2.204023801061236743e+00 1.153696620140424223e+01
5.204750951473583465e-01 1.117643313892908452e+01
2.149339537323715188e+00 1.221461877939797169e+01
1.006800374084138028e+00 1.113342620610885270e+01
1.905699051803831257e+00 1.185728780960310935e+01
2.154905399483894701e+00 1.140714274250956528e+01
2.056897466590901224e+00 1.160861113683049517e+01
1.932392773657167995e+00 1.144081168923582226e+01
1.527544815154108893e+00 1.147092010285571639e+01
2.642770711936736294e+00 1.223768361199664412e+01
4.682978307144005092e-01 1.117901803305527686e+01
1.844463754267197775e+00 1.212317537844162274e+01
2.083869588615708590e+00 1.145679545505051777e+01
2.050781712590104444e+00 1.166552047574499085e+01
1.379070431586514101e+00 1.135188259949196876e+01
9.884597400962807923e-02 3.194088214698011186e+01
2.150685371499280407e+00 1.166474838828765748e+01
2.048318334412885466e+00 1.184456317677311077e+01
2.241297886621472113e+00 1.164482994980774855e+01
5.349430707019990905e-01 9.538018551040217119e+00
1.824061006623803660e+00 1.190704739793118350e+01
2.154682789302954316e+00 1.190265041581058725e+01
1.844996499973677873e+00 1.163537979813742851e+01
1.210957858709275303e+00 1.159060712143488203e+01
2.382154563276055903e+00 1.180933568103773545e+01
2.106577903508493943e+00 1.187492934904034669e+01
1.459821645045133454e-01 1.183300580304673666e+01
2.044277318856555947e+00 1.210763755865808733e+01
1.886954295594773789e+00 1.177075405248150908e+01
1.058011737453910861e+00 1.106671916980915960e+01
2.182210584278046372e+00 1.125175320931412948e+01
1.252251255720076450e+00 1.110758121451741331e+01
1.870360973335231991e+00 1.195257579392696989e+01
2.051363864729729869e+00 1.131837343860423495e+01
1.962744344033097832e+00 1.227761062207943077e+01
2.136556127676556560e+00 1.194693146288621222e+01
5.690085512685605362e-01 1.019255194462812852e+01
9.471194818237467228e-01 1.103973341321005641e+01
1.182209251500386582e+00 1.127170808829332671e+01
2.171768987126492245e+00 1.168114348629717902e+01
1.795551207409568084e+00 1.212567106212839541e+01
1.136710363694330983e+00 1.090063703836928077e+01
2.296461610208455628e+00 1.168846051511589756e+01
4.429012757497203245e-01 1.000749215128693770e+01
2.090943123784115176e+00 1.135928067484056747e+01
2.071908690476870873e+00 1.119100454086206575e+01
1.966490971718044767e+00 1.136170540025779907e+01
1.977040780681049270e+00 1.192855450322485922e+01
1.775626949607407079e+00 1.211060135665002058e+01
1.671495703524068510e+00 1.217641293805891678e+01
1.756597247966506181e+00 1.156297128250520245e+01
4.695480533614299623e-01 1.267498752593755995e+01
3.415850713151497575e-01 9.645015877646134328e+00
2.483927212771270820e+00 1.174542125965931660e+01
1.842691400307902461e+00 1.142944458348717696e+01
2.070498223062551713e+00 1.185638610141384142e+01
2.333582102997512120e+00 1.166737341505504055e+01
1.075924223517560341e+00 1.130480048850562902e+01
8.007401849046602571e-02 5.000000000000000000e+01
1.960593399258170999e+00 1.224915577720734561e+01
2.086268058346269161e+00 1.227384544027703761e+01
2.002392625681101990e+00 1.179992059735085874e+01
2.062576037587322553e+00 1.199192295742048486e+01
1.930124507268754730e+00 1.188973261111454427e+01
1.786129366092749748e+00 1.179507655782092357e+01
2.128072575124368981e+00 1.133459630778058980e+01
1.479914429183622815e+00 1.144654207061190654e+01
8.968403932046877802e-01 1.148013654149797347e+01
1.883796399501233454e+00 1.168099844573999313e+01
2.097341281062172325e+00 1.189425894160418373e+01
2.124040540237866814e+00 1.146018568104469537e+01
3.515750513967763058e-01 9.163914358761255485e+00
2.259383703711813851e+00 1.249192088764447739e+01
1.803859466792485655e+00 1.194097195066682282e+01
2.256592745890375173e+00 1.162160345550431906e+01
1.966494934186735710e+00 1.177538733367523704e+01
2.103275526951042362e+00 1.190897763024635836e+01
1.471090837977834465e+00 1.119561552502636381e+01
1.900941429468568922e+00 1.197539133842009562e+01
1.991893233725831269e+00 1.181563373881489731e+01
2.258141151019710691e+00 1.190341456603020198e+01
2.175673054232906800e+00 1.202553040062870515e+01
2.116207933654369100e+00 1.219536542102762766e+01
1.714947696258910304e+00 1.174792034799386364e+01
2.074571396874854035e+00 1.174271901906845805e+01
2.251005530735086246e+00 1.092554014464596435e+01
1.975538014044688762e+00 1.181772894370899962e+01
1.764044459868259862e+00 1.204595006896983556e+01
2.165448752091704954e+00 1.126706692811091592e+01
1.717157373794444108e+00 1.126433925553137350e+01
1.943574640276556575e+00 1.220016088181752245e+01
2.183118340715853645e+00 1.135818198771494636e+01
9.506590858065909755e-01 1.164507450457166371e+01
1.132738410448909327e+00 1.161103009900893035e+01
2.040037236147595134e+00 1.185344026110562687e+01
1.599980953154862329e+00 1.170558642917764658e+01
2.049731353661684352e+00 1.235351542928489543e+01
1.441243897580156252e+00 1.179217427524913298e+01
2.089762659733713335e+00 1.193463943024840290e+01
2.098191703882819947e+00 1.160333907978260903e+01
2.017883915929987282e+00 1.194637065696072042e+01
1.891172354731297078e+00 1.214301185631700086e+01
2.101701945404449656e+00 1.168170808116209258e+01
7.334826887579544152e-01 9.814654295014772600e+00
1.668221975764799581e+00 1.174486978394573100e+01
2.051568209002772480e+00 1.148543256600811091e+01
1.631980817055239452e+00 1.166615119913662291e+01
2.075056374008375837e+00 1.181793666718488645e+01
1.512247769951546417e+00 1.147599147179924017e+01
1.284590390394045656e+00 1.144675650705900516e+01
1.913818159624940396e+00 1.203480289925096969e+01
5.139714234975436558e-01 1.163874514813105598e+01
2.026901253814098691e+00 1.121237601221934632e+01
1.498245678353931964e+00 1.196079724682016909e+01
3.106618832370942607e-01 9.867561457569220096e+00
2.179296917281919210e+00 1.145712069162241420e+01
1.935346772624580547e+00 1.182058682672888672e+01
6.286648870949705925e-01 1.079550554813408070e+01
8.885787998621551553e-01 1.109823662121313070e+01
2.983341688969266547e-01 1.163264155769960517e+01
2.187938617335135394e+00 1.198026640630820516e+01
2.439764289552302401e+00 1.292528106021850220e+01
2.047624150896903306e+00 1.160277450013954237e+01
2.405906777389752449e+00 1.173028627285175496e+01
1.909947238815058901e+00 1.221249930788225413e+01
1.400967328383241783e+00 1.156975429397858690e+01
2.059025203695843853e+00 1.173986354893912853e+01
2.079550589109397052e+00 1.140899597933075782e+01
2.298078136453554965e+00 1.176964377875168388e+01
5.037550664734619099e-01 1.037175707829230298e+01
1.796197643034690872e+00 1.134877753719245952e+01
1.644886885445075775e+00 1.151317870360533213e+01
1.453118943347639469e+00 1.138828688710948889e+01
2.281188957353988744e+00 1.219167715564058163e+01
1.638488699062178533e+00 1.184760663720329532e+01
2.003411650027932644e+00 1.187350684143627788e+01
5.005282691075855217e-01 1.009802080313431816e+01
6.443345032871991007e-01 1.151492205878004427e+01
1.903656792608729553e+00 1.232123695701405808e+01
2.291588536149427924e+00 1.207741436381551026e+01
2.303856701724943168e+00 1.201808459359298453e+01
1.573917688116687863e+00 1.127845964944940782e+01
1.982464094055682580e+00 1.185646784570661794e+01
1.783095390347688047e+00 1.147687937253205170e+01
2.039978126607334907e+00 1.099605859148021381e+01
1.425113570559857656e+00 1.112790139192658856e+01
2.223896081051799811e+00 1.166191707594561322e+01
2.161287982105039696e+00 1.135456180429359208e+01
2.080847321243449066e+00 1.196470542971819029e+01
2.174628570878527789e+00 1.123190754719671247e+01
2.261472303284369989e+00 1.216299870638344593e+01
2.143132612659643055e+00 1.200043303505831815e+01
8.059889263104546009e-01 1.123732293155961948e+01
9.603111348650468226e-01 1.077572393549882257e+01
1.892786654802607993e+00 1.187959047063097096e+01
2.221387545667682151e+00 1.146016730713111897e+01
2.104457187227328774e+00 1.172853790070717928e+01
1.894848725980712079e+00 1.177453753563779948e+01
2.143739724815604486e+00 1.092598947081672200e+01
4.811360697099340555e-01 1.129404180825752491e+01
1.528754444572108184e+00 1.139339882148229677e+01
2.049399625232598776e+00 1.125009902910362314e+01
2.317754205090193143e+00 1.169191621045699492e+01
2.048242268624988593e+00 1.116892504793293739e+01
8.731090893856696677e-01 1.090083334648598168e+01
1.651818258302355957e+00 1.160095932752760284e+01
2.339689528294181642e+00 1.135861168320924364e+01
1.412656002100458608e+00 1.155019931814795164e+01
2.269456388202527819e+00 1.220960830688515131e+01
1.285773597611629127e+00 1.155023494412969853e+01
1.801465548038606590e+00 1.202060892883173437e+01
2.013267870340599952e+00 1.159584057624330988e+01
2.088101700912574632e+00 1.102845189610440713e+01
6.789796593030085481e-02 5.000000000000000000e+01
1.294639304663741219e+00 1.080687602568882788e+01
1.722307501606928470e+00 1.150187899571971784e+01
9.347039959476518556e-01 1.148372347882938804e+01
1.911097497518708721e+00 1.203467824860739377e+01
7.943242678284578862e-01 1.047278572359675586e+01
1.923073475897533413e+00 1.207683177114137507e+01
2.043142440759605716e+00 1.127453907574621894e+01
2.179890576997636220e+00 1.184312471164509439e+01
2.244137129487049798e+00 1.167610821947941702e+01
1.528012018815129824e+00 1.165006765352600482e+01
2.254025054347016610e+00 1.149117591620503198e+01
7.675713615037859094e-01 1.084158282327779155e+01
2.086291522831621670e+00 1.193061188662968775e+01
2.119117568740502833e+00 1.205726332777376797e+01
1.228940179984881587e+00 1.096662190832553208e+01
2.037908481046846187e+00 1.124628858621298733e+01
2.189629791051761920e+00 1.164604251251075695e+01
2.125967501531096815e+00 1.213977699639915109e+01
1.756917922323789183e+00 1.163301213433312320e+01
2.012293589192851062e+00 1.131028914796140938e+01
2.176608725064246741e+00 1.249498551620814801e+01
1.237764220994990172e+00 1.118442882214306167e+01
2.126908058852906347e+00 1.172299578709833057e+01
1.507475673973089680e+00 1.163530736911907404e+01
1.700341580940090358e+00 1.189708288379785373e+01
2.105391706004141383e+00 1.220529308322723772e+01
2.224033244465641435e+00 1.158347135478323153e+01
2.011730679970321845e+00 1.183425279032489286e+01
2.302681056667941206e+00 1.216650145148681439e+01
4.038355502615996184e-01 9.841316944136654143e+00
1.612635489160650692e+00 1.146548793558412171e+01
1.415005754903869706e+00 1.160526323073199073e+01
1.796783456473344254e+00 1.172141845959321671e+01
1.999471166039281878e+00 1.206826901580909706e+01
2.078033374330374716e+00 1.134148569712025356e+01
2.033846485188721243e+00 1.141065941576455245e+01
5.606538689175872836e-01 1.147080025091075761e+01
1.754052900753540589e+00 1.193663849607951910e+01
2.130262816286130789e+00 1.127220205113498785e+01
2.085504459347236494e+00 1.099528035446337704e+01
2.119941227560349084e+00 1.167849206200470924e+01
2.405975823834272997e+00 1.212451949796220774e+01
1.729679702887815251e+00 1.173030104093646386e+01
2.271738730240012050e+00 1.200450510470873411e+01
1.368697944585647752e+00 1.138310080545450731e+01
3.115657756744278362e-01 1.198169153735936554e+01
1.668125723212832368e+00 1.176725688961250427e+01
2.080735059543131538e+00 1.156165553606756902e+01
2.018071780701867990e+00 1.175990171282624353e+01
2.025906357291817450e+00 1.155902027236128404e+01
2.183282342245129737e+00 1.242713222761151215e+01
1.870516506087593900e+00 1.181010150535281333e+01
1.277604133911688811e+00 1.149842397502798086e+01
2.178040992190801717e+00 1.137987140721152279e+01
1.845169502569110831e+00 1.203559368343290181e+01
2.505414645456824463e+00 1.238703797535638351e+01
2.115176965577562296e+00 1.146523717983089163e+01
2.276468089563448149e+00 1.163395512265508280e+01
1.815960290137518474e+00 1.191825908446624638e+01
1.342059643606650310e+00 1.148437849854749437e+01
1.472156819018074714e+00 1.182846847969843296e+01
2.008176469276122589e+00 1.181069944339098221e+01
2.189395660039360259e+00 1.203280947713604654e+01
1.350275226138635043e+00 1.112618371683733010e+01
1.826143238225025334e+00 1.177069949782535829e+01
1.427161511479978051e+00 1.130434927276884949e+01
6.373244409303270297e-01 1.173408289192332887e+01
1.921246117450646551e+00 1.148491941335419853e+01
1.448598812298054206e+00 1.161720565018955575e+01
1.911073089875290343e+00 1.159994466899029852e+01
2.042061343279971908e+00 1.120324976948882956e+01
2.224552642291448556e+00 1.201246404887818464e+01
5.905809173628882025e-01 9.553988439264156085e+00
2.115793437566904078e+00 1.129526762420153041e+01
1.890591791645057640e+00 1.201349269953809440e+01
2.018752408867702908e+00 1.251134717810143471e+01
1.105415552151768788e+00 1.100992863455142157e+01
2.336757934682479387e+00 1.175173292011587733e+01
1.693073611018641733e+00 1.144887242862784582e+01
2.078232494865611124e-01 9.465221013301819752e+00
2.144583845965314151e+00 1.140151336738643728e+01
2.301858742915479983e+00 1.178962443468869026e+01
2.004531133190667891e+00 1.201105264708181686e+01
1.922854577632161943e+00 1.158122193934984701e+01
1.095426249037346533e+00 1.140997338158132557e+01
2.028068400719638120e+00 1.199347559487915582e+01
6.530084134512227356e-01 1.078416755977352359e+01
2.093062713856105539e+00 1.226793866749229878e+01
1.779790893141926178e+00 1.201058052651299946e+01
2.240466880086950940e+00 1.113370704269028444e+01
1.577565561238049252e+00 1.208081294221207180e+01
2.086737276490663096e+00 1.167413316826716141e+01
2.134711262541052257e+00 1.165345879260957318e+01
2.113366523110246309e+00 1.198507599758688436e+01
1.443453232024859867e+00 1.160278290243645216e+01
1.875836369152876326e+00 1.215577531631472752e+01
2.030916750571099882e+00 1.149182358205265686e+01
2.412712644676499263e+00 1.220300635118369748e+01
1.901899670131335762e+00 1.232367979428337179e+01
1.893336441029911610e+00 1.160846377344920022e+01
1.352661005718749809e+00 1.117516744534075279e+01
1.854842950510886102e+00 1.197257226883508352e+01
2.001571370262248628e+00 1.150332121264792917e+01
2.178709766362084022e+00 1.121602678036981260e+01
1.523229513560044879e+00 1.126634565921429321e+01
1.394412372690141844e+00 1.147905722342225054e+01
2.212953808026458358e+00 1.179259509216469759e+01
2.165321775653019643e+00 1.178082335192281604e+01
1.896875682411134356e+00 1.159789643598445963e+01
4.049171663214354289e-01 1.027379714407661382e+01
1.957010747526250150e+00 1.146203487653524178e+01
2.140926556966809002e+00 1.156307837678722805e+01
6.327410768061950685e-01 1.146583254524735551e+01
1.635515922342255957e+00 1.188515992241695507e+01
6.055325230645643986e-01 9.612886130173189159e+00
1.055485005296820322e+00 1.107077003257554715e+01
5.481205850283630276e-01 1.099547546689560562e+01
2.242953841863032372e-01 1.137381453160274702e+01
2.268230128772882104e+00 1.193017749995905952e+01
2.145174036489160052e+00 1.209491236161230532e+01
2.469125324045538861e+00 1.204782698162647137e+01
7.567670274484145088e-01 1.032118852299211120e+01
1.770841669940720342e+00 1.187978985097923079e+01
7.816658614535635374e-01 1.222071912426847717e+01
5.353759751994898730e-01 1.263671661753884301e+01
7.820926442456893612e-01 1.001484394205517425e+01
1.905840669791163844e+00 1.196021513893337485e+01
5.629991471853875717e-01 1.042456479894132748e+01
2.197213573087520189e+00 1.127589964465739847e+01
1.837934689500605012e+00 1.189844316884977893e+01
4.694495435348892687e-01 9.347474006280171110e+00
1.876086379395749182e+00 1.166377215226515673e+01
1.071069035471604147e+00 1.096395412347389176e+01
1.319070017388656479e+00 1.080715074450009716e+01
2.199489995671008113e+00 1.151472008673668057e+01
2.258815231942254531e+00 1.178647322378496831e+01
1.131159792844141920e+00 1.140527649617177453e+01
2.242562154681811304e+00 1.209984310030963961e+01
1.770726316340670570e+00 1.204388980063077064e+01
2.172900190724997849e+00 1.172157593691650845e+01
2.169443489088471289e+00 1.183031738776870334e+01
2.070232739334795458e+00 1.155209508299136090e+01
2.301821126290041430e+00 1.204855320607261504e+01
2.391810981939435532e+00 1.177542692869612750e+01
1.903248271863578589e+00 1.196140697571155620e+01
9.052724682676217549e-01 1.133716263985448336e+01
1.881821492860444200e+00 1.174380458855090836e+01
2.360969188670322350e+00 1.176074772425044479e+01
2.372688130557150554e+00 1.182490943177399245e+01
2.598794755685925661e+00 1.228614703735311764e+01
2.283845042706991624e+00 1.190430037706751598e+01
6.112146826983622105e-01 1.225885043404813324e+01
2.138166457931498066e+00 1.164913107705442918e+01
2.325549589272888351e+00 1.121199276841626968e+01
2.285884933445939016e+00 1.177242313405367113e+01
1.437569705889613747e+00 1.159933951806722519e+01
1.757955336936843027e+00 1.155355465495054190e+01
2.174327707647984553e+00 1.180298687015619663e+01
1.982746394035246551e+00 1.172760548622643739e+01
1.875804457070492592e+00 1.159661667176404443e+01
6.119770218696944930e-01 1.111479436771911544e+01
2.175299701045724454e+00 1.135623094366148322e+01
2.248285567475323266e+00 1.137226702869093131e+01
2.573327485412086890e+00 1.217953193928265421e+01
1.747095350309637807e+00 1.139224779639860330e+01
2.001255862880364944e+00 1.170049104189171629e+01
1.888408133720278492e+00 1.166863670909463480e+01
2.322372932192453998e+00 1.198482862593311182e+01
2.438490133755792044e+00 1.142595776427291732e+01
1.804118522369770883e+00 1.199399096433462297e+01
1.111918645782872250e+00 1.049994682405258928e+01
2.281941658714210064e+00 1.177855463272203629e+01
2.342314400022576848e+00 1.174419423784000749e+01
2.020110828618842280e+00 1.179929470931878832e+01
2.231574445662163786e+00 1.151391284572012808e+01
1.709107031519145448e+00 1.139598027259634883e+01
2.098725545753709287e+00 1.158901244002137787e+01
2.210796427285009802e+00 1.169655738353526608e+01
2.057184473104098466e+00 1.167325251879606540e+01
2.190511816346258911e+00 1.122714045529449756e+01
2.354777519604285274e+00 1.202305251508439454e+01
1.432286085734930658e+00 1.136909284685571997e+01
2.912658672536730387e-01 9.288831155992507860e+00
1.742746431961152531e+00 1.159452310990693036e+01
2.485049567765338807e+00 1.229390832286636126e+01
2.227705727936966529e+00 1.163401245541794005e+01
2.484290139768260630e+00 1.169223971716452937e+01
2.519678677176029336e+00 1.231910599271305173e+01
2.312858854034896439e+00 1.189397079840888694e+01
2.084938892635353813e+00 1.217737622157170208e+01
1.785415937193072455e+00 1.171987158194075818e+01
1.448931816790254068e+00 1.160410372920570232e+01
1.452360862364503902e+00 1.162057431036791577e+01
1.354685067090950712e+00 1.151332896396546168e+01
1.436311290883023117e+00 1.125174531052263305e+01
6.735996480949000276e-01 9.787610181270908427e+00
2.402708958877878498e+00 1.220959209023160597e+01
2.210253120339706001e+00 1.189573713891651963e+01
1.368320905012405220e+00 1.134206343815824169e+01
2.167090165671363700e+00 1.166576460020396944e+01
1.955507714740851943e+00 1.182484307119072220e+01
2.094271092712082449e+00 1.183424590717668679e+01
2.051776252506130049e+00 1.218762884664660362e+01
2.014510287118993936e+00 1.154985037273867476e+01
1.814912738651690116e+00 1.157110766908047417e+01
1.856705336884918900e+00 1.187546252140467828e+01
2.329594300593852640e+00 1.221096041079339578e+01
8.965153444676030592e-01 1.124694487146545718e+01
1.498065759027903843e+00 1.147335339142011712e+01
1.446612557059911985e+00 1.155916452006729500e+01
2.391757826410041421e+00 1.210399194723161642e+01
1.928972194624071435e+00 1.206891153333873312e+01
1.973305467859239215e+00 1.168775215124768607e+01
2.129704697836872551e+00 1.159361476744825303e+01
2.070701434880743541e+00 1.119409945378066062e+01
2.345281201870485166e+00 1.188886317603880549e+01
2.359061757732286324e+00 1.153619245656321013e+01
2.083824156984505738e+00 1.211113947494291665e+01
1.476993690646041468e+00 1.153990628706362287e+01
2.284578915155514700e+00 1.146346952546764797e+01
1.992004218413150340e+00 1.163497986051378241e+01
1.676129084570769701e+00 1.170501918151502352e+01
2.377327026485416717e+00 1.175495436482367317e+01
2.414435788402875538e+00 1.164530053642831575e+01
1.278573346232001473e+00 1.146740071777954384e+01
1.901622410597284540e+00 1.174900694831629089e+01
1.329732204765028625e+00 1.162743595575105360e+01
1.893953173049266248e+00 1.172681138881477736e+01
2.271008884314551501e+00 1.194118377066838299e+01
2.191668478118455887e+00 1.132802085872010345e+01
2.308136490044908840e+00 1.126557594106379234e+01
2.234352645717502472e+00 1.184153098764911327e+01
1.152537088099870211e+00 1.139846084922123381e+01
2.146124973498679811e+00 1.146010439631219668e+01
1.726756898029161436e+00 1.205629252805797158e+01
1.739171714457254270e+00 1.150702331016394275e+01
2.053438679311547332e+00 1.203896317171672159e+01
7.609765280803757470e-01 1.054097910455883280e+01
1.741900318726734787e+00 1.174196467554927636e+01
2.159476214740577493e+00 1.139292450513689481e+01
1.310908404218410039e+00 1.123832750853016016e+01
1.384870692663920932e+00 1.161185065613476297e+01
1.998548431531957048e+00 1.161710036965625648e+01
1.820454646834364087e+00 1.165013498816970561e+01
1.988228152272640159e+00 1.144365517339368310e+01
2.066083594713699068e+00 1.140244643681960568e+01
1.663490884763982436e+00 1.149494591269461452e+01
9.746311499850661697e-01 1.135898168607705827e+01
2.267071047129499917e+00 1.162791083214775689e+01
2.578855072903455614e+00 1.240736356549467345e+01
5.949419237381035064e-01 1.020252202717007783e+01
2.316583357428545487e+00 1.186487860006375783e+01
2.015490025642315164e+00 1.199031910591884120e+01
2.434441915924738797e+00 1.189919222366764018e+01
2.137680452638599515e+00 1.154403754947416694e+01
1.865782122810892396e+00 1.195254454846474346e+01
2.290869516935139849e+00 1.146584549108012041e+01
2.319311121601288939e+00 1.142131844346705627e+01
2.270481561117339453e+00 1.156505114240190046e+01
2.509767240446327374e+00 1.196453098549030258e+01
2.319542801297247880e+00 1.242046045075603011e+01
5.279645481473300705e-01 1.168258365844079805e+01
2.330272353916053696e+00 1.150757635457666161e+01
2.054066268446790744e+00 1.194483531522081776e+01
2.247380168295618930e+00 1.151944993344096524e+01
1.569114119158319332e+00 1.171337312718942592e+01
2.281323199586089867e+00 1.178966191195888591e+01
1.234609821802350460e+00 1.077993390415860375e+01
1.733219172450741086e+00 1.191473400847558572e+01
2.164821718039272369e+00 1.173322118662149904e+01
2.228100418108322600e+00 1.111820856860173556e+01
1.877328055028123721e+00 1.158105031242622296e+01
2.282125845119928886e+00 1.174934864358858277e+01
2.262964272076841254e+00 1.183704154213335613e+01
2.044812321670350208e+00 1.166965825301796578e+01
7.401053503746842788e-01 1.092106512001989493e+01
2.195537803072362681e+00 1.127966183119481691e+01
1.801968027555118201e+00 1.158877890263963195e+01
2.265067219813862831e+00 1.131518229318040802e+01
1.712247074433540517e+00 1.167807132910950507e+01
3.811938278438911643e-01 1.181273276210447776e+01
1.987297478556336428e+00 1.178519338408451844e+01
2.279304322762692347e+00 1.169372076155877060e+01
2.323258584444351627e+00 1.126923832795699809e+01
2.453476467445277365e+00 1.198412465835720830e+01
2.329408471081487964e+00 1.198991552517469472e+01
1.086616700511672473e+00 1.134913950936656946e+01
2.321637633189010952e+00 1.160250208327920696e+01
2.076376263181478166e+00 1.180300385171290678e+01
1.928224358010568462e+00 1.169398481262085987e+01
1.601732402517342280e+00 1.157507806502376368e+01
2.202072108238904313e+00 1.195730026801405010e+01
3.346834461543932160e-01 1.167828629739056723e+01
1.625164006533404093e+00 1.192748498237851607e+01
2.267711791872124127e+00 1.181088306293200674e+01
7.273883763065265295e-01 9.960878267474239323e+00
2.184277970623343279e+00 1.165044266670003026e+01
2.227003397412391283e+00 1.176970271732301754e+01
2.385540799104359788e+00 1.193480344076762911e+01
2.277161378186713048e+00 1.195690849833759728e+01
2.259848946675675041e+00 1.163590540403991191e+01
2.150240728237544197e+00 1.129240827518141188e+01
2.143779821573249533e-01 1.422234461334808664e+01
1.711415309907299953e+00 1.153741740752081668e+01
2.171904321487110767e+00 1.136738097096009348e+01
1.569367493003006597e+00 1.141108029657456058e+01
1.164666438103519219e+00 1.069127690049900892e+01
1.592240253760484947e+00 1.170812030077307497e+01
1.487431107317047863e+00 1.130046889230838580e+01
1.135691539016802087e+00 1.118868787428634626e+01
2.203543249346483712e+00 1.182216881846062861e+01
1.629037056973075881e+00 1.180854030962207979e+01
2.093255805837449746e+00 1.211255641796588911e+01
2.313838044062158428e+00 1.234647748741070039e+01
1.412928115308690558e+00 1.107906811140753334e+01
2.253219590281534401e+00 1.122989499823638226e+01
1.344807484981188184e+00 1.087035974106901470e+01
2.194094679688089577e+00 1.165376076830733609e+01
2.023149353758593616e+00 1.208436805708116069e+01
1.538654300691750576e+00 1.131608760702089711e+01
5.278104582070560769e-01 9.394706958124151797e+00
1.864743098704243041e+00 1.195125044055546937e+01
2.275386081903455260e+00 1.223272649979079851e+01
1.214442237175577421e+00 1.095190820524719300e+01
2.252093835896893825e+00 1.175714984091909088e+01
7.471474149601412540e-01 1.022160763096550085e+01
2.139752470544648233e+00 1.216798592892401309e+01
1.740289000261751262e+00 1.172277071695061856e+01
1.227514655637366170e+00 1.096579132594323092e+01
1.507685912032827646e+00 1.150235055065492240e+01
2.486759584489833141e+00 1.210636207450317769e+01
2.247405291100427416e+00 1.139706670076957451e+01
4.567859855578367823e-01 9.828736131511577767e+00
1.239296505938721538e+00 1.148523489484039217e+01
1.916284260609461221e+00 1.200075512683485179e+01
2.089421657461119519e+00 1.112286668325447003e+01
1.069233090138660192e+00 1.053827846407950553e+01
1.552330244734183129e+00 1.159145825015484910e+01
2.264159428830140985e+00 1.181000313220318354e+01
1.217525496734736423e+00 1.111205281193358374e+01
2.208618010772626761e+00 1.144507607951097228e+01
1.014178791035807103e+00 1.126621845438217306e+01
1.374815239981468817e+00 1.152461500272167072e+01
2.330535352450688880e+00 1.188072280502286659e+01
1.275262001333071993e+00 1.168230397560547118e+01
1.936448862501712220e+00 1.175206483247504075e+01
8.290554131379936909e-01 1.109719765968640992e+01
1.901656664039387490e+00 1.177518072957819051e+01
2.193796799806000841e+00 1.198245178003866762e+01
2.060745067032312416e+00 1.167587852705257667e+01
1.894685904152655920e-01 1.630820879266817869e+01
1.475610757206156309e+00 1.160721791083055976e+01
2.330502450564825079e+00 1.219013503247458097e+01
2.283865099344719152e+00 1.175031449157704344e+01
7.996086104473172362e-01 1.049164726548154114e+01
1.453966810999898884e+00 1.147244904404042742e+01
2.214795727002477399e+00 1.211407643275702384e+01
2.237006289352168054e+00 1.173235049799227880e+01
2.254414223413148122e+00 1.179252395295914546e+01
2.175307379909460881e+00 1.195277047495357436e+01
2.521256496017501902e+00 1.204075788067606467e+01
1.786033742535523716e+00 1.218298351765667498e+01
1.901826236176798135e+00 1.222957349408840066e+01
1.391013179308868919e+00 1.154264896724000167e+01
3.263076289861728263e-01 1.290025112331572288e+01
1.727492397267374136e+00 1.135095815611452075e+01
2.132875439081031388e+00 1.161155658172303795e+01
2.179533478621847653e+00 1.154229755985480743e+01
5.580966277271163234e-01 1.133023362096340669e+01
1.806268725770848294e+00 1.158808750405316168e+01
2.391686621466800222e+00 1.171862371205192765e+01
2.501737505470555956e-01 1.129133588716275760e+01
2.198503017698622664e+00 1.120944615866727823e+01
2.456233196479213454e+00 1.176980325149557238e+01
3.964055889297936619e-01 1.287822418828193527e+01
2.255399512303982945e+00 1.118992171336433472e+01
1.521199551855926480e+00 1.140263586202914325e+01
1.814475117288712358e+00 1.198063431771782739e+01
7.217295687122357029e-01 1.132473207669748838e+01
2.187717566388054813e+00 1.134977840682932815e+01
8.861894730216934857e-02 5.000000000000000000e+01
4.897305456539005619e-02 5.000000000000000000e+01
2.379454682539954291e+00 1.185490213631209500e+01
8.020438302081379645e-01 1.034990047658331314e+01
1.149420612971714606e+00 1.104031728187414174e+01
2.284685937940690970e+00 1.172538235521337491e+01
3.894264747892758893e-01 9.590074890209432823e+00
1.257726008545714924e+00 1.111880579060648344e+01
2.348132880234456987e+00 1.241600620472422278e+01
2.193468802798069106e+00 1.206221748543498506e+01
2.435549898367595834e+00 1.189489126752368797e+01
2.362189702883475295e+00 1.205595562292236345e+01
2.121533130274114054e+00 1.219652066964443549e+01
2.281579371267000500e+00 1.186625576252148662e+01
2.248196769769459813e+00 1.195791214869260877e+01
1.468116235813142545e+00 1.139901220914953406e+01
2.134823704148011370e+00 1.227764944751245402e+01
2.327504357501839038e+00 1.197267443070079196e+01
2.421224233242184276e+00 1.213782267952020710e+01
1.126735835790553031e+00 1.105376447290662867e+01
2.517998469980863074e+00 1.196076273359604691e+01
2.361930957191876956e+00 1.142201994908304030e+01
2.094338346730184153e+00 1.205414014073508611e+01
7.755239603441950180e-01 1.159164516108833709e+01
1.572886029996005464e+00 1.164471143678402143e+01
1.891277451337921356e+00 1.197820169538875490e+01
2.358808400023967522e+00 1.225833980333245776e+01
2.019005002097981727e+00 1.154910730623661230e+01
1.900857736537328257e+00 1.183732409422908916e+01
1.525713470988306675e+00 1.154684268268530900e+01
2.220981699775030904e+00 1.163946923800577693e+01
2.137494944836817901e+00 1.125120901462495304e+01
1.478159975446781127e+00 1.131440898963166397e+01
2.320241143170189257e+00 1.143066389759307988e+01
2.016582278486309665e+00 1.157688463109700727e+01
2.107060242209975787e+00 1.154210046129848344e+01
2.368896147697405308e+00 1.132943695303275078e+01
1.576389243378988780e+00 1.164725479057126378e+01
1.415218079160563303e+00 1.136786698193480483e+01
2.068501191153435226e+00 1.192653128768093929e+01
1.354519301271708276e+00 1.149320512082930712e+01
2.298510029700108870e+00 1.173334639676185276e+01
2.116083125309524693e+00 1.165069287229904837e+01
1.932661469370761109e+00 1.162518264804088908e+01
2.038401609043944962e+00 1.173832079837570852e+01
2.431022562686013355e+00 1.182986739314666025e+01
2.284855787149044914e+00 1.210008415543738458e+01
2.501169137742685233e+00 1.196703254601026245e+01
2.384835237694176158e+00 1.208072262560292565e+01
2.236248839119955978e+00 1.185846832425613506e+01
2.215444759652651197e+00 1.159413188645472559e+01
2.269762957033512940e+00 1.131189938578981824e+01
6.738135149706068194e-01 9.706822567944712432e+00
2.529097049094114258e+00 1.215048570839228326e+01
2.117187778769843653e+00 1.182052301561322771e+01
2.321274285460069642e+00 1.206511225185870018e+01
3.676565751879136146e-01 1.026585052577653201e+01
2.482426055855030178e+00 1.205531365889785178e+01
1.886317216465397850e+00 1.166352974485124783e+01
9.028646311883162245e-02 5.000000000000000000e+01
1.494345487377708448e+00 1.148848311949966217e+01
2.224830066664016393e+00 1.180717133037211397e+01
1.573929096076792877e+00 1.137327572746437099e+01
2.170045088912380571e+00 1.176378963074587602e+01
2.253736170264649452e+00 1.153947720216712725e+01
2.043164870350701712e+00 1.158717408190467779e+01
1.962266958892828095e+00 1.186972222404157939e+01
2.029618087645738367e+00 1.199105790264934690e+01
2.537805693093595494e+00 1.217031654882234015e+01
2.267237241928196312e+00 1.128192046402819138e+01
1.612497772974051724e+00 1.129971924608010347e+01
1.976512629850375014e+00 1.184241303917023558e+01
2.384594504310282748e+00 1.211339634183714686e+01
1.984011581769217880e+00 1.211869051434108790e+01
2.218880715474014220e+00 1.190877517127061935e+01
1.787173950206791373e+00 1.178439330966736875e+01
2.240775163901187916e+00 1.131823886865279860e+01
2.351100169290081698e+00 1.159442243754913626e+01
2.179507354640143113e+00 1.106292443197409803e+01
2.342783086768220446e+00 1.179169327424711966e+01
2.169236214540017915e+00 1.157610144292533327e+01
2.024646206659215242e+00 1.163443522754694293e+01
1.856479743063455645e+00 1.178037548495319164e+01
1.774624163404213695e+00 1.152548258128338077e+01
1.384993835935012241e+00 1.156636101127461913e+01
1.885858236461432025e+00 1.190519301217197246e+01
1.909392535186595241e+00 1.169239082294325627e+01
2.132691837156509340e+00 1.178497282482776320e+01
2.157762960805356123e+00 1.226773840122490355e+01
1.521015806487725719e+00 1.157386181568904604e+01
1.433319341920309631e+00 1.121726995719819620e+01
2.258745221899059352e+00 1.138955879077495759e+01
2.091761960991455283e+00 1.139691333326087097e+01
2.349032872630317126e+00 1.148388763160989789e+01
2.207826682353634773e+00 1.182669289122824097e+01
1.886419208650845336e+00 1.195693669571531181e+01
1.875255828242510248e+00 1.200155582421273692e+01
2.210760399564132062e+00 1.194773216808642502e+01
2.238226871110716942e+00 1.203008065811835614e+01
2.447240065431860234e+00 1.186247695291411830e+01
2.273180797803583175e+00 1.126962220835595474e+01
2.401346713464550309e+00 1.198206409070275491e+01
2.237809368912443642e+00 1.175878027956411742e+01
4.179311732811604729e-01 1.072404018552678906e+01
2.513338004036161255e+00 1.181352680827275670e+01
2.258548187686176156e+00 1.116174312954377612e+01
2.329894678992936896e+00 1.153483573096767145e+01
4.757707133338285876e-01 9.702011501502289192e+00
1.503523744308617571e+00 1.177403639583176620e+01
2.215751109894782189e+00 1.146614788168493959e+01
1.279426868597983269e+00 1.144618082823087057e+01
2.278499504307491819e+00 1.140588092141570264e+01
8.640786480199624808e-01 1.136766663820373147e+01
2.124410573543471514e+00 1.142949928276885529e+01
7.906127958278438284e-01 1.212603502717452386e+01
2.157611066917116016e+00 1.134343952188434024e+01
1.752889296336591407e+00 1.177224637899309556e+01
2.052622971926870488e+00 1.186609731413845736e+01
2.180430666722100952e+00 1.209899351806125090e+01
1.851854381347078915e+00 1.201977887859768401e+01
2.322031076323139320e+00 1.244362400599317908e+01
1.668444231771215813e+00 1.148531818141037775e+01
7.009338702591418890e-01 1.097542603616696510e+01
2.353636762117444547e+00 1.187246991267383045e+01
3.365462967805445960e-01 9.297115306498051623e+00
2.249554587541983341e+00 1.146884397148617296e+01
2.121572128508990129e+00 1.182262252338270692e+01
2.217756220925431787e+00 1.161057509474760607e+01
2.114772381615770858e+00 1.216795850734432172e+01
1.608430343640868676e+00 1.138923876785323408e+01
2.350950049722469792e+00 1.199829842979860928e+01
2.536045252799846494e+00 1.251890702546501366e+01
1.281912301207848826e+00 1.086735265182682930e+01
2.359928553688890318e+00 1.172240025016275666e+01
2.155435297230112290e+00 1.197934028942302831e+01
1.925107099488913232e+00 1.193324668659933785e+01
2.175553491842052711e+00 1.193186477454716510e+01
2.181493256145904169e+00 1.234218112431709358e+01
2.145617002322771416e+00 1.169155654080704032e+01
2.284923994564797667e+00 1.143289789691085723e+01
2.093826595898088172e+00 1.225828410082229603e+01
1.006103085758518700e+00 1.068484699311371600e+01
1.516901532244658179e+00 1.177336079379225176e+01
2.386699822751702005e+00 1.157013879070161444e+01
1.146844110875625544e+00 1.089173232282031556e+01
2.339360389109115701e+00 1.192094983214008685e+01
1.434748938769555338e+00 1.158648500665431591e+01
2.261605712750804908e+00 1.191852054468122546e+01
1.873228856370310114e+00 1.185442196070370180e+01
2.273370995380982418e+00 1.151417105054983914e+01
1.864667042115943030e+00 1.166312402466651044e+01
1.081718382907490145e-01 1.044962679441038489e+01
2.288012805267545691e+00 1.197477836592027600e+01
1.507780332556780678e+00 1.108659903599971486e+01
1.477908856803193505e+00 1.161223425923170360e+01
2.300768060618202160e+00 1.233112364989941945e+01
2.444684117758907593e+00 1.202016954846773800e+01
2.175027500903997879e+00 1.202502663225774349e+01
2.322689711498297616e+00 1.145440451475780463e+01
2.087205742192866698e+00 1.128942377935316621e+01
1.555466216580684735e+00 1.156352225362829600e+01
1.420773150122727868e+00 1.167833138308071739e+01
2.209981203422167528e+00 1.214467370771271604e+01
1.121918082894419078e+00 1.138257238638751367e+01
2.191596958895305480e+00 1.172023659830959730e+01
1.833773692046844817e+00 1.158507512007932228e+01
2.329632902897952107e+00 1.139854543784411334e+01
2.337229062289065684e+00 1.207506682765041539e+01
1.603590035833732941e+00 1.162848145299217606e+01
1.636699358476785937e+00 1.189609743095781269e+01
2.301956984873224421e+00 1.201356636253418664e+01
1.358839627759512947e+00 1.118479026755348116e+01
3.059611975124069683e-01 1.077317313616248029e+01
2.194959627542541813e+00 1.147746889935178949e+01
2.416840209117850691e+00 1.160093394887590534e+01
2.330486849147343609e+00 1.203092204369365703e+01
2.300145893907985073e+00 1.115883293974803614e+01
1.677398915568390603e+00 1.149601764549973382e+01
2.182529945479719569e+00 1.116169967157821930e+01
2.356734673822082460e+00 1.156808137948554283e+01
2.124314901977840453e+00 1.117461857993263941e+01
1.765703923140175657e+00 1.182040480749554412e+01
2.153780416033705070e+00 1.147437333995021014e+01
2.513371051792428368e+00 1.195838197885781717e+01
2.368393663030184726e+00 1.208696621247449166e+01
2.398732220468775989e+00 1.179845742718604207e+01
1.632366399856943984e+00 1.138480578103704843e+01
2.414472865044035466e+00 1.162215801410733107e+01
9.419684938110672867e-01 1.110365632898514576e+01
2.071510342105925773e+00 1.155849594084797438e+01
1.645078509317349891e+00 1.188944602549585738e+01
1.755465875872625148e+00 1.147834337574851205e+01
2.385600450944289186e+00 1.174465169689172228e+01
2.152442237958017035e+00 1.222505731621012259e+01
2.447965321896208579e-01 1.085035855954392581e+01
1.520556769077553216e+00 1.142783467476587056e+01
2.310057635533965481e+00 1.170956346525699132e+01
7.561248317683753051e-01 1.218592571558300008e+01
2.322406861955593538e+00 1.193287157709604074e+01
1.246592258977024636e+00 1.158218361470313518e+01
2.276133242125958134e+00 1.167425009000398539e+01
1.272188521183917009e+00 1.133243311592397440e+01
2.397009123047407098e+00 1.188710067902738210e+01
2.169298484167955010e+00 1.157484270284199823e+01
2.233095917186229684e+00 1.166300792460482327e+01
5.669418236835974678e-01 1.151472732104355323e+01
2.390642993284934459e+00 1.163109626523429441e+01
2.025060604571192968e+00 1.231763037528742544e+01
2.337916338740633648e+00 1.243806905292497866e+01
7.521216493855827911e-01 1.122018402021861405e+01
2.056469149988034317e+00 1.188084728523498335e+01
1.111352378693404530e+00 1.093835770353652492e+01
9.770365595764909372e-01 1.081683051074832136e+01
2.202121764816090010e+00 1.177512059884960927e+01
2.068141355815111826e+00 1.148916584104409466e+01
1.268518605411024680e+00 1.138486555808274758e+01
2.034302221956267864e+00 1.159063964939322489e+01
1.717092314035484346e+00 1.172445155492680158e+01
2.144735461215055761e+00 1.160201825445246371e+01
2.110109708834618569e+00 1.127559930216716211e+01
2.038509258565159854e+00 1.156396777417163513e+01
1.716039780131665360e+00 1.156010354545939478e+01
1.286628152013368220e+00 1.141266977965158702e+01
1.967634568486322788e+00 1.198186689177141062e+01
2.081882717830569884e+00 1.143397642736477771e+01
2.014530746050474441e+00 1.190676839602686243e+01
1.758406581772651300e-01 8.506188120447044199e+00
2.037458196311863645e+00 1.124917269239248441e+01
6.281444750703881752e-01 9.587888439002290042e+00
1.870582998056509849e+00 1.207670210030395275e+01
1.815452678758250560e+00 1.201471898649239733e+01
1.251371520022493744e+00 1.152868563922855571e+01
2.153549574199423500e+00 1.143321693511518333e+01
1.289761735216429006e+00 1.154251230558135788e+01
1.981342438020736285e+00 1.182765621986485627e+01
2.121952840917740613e+00 1.160326254994360440e+01
9.154569550206786976e-01 1.097326735779026130e+01
2.185568855042020697e+00 1.128698775325575632e+01
2.105638347466657123e+00 1.155316596176830757e+01
8.463045603529573135e-01 1.044435493536626147e+01
2.041103213668400418e+00 1.143783935209055969e+01
3.184567832515959318e-01 9.250740112447045860e+00
2.124740545127885127e+00 1.195189794061043997e+01
1.391853034474310968e+00 1.119864881782391564e+01
3.545438612639332798e-01 1.144578819586964080e+01
2.091034595363593596e+00 1.152383344998731296e+01
1.733591588800465599e+00 1.188318716663847674e+01
5.142779938493075020e-01 9.947474795852468077e+00
1.721885272720136584e+00 1.172506168218948375e+01
1.828647422672905476e+00 1.199725066538149498e+01
1.619299963311914281e+00 1.177089937648600682e+01
1.082039309042167829e+00 1.097112091936767087e+01
2.043991999194593845e+00 1.193813747842485817e+01
2.023244325065068239e+00 1.161976775461128497e+01
9.666617003070079317e-01 1.058140770500979144e+01
2.094287768921436754e+00 1.127419097671623405e+01
2.158978117492091453e+00 1.169538067670852577e+01
5.625632751020023248e-01 9.288099607266264712e+00
1.742782576276128648e+00 1.199397028273030585e+01
2.064955269193837761e+00 1.166963405805239695e+01
2.049408210549497067e+00 1.128227951312777044e+01
1.314275593331322378e+00 1.118359911213147662e+01
2.040877676749964120e+00 1.219673586903682505e+01
2.057243830403665097e+00 1.179325050335956071e+01
1.713285265449097539e+00 1.179243513538603061e+01
1.995825129330533354e+00 1.222041032609769395e+01
2.003758760977083497e+00 1.164357717405404813e+01
1.784914793228985275e+00 1.220004824858299841e+01
2.158600148981217881e+00 1.224296432279096614e+01
6.995805727080939285e-01 1.014277591966788528e+01
1.272369863374306576e+00 1.161353073466608699e+01
2.023186779523990175e+00 1.175120875918020680e+01
1.566737351090341956e+00 1.200102023899671089e+01
1.740974347202915107e+00 1.199194593094878769e+01
1.118828995921822722e+00 1.112708840327583104e+01
1.122966972827070142e+00 1.103593869666245375e+01
2.159748143714371516e+00 1.155242129318918387e+01
2.134756525509739156e+00 1.207686670140578933e+01
1.946160292609489195e+00 1.171648085406514994e+01
4.174206757797873646e-01 9.911879313309137629e+00
1.821695166431427815e+00 1.185917265770328299e+01
2.149092594902091591e+00 1.182241707622434390e+01
2.519402698703165355e-01 1.198087112161124601e+01
2.016994028214893486e+00 1.175129649470362736e+01
1.878359153471528931e+00 1.177402636848460382e+01
1.780171490575123583e+00 1.186050303827517816e+01
2.172343054644918059e+00 1.187103635279564884e+01
1.582309595619562970e+00 1.163594855679007090e+01
1.811164602283925396e+00 1.166407035508129475e+01
2.214226289824514637e+00 1.169280040005720878e+01
2.250828170752499080e+00 1.196830399432958281e+01
1.929526899657704631e+00 1.189282034329215065e+01
1.529224362391704783e+00 1.159882728486592107e+01
1.217043849484807705e+00 1.110824164864813213e+01
9.023902482779145862e-01 1.044402047989288640e+01
1.959130067003566955e+00 1.185335731404314075e+01
2.056163193790885746e+00 1.164277277787801523e+01
1.998861505399050831e+00 1.178193965979072289e+01
2.023395217499606602e+00 1.146536847652781255e+01
1.765227358832919702e+00 1.186972484880632095e+01
1.603228637987871519e+00 1.192831179044804024e+01
1.724893109982673201e+00 1.229786129277961315e+01
1.478471626311681053e+00 1.196710022185452438e+01
1.269676408015122937e-01 1.270655885990060874e+01
1.990724784465977448e+00 1.197703330541744293e+01
2.215580560633942930e+00 1.186392206928243809e+01
2.026546428007644618e+00 1.157955929306448262e+01
7.031301012960725072e-02 3.253298010235173621e+01
2.101200418642567680e+00 1.154588210167668727e+01
2.107680907669196912e+00 1.144055508468466265e+01
2.088265345878880019e+00 1.138523444438175325e+01
1.922376955471898574e+00 1.177942621755775932e+01
9.227296146890291428e-01 1.142980385555238954e+01
1.472691272853827948e+00 1.174861249485886461e+01
2.036153779820359944e+00 1.182960401534751327e+01
6.891490862542677398e-01 9.992793647982219696e+00
2.057466333112721646e+00 1.212394071202652945e+01
1.922895056589861262e+00 1.208508149184941161e+01
3.548448411086142090e-02 5.000000000000000000e+01
1.709965764409594913e+00 1.160267838747656732e+01
1.937564833995868652e+00 1.184977495841184592e+01
2.016465123093954759e+00 1.183090589791701852e+01
2.118981543897620945e+00 1.193013382270770428e+01
2.082553915523127852e+00 1.167372945255754679e+01
1.618422315496395258e+00 1.164949703366565359e+01
2.119543276477441118e+00 1.169327394090627514e+01
1.827243669902952894e-01 9.311759324981414565e+00
2.024009779988462210e+00 1.200258154371437236e+01
1.215274654671397503e+00 1.129334375109868560e+01
9.124197237646747283e-01 1.045549373593594744e+01
1.687477102363798442e+00 1.176007454547068498e+01
2.070245115050157292e+00 1.147250249762103813e+01
2.156305438809554165e+00 1.148960748515194297e+01
1.302964485793483451e+00 1.111501690227335715e+01
1.350515769479929684e+00 1.117853942652063992e+01
1.297137489170636870e+00 1.149224342497022988e+01
2.169833778534846047e+00 1.209350809880054634e+01
1.559676924598518699e+00 1.180686080294046469e+01
2.177961288836815168e+00 1.180919852751648591e+01
1.890810284686440523e+00 1.170843362390687759e+01
1.138619829998823052e+00 1.104312117510583313e+01
1.677303922283839732e+00 1.170634428061306487e+01
1.426077363522935570e+00 1.144299377199499013e+01
1.874074807861347391e+00 1.200269408002611016e+01
1.935162356857775157e+00 1.195626824542652855e+01
2.129637763005136186e+00 1.158125340813414894e+01
1.123880898309202792e+00 1.125190314578873085e+01
2.097270768379204675e+00 1.227167104917060136e+01
2.129454917910228229e+00 1.162105376497642872e+01
2.081669867188665979e+00 1.115775474116403565e+01
2.217859837518727950e+00 1.201347332944365931e+01
2.045872232945385782e+00 1.141523536116564941e+01
2.155306056770690315e+00 1.194181470968008973e+01
1.562790135315097251e+00 1.157998970579980913e+01
9.379070534251966462e-01 1.085741764755748839e+01
2.106717214924983761e+00 1.116235686153200746e+01
1.904356373500214250e+00 1.205596816467434707e+01
2.746005759889995623e-01 9.004398285494119136e+00
6.140430291320672085e-01 1.118295354000211894e+01
1.005611120283454341e+00 1.111044808219370417e+01
2.175330002920184747e+00 1.166153366864030261e+01
2.081849874098768094e+00 1.201122966318791541e+01
2.068115173971065257e+00 1.151627175798880209e+01
1.693743369012629785e+00 1.144943513610885688e+01
2.050214865187214297e+00 1.174538578221259222e+01
1.168156465389802889e+00 1.103464280239520434e+01
2.066423550815687182e+00 1.213170379864904014e+01
1.460652349095279412e+00 1.152628541528638983e+01
2.024940337205760610e+00 1.132498236017408821e+01
1.248302730141051420e+00 1.106433639561769766e+01
1.849478759093251767e+00 1.207250644206246548e+01
2.042720191023214671e+00 1.243980783529690548e+01
2.272596176495218501e+00 1.184817275627644939e+01
2.020823600272091181e+00 1.177605167873212189e+01
2.002665986720883140e+00 1.144989471828783323e+01
1.855295949328114036e+00 1.201819133550910657e+01
1.374069880475017991e+00 1.102221638080557042e+01
2.114990151168677279e+00 1.188237720952201570e+01
1.968222905466268324e+00 1.170969817618392028e+01
2.155710285859045783e+00 1.195116350786584825e+01
2.086682704281321410e+00 1.169410989533068346e+01
1.271490372346856912e+00 1.131378781929136679e+01
1.789241666320351642e+00 1.161904903623027963e+01
1.912276941194342772e+00 1.192064676396126544e+01
2.021535354334130563e+00 1.228231927555722969e+01
2.130157539933889677e+00 1.197697356940433622e+01
1.969873898122498135e+00 1.218419868564428299e+01
1.926114528520402214e+00 1.208596033545125259e+01
1.786654385496272868e+00 1.200059210446291758e+01
2.191147132377006645e+00 1.165154029584303785e+01
2.015685937828197716e+00 1.185012900089419929e+01
2.059185604714186102e+00 1.145974753170935756e+01
1.742086052518745154e+00 1.158929946732401461e+01
1.692190754164727418e+00 1.173342870812139260e+01
9.995069431651489034e-02 1.241332271073047266e+01
1.642538663536997179e+00 1.194089420818649394e+01
2.087428682854003181e+00 1.186372605338722863e+01
1.869610066034483653e+00 1.178992264898919906e+01
1.966309475718465816e+00 1.176331712454670075e+01
2.021741488071406412e+00 1.145347494451476322e+01
5.728666012084898673e-01 1.067586519338066431e+01
1.830260098733779595e+00 1.194362062546442971e+01
7.637579940984668969e-01 1.041894738428747580e+01
7.079065374552397927e-01 1.030746924939823650e+01
1.734573844067956172e-01 8.989715946015655490e+00
2.073941652319126749e+00 1.131235485764031701e+01
3.188568904447954822e-01 1.095582709079389616e+01
1.150020436738280250e+00 1.122317956837142106e+01
1.982932235079234440e+00 1.190834723339808221e+01
1.959402715145201368e+00 1.173809370079050218e+01
2.058951539008950782e+00 1.181390719746067042e+01
2.194468249853402941e+00 1.180783702532996671e+01
1.691715113659165493e+00 1.180812779570781679e+01
1.747990055494264672e+00 1.176763848023801984e+01
9.592725277376937254e-02 5.000000000000000000e+01
2.147127184310825054e+00 1.220584302335108795e+01
1.422780081993913814e+00 1.135343679791068006e+01
2.084131847341789801e+00 1.177061220260044472e+01
8.000216464364164892e-01 1.017474565840712053e+01
2.003016622493358323e+00 1.152894943101852476e+01
2.108091901642780819e+00 1.134874670952284426e+01
5.201072890243042535e-01 9.952033691815289629e+00
2.102502591200141158e+00 1.195149740795440430e+01
1.824784070505340638e+00 1.177778269101145980e+01
9.972338129719661159e-01 1.130781769147275462e+01
2.021197086805477383e+00 1.144841324386617920e+01
1.680744413504885904e+00 1.160648491716887065e+01
1.841150312002335809e+00 1.178590138162006618e+01
9.282531624486797250e-01 1.131888852731776218e+01
1.300879838368202424e-01 1.227681816162289330e+01
2.094226147160570317e+00 1.186756584120917424e+01
1.858916647011373824e+00 1.166414386432742312e+01
1.520548474530883931e+00 1.169018411616785968e+01
6.567832808911400200e-01 1.016087678341823874e+01
2.166396530881820937e+00 1.157430078640676108e+01
2.049372841106743337e+00 1.199422026898417926e+01
2.140728190775402329e+00 1.155467385919880385e+01
1.688732585407151099e+00 1.175293227807119223e+01
1.995096128155872783e+00 1.169087355231334158e+01
8.804191596537401521e-02 5.000000000000000000e+01
4.268190902020165267e-01 1.118469632911594758e+01
2.168909015699273191e+00 1.166549695990950752e+01
1.033255184799195536e+00 1.068369092632428519e+01
2.097318136608953054e+00 1.173857026395720204e+01
2.175306458358519102e+00 1.193729036047627012e+01
1.300552615175980309e+00 1.113776053087508622e+01
2.287555762500533163e+00 1.208009924655473277e+01
7.021531703343224240e-02 5.000000000000000000e+01
1.481968924412516264e+00 1.180519126633533666e+01
1.154736895336343716e+00 1.128642977260248692e+01
1.474532872645519799e+00 1.165311477079228730e+01
6.457400471889709337e-01 9.821795737550827354e+00
1.931635612032804650e+00 1.226645813810231012e+01
2.121820610755288161e+00 1.226557374772561637e+01
2.150927939445878234e+00 1.187355192613423860e+01
2.072719587296145249e+00 1.155373693928256174e+01
9.359545561876237985e-01 1.108313899352297938e+01
6.210785099911210194e-01 1.005331935957089406e+01
1.708584129514984840e+00 1.197686772239595854e+01
2.133341988260984312e+00 1.185840123851650141e+01
1.914048767416416164e+00 1.213207214959317071e+01
5.391380110489880639e-01 9.652454979848862138e+00
1.937072533172764066e+00 1.224687171019379761e+01
2.086606054648413533e+00 1.151181490141604158e+01
1.957417499093959234e+00 1.194178300924427560e+01
1.472772777968677893e+00 1.176328900915548381e+01
1.443761403196657245e+00 1.128400022648280476e+01
2.101400975377305969e+00 1.156701393700432767e+01
1.856262687175792570e+00 1.183480807864748030e+01
2.286422109639121736e+00 1.176314761482698401e+01
2.203252840431559445e+00 1.178116404828774044e+01
2.006091244353922054e+00 1.171768623287188760e+01
1.999033132972413807e+00 1.192527483288067103e+01
1.993323450908730310e+00 1.222295684601864352e+01
1.556748862938499123e+00 1.133568992365941241e+01
1.698342443105799848e+00 1.142592751447716104e+01
1.827596050109915327e+00 1.167102918881144191e+01
1.961777342224266807e+00 1.169434483479921738e+01
1.054384379259113214e+00 1.067822967231349551e+01
2.215121756039742706e+00 1.177050571673313861e+01
2.119797546077804018e+00 1.150770466494005717e+01
1.647079320089344101e+00 1.192665454850883400e+01
1.873131283997011565e+00 1.185605558570913765e+01
2.133370195113001078e+00 1.165568660504648157e+01
1.623064078091585927e+00 1.187393409486088736e+01
2.083860547775880256e+00 1.124813617083036732e+01
1.816541996487221589e+00 1.179823528083615258e+01
2.041853517663786644e+00 1.177571186990786956e+01
2.139190461934769250e+00 1.150453301688009589e+01
2.208651019038529117e+00 1.215793119822221868e+01
1.068003067906613257e+00 1.109684357713052982e+01
6.877413358204794713e-01 9.780304163993431388e+00
1.277587725743285496e+00 1.129948615646199350e+01
1.828901942775662759e+00 1.178722349644280953e+01
1.649014249891461947e+00 1.177518154414990903e+01
1.621321954677325206e+00 1.157417158128698276e+01
7.304628146790773657e-01 1.125784864573291522e+01
1.354381287059614136e+00 1.165833974524763583e+01
2.096786165978156369e+00 1.175102690720784082e+01
1.617356338526853454e+00 1.159439194417614338e+01
1.047387771824089375e+00 1.119300943320230779e+01
1.710177812906841455e+00 1.180291740509969856e+01
8.340840668161536575e-02 3.944825604599438407e+01
1.973830182694749302e+00 1.176712652771357703e+01
1.612678692946492687e+00 1.144052116828294174e+01
2.014365831212260982e+00 1.187031458731583555e+01
1.849468489711021180e+00 1.178527689760407249e+01
1.632830291227977737e+00 1.155202840314273516e+01
2.536450302726990236e-01 1.045662763638017978e+01
1.989677348737111107e+00 1.155246567176859429e+01
2.098772995741539305e+00 1.194785904213511607e+01
2.014178083449488010e+00 1.158776963975627616e+01
6.299217772938986437e-01 1.121058301957228664e+01
1.878389974072262270e+00 1.195071389015899044e+01
1.611051334725331685e+00 1.203673646730275593e+01
2.158749047023365009e+00 1.162552777946247495e+01
1.474304146122357828e+00 1.133479598510351494e+01
2.136182282493886753e+00 1.220229186399958721e+01
3.162445840787811435e-01 1.307859080695092047e+01
2.083507916545225935e+00 1.165515391060414174e+01
2.182351951985690874e+00 1.120347018174725662e+01
2.120079746893731354e+00 1.170837765760339089e+01
2.071521609997792446e+00 1.166194554606219747e+01
2.172564288063745241e+00 1.204179902368658261e+01
2.138445605922357107e+00 1.198628924078912306e+01
3.162144997947992087e-01 9.049461494960601371e+00
2.025427230832081094e+00 1.172177471662344672e+01
2.137540172319049692e+00 1.202319199983995013e+01
2.094305213280730271e+00 1.163668745409082561e+01
2.135513130405125803e+00 1.178711541080976133e+01
1.782344413934239924e+00 1.183924920062519881e+01
2.117711364764084170e+00 1.127941453979508957e+01
2.028485747997070821e+00 1.171366740246664939e+01
4.718375647136334172e-01 1.026995598352845995e+01
9.046221772808573647e-01 1.067882437934350648e+01
2.244798820235662351e+00 1.136703435490607283e+01
2.146899676445485294e+00 1.209899805683913243e+01
2.095781483168849046e+00 1.134903885558983028e+01
9.066692552159673069e-01 1.089811289857105514e+01
2.159952985817390037e+00 1.144590902803299493e+01
4.289894481192350062e-01 9.009398244979676562e+00
1.021116734501543055e+00 1.083407665389714936e+01
1.890493662633237815e+00 1.144476566128670036e+01
1.491298298186695348e+00 1.179001848638271177e+01
2.187101925841732797e+00 1.175737286043253427e+01
2.103473435041400386e+00 1.144439572707061359e+01
2.157011987580399914e+00 1.139628688114011723e+01
1.544701566957466854e+00 1.140498936875926361e+01
1.523791360437294906e-01 1.135864444214670677e+01
1.840186798791618727e+00 1.199566186075113627e+01
2.157135362894140318e+00 1.155420100808273354e+01
2.203188717077379621e+00 1.154844121844115001e+01
1.336946663075231356e+00 1.126260027454901724e+01
2.154876776339512912e+00 1.168964742689382064e+01
1.603167903373102110e+00 1.143660653226502433e+01
1.685323132453288686e+00 1.157036654713433244e+01
1.921308637373581263e+00 1.194520016202248236e+01
2.008682378285055137e+00 1.153865014102747466e+01
7.921561470336351274e-01 1.055069733322175196e+01
2.029886964276260919e+00 1.177623565894599089e+01
2.188586893453269511e+00 1.150823522440937730e+01
4.898295979602213523e-01 1.051970144940085028e+01
2.078457468651448981e+00 1.153034451737919674e+01
8.268478914197142648e-01 1.038122180444478460e+01
1.778451281472015033e+00 1.155694715129369321e+01
1.273069134487209597e+00 1.143128409996539574e+01
2.074171911649529854e+00 1.184264048444522999e+01
1.986805069185699546e+00 1.168834514043883388e+01
1.895481612960334239e+00 1.200924394321769917e+01
1.917161340634598643e+00 1.161000449838850379e+01
2.174913116091690135e+00 1.161412021464896149e+01
2.141567337168591489e+00 1.196094141714816139e+01
1.872442737463963836e+00 1.196025440499536607e+01
1.724814372983398014e+00 1.168220578563474099e+01
1.584649257696889801e+00 1.142655560396853076e+01
6.623863716834957893e-01 1.012224721094692903e+01
1.909408573652018326e+00 1.187194280895779919e+01
1.706078813925704596e+00 1.159902052292864028e+01
2.067602629199905007e+00 1.193795573300475965e+01
2.130731610982522728e+00 1.204179028740604451e+01
2.151733648191477055e+00 1.179582734622501583e+01
2.172698265645205851e+00 1.205221509013179748e+01
2.091246426506792044e+00 1.195603744194309748e+01
2.208822162290585922e+00 1.181875696025181988e+01
1.052669069758814802e+00 1.069750492658277530e+01
1.968524063907227228e+00 1.202251259279021056e+01
2.103131485206275908e+00 1.163190782862508499e+01
2.044604729072184046e+00 1.151086665014124222e+01
2.107966971602375228e+00 1.174086222943831004e+01
1.850690147318761580e+00 1.206410549529145726e+01
2.182468656375866622e+00 1.157433946474629138e+01
1.881683730874079696e+00 1.164716836237715825e+01
1.957970343903937316e+00 1.161538899020459681e+01
1.785580457534748477e+00 1.202219096012434996e+01
1.964901423343545561e+00 1.174723944922516594e+01
2.031781655772588291e+00 1.218860095857554882e+01
2.249027475846223201e+00 1.176120633564015705e+01
1.881157419727440994e+00 1.188430562856515671e+01
2.120888831759057069e+00 1.164069994947752740e+01
2.054929543959241212e+00 1.143399276539318521e+01
2.136183062881528372e+00 1.220792541548269128e+01
2.020456408369881995e-01 8.611441677177355203e+00
2.058225763545937337e+00 1.215750710213626817e+01
9.228938371206857338e-01 1.069671430612695318e+01
1.935591896486573482e+00 1.225967101094649792e+01
1.877186018770377496e+00 1.197854646567966164e+01
1.961581520605325535e+00 1.182141725745155547e+01
1.703168825548692533e+00 1.158462136983655100e+01
8.896373847989806627e-02 5.000000000000000000e+01
2.201676272714671700e+00 1.168206941168290136e+01
2.003212589204319993e+00 1.179781008793345265e+01
6.992299519948734776e-01 9.808238608580348128e+00
1.264459475038713254e+00 1.099185611932807660e+01
2.268497015654062920e+00 1.222059295933411960e+01
1.930766706622111251e+00 1.154936025003046574e+01
2.029051704795070687e+00 1.177886854695753449e+01
1.256424624198546613e+00 1.101736080209880342e+01
7.041422217293559216e-01 9.899679144909340422e+00
2.294644954825541650e+00 1.210668313206188529e+01
7.482572854032737419e-01 1.093467841775123439e+01
8.406411691111984608e-01 1.042280680496741851e+01
1.756040057237689300e+00 1.215377005392918619e+01
1.827776634232845199e+00 1.172215950952887020e+01
2.194652227851596749e+00 1.159826875760019682e+01
1.922402027296469473e+00 1.190184414074143149e+01
2.067720566370685464e+00 1.173938156392182286e+01
1.276141697142565423e+00 1.123171658787817861e+01
2.157559212494402523e+00 1.152501441286756645e+01
1.484294274676569714e+00 1.112126255751784498e+01
1.872660572224383868e+00 1.192212202409734445e+01
1.837508199320865732e+00 1.171910935201600346e+01
2.123819352170100316e+00 1.179726546288109823e+01
1.704184323824745606e+00 1.155700755134448698e+01
2.252373037318793902e-01 9.105438242323346643e+00
1.418082020914596342e+00 1.164940967187252774e+01
2.132837633774274266e+00 1.185976117296471699e+01
1.798166542547546154e+00 1.209374745354713632e+01
1.878098092245007011e+00 1.181962521019246282e+01
1.944352073998564023e+00 1.176681430423357533e+01
2.081270561189236368e+00 1.214068405943875639e+01
2.054284497531810860e+00 1.178131594690727368e+01
1.518083449214806091e+00 1.171586012414821631e+01
5.366563095041461118e-01 9.533809325178353333e+00
1.342145449986215655e-01 9.270692719462855891e+00
2.172869854985312710e+00 1.192765041442367924e+01
1.969632320040016538e+00 1.202179890162145881e+01
2.167722246915402717e+00 1.164571659592548336e+01
1.379081444885368990e+00 1.151988173117794645e+01
2.132819626412105318e+00 1.171018497294535443e+01
1.771113297512563411e+00 1.181145730993221576e+01
2.074580725523074154e+00 1.107813810512543640e+01
9.080109369024704780e-01 1.073726867834326981e+01
1.891411945921419813e+00 1.152689468361144876e+01
2.006680566527075715e+00 1.163537207375920879e+01
2.186310930503908345e+00 1.146128450566614099e+01
2.153400522656498950e+00 1.200306533643556328e+01
2.169779611027308874e+00 1.200780513505300462e+01
1.953808188403998836e+00 1.199101269048395579e+01
2.141614375892951561e+00 1.210405050130585280e+01
2.160519856494049762e+00 1.244978009165511779e+01
7.748045588458061239e-01 1.075846465539931174e+01
2.020292324694327846e+00 1.155406602202017474e+01
9.715387399241395272e-01 1.056567868728053483e+01
2.020942557476056667e+00 1.163124241892915656e+01
2.080634515018846997e+00 1.145560778951742265e+01
9.074069929322028383e-01 1.024301661604988212e+01
2.041736486215512958e+00 1.194601376082082034e+01
2.111965148131366821e+00 1.168778748189297190e+01
2.251350976236616841e+00 1.200216926585551036e+01
2.068093747608821253e+00 1.172880337087475766e+01
1.907844676215162849e+00 1.242746713495342448e+01
3.165137051788237121e-01 1.206829159324628797e+01
1.315412879419986802e-01 1.847926875029179428e+01
1.749714474452896074e+00 1.181691359116531892e+01
2.086187306587730106e+00 1.206988807885918114e+01
1.715085321378700511e+00 1.165416349304152455e+01
1.344873762609623435e+00 1.118869460296240703e+01
2.033349021560388437e+00 1.169633997778706203e+01
1.530211658561928978e+00 1.192913233925177963e+01
1.026592003325994762e+00 1.109591665564924234e+01
1.873859510335747158e+00 1.207094890943509924e+01
2.091361333642673515e+00 1.155535309477025585e+01
1.657089619494389598e+00 1.179921864016749211e+01
1.896782143687142597e+00 1.170393133865979074e+01
2.054737932633350361e+00 1.152684962722184281e+01
1.435089286228752314e+00 1.161436317185560441e+01
1.498652770480458862e+00 1.165964199650229816e+01
1.974304979007200034e+00 1.192573423900012131e+01
1.946083227607950050e+00 1.191282934443065677e+01
2.241990490905347411e+00 1.156937367303660835e+01
2.187530977037527968e+00 1.157367938975851196e+01
1.468644385894335158e-01 1.180540830139790032e+01
2.699636267888121388e-01 8.834431588115306155e+00
2.015926705444923694e+00 1.198741175622252264e+01
1.364964241077620821e+00 1.147959103006626691e+01
1.955737252755713307e+00 1.192178620987173154e+01
2.208553126518015386e+00 1.188428672496556260e+01
1.584069982186734782e+00 1.159293904223692806e+01
2.066261905420629930e+00 1.154824361416621770e+01
3.257344604619500927e-01 1.378347337306677645e+01
2.156858983873011226e+00 1.205104126184419222e+01
1.634265034319319909e+00 1.153795348711583379e+01
6.497117792032487404e-01 1.099066086064516767e+01
2.013600542709162777e+00 1.150899269841568717e+01
2.001620640689958819e+00 1.218393792948382703e+01
2.250190326851898348e+00 1.165788903451163172e+01
8.473653719630336312e-01 1.065425434281518413e+01
1.477962566404026346e+00 1.160491664051451011e+01
2.199291226400778676e+00 1.178377874394737113e+01
2.015368971296089384e+00 1.143431471521431320e+01
2.077580975989063106e+00 1.185165493513238388e+01
1.907656217321768599e+00 1.196245785433814213e+01
1.924017058176473283e+00 1.191794249043504195e+01
1.485412594764637051e+00 1.112181814297979265e+01
2.104172303484804551e+00 1.172534868341826098e+01
2.153796281224567011e+00 1.122629524521667754e+01
1.700909143638674736e+00 1.187495263864024153e+01
2.052393105307427579e+00 1.181229094755328468e+01
1.972843321402177219e+00 1.187616438578177025e+01
1.390704533566739842e+00 1.128103644812940587e+01
1.668341105582977768e+00 1.176626900923660735e+01
1.446471602907613674e+00 1.182500819247816715e+01
2.085319977043794903e+00 1.171579484188603715e+01
1.775891768007639371e+00 1.198042248077917549e+01
1.013852854807039572e+00 1.087027234611813142e+01
2.207550466158006763e+00 1.163689550409203832e+01
2.083729449391652278e+00 1.138269707392840679e+01
1.998668662912170157e+00 1.202893492071819637e+01
2.152068405893207359e+00 1.150285747453808050e+01
2.156811722723677160e+00 1.202721421195707485e+01
2.136296130547423733e+00 1.151042559220692141e+01
8.630944094171770498e-02 5.000000000000000000e+01
1.286983569260472304e+00 1.107492985033335131e+01
2.024630558660750701e+00 1.195286355114550148e+01
2.084811002581796302e+00 1.160145048635446408e+01
1.119615233426662693e+00 1.101031383069356728e+01
1.424624631794375818e+00 1.155442601283041526e+01
6.419925957352643486e-01 9.896965774238697833e+00
9.259486904648411842e-02 5.000000000000000000e+01
1.815786269448836920e+00 1.187647652006305066e+01
2.028327318813898827e+00 1.152201424411441266e+01
2.130823366897136584e+00 1.146796467065800051e+01
2.140491759806656180e+00 1.156616019534926920e+01
1.507589022802144019e+00 1.154984444336580296e+01
2.147843025732556921e+00 1.193723523267282260e+01
1.240976257535630012e+00 1.138330942289879566e+01
2.174766907841367836e+00 1.197469428497767296e+01
1.904664598969719735e+00 1.160091145714191185e+01
2.077517979645271851e+00 1.182725332350259606e+01
1.772734663002980993e+00 1.158369742799664337e+01
2.122296018313305499e+00 1.230927642379499787e+01
4.478072167421355276e-01 1.009608774628578054e+01
1.553538133707322411e+00 1.148523024314567209e+01
7.354854756359548995e-01 1.047109119061996907e+01
2.038391500638598419e+00 1.206714021592962105e+01
3.772092938376871429e-01 9.186858153606898725e+00
1.951715892310255329e+00 1.166106406260932538e+01
1.851090673947798360e+00 1.182568427205879935e+01
5.602796213712959439e-01 9.974417973460750986e+00
1.981230107708314758e+00 1.177374367671713173e+01
1.232748377979148602e+00 1.147307904257868927e+01
1.960620752710696246e+00 1.179555464717523705e+01
2.216560512342931055e+00 1.205788571241880724e+01
2.085357433834076790e+00 1.225638011598738686e+01
2.087382862098284164e+00 1.191776932880715201e+01
2.038258115298609230e+00 1.158332826111667124e+01
1.022403135330140378e+00 1.093668626980285197e+01
2.108640845409377462e+00 1.122288153853377501e+01
2.149096845541709211e+00 1.143627279817190434e+01
1.942911456177433882e+00 1.190982421184659046e+01
6.498762632058165956e-01 1.104192117584787525e+01
2.208811121316389681e+00 1.159817883666556604e+01
2.038083237492043676e+00 1.257926762355358363e+01
1.825414870108623133e-01 1.289668646246042627e+01
1.653111641487499783e+00 1.178318970942106070e+01
1.899327484541205813e+00 1.199828354103136263e+01
2.089044774053309350e+00 1.144439824565170838e+01
2.212322316737502792e+00 1.172255713675862943e+01
1.987067997930092034e+00 1.218596788990911506e+01
1.635000338188666635e+00 1.189144914884867354e+01
1.988171374412832204e+00 1.207265414579120488e+01
1.474517956185051881e+00 1.125813976516792358e+01
1.876392551648934370e+00 1.209769950620976076e+01
2.097862821826267155e+00 1.137038905082827611e+01
1.987884790154159198e+00 1.172598842927394358e+01
1.837144198493529057e+00 1.185399999710862495e+01
2.031664062534532356e+00 1.155301744016352039e+01
2.083604635436115515e+00 1.138316353464002972e+01
8.473544114584102838e-01 1.099736674933571656e+01
2.242942410936150655e+00 1.164451087155604903e+01
1.847636746945973352e+00 1.169392283334575211e+01
1.577452113976676173e+00 1.179488284004875887e+01
1.167896168705490956e+00 1.091229712646872763e+01
2.000887857956357596e+00 1.165829546560709318e+01
2.845335776132893457e-01 9.148029525275934049e+00
1.826160378747121005e+00 1.175903565249574534e+01
2.213808688913615264e+00 1.168980720349594549e+01
1.832998999895854242e+00 1.192033365840454984e+01
5.605540008278946107e-02 5.000000000000000000e+01
2.166919225034134477e+00 1.172002060568223669e+01
1.529595661852375166e+00 1.169089790475287494e+01
2.061245990894380320e+00 1.159732663055747892e+01
2.066322286003956954e+00 1.151213427888485619e+01
1.156663795863780875e+00 1.104824217161942812e+01
9.829525869341042554e-01 1.141213258374132700e+01
2.098540154118783807e+00 1.195907767216128370e+01
8.241323423887142452e-01 1.037735352876863182e+01
1.672734037872798618e+00 1.190406101672042460e+01
1.427408023847829721e+00 1.164031297379038499e+01
2.252563550771570444e+00 1.199611487058982284e+01
1.991779323774539590e+00 1.158712207822833840e+01
1.554624137144264839e+00 1.153002548173042285e+01
1.507569382270270708e+00 1.180743201216557736e+01
2.029719141195105880e+00 1.155473420303676946e+01
2.340973861462695815e+00 1.220675469731358298e+01
2.091345065034849959e+00 1.194598198213563478e+01
2.038682518980328595e+00 1.121596732393244800e+01
1.487867129270807665e+00 1.122699041162474565e+01
1.811284941551144945e+00 1.192231899209529189e+01
2.072121482260000480e+00 1.175032560482272181e+01
2.389511894100357914e+00 1.240755762501499326e+01
2.152025120446225515e+00 1.172470274226808229e+01
2.110236065212027778e+00 1.162825055581240896e+01
1.145346141883566871e+00 1.116952290194769226e+01
1.612353860464085464e+00 1.175613763561994141e+01
2.028711765330324823e+00 1.158611129232072479e+01
2.155763282938389036e+00 1.141917919220538558e+01
1.389073207881032834e+00 1.146423958634895968e+01
2.014537817329768110e+00 1.133624700132165053e+01
2.129025331253751041e+00 1.159150778937263659e+01
1.581425781467092895e+00 1.169986077163977534e+01
2.657255453519449251e-01 9.016177123691381468e+00
2.071144339519821020e+00 1.187326153815051377e+01
2.127176772309460340e+00 1.185090598938476703e+01
1.050015547932797499e+00 1.108579633044612045e+01
2.035746150887222772e+00 1.179082200965759419e+01
2.065653288809862431e+00 1.151018245646035965e+01
