    0.158162316727838414E-69    0.312517406983362093E+03    0.395769024577033868E+01    0.436126409498969725E+01    0.300577081832265147E+01    0.252351785603945888E+01    0.558539886845459321E+01    0.228963480777897438E+00    0.298624487897773561E+01    0.878268089694282605E+00    0.236111938435414004E+01    0.151875092447619249E+02    0.150930851139998463E+02    0.149928149155072372E+02
    0.272893324098685619E-97    0.440371253915334080E+03    0.597270584106445312E+01    0.564430093765258789E+01    0.410255047678947449E+01    0.370988948990116629E+01    0.766038343513464692E+01    0.188219034671783469E+00    0.172433314194234022E+01    0.971018517017364524E+00    0.231747535419464112E+01    0.151674682886503245E+02    0.152577915044372165E+02    0.149753272619303743E+02
    0.101485105101220194E-19    0.831463172575855225E+02    0.419406324439748346E+01    0.107630988250062121E+01    0.725145285963956221E+00    0.405832918910241425E+01    0.623487315790711261E+01    0.338997652938069716E+00    0.413988651273013986E+01    0.634141192586122671E+00    0.246069923431673931E+01    0.154521225415926455E+02    0.150457286438459334E+02    0.151681761004696956E+02
    0.129105483014979339E-05    0.181924991975974457E+02    0.251171326968553288E+01    0.111712226550750793E+01    0.261329458103002343E+01    0.293625220544472754E+01    0.656681496070408954E+01    0.413128600553215986E+00    0.288463543073955764E+01    0.766468612733619881E+00    0.258421505503468429E+01    0.153385500367299059E+02    0.149423295829357290E+02    0.150108780319548014E+02
    0.210869103223771653E-14    0.586578152533244719E+02    0.926429624362281601E+00    0.231090281038335643E+01    0.319435009031358863E+01    0.225273369365729703E+01    0.777295440440281560E+01    0.253692401460330619E+00    0.150915127095617096E+01    0.996128966500190449E+00    0.236670751979184191E+01    0.149546731755609219E+02    0.148540474944581131E+02    0.147225946972942161E+02
    0.220907529270005645E-70    0.316454332434136120E+03    0.444463122521149856E+01    0.723227312709726899E-01    0.176570020103122594E+01    0.345375342104383254E+01    0.659240609022571000E+01    0.236416309657773244E+00    0.180704449699493397E+01    0.265940210251090992E+00    0.245529167725459452E+01    0.152868316251246821E+02    0.150512168618006559E+02    0.149173142576823992E+02
    0.401423235702731794E-77    0.347495979482098164E+03    0.427732461291447841E+01    0.275023126817067043E+01    0.306713789795194813E+01    0.274540011899985847E+01    0.654306178033801711E+01    0.177250066418758179E+00    0.157098438511346794E+01    0.747990004079316373E+00    0.253522947921035424E+01    0.151740011820195519E+02    0.147966377106906002E+02    0.149786807581220192E+02
    0.702353482264587286E-05    0.148048851070693619E+02    0.364880740530365610E+01    0.167917437991146801E+01    0.275169731013142282E+01    0.288519890874908791E+01    0.747925279504043239E+01    0.226025702882386187E+00    0.177171251205814162E+01    0.343303946408727967E+00    0.223556896462848265E+01    0.152862890532439195E+02    0.148589570876261323E+02    0.148904762480775421E+02
    0.313669915305097141E-49    0.219044564501431353E+03    0.571183880085688145E+01    0.952941355489890896E+00    0.156429997514575936E+01    0.387929717457756773E+01    0.652560163990892583E+01    0.339845220723190455E+00    0.199214698230327891E+01    0.627096431785781339E+00    0.252135117663191188E+01    0.152013979070842673E+02    0.149302405325141763E+02    0.148496542375357752E+02
    0.602733703233466035E-10    0.381366587048980676E+02    0.361627090591142153E+01    0.102691330271975162E+00    0.369138550446490221E+01    0.348150671928650546E+01    0.733192417423871667E+01    0.359200832149446647E+00    0.354855745900617636E+01    0.937789334751640613E+00    0.225330229403932236E+01    0.152637240737043403E+02    0.150245362754248681E+02    0.149847371456092429E+02
    0.120352009499489753E-70    0.317668979100424735E+03    0.240456373259745693E+01    0.187759285970293885E-01    0.281026980780183466E+01    0.281401376269518710E+01    0.672243898996011602E+01    0.416438569591617957E+00    0.311066941054185575E+01    0.621101250261421267E+00    0.238921977998615986E+01    0.151320446339889401E+02    0.150123378038959050E+02    0.150914809914021912E+02
    0.416859218544396990E-04    0.112430914288720718E+02    0.472989172108554357E+01    0.813192446787290191E+00    0.116478637558453380E+01    0.201310194355417504E+01    0.661401665824344143E+01    0.320491918548487020E+00    0.252388393716166437E+01    0.732927945256582558E+00    0.227881487985183639E+01    0.152327857008432446E+02    0.149931826551784386E+02    0.149637607827194401E+02
    0.148100412439769826E-49    0.220545465904825676E+03    0.365104007720947266E+01    0.120981216430664062E+01    0.874147146940231323E+00    0.363222162176813734E+01    0.653702614748824562E+01    0.335610246658325173E+00    0.377865851518036733E+01    0.668348395824432395E+00    0.232926004308462131E+01    0.153563557535273567E+02    0.151430565479907191E+02    0.151364284981686872E+02
    0.652191307087553090E-05    0.149530828643022229E+02    0.272228137357446354E+01    0.921163804116447604E+00    0.224893985460275303E+01    0.310225967138343428E+01    0.596312343512980991E+01    0.257952454125610187E+00    0.179391673611918723E+01    0.354894716018065326E+00    0.230363528832015119E+01    0.151412177947014222E+02    0.148486614315382557E+02    0.148448598874972273E+02
    0.283122981306648887E-07    0.258323363732743623E+02    0.392599719916168555E+01    0.965954391000462098E+00    0.145872879788688126E+01    0.304675735759192712E+01    0.628412267553044401E+01    0.249755212608736482E+00    0.188113446561123077E+01    0.417647258847157810E+00    0.255464566274864557E+01    0.152201194462502372E+02    0.149532058635894209E+02    0.148918921790808874E+02
    0.652977274491748726E-85    0.383364288958736381E+03    0.374813383799870659E+01    0.426672937329514168E+00    0.263595698956467483E+01    0.281728429017237980E+01    0.710848255538559748E+01    0.412950207071304365E+00    0.394788648813294163E+01    0.698909774074484624E+00    0.247945086223230104E+01    0.152724310547939517E+02    0.151752670151017348E+02    0.150811194552685457E+02
    0.364669681593157006E-06    0.207209449958194298E+02    0.228603426770100970E+01    0.205692574013059604E+01    0.345829772058019502E+01    0.340117203387313882E+01    0.816860950402397989E+01    0.228610701754626555E+00    0.173844359849223440E+01    0.537367821453875738E+00    0.222685117239743935E+01    0.151173200125536411E+02    0.148093394557219575E+02    0.149053885650600098E+02
    0.412102178892058583E-74    0.333627958915573856E+03    0.170815579040479060E+01    0.195845051844405771E+01    0.497813304199419537E+01    0.409192269264222652E+01    0.706633962274737826E+01    0.283756014015792868E+00    0.193551352622003803E+01    0.777853409286896280E+00    0.239160928787062321E+01    0.152564553534680467E+02    0.149522998845680881E+02    0.149064696497046221E+02
    0.376027250798169739E-82    0.370652539822138010E+03    0.647243954349306527E+01    0.422759959035184374E+00    0.563672481942836257E+01    0.473402064218764274E+01    0.782541079884074975E+01    0.282297686322200592E+00    0.334088233020434799E+01    0.609766243467826152E+00    0.221944638462107413E+01    0.153773242465227966E+02    0.150701894979987969E+02    0.152058165929546991E+02
    0.121581297821404127E-30    0.133441847069553376E+03    0.350888711298047484E+01    0.159860094878798109E+01    0.675893893708487403E+00    0.425955870965796635E+01    0.778252774488016019E+01    0.372737758844834843E+00    0.338996595950302471E+01    0.659729949936541660E+00    0.234512991403532300E+01    0.153464532753740510E+02    0.151197062315022048E+02    0.150675728962644513E+02
    0.390652566878591810E-39    0.172553907878811913E+03    0.749472761154174805E+01    0.474567413330078125E+00    0.393702197074890137E+01    0.398703808646033409E+01    0.799253555931117976E+01    0.204285395145416271E+00    0.280111471875259888E+01    0.706163251399993919E+00    0.246101330918073646E+01    0.152822062906077143E+02    0.149373631117164614E+02    0.149788902794473842E+02
    0.161291358314624640E-56    0.252611013402106806E+03    0.540069297322826625E+01    0.223676826356560068E-01    0.492970520236727694E+01    0.508999218458434921E+01    0.758107691984122489E+01    0.278618571799972792E+00    0.328786038517279966E+01    0.662938299942980369E+00    0.231405971717120718E+01    0.154150504974468703E+02    0.151917729320124195E+02    0.150565857303621495E+02
    0.415187458154728861E-67    0.301376850015620050E+03    0.436303102201788562E+01    0.166952151394569759E+00    0.514405106131252765E+01    0.427933334061736126E+01    0.691797885444053229E+01    0.196884876564739075E+00    0.163610671356712878E+01    0.719538544872716734E+00    0.232095442648924033E+01    0.150500822381129762E+02    0.149713711076408842E+02    0.148572964265364789E+02
    0.869465628309367927E-50    0.221610659497892613E+03    0.236682891845703125E+01    0.226361942291259766E+01    0.311124312877655029E+01    0.400342252367279627E+01    0.652913936234792569E+01    0.260912191867828380E+00    0.184625207480641595E+01    0.333699262142181374E+00    0.228294143211841583E+01    0.151131159505132953E+02    0.149871654233737264E+02    0.148773952427546661E+02
    0.696946651527083830E-71    0.318761573273454701E+03    0.737545960730649064E+01    0.190577564379166953E+01    0.434394743081276502E+01    0.577493986230406797E+01    0.812617936846076638E+01    0.363494568203387769E+00    0.273663258060560022E+01    0.566563291465847163E+00    0.258530681930610973E+01    0.153510584552425211E+02    0.149797926588731940E+02    0.149756935118892027E+02
    0.867818414172432795E-67    0.299902345279872577E+03    0.511787033081054688E+01    0.505164909362792969E+01    0.290514576435089111E+01    0.483269269710985139E+01    0.703579453432721991E+01    0.198107802867889427E+00    0.193862893998177066E+01    0.847624886035919234E+00    0.234304830974340428E+01    0.153073283931581887E+02    0.149186166610223889E+02    0.149544208643484726E+02
    0.317706919811006654E-16    0.670483721355088278E+02    0.446631696448095461E+01    0.477557775245214522E+01    0.198834906958668389E+01    0.509774784949897519E+01    0.779688255271230624E+01    0.224194513347168611E+00    0.167763115862505829E+01    0.943383092620732944E+00    0.241873737598291827E+01    0.151985684905065455E+02    0.147704671216565320E+02    0.148680058824092516E+02
    0.823920856797313737E-88    0.396714735215206929E+03    0.582112789154052734E+00    0.603425073623657227E+01    0.475067052245140076E+01    0.616762980719236786E+01    0.783170832704175623E+01    0.175650310516357433E+00    0.152946735330407613E+01    0.540157794952392578E+00    0.241897162550687783E+01    0.151917204605545351E+02    0.148260196388660166E+02    0.148755959780083824E+02
    0.302544459293946418E-85    0.384902917133595736E+03    0.366917471144770024E+01    0.366936560375041942E+01    0.470693105281724034E+01    0.451032984212702814E+01    0.705269527098383620E+01    0.211243978140062738E+00    0.358333913267126558E+01    0.843982155223931274E+00    0.249619529605693380E+01    0.152474798950140489E+02    0.151709476664886473E+02    0.150032834969400817E+02
    0.745694867047360216E-43    0.189681592818935201E+03    0.640419114288277758E+01    0.378644391142257675E+01    0.461318913706263345E+01    0.646777888791878741E+01    0.798623818603304869E+01    0.188390017796266296E+00    0.166273118698788624E+01    0.835477542778036653E+00    0.256398840350976354E+01    0.152006122989446606E+02    0.151029098822978494E+02    0.149511231543664920E+02
    0.448403705467966084E-55    0.245960880123202315E+03    0.495383119583129883E+01    0.492209100723266602E+01    0.512562501430511475E+01    0.442686261212131082E+01    0.804374275194898658E+01    0.191163170337676991E+00    0.171762165550449497E+01    0.820834714174270674E+00    0.242553809571266177E+01    0.152540572416644657E+02    0.150746214575446782E+02    0.150048031797053856E+02
    0.683619527363671180E-18    0.747261681188502251E+02    0.264785441273765265E+01    0.313695023664401207E+01    0.242781943441345760E+01    0.539073211284329190E+01    0.759180220035599618E+01    0.233838743670485405E+00    0.220561299190342464E+01    0.784670710083764433E+00    0.256937928191533071E+01    0.153374153067219119E+02    0.150385707860644438E+02    0.150146101855012901E+02
    0.104219017843459442E-37    0.165986215434137591E+03    0.494873595712346859E+01    0.563747560797638547E+00    0.336080676094359898E+01    0.523780525347463666E+01    0.702596127906412704E+01    0.218492455483232789E+00    0.203613576519169248E+01    0.975243312563513154E+00    0.244238026384370777E+01    0.150590097301783228E+02    0.150285250297887032E+02    0.148270715899014469E+02
    0.182227048120366343E-06    0.221084220661871100E+02    0.526406097412109375E+01    0.547064781188964844E+00    0.366849842667579651E+01    0.573930539624971203E+01    0.774168510159096357E+01    0.237099540233612072E+00    0.219905339910116204E+01    0.877826774120330833E+00    0.236274665766954417E+01    0.152699476791537467E+02    0.148287483355869103E+02    0.149089828690495541E+02
    0.170940957283298099E-90    0.409070588106954006E+03    0.579802877385404258E+01    0.550832303221513175E+01    0.273767750948314648E+01    0.738634491037549257E+01    0.814769731017943677E+01    0.264670135336695422E+00    0.255669292316528285E+01    0.663338824151917694E+00    0.227914125336884510E+01    0.152239590444036335E+02    0.151371029540021453E+02    0.150486224992273119E+02
    0.145447526529476955E-64    0.289659168948623119E+03    0.559405326843261719E+01    0.134805774688720703E+01    0.288867297768592834E+01    0.573971839236190196E+01    0.728408839326134139E+01    0.239152896404266346E+00    0.273268488120439068E+01    0.818401521444320657E+00    0.221640921980142558E+01    0.150845752116103728E+02    0.151154480229318118E+02    0.149298194894892919E+02
    0.122116317021023510E-47    0.211720958527688481E+03    0.572784053037785323E+01    0.686274519365729141E+01    0.547663822274885703E+01    0.552522439590227066E+01    0.775888390284888541E+01    0.199255644999065729E+00    0.177170487068216742E+01    0.829310087315499711E+00    0.232094989302705823E+01    0.152071283014548460E+02    0.151038350653898537E+02    0.149188251826592673E+02
    0.530744339172762491E-60    0.268649558093354699E+03    0.676577554422890159E+01    0.209422715265944781E+01    0.242751719957870993E+01    0.519449241362327019E+01    0.799433394483691018E+01    0.237146471802533121E+00    0.318894172441770873E+01    0.644833788260601559E+00    0.233057601358836353E+01    0.153330833890123888E+02    0.151111593315227122E+02    0.149909489485722780E+02
    0.139176971117967777E-75    0.340404179159116552E+03    0.762269641574622536E+01    0.688001734426705180E+01    0.163247668339513918E+01    0.443299257633107580E+01    0.795509740012658995E+01    0.231445129120465998E+00    0.267190297487180528E+01    0.682679447843515641E+00    0.258188401973280302E+01    0.153778589763942186E+02    0.152020531567486401E+02    0.150418485851348080E+02
    0.722839055536391251E-09    0.331680662957329915E+02    0.612273855265207612E+01    0.111476306661809899E+01    0.226963117377787071E+01    0.682730438798057904E+01    0.790416158656565138E+01    0.227638943090058971E+00    0.152039617791425452E+01    0.486384948607911594E+00    0.261077417407670698E+01    0.150363202048547517E+02    0.148942006531669211E+02    0.147776736551872965E+02
    0.924873415521269583E-67    0.299774996504772560E+03    0.699792401149185217E+01    0.244274736417890681E+01    0.191254194850583481E+01    0.518506224118076986E+01    0.783999051376063427E+01    0.237044873456369848E+00    0.188270622715743219E+01    0.701731093770586623E+00    0.268357269589598335E+01    0.150949029091686384E+02    0.150428311487258846E+02    0.149585123474148283E+02
    0.508995346763897427E-47    0.208866028795954207E+03    0.546328254756552578E+01    0.290024755762556019E+01    0.336484684797263345E+01    0.376168687255438527E+01    0.824119469138704730E+01    0.399317891229506783E+00    0.200956822920724143E+01    0.949594249304353322E+00    0.230246395052765029E+01    0.152156166601239669E+02    0.147822493545250548E+02    0.147937911385656378E+02
    0.121534411375591718E-59    0.266992553889234671E+03    0.298379128921922865E+01    0.281400723157180233E+01    0.447580570294727842E+01    0.430827563040064820E+01    0.767196187068908664E+01    0.391127869774751780E+00    0.502778289598271044E+01    0.871158073033136082E+00    0.257448924348218799E+01    0.154245580459580953E+02    0.151322903575141883E+02    0.151447037248960115E+02
    0.686374894494957615E-05    0.148509107898652282E+02    0.242755842208862305E+01    0.499128866195678711E+01    0.133466723561286926E+01    0.680820887132958763E+01    0.777294658532106997E+01    0.323295867443084695E+00    0.237856431434648030E+01    0.606428796052932761E+00    0.232887949842214592E+01    0.152487940890178368E+02    0.149628066060148370E+02    0.149864533309334025E+02
    0.585691070672509675E-39    0.171743960122402768E+03    0.204222056814248587E+01    0.522062907480752969E+01    0.187822527328464473E+01    0.532901439786149922E+01    0.755978121142429238E+01    0.296237408647194667E+00    0.226947830087934088E+01    0.542291504538421232E+00    0.234383909956534886E+01    0.151094676037332523E+02    0.150242545329010166E+02    0.149511198993808208E+02
    0.198222871222045492E-46    0.206146952339346967E+03    0.893654689993065299E+00    0.539496408261466875E+01    0.163397745946377038E+01    0.537616180206607197E+01    0.812185760054311423E+01    0.284845471543276219E+00    0.285970685929204382E+01    0.945690655294325166E+00    0.234785537333187344E+01    0.153425577612730404E+02    0.150883792407488961E+02    0.150891162074903722E+02
    0.544782608077965707E-72    0.323859387533184247E+03    0.186900219893693897E+01    0.437452015714834630E+01    0.458456644959278048E+01    0.713241615195441803E+01    0.817374003811654148E+01    0.302562678367943483E+00    0.288812820092011080E+01    0.731458758034020051E+00    0.226306962490382890E+01    0.152660720409987221E+02    0.151281401090809489E+02    0.151028814254398362E+02
    0.109965862024266268E-45    0.202720226228377271E+03    0.531733798980712891E+01    0.304709720611572266E+01    0.120019826292991638E+01    0.477333932615203693E+01    0.697195681979169990E+01    0.298640036582946800E+00    0.327707736939323535E+01    0.656963276863098189E+00    0.225290309870243055E+01    0.152515772785113306E+02    0.150841714295453730E+02    0.151301069901069027E+02
    0.589254986349701569E-06    0.197612109116692700E+02    0.243858575820922852E+01    0.153994178771972656E+01    0.228124740719795227E+01    0.492700384022416493E+01    0.695424151763918097E+01    0.357178246974945046E+00    0.344345989990803591E+01    0.859913051128387451E+00    0.225750531071424465E+01    0.154442167497263068E+02    0.150762060418244577E+02    0.151176306599445081E+02
    0.502578914771960107E-35    0.153629358969428466E+03    0.369461366275926917E+01    0.271540801418638766E+01    0.449911210285038266E+01    0.492319754694483791E+01    0.718494106005368138E+01    0.265720136293257914E+00    0.375576283970353764E+01    0.803008036904212408E+00    0.233552079062441020E+01    0.153419885307532251E+02    0.150390645985460942E+02    0.150620446905117014E+02
    0.152181858724826907E-22    0.961514994061086838E+02    0.284741306304931641E+01    0.100774621963500977E+01    0.184215235710144043E+01    0.518829743133086119E+01    0.805711523897644000E+01    0.421261012554168701E+00    0.440256632090206779E+01    0.729849731922149636E+00    0.253223639231920217E+01    0.154958735138950328E+02    0.151547307876020074E+02    0.152189375774498057E+02
    0.541930289236080347E-60    0.268607844211937277E+03    0.288448238372802734E+01    0.873576641082763672E+00    0.117986309528350830E+01    0.795526624908593671E+01    0.819320511098685955E+01    0.347542321681976296E+00    0.265894178355955457E+01    0.639614588022232033E+00    0.237168859696388257E+01    0.153656258707879072E+02    0.150610685884032431E+02    0.150289126681553711E+02
    0.442002746144809814E-21    0.894138495193345051E+02    0.189363949283036992E+01    0.171232800407150565E+01    0.456503217676770134E+01    0.573649780878277848E+01    0.768210940932211805E+01    0.266258669743430265E+00    0.213382763275458975E+01    0.544976006944773439E+00    0.225501845401595213E+01    0.151616593207971171E+02    0.150039486887689026E+02    0.149256615065690532E+02
    0.319529725629800895E-13    0.532214196066316418E+02    0.285973578924414307E+01    0.161851699824213524E+01    0.237456494274319940E+01    0.765382657522522614E+01    0.816878356552116536E+01    0.400568054103667803E+00    0.359823865805919496E+01    0.788725527871710574E+00    0.248461451373075182E+01    0.152102440016776992E+02    0.150739190652814212E+02    0.150890463424673555E+02
    0.804315136302566511E-08    0.283492869856850902E+02    0.282418346405029297E+01    0.123311614990234375E+01    0.374249878525733948E+01    0.650870164030738341E+01    0.816556979108792014E+01    0.462248277664184526E+00    0.233398117368032354E+01    0.877146565914154075E+00    0.251098600918054560E+01    0.149371810181089959E+02    0.148418483090103575E+02    0.148569907391715610E+02
    0.918891025637464098E-04    0.966225347556832403E+01    0.434538888931274414E+01    0.249413013458251953E+01    0.345166015625000000E+01    0.389909720078252864E+01    0.640164673885838553E+01    0.366894388198852561E+00    0.288204534020030501E+01    0.882818150520324751E+00    0.261319934403896337E+01    0.149840954428608129E+02    0.149040065082138682E+02    0.148894470176513956E+02
    0.879817523539211215E-27    0.115668073772662979E+03    0.395130411451556185E+01    0.215751912213384722E+01    0.368370676868952973E+01    0.444094389562108027E+01    0.708109394515795820E+01    0.363750460803532127E+00    0.352529041001622812E+01    0.719352919585858230E+00    0.262202983744182694E+01    0.151474400833546774E+02    0.149905060793985854E+02    0.150284724184323473E+02
    0.144203682965774637E-71    0.321912537478444960E+03    0.178038513146440547E+01    0.969511014507407287E+00    0.120355940560707841E+01    0.785702168538516155E+01    0.814147427635971610E+01    0.290320168724433725E+00    0.309270825848640296E+01    0.838695667751444884E+00    0.231232283238137493E+01    0.153603948992804060E+02    0.151157231902781266E+02    0.151175479355340343E+02
    0.129051985260058898E-64    0.289898369087540800E+03    0.294683367205762892E+01    0.219402463419367333E+01    0.153259067588243303E+01    0.576508040096358876E+01    0.809019020022532409E+01    0.345537884394511718E+00    0.488230857209154490E+01    0.845283499237478697E+00    0.241022578183907354E+01    0.153256304951956022E+02    0.151392006183207997E+02    0.151779823211519105E+02
    0.327255585983538266E-66    0.297247657130684502E+03    0.378502320143007420E+01    0.400112943774449370E+01    0.221017237905230335E+01    0.392951203353162093E+01    0.769415144489677605E+01    0.261530094091876442E+00    0.230441218993172470E+01    0.948693081410179273E+00    0.256046906039724753E+01    0.150783111400656136E+02    0.150602592983679013E+02    0.149395472660104911E+02
    0.148462958930428773E-77    0.349485341140145408E+03    0.268828248977661133E+01    0.587790918350219727E+01    0.484254601597785950E+01    0.627970260439896588E+01    0.793533445215280153E+01    0.387370872497558638E+00    0.411960800337367683E+01    0.884935593605041482E+00    0.223935722684860217E+01    0.153483584455435373E+02    0.151975666501367659E+02    0.151327599259936640E+02
    0.416079451810941423E-44    0.195453643523261718E+03    0.446512245501869032E+01    0.206053850364790225E+01    0.126526608633585225E+01    0.384293747935658780E+01    0.661015751211680858E+01    0.413762115699593203E+00    0.270902529749847565E+01    0.867758852219416621E+00    0.272360099672056100E+01    0.152382933431580376E+02    0.149335830910109539E+02    0.148975415923993353E+02
    0.886321499535263354E-16    0.649964712773501532E+02    0.255075931549072266E+01    0.119262742996215820E+01    0.582376450300216675E+00    0.591515522256376158E+01    0.794997945817615648E+01    0.387204325199127175E+00    0.177603336142013069E+01    0.734977847337722756E+00    0.262374321442842495E+01    0.150404595664944658E+02    0.147910056104045271E+02    0.147666148604526093E+02
    0.427535851307764139E-36    0.158557958204129790E+03    0.356514272413562638E+01    0.233391874318314152E+00    0.167379534118821671E+01    0.671133936275288523E+01    0.808804553208298671E+01    0.356702815543231466E+00    0.188968502747554368E+01    0.973603940154854519E+00    0.271910914588385433E+01    0.150314061596375694E+02    0.148339358590484416E+02    0.147642018772923542E+02
    0.295727312774307901E-96    0.435605370080365162E+03    0.270574940358834404E+01    0.223613988985750289E+01    0.211591281631259509E+01    0.449565167496729323E+01    0.765517883168018187E+01    0.460633047611343716E+00    0.323243148820113069E+01    0.911968253209136659E+00    0.299290836276849292E+01    0.150399768993628111E+02    0.149616887818106239E+02    0.150142363317962566E+02
    0.139652660465138033E-02    0.421993148935316587E+01    0.260797481042782398E+01    0.162870307737317765E+01    0.331455623353045192E+01    0.604991957930708946E+01    0.771376977755922866E+01    0.344097771349881509E+00    0.209771044029031017E+01    0.758069443183388314E+00    0.299955488219569055E+01    0.150700126928489393E+02    0.148299492260974919E+02    0.148501465819151512E+02
    0.123109733058130886E-59    0.266966796584318899E+03    0.310117391753207094E+01    0.233077300874660587E+01    0.277363287701331895E+01    0.668567310112629709E+01    0.823408299773650043E+01    0.408543436311487373E+00    0.480257976095176708E+01    0.704361279704183496E+00    0.278896242920816384E+01    0.152928259884376558E+02    0.152119861080698140E+02    0.151407887094196862E+02
    0.252930600501060519E-38    0.168818144581685999E+03    0.616336849744532955E+01    0.566647672983685080E+01    0.584116312796014725E+00    0.495558597410316626E+01    0.666037314212683373E+01    0.403452832523270244E+00    0.229752425238582170E+01    0.713558203273773950E+00    0.290008948230836738E+01    0.149251526861637203E+02    0.148443749480028568E+02    0.148846334345241029E+02
    0.686961332425791549E-04    0.102440325357289801E+02    0.707013952781574417E+01    0.268199141833523269E+01    0.184304731919358522E+01    0.433107433464424929E+01    0.769073822320872225E+01    0.317728475714616820E+00    0.277343592427678054E+01    0.672535734965863163E+00    0.281640873167406802E+01    0.152080530360414006E+02    0.148975217035233189E+02    0.149520224882245305E+02
    0.376787453444099395E-13    0.528917577325528612E+02    0.530159265283873005E+01    0.174022096943671878E+01    0.580336990217014015E+00    0.465288326626456161E+01    0.644502845148537595E+01    0.422468195173143490E+00    0.357206237239838931E+01    0.583107798618792250E+00    0.277694595563239188E+01    0.152470234501731703E+02    0.150956802270934247E+02    0.150671265717873979E+02
    0.531086184526550549E-54    0.241017249218756746E+03    0.436105518406299009E+01    0.464375781383916220E+01    0.200578237959595018E+01    0.474920223583070467E+01    0.674740215216371020E+01    0.443613322331658733E+00    0.258240286823375076E+01    0.814697138494333450E+00    0.295133473004759628E+01    0.149624296182365875E+02    0.149484310265051707E+02    0.148618264469279122E+02
    0.143340745820929581E-08    0.317988200241766066E+02    0.561376475677910758E+01    0.440105280732407245E+01    0.188771631434482745E+01    0.349458584902900959E+01    0.676652610998012882E+01    0.271800681642400788E+00    0.240735577051789207E+01    0.652701430124646653E+00    0.221325473655158333E+01    0.152709904761638473E+02    0.149580826822912982E+02    0.150510973679264026E+02
    0.294425304636462652E-98    0.444824535357709294E+03    0.297696669644382350E+01    0.538487730196388092E+01    0.170216426092074391E+01    0.338348177152339424E+01    0.659262941259907009E+01    0.343437639541389395E+00    0.434060105978157296E+01    0.819521860197856888E+00    0.288568130561755520E+01    0.153617053094598734E+02    0.152074900394254300E+02    0.151070813835817201E+02
    0.256088725086078700E-84    0.380631155493093104E+03    0.188358013730318907E+01    0.467879579221853970E+01    0.506474272986418228E+01    0.550245773144670380E+01    0.778727477095430132E+01    0.443761111283237253E+00    0.224157933270119036E+01    0.761759882366379815E+00    0.235368993711733143E+01    0.151018234598484380E+02    0.149294712351097587E+02    0.148806884544794151E+02
    0.593705718945134281E-23    0.980340545335240847E+02    0.110918279184041868E+01    0.293535991683293718E+01    0.362588596006099984E+01    0.471606492807331890E+01    0.812609760967763073E+01    0.250973599714305384E+00    0.207948423623490131E+01    0.989561179943148184E+00    0.254794654073225324E+01    0.150641519369815509E+02    0.149633106895630625E+02    0.149173480608844677E+02
    0.215598141339489157E-97    0.440842583408294161E+03    0.673463153839111328E+01    0.736861515045166016E+01    0.279181975126266479E+01    0.297733033004295766E+01    0.790365989955632386E+01    0.429313755035400368E+00    0.416750846271808228E+01    0.429432505369186424E+00    0.227100619530677772E+01    0.155385647547924517E+02    0.152236945043681260E+02    0.152120441027904540E+02
    0.930456586182539263E-16    0.648992799423978255E+02    0.665396261215209961E+01    0.573961496353149414E+01    0.339719969034194946E+01    0.353463220977738235E+01    0.620982616229640350E+01    0.262798035144805930E+00    0.209605001373255240E+01    0.637875068187713667E+00    0.241002892714738826E+01    0.150994305685950181E+02    0.149050347120830278E+02    0.149749391208448124E+02
    0.277803163120948012E-08    0.304754436584408808E+02    0.506874311920183374E+01    0.778252187257341710E+01    0.237608921059729106E+01    0.351005161522617604E+01    0.756207220800947155E+01    0.214423420049606989E+00    0.176539236566694213E+01    0.728103658811242060E+00    0.225660299307763124E+01    0.152890053884669985E+02    0.148783051098520378E+02    0.148694058299329708E+02
    0.158740593253588937E-07    0.269895563437693475E+02    0.729693836087730840E+01    0.705410520302048738E+01    0.288633429652431062E+01    0.279341947010328706E+01    0.626673274638985589E+01    0.325392258567169912E+00    0.157862511910197112E+01    0.345602816183393668E+00    0.231573567840223804E+01    0.150872500686158553E+02    0.147877094205514421E+02    0.147405581691083398E+02
    0.434956990538482907E-46    0.204575242051397879E+03    0.598468637466430664E+01    0.372779035568237305E+01    0.248319539427757263E+01    0.315210265166833858E+01    0.829824365589488622E+01    0.241276526451110834E+00    0.213455780757870084E+01    0.429365450143814109E+00    0.247715675258636470E+01    0.151863785962717799E+02    0.149324467986388001E+02    0.149786396111426789E+02
    0.792669925337567726E-32    0.138902539956120592E+03    0.688615314123692990E+01    0.221597525674202256E+01    0.185047198356480891E+01    0.270674652883472167E+01    0.745146644222286003E+01    0.311631920651234351E+00    0.201753340964900207E+01    0.455594266374803047E+00    0.242323902343457886E+01    0.152618686693749801E+02    0.149479261927620026E+02    0.148943789602587504E+02
    0.422931474032292450E-77    0.347391591792780559E+03    0.525112819671630859E+01    0.225613832473754883E+01    0.898193150758743286E+00    0.439679273725631869E+01    0.670410618687176729E+01    0.363175702095031694E+00    0.318214527226301414E+01    0.262341934442520186E+00    0.243179036355018585E+01    0.154421952317352691E+02    0.151254384883559432E+02    0.150982713645211781E+02
    0.155372372375005808E-19    0.822944920611027584E+02    0.584096783775703798E+01    0.326601608725398185E+01    0.566835291615053194E+00    0.489187110257401780E+01    0.657389605951506706E+01    0.278297316298010800E+00    0.250909743461559653E+01    0.191831344853681862E+00    0.240820789487182196E+01    0.153396610428415485E+02    0.150166927171136653E+02    0.150555029060521743E+02
    0.871639952161918863E-85    0.382786620733191967E+03    0.467198601862920526E+01    0.533156502148149247E+01    0.755211150682766452E+00    0.605400179998896437E+01    0.736013547797492063E+01    0.374313170989036381E+00    0.313514572128000335E+01    0.111080366432738470E+00    0.234977546950344562E+01    0.153317111708713494E+02    0.151091174927465808E+02    0.151123012753393535E+02
    0.170225272713227802E-02    0.382400278878655842E+01    0.758433747704895289E+01    0.358632204992679693E+01    0.358379920959669329E+01    0.410142372709707548E+01    0.666049133550948547E+01    0.342230243406587920E+00    0.246709147276177321E+01    0.491197458280601573E+00    0.230600171924244757E+01    0.152374334780615772E+02    0.149356352652677806E+02    0.149870610271599922E+02
    0.110767302015307804E-40    0.179679851998029449E+03    0.644936132431030273E+01    0.324323463439941406E+01    0.282175633311271667E+01    0.500631546523496063E+01    0.784809097954782331E+01    0.338846564292907715E+00    0.314496312507014286E+01    0.231114369630813610E+00    0.257687438243627565E+01    0.153950994836726522E+02    0.150891915665095109E+02    0.151433177414047009E+02
    0.202680348735892957E-39    0.173866284854772886E+03    0.467163182000009503E+01    0.291902991643333065E+01    0.424170141428316505E+01    0.548996768018810677E+01    0.817090975482401127E+01    0.286473105061532896E+00    0.250287599225684643E+01    0.163042508611475179E+00    0.254029268974496825E+01    0.152071142190344091E+02    0.149980031771253977E+02    0.150773533880079729E+02
    0.691199788291563515E-02    0.102139035327486227E+01    0.767826368681088312E+01    0.630026728311766337E+01    0.424882011181976704E+01    0.571445086439233130E+01    0.776826769501940717E+01    0.296305768493806354E+00    0.169141718994568646E+01    0.205972696944449474E+00    0.248192656110886389E+01    0.151669246791145085E+02    0.147852070593917890E+02    0.148133322207557807E+02
    0.911595189197268999E-05    0.142833666935564612E+02    0.767366735092960006E+01    0.290491644301687302E+01    0.443897351787596683E+01    0.592894301566461834E+01    0.826413596001763828E+01    0.305056213033195245E+00    0.182720391976728180E+01    0.211686016039583758E+00    0.243033743300180305E+01    0.151486178483966292E+02    0.147861795205471083E+02    0.148297916924703319E+02
    0.387533559358444750E-41    0.181780280529528937E+03    0.718503167749931215E+01    0.782093825042761459E+01    0.376717117745113717E+01    0.391096778496095610E+01    0.756068383399430566E+01    0.265139122382925807E+00    0.156390358423745202E+01    0.543551724487812749E+00    0.224970742050018080E+01    0.150482758249266819E+02    0.148673720550386932E+02    0.148090648778616156E+02
    0.752328605691929339E-06    0.192725825113086593E+02    0.735261999547219425E+01    0.701061095904298970E+01    0.208821669727143977E+01    0.473294655933798580E+01    0.761382931040341226E+01    0.305496183292620571E+00    0.174783179135656863E+01    0.390003074912547154E+00    0.265509655406973311E+01    0.150367000269671891E+02    0.147719418378542251E+02    0.148320997890110160E+02
    0.488815736431327555E-97    0.439205444641845588E+03    0.561009706034292854E+01    0.118357266177756437E+01    0.161810190512716501E+01    0.372436299920102876E+01    0.758460443495341785E+01    0.316732517263090763E+00    0.320872718227073817E+01    0.325972234200976430E+00    0.257883672546669418E+01    0.153817610825933198E+02    0.151278118710855320E+02    0.151988146019901773E+02
    0.761962480148893206E-82    0.369240068423070170E+03    0.648330480412446342E+01    0.290255151707255976E+01    0.890163996972197502E+00    0.406562455067299133E+01    0.702014369824959150E+01    0.376118844180741152E+00    0.361895330376439306E+01    0.570641155129520294E+00    0.247951011772793306E+01    0.152841309893533488E+02    0.151534779957699808E+02    0.150959380674511134E+02
    0.314119905165074709E-88    0.398643334617448090E+03    0.670203921825423876E+01    0.356175233479086772E+01    0.176819007710014020E+01    0.347402837672111220E+01    0.822183713695720186E+01    0.352952365386504430E+00    0.402635464555299194E+01    0.476919836964489696E+00    0.262032850617945634E+01    0.155025866911045949E+02    0.152202812630045798E+02    0.151319572160529905E+02
    0.924070169801521412E-29    0.124780267177146811E+03    0.575043145134371869E+01    0.417095007258489936E+01    0.234277082204643960E+01    0.496610552226239932E+01    0.715362669996721401E+01    0.338691067775944543E+00    0.419743736399850942E+01    0.537979820429468569E+00    0.231279760124194178E+01    0.154661670233028179E+02    0.151370608427406470E+02    0.151863812792797557E+02
    0.234390067669409952E-02    0.318427480891006187E+01    0.603955655059833862E+01    0.383237055531686766E+01    0.251909822053406085E+01    0.631252334901732048E+01    0.767747283547178316E+01    0.471425265802031257E+00    0.293904692815814306E+01    0.534110173006708266E+00    0.257816475183040250E+01    0.152668609272970333E+02    0.149889654973009456E+02    0.150028789107617992E+02
    0.536042886917739136E-04    0.107401602060960233E+02    0.636105031084252470E+01    0.321121039721168389E+01    0.191734094271972988E+01    0.561294404462767815E+01    0.813239914386026008E+01    0.424121179684407545E+00    0.173379973429315060E+01    0.455667190262072364E+00    0.254949016080738655E+01    0.149005050086768431E+02    0.147497145885049505E+02    0.147622639042809105E+02
    0.833582090108521422E-34    0.148012229755743675E+03    0.642084418764318077E+01    0.506318447703932684E+01    0.172667118497986971E+01    0.559469652560083652E+01    0.763046745036052521E+01    0.343205811627279644E+00    0.258232782991558629E+01    0.661618519986665210E+00    0.232773646356396080E+01    0.150763710349084405E+02    0.149343989930536942E+02    0.150140357962457998E+02
    0.217599080136566052E-46    0.205960427783829658E+03    0.660625505447387695E+01    0.789532136917114258E+01    0.284217911958694458E+01    0.515610907597464507E+01    0.818656878148728495E+01    0.364894211292266846E+00    0.215409882120848284E+01    0.829915654659271196E+00    0.235167736238241165E+01    0.151373732554616414E+02    0.148351595382394006E+02    0.148718594699562754E+02
    0.193071217600938546E-08    0.312031510436934276E+02    0.447508386399808256E+01    0.493831216906128923E+01    0.294472292664002744E+01    0.588814009524939141E+01    0.739495407239409097E+01    0.322087106775073628E+00    0.293115048473427242E+01    0.686968639835062400E+00    0.262767017850093110E+01    0.153953023908163864E+02    0.150588996508925561E+02    0.150004344775482075E+02
    0.389298722906840714E-95    0.430450381524314366E+03    0.630081237444388442E+01    0.425566410776340209E+01    0.426108634179910517E+01    0.407400495598359846E+01    0.768159129972047694E+01    0.406963217285739032E+00    0.293449825158161737E+01    0.689932900177836039E+00    0.239561176111665253E+01    0.152324026956319365E+02    0.149594035494812587E+02    0.149921231031330606E+02
    0.326138368850533684E-14    0.577856469362442979E+02    0.639325068791932694E+01    0.760032461429216522E+01    0.642165516082980337E+00    0.427477840557063526E+01    0.729019524457005375E+01    0.367723945607235314E+00    0.290522393810353563E+01    0.697148538831248166E+00    0.260355247249874111E+01    0.151506955277433395E+02    0.149886426028141138E+02    0.149533961048402819E+02
    0.670560648718199170E-27    0.116211274522166832E+03    0.533239513993751846E+01    0.768263945525866365E+01    0.219563191106608624E+01    0.418616737765010249E+01    0.644623299801205718E+01    0.259641270990625728E+00    0.171129535941773225E+01    0.753990512801004709E+00    0.245778386485606326E+01    0.151355626506394820E+02    0.149377549863461603E+02    0.148246292255641841E+02
    0.129480716891502219E-50    0.225419353171621538E+03    0.598302078247070312E+01    0.409842920303344727E+01    0.482650819420814514E+01    0.604393200261103480E+01    0.789914543385811818E+01    0.334162354469299316E+00    0.210446712283701309E+01    0.519223475456237815E+00    0.251566999781131750E+01    0.151693253620174442E+02    0.148592743303609165E+02    0.149272819301998716E+02
    0.149986298263399209E-05    0.178926708436096931E+02    0.419292603646455930E+01    0.755325715417390331E+01    0.457188035153670835E+01    0.299801459318760832E+01    0.775428589753305175E+01    0.312882425233431127E+00    0.257142569283588962E+01    0.668471824048263552E+00    0.243293981960623773E+01    0.153620440699492313E+02    0.149244483181429803E+02    0.149830905642468721E+02
    0.167074788963473269E-66    0.298592256978366322E+03    0.709721358957023885E+01    0.357788564437426304E+01    0.313957191768795596E+01    0.215052257067296315E+01    0.828534046675096825E+01    0.228690390371975832E+00    0.246591571845236368E+01    0.697745987456440231E+00    0.258157233456439439E+01    0.153680589373949896E+02    0.150473872544677114E+02    0.151188087356261178E+02
    0.254341344628345633E-30    0.131965658900710196E+03    0.477796442122320730E+01    0.247272705754099276E+01    0.311341504602834229E+01    0.367797930482592461E+01    0.559651665148190869E+01    0.383226007622040843E+00    0.170012193920792787E+01    0.304156415377148770E+00    0.262815950214096050E+01    0.150513876640210391E+02    0.147514319472036313E+02    0.147662079167303997E+02
    0.312890778014377827E-01   -0.199863036553888040E+01    0.731403298342169084E+01    0.595815933268915376E+01    0.682028512184364466E+01    0.303396086004689103E+01    0.794543236775996053E+01    0.261906053457999444E+00    0.170731976077539804E+01    0.536845560157401924E+00    0.243832887069133397E+01    0.152611949144877546E+02    0.148113731649189369E+02    0.148304813938224385E+02
    0.985769215309208395E-67    0.299647465733591218E+03    0.546143434808350481E+01    0.630495107862713233E+01    0.495133082783579681E+01    0.364339046999312677E+01    0.805403401701487631E+01    0.487583440237545074E+00    0.388374201968170141E+01    0.535404712790903847E+00    0.249358028796492892E+01    0.153839763010551120E+02    0.150690720199209132E+02    0.150638792594627233E+02
    0.517868590856357866E-61    0.273303846100028807E+03    0.714179503686880057E+01    0.689435019596679055E+01    0.268945199487698883E+01    0.590215628948137194E+01    0.808084149406171548E+01    0.418886730664214446E+00    0.200240501366497758E+01    0.941535368250850935E+00    0.224721515865127230E+01    0.150332028776480300E+02    0.147775174182565792E+02    0.147601637163429906E+02
    0.611501820809762981E-78    0.351259346445297410E+03    0.737060591531435705E+01    0.549097639812277905E+01    0.250283477677502031E+01    0.281573068647937852E+01    0.815789602268480962E+01    0.473144637175846539E+00    0.211269850131589365E+01    0.862903991092056954E+00    0.255706216668411512E+01    0.150196596501878687E+02    0.148106388614151143E+02    0.148083533668287082E+02
    0.317351810454742434E-35    0.154548842371977003E+03    0.455446952890652668E+01    0.794015215042119582E+01    0.135398266093708619E+01    0.206190238837967543E+01    0.695149974781899260E+01    0.293984893733259700E+00    0.210639249836686293E+01    0.618421259695652314E+00    0.230864274241276934E+01    0.150085854625937962E+02    0.148814304043835648E+02    0.149485784960504002E+02
    0.546520711822992629E-44    0.194908251575303808E+03    0.395382624384827253E+01    0.479275364766958578E+01    0.120511148542295943E+01    0.254552899722089521E+01    0.570963080898873709E+01    0.330490498400293875E+00    0.249159412462054020E+01    0.279014609115867673E+00    0.225457788678485338E+01    0.153384579185267924E+02    0.150194276592973175E+02    0.150273622066984753E+02
    0.241914858875387154E-03    0.772624667881320271E+01    0.245451879501342773E+01    0.716553688049316406E+01    0.355705934762954712E+01    0.355774905327343793E+01    0.681301268394684723E+01    0.403797185420989968E+00    0.373673734130428459E+01    0.998352426290512129E+00    0.238605107110738723E+01    0.154182699340334786E+02    0.150731909289136645E+02    0.150928472494058301E+02
    0.191556113998748875E-98    0.445684224452149181E+03    0.360118103027343750E+01    0.621327257156372070E+01    0.760128229856491089E+00    0.313961486290230241E+01    0.760780923842028400E+01    0.505048072338104226E+00    0.486004463278147547E+01    0.620932197570800759E+00    0.247001860511302951E+01    0.154806479585696195E+02    0.152421219914427191E+02    0.151744081147008369E+02
    0.505318473406619110E-49    0.218090869175283672E+03    0.230229698838451347E+01    0.658592745703900562E+01    0.151947844663427079E+01    0.409122294963880506E+01    0.649250751212959543E+01    0.540236735137389790E+00    0.476127378097933107E+01    0.945228337116224115E+00    0.247593958869985808E+01    0.154698929262104450E+02    0.151916848122275798E+02    0.151756051140537132E+02
    0.989835506548684141E-05    0.141186811849923881E+02    0.595598514000891832E+01    0.668387276070468950E+01    0.213570436589996149E+01    0.289476102541713631E+01    0.694932565524566037E+01    0.492344841411713419E+00    0.250976090892036474E+01    0.677441964365510185E+00    0.252756192479669517E+01    0.150938614605908139E+02    0.148920043946431946E+02    0.149176545383449568E+02
    0.121886023643373964E-07    0.275179263543430537E+02    0.218747258234805608E+01    0.566606037916986605E+01    0.966075745135035024E+00    0.239919306859307602E+01    0.827521133297927491E+01    0.507829542844965176E+00    0.342231137346360237E+01    0.698573404380513407E+00    0.225227405313317952E+01    0.152443999747944581E+02    0.150414625035404175E+02    0.150855315776502383E+02
    0.377119369589071575E-21    0.897313581743639475E+02    0.852980613708496094E+00    0.757637834548950195E+01    0.180773916840553284E+01    0.322009332068386822E+01    0.609967872582419979E+01    0.297508287429809559E+00    0.243066585680465108E+01    0.386706632375717230E+00    0.247828740543127068E+01    0.153258240657845803E+02    0.149429433696764011E+02    0.150585077379253214E+02
    0.212040858985328703E-13    0.540415622472119139E+02    0.542018864854115323E+00    0.485552319828403878E+01    0.907927324279356851E+00    0.272224974743471648E+01    0.694102683396116671E+01    0.464468517303300188E+00    0.339651781920009643E+01    0.725998098378155876E+00    0.233149909772187636E+01    0.152262435353989378E+02    0.150717621335390444E+02    0.151012445308553929E+02
    0.112752174220884980E-58    0.262537394067500486E+03    0.362307407818992200E+01    0.632233870353065797E+01    0.223145865526015896E+01    0.252449659158168727E+01    0.665836416020831123E+01    0.382622421813057390E+00    0.353154979780719636E+01    0.430266426104366495E+00    0.243584277851041531E+01    0.154156202306798100E+02    0.150799882416482873E+02    0.152104863813565174E+02
    0.332553267263121194E-77    0.347872412025659003E+03    0.621515814588476800E+01    0.413700055284883028E+01    0.286742803340822228E+01    0.248339899447723722E+01    0.612841212262660306E+01    0.377383886244831102E+00    0.391362288897191268E+01    0.519688588520760164E+00    0.243585655728848094E+01    0.154612770244220776E+02    0.150220238816029834E+02    0.152189748511010219E+02
    0.146964783001972190E-28    0.123852287038039023E+03    0.261689306059869198E+01    0.316129769170603625E+01    0.158211819814254184E+01    0.239361011380665811E+01    0.569670625784310936E+01    0.452342384699163547E+00    0.489256002570615500E+01    0.876792024951490667E+00    0.230705843733195204E+01    0.154308751572812906E+02    0.151805664674267558E+02    0.151472046527165922E+02
    0.329306459936013651E-37    0.163685227072523844E+03    0.968351424759378743E+00    0.219614270726474770E+01    0.188360997977232114E+01    0.269404392490829547E+01    0.587554002189186342E+01    0.484150396113763759E+00    0.367099913367219788E+01    0.435581935694877465E+00    0.244374227383816089E+01    0.153687070492780631E+02    0.151184703322250584E+02    0.151269501904423667E+02
    0.495243804922715212E-38    0.167474274518222586E+03    0.617762400471365591E+01    0.327868706626579742E+01    0.155684340687269418E+01    0.216927576421152501E+01    0.596441683488842145E+01    0.340196051517111187E+00    0.317166966509722670E+01    0.588541374297197772E+00    0.244129089775481889E+01    0.154228834381519597E+02    0.150275756076380294E+02    0.151347463603905918E+02
    0.431114214048167990E-13    0.526223741159619749E+02    0.577519794763454997E-01    0.358042422354580214E+01    0.272266153981820302E+01    0.318156577400449292E+01    0.696803162085872874E+01    0.382695688582143978E+00    0.246265628855525875E+01    0.356070184397068834E+00    0.242394023842280149E+01    0.151188049842560890E+02    0.149064914159022894E+02    0.149816322732982119E+02
    0.156326160834473866E-69    0.312540761438470156E+03    0.233088249340957088E+01    0.272453250552866155E+01    0.278737406610614125E+01    0.258874068587757300E+01    0.737437813233928541E+01    0.437072950447373487E+00    0.190711038056835180E+01    0.486258566364040634E+00    0.237321611293542079E+01    0.150401706197908318E+02    0.147729058650819205E+02    0.147843938488614999E+02
    0.128878687853624459E-12    0.504322069202156484E+02    0.519049687285739925E+01    0.165981622830680320E+01    0.239864853837933634E+01    0.218126013861275325E+01    0.658740142408772122E+01    0.415662550736059400E+00    0.202670932196437548E+01    0.369995404630276137E+00    0.253859752145448025E+01    0.151368112172546088E+02    0.148222121357992034E+02    0.148409444557440100E+02
    0.488822178450549127E-03    0.631942080147982832E+01    0.432386346120653009E+01    0.290463745401262186E+01    0.704158167605471785E+00    0.289053481610057394E+01    0.661988753052679257E+01    0.385542573391047028E+00    0.334035977850136678E+01    0.817007191490044526E+00    0.233823278976122229E+01    0.152309832901691209E+02    0.149928101042089015E+02    0.149553715560257778E+02
    0.784203439973372777E-42    0.184975718662294412E+03    0.433601394347126856E+01    0.385299142510856152E+01    0.205084943790637730E+01    0.330962368159158427E+01    0.741133631078808364E+01    0.484789093383690028E+00    0.318483631648750354E+01    0.303035913768975207E+00    0.259796334543248175E+01    0.151610273424997590E+02    0.150539448876812703E+02    0.150491733514817074E+02
    0.354287700968843949E-95    0.430638856877241949E+03    0.293923589462413526E+01    0.491582917728729196E+01    0.122352222296884872E+01    0.240752045953518801E+01    0.573238253343325432E+01    0.385640586688363318E+00    0.226054731555120725E+01    0.779392463046595596E+00    0.254851172073075549E+01    0.152102036840433303E+02    0.149681271658554529E+02    0.149016710137129991E+02
    0.298550586809368107E-91    0.412560515951567538E+03    0.308994750618508007E+01    0.472004650891254762E+01    0.105848986362733477E+01    0.319365228005508461E+01    0.774527231225207302E+01    0.362206719223258644E+00    0.209104020531384549E+01    0.185239503421845475E+00    0.224673477611175842E+01    0.152024939613247643E+02    0.148738676324446253E+02    0.148530130937613478E+02
    0.431458160757092540E-16    0.664362896925092627E+02    0.241080682035917881E+01    0.570965993977892783E+01    0.192472034889471266E+01    0.502065008767647925E+01    0.753861617574944276E+01    0.420122364043624352E+00    0.428140219338203387E+01    0.899589410718088622E+00    0.227504615748313155E+01    0.154604337492633910E+02    0.151525116388952092E+02    0.151774579680588335E+02
    0.106309877649647688E-70    0.317917104416028280E+03    0.307043815464519465E+01    0.504031545778038392E+01    0.414038745625264237E+01    0.412262087091530649E+01    0.794681110553353953E+01    0.403303185099795236E+00    0.187046475183352379E+01    0.854074441714672505E+00    0.223549979738584881E+01    0.151985335661909833E+02    0.147690087874546307E+02    0.148009818546346921E+02
    0.987024579884472767E-59    0.262803558891483192E+03    0.514604246121513320E+01    0.171644170312156796E+01    0.988170592800397096E+00    0.399869393903387760E+01    0.750832600844906572E+01    0.422115284108067090E+00    0.403196778124092425E+01    0.480605712043162936E+00    0.236768849577542406E+01    0.154165137299920474E+02    0.151244354760404978E+02    0.151460371592520886E+02
    0.237117250097986930E-61    0.274866179659068848E+03    0.538064956665039062E+00    0.795134687423706055E+01    0.203007149696350098E+01    0.639509872919516820E+01    0.813073403982486376E+01    0.485737454891204790E+00    0.354406602087788603E+01    0.195929259061813354E+00    0.223134984856843932E+01    0.154626215809516392E+02    0.150989774055847548E+02    0.151117463230472868E+02
    0.255366995134838688E-48    0.214850673316894813E+03    0.250846529006958008E+01    0.611857414245605469E+01    0.207732442021369934E+01    0.492575073008684061E+01    0.719462509398812777E+01    0.455239129066467241E+00    0.336038177357595558E+01    0.380491203069686867E+00    0.223677013039588912E+01    0.154508779371964593E+02    0.150913689162620503E+02    0.150829272947924178E+02
    0.108121502212210089E-49    0.221174735686619812E+03    0.258691072463989258E+01    0.194977331161499023E+01    0.130917105078697205E+01    0.372769216870637621E+01    0.694982962465596898E+01    0.395333886146545410E+00    0.178797698947984585E+01    0.212209570407867421E+00    0.247566731494665149E+01    0.149012900862213957E+02    0.147913925198915912E+02    0.147665883296136329E+02
    0.480737580556024526E-02    0.174760507435539703E+01    0.356495058416204502E+01    0.620878872651950964E+01    0.869147603335120422E+00    0.566219073626226255E+01    0.791917912568432669E+01    0.341968955928409812E+00    0.316982377178388663E+01    0.840266683681846649E+00    0.247245447218213510E+01    0.153920930702590724E+02    0.150140056035017828E+02    0.149911236061471378E+02
    0.562042976676926183E-70    0.314586664187011706E+03    0.188541316986083984E+01    0.742016744613647461E+01    0.108254584670066833E+01    0.508281170834388529E+01    0.728895219812586248E+01    0.497636091709136918E+00    0.418018215705061635E+01    0.446281552314758301E+00    0.252197195911407457E+01    0.155167502034535492E+02    0.151854517157598270E+02    0.151965020821217855E+02
    0.178792047332943514E-73    0.330692884613333490E+03    0.380614658851534282E+00    0.506508874569384293E+01    0.182136945119898996E+01    0.672247755677425296E+01    0.805599047287874903E+01    0.484258416262130842E+00    0.406400843871138129E+01    0.479582795444114418E+00    0.221131976490228599E+01    0.154320780529284391E+02    0.151694041359167944E+02    0.151632838213444128E+02
    0.347690075934838778E-59    0.264890325783848027E+03    0.331946074684701342E+01    0.342796809110576683E+01    0.357497221763595663E+01    0.407489377032822020E+01    0.679780391021031605E+01    0.394202256516402394E+00    0.534478388585592512E+01    0.721598759903491538E+00    0.225101906755861192E+01    0.153343523356727669E+02    0.151622307984215130E+02    0.151901887990278812E+02
    0.168288953715448132E-61    0.275551924219862713E+03    0.502897596359252930E+01    0.309686040878295898E+01    0.261452752351760864E+01    0.558290208072489413E+01    0.781869781606682324E+01    0.468431913852691673E+00    0.150922615915533309E+01    0.663655388355255171E+00    0.243534268724918368E+01    0.147961936487292007E+02    0.147284435098208348E+02    0.146774699278586738E+02
    0.103465712534910308E-01    0.214597433755707084E+00    0.378873813073987398E+01    0.395016912889903349E+01    0.379453695739222852E+01    0.435564325881015435E+01    0.694508285491513178E+01    0.439805056012345985E+00    0.242706583154386779E+01    0.623964479041158593E+00    0.235188813314723877E+01    0.150128560659021044E+02    0.149026675487851534E+02    0.149085318869574124E+02
    0.508545486927464512E-26    0.112159223310107819E+03    0.295776879122260583E+01    0.526215225557799382E+01    0.344625034358377080E+01    0.423899356816782280E+01    0.795735786504121023E+01    0.427430187250300575E+00    0.445324696669293818E+01    0.866425467662474080E+00    0.255761022884031819E+01    0.152045906285030981E+02    0.151033698006141250E+02    0.150888893863312692E+02
    0.175438878150032615E-65    0.293889388473730833E+03    0.591703423152259145E+01    0.382938615569158580E+01    0.913342610132276356E+00    0.400363638792247656E+01    0.753007961021205574E+01    0.339750877252746053E+00    0.308380408592987276E+01    0.683274562793094176E+00    0.228519281589606393E+01    0.151126654127649189E+02    0.149371999205378394E+02    0.150454315754472958E+02
    0.903851042274726201E-88    0.396529555029507378E+03    0.671978274200777115E+01    0.177516735746997156E+01    0.213900190454098960E+01    0.391725641912070799E+01    0.806885462884496363E+01    0.525200992077175188E+00    0.295521598740137126E+01    0.635276211011610914E+00    0.236536371240953702E+01    0.151081167438330812E+02    0.149780352446952651E+02    0.149923503009431300E+02
    0.486011831674638679E-50    0.222773951165873171E+03    0.532198476791381836E+01    0.568171024322509766E+00    0.333151820302009583E+01    0.384448227726190250E+01    0.626011486519086890E+01    0.472943174839019820E+00    0.382183489071849003E+01    0.492594397068023659E+00    0.254884347271919243E+01    0.152859496878957835E+02    0.151079145590821131E+02    0.151712839791592451E+02
    0.241820087214702044E-83    0.376140645223896286E+03    0.688562697764979337E+01    0.300233108156247841E+01    0.302175205624714005E+01    0.351904403893720197E+01    0.620424843801537218E+01    0.499807879274732247E+00    0.408115631971305071E+01    0.413919623248429902E+00    0.248513712621457117E+01    0.153711683081808577E+02    0.151596052291726888E+02    0.152120572028075127E+02
    0.401166952918678314E-42    0.186316300250988633E+03    0.662446880340576172E+01    0.263021278381347656E+01    0.115324530005455017E+01    0.444872402993873095E+01    0.667966737269532373E+01    0.490216565132141069E+00    0.202777814374045118E+01    0.360199326276779197E+00    0.262431398081779488E+01    0.148692300027114150E+02    0.148455517224559639E+02    0.148076693125872101E+02
    0.162708085386579764E-05    0.177298433175320866E+02    0.362690853652802314E+01    0.705039940953381894E+01    0.384304066160815472E+01    0.362879450888837685E+01    0.646973896489160705E+01    0.275743504186270805E+00    0.317946644908475262E+01    0.869972361939802097E+00    0.245083285819263441E+01    0.152770569863317629E+02    0.149497493708899434E+02    0.149975435818974443E+02
    0.758754844317790345E-04    0.100452310937350120E+02    0.236445497980303543E+01    0.429493670155758434E+01    0.333414638830331889E+01    0.457377571308224340E+01    0.815709096917920817E+01    0.374428072177107607E+00    0.279100788840884473E+01    0.588233968604092272E+00    0.234127597456609404E+01    0.152119840913513737E+02    0.150023748698572188E+02    0.150037664113462128E+02
    0.136098912672678044E-05    0.180869948927443289E+02    0.718910671971909943E+00    0.750340321879414862E+01    0.344640877441042237E+01    0.706706813120196742E+01    0.806281327355416266E+01    0.320393579529312800E+00    0.172821112824018175E+01    0.738941626049422928E+00    0.228729397832253234E+01    0.151587287392691490E+02    0.147476846758475801E+02    0.147913107031081150E+02
    0.197226542065165051E-60    0.270629412907456583E+03    0.319483037061446185E+01    0.130837414419088049E+01    0.198604699635460502E+01    0.377926915959485399E+01    0.695869228768847048E+01    0.529235356637280718E+00    0.468338146917770182E+01    0.734370579746185470E+00    0.240906124248005726E+01    0.152108743099284887E+02    0.151098072100638241E+02    0.151289687205434156E+02
    0.373144235727268751E-40    0.177250785171507744E+03    0.369000313653952805E+01    0.269382454716826691E+01    0.277246468363541698E+01    0.232280290035246306E+01    0.727058057438000027E+01    0.498147170135140316E+00    0.321616061950765797E+01    0.691900775770889709E+00    0.280150077684664645E+01    0.151077447857179745E+02    0.150457488082424415E+02    0.150102152152191941E+02
    0.158533240017939620E-84    0.381590274851632671E+03    0.257716274941833090E+01    0.612288392485298694E+01    0.149012798978944061E+01    0.799157184705009804E+01    0.822627399458089315E+01    0.470864154612603780E+00    0.247734223894839767E+01    0.118259780486656002E+00    0.241420425724145193E+01    0.150677465584645418E+02    0.149576856158621361E+02    0.149132051731237549E+02
    0.135739893962145452E-60    0.271376637942797913E+03    0.762076377868652344E+01    0.171102190017700195E+01    0.363170611858367920E+01    0.236718941965603902E+01    0.760345556055933436E+01    0.399844074249267600E+00    0.257419218970812569E+01    0.211184698343276966E+00    0.230921955919265720E+01    0.151649286894054818E+02    0.149748053929034750E+02    0.150066617128032096E+02
    0.287390382009771417E-40    0.177773032228088255E+03    0.793955746369186155E+01    0.300069410864886699E+01    0.541843427107471953E+01    0.203616390916916590E+01    0.772119989606774304E+01    0.244946062482227028E+00    0.230324855760102398E+01    0.454805049892519908E+00    0.240687007718135515E+01    0.153482005691153187E+02    0.150535818124638627E+02    0.150347436857360588E+02
    0.229847546871077498E-45    0.201245733674246367E+03    0.327607209565291946E+01    0.341717474806196986E+01    0.509289361424446874E+01    0.262328964011316401E+01    0.719324437827214958E+01    0.233030555810662426E+00    0.163985874330458525E+01    0.516450917946347676E+00    0.247539326181605857E+01    0.150832110134886630E+02    0.148035844171821935E+02    0.148001577865819431E+02
    0.255048649623721879E-85    0.385244464993084080E+03    0.485250043869018555E+01    0.361066293716430664E+01    0.585917565226554871E+01    0.320392923847139599E+01    0.799304565166631420E+01    0.216524350643157948E+00    0.341879561418829603E+01    0.726393973827362038E+00    0.229305698734521846E+01    0.152995520839033752E+02    0.150207419173645604E+02    0.150545635857458482E+02
    0.678013894210348821E-31    0.134609848007994771E+03    0.234109250471087993E+01    0.667292052815419479E+00    0.743460550315121971E+01    0.355474584930173521E+01    0.651169302918649340E+01    0.209373641421477741E+00    0.154708852300718180E+01    0.841135394778333878E+00    0.229767269334502755E+01    0.150994741767404310E+02    0.150256331699904404E+02    0.148335217937325883E+02
    0.947347421714858773E-84    0.378014871643698541E+03    0.688553487943988607E+01    0.250436503250513987E+01    0.660680351306869795E+01    0.286627919408326015E+01    0.784035627265321633E+01    0.543343395951157437E+00    0.266663497176035058E+01    0.757585851499572027E+00    0.243840373319549242E+01    0.150501120671024928E+02    0.149358543339187904E+02    0.148595056132643091E+02
    0.738349204183648970E-33    0.143649690163126166E+03    0.498614168167114258E+01    0.259675455093383789E+01    0.437752696871757507E+01    0.316347548215997776E+01    0.707766496243807097E+01    0.371755230426788374E+00    0.361116380768270506E+01    0.611452251672744751E+00    0.237380851411819460E+01    0.152109070816546108E+02    0.150300915829123074E+02    0.150917582098244623E+02
    0.146172751001324621E-08    0.317596909950315833E+02    0.739697603361199540E+01    0.287049171504995115E+01    0.681045578190335466E+01    0.261899527708067259E+01    0.775022208529869161E+01    0.425635589740726683E+00    0.325328216807699500E+01    0.331903102339961453E+00    0.260379129108184548E+01    0.152647577120639983E+02    0.150512314510179728E+02    0.150757148131894567E+02
    0.817193699852288966E-23    0.973950697744583067E+02    0.616737508773803711E+01    0.255584716796875000E-02    0.688280943036079407E+01    0.254025033667788191E+01    0.813359835019338817E+01    0.360115694999694869E+00    0.178762903391706951E+01    0.841642218828201338E+00    0.241668739604949945E+01    0.151964032865063423E+02    0.148254804557163204E+02    0.147653261321254305E+02
    0.116449166742521953E-43    0.193395316119565905E+03    0.687988519668579102E+01    0.106451272964477539E+01    0.718579578399658203E+01    0.281980692745888994E+01    0.803038757551417604E+01    0.263020265102386464E+00    0.172080448829038146E+01    0.377365678548812866E+00    0.235635097712278352E+01    0.151055297175472294E+02    0.148008985193084470E+02    0.148816258248786522E+02
    0.158757219326749157E-03    0.856866613603465765E+01    0.739732923343945803E+01    0.189957679744706942E+01    0.717797253051895012E+01    0.281889665679552603E+01    0.704969482622135324E+01    0.273977763524818230E+00    0.269261055462932397E+01    0.685510121829026930E+00    0.258244205488104139E+01    0.152923576808395172E+02    0.149844933523373705E+02    0.149771635015413178E+02
    0.668732405175375593E-28    0.120821905035670625E+03    0.536253595352172852E+01    0.620563030242919922E+00    0.500264662504196167E+01    0.226281852733131617E+01    0.587096121402933235E+01    0.368107962608337447E+00    0.201395171318767652E+01    0.526566720008850075E+00    0.263637233799695947E+01    0.150384728792434821E+02    0.148581531424665307E+02    0.148731837927544994E+02
    0.222062010675392419E-83    0.376311119900238964E+03    0.680915137876431320E+01    0.183006561786606436E+01    0.577694318686134167E+01    0.246063944395350642E+01    0.718495237432092626E+01    0.248318234244895214E+00    0.255775668657121269E+01    0.610893180003979963E+00    0.243469982579972166E+01    0.153733971551268791E+02    0.150524051897677644E+02    0.151830556303091768E+02
    0.603191290063630476E-10    0.381351409094972880E+02    0.602233998082696864E+01    0.341291442737211392E+01    0.751169163267714612E+01    0.280259095213724985E+01    0.829540358027565539E+01    0.283119106632774953E+00    0.295806878793499051E+01    0.695685076329846996E+00    0.251937153584826179E+01    0.152485735724072420E+02    0.150539298427360553E+02    0.149361895949404762E+02
    0.265909964941779791E-03    0.753710281401482263E+01    0.526443788961348869E+01    0.843253366853615072E+00    0.659421362937903233E+01    0.311628115818739015E+01    0.749977845410979693E+01    0.469280205229572589E+00    0.439385008816550915E+01    0.515636566580686573E+00    0.264772779789297985E+01    0.153969648665766119E+02    0.151130181575394538E+02    0.150920760062552599E+02
    0.101888785297034171E-46    0.207477972602736656E+03    0.425791489330576045E+01    0.207030699560022802E+01    0.571921361864855982E+01    0.219935567518054631E+01    0.775353772149934883E+01    0.362845519309800246E+00    0.374033179038554131E+01    0.653196376411970592E+00    0.246780889848749752E+01    0.153659524230824562E+02    0.151785517520474347E+02    0.151106611225615310E+02
    0.501643894889743406E-12    0.477141690450765950E+02    0.131747591702728162E+01    0.211068441063518364E+01    0.293832696451365472E+01    0.214002131432818166E+01    0.596883772216342390E+01    0.444668833082262016E+00    0.341889792191855690E+01    0.329690953835573231E+00    0.256540973325431754E+01    0.153778314491010661E+02    0.150511505946314816E+02    0.151268581655293843E+02
    0.527608800048659233E-05    0.153770485334388773E+02    0.262011051177978516E+00    0.307767581939697266E+01    0.301614227890968323E+01    0.209954138089945541E+01    0.799565294538705640E+01    0.417580735683441118E+00    0.280919881517121173E+01    0.759602296352386519E+00    0.231744281560182541E+01    0.151275350059654432E+02    0.149477881090581430E+02    0.149973315070332323E+02
    0.100124287182204619E-25    0.110804337881229614E+03    0.306317947085641773E+01    0.426433765456944958E+01    0.460741370882350321E+01    0.324265682614919992E+01    0.623557173780219465E+01    0.465813385249337242E+00    0.353826371167127451E+01    0.459991435204815446E+00    0.233437543559411154E+01    0.152577278272704007E+02    0.150931666013949179E+02    0.150904702032007538E+02
    0.646206490847666196E-03    0.576118016569635216E+01    0.135232266552084313E+01    0.230213818416213645E+01    0.393354405935454254E+01    0.260131009071720820E+01    0.603013959155533463E+01    0.349944176278553010E+00    0.252707873660659388E+01    0.644114746396753368E+00    0.231224951722518979E+01    0.152188289564318815E+02    0.149249663968534971E+02    0.149765336356521477E+02
    0.206909448194991426E-16    0.679060682810583387E+02    0.197027080209727656E+01    0.297843826118237731E+00    0.486723563033939399E+01    0.231364960441947520E+01    0.689793184595189857E+01    0.229181990693280824E+00    0.203275689132108361E+01    0.970195224644437082E+00    0.226923893677251520E+01    0.152087139276228829E+02    0.149108341845567267E+02    0.148972271613160636E+02
    0.948215827451989988E-97    0.437880251559677561E+03    0.410478115081787109E+00    0.559368610382080078E+00    0.620869430899620056E+01    0.225674486899283089E+01    0.702943394395645615E+01    0.492745816707611084E+00    0.244184526344428043E+01    0.282075804471969616E+00    0.234225953984260560E+01    0.149917602149837936E+02    0.149476582541252405E+02    0.149000301454190023E+02
    0.829304621796925192E-22    0.927604768062902281E+02    0.294073413367386904E+00    0.154895280243973565E+01    0.738799655976922942E+01    0.247949747541070842E+01    0.721504748395334250E+01    0.382209462599011673E+00    0.230057408243238637E+01    0.914701509014185454E+00    0.236661555271450030E+01    0.149977362265063334E+02    0.149433234114847924E+02    0.148949226198263531E+02
    0.508721141179431665E-32    0.139789553734928035E+03    0.454028701117136391E+00    0.101374116998846042E+01    0.691047104870841356E+01    0.291279793026186296E+01    0.778768037259838408E+01    0.480669043407279784E+00    0.400765664420761603E+01    0.735973461121653627E+00    0.244870789110957565E+01    0.155303061480494318E+02    0.151510556193502719E+02    0.151711237288029910E+02
    0.378443801358226833E-16    0.666984956103121220E+02    0.755457854477680213E+00    0.202847246838889683E+01    0.620456038632228513E+01    0.324688883591910837E+01    0.761345886376926551E+01    0.328445110746317881E+00    0.180047194307589442E+01    0.769191490788114551E+00    0.247857368439343384E+01    0.151148168919507047E+02    0.148165763399515793E+02    0.147797845648177617E+02
    0.993136365710683213E-04    0.950685258441563796E+01    0.164251041412353516E+01    0.143048667907714844E+01    0.747892725467681885E+01    0.271141982918689894E+01    0.657232086150427719E+01    0.319905483722686790E+00    0.256897285626648042E+01    0.382088029384613059E+00    0.253456576085090646E+01    0.152750965383821651E+02    0.149743861712776791E+02    0.150116712852933993E+02
    0.437064011019321565E-04    0.111484292223008126E+02    0.310122977023791435E+00    0.323483543977030141E+01    0.768589553431586303E+01    0.253400600589979552E+01    0.656851327028009990E+01    0.334568363395396973E+00    0.219727662884362385E+01    0.603194445466774254E+00    0.229936588613607995E+01    0.150638012597965201E+02    0.148560586069897660E+02    0.149152769107621879E+02
    0.542126784907482699E-08    0.291382695024446861E+02    0.109428438129092265E+01    0.477084205420902663E+01    0.685167271814456225E+01    0.235334874834561347E+01    0.702964885662369987E+01    0.304241208286756437E+00    0.236917765682941273E+01    0.544941886865834779E+00    0.224150184772759342E+01    0.152451399511768297E+02    0.149789482735632475E+02    0.150168734288332519E+02
    0.636694083528136213E-17    0.702632223763364010E+02    0.143289336427201541E+01    0.376388985649861807E+01    0.693571704027403779E+01    0.214216782012972162E+01    0.558907591310843621E+01    0.393638543866252633E+00    0.465380244975528345E+01    0.817224846874867517E+00    0.258285209799079540E+01    0.155006096941590936E+02    0.151460689042824779E+02    0.151482742111379221E+02
    0.295311766401185044E-65    0.292847906625840210E+03    0.106550550611236883E+01    0.291588032366001748E+01    0.787762868499069313E+01    0.276963380836541218E+01    0.575050528446418774E+01    0.469279006304333834E+00    0.385874909326545312E+01    0.294820836360795480E+00    0.251455684873970275E+01    0.155061424744001570E+02    0.151029039397516236E+02    0.152057105829215562E+02
    0.801094052296418890E-16    0.651986740619602330E+02    0.202888440677353676E+01    0.437651278031879976E+01    0.610598970390303109E+01    0.214470420976546094E+01    0.774985512893211492E+01    0.330668560201277217E+00    0.310237331594052357E+01    0.638809549388038800E+00    0.238979345269949439E+01    0.154007855089215226E+02    0.150981210108651300E+02    0.151008237976883546E+02
    0.772679089238050725E-03    0.540369073639591502E+01    0.174955827817364984E+01    0.444218249103143670E+01    0.568979189071312774E+01    0.217999241653041986E+01    0.817815935512005154E+01    0.429915640416206446E+00    0.251612939831473259E+01    0.773314552584097092E+00    0.237350995889620142E+01    0.152891546540140713E+02    0.149186084401730046E+02    0.149335125831057898E+02
    0.494739157604305623E-81    0.365498631530041905E+03    0.109918549515087660E+01    0.588879843880388609E+00    0.796458248025064819E+01    0.275879616657034488E+01    0.753865918251540279E+01    0.486791780648931027E+00    0.438070147605297144E+01    0.338071169527485726E+00    0.235810471437816815E+01    0.154806726629105196E+02    0.151967819790456193E+02    0.152297440296826796E+02
    0.121182070923857085E-04    0.137140002816055766E+02    0.345617723464965820E+01    0.131459331512451172E+01    0.461690875887870789E+01    0.358771533016128030E+01    0.767198892819095946E+01    0.386039137840270996E+00    0.175211621954684249E+01    0.667247188091278032E+00    0.259864163833856576E+01    0.148620953107422107E+02    0.147447011515631825E+02    0.147778376390174842E+02
    0.397932248565305384E-54    0.241594534324936348E+03    0.349431436524436556E+01    0.354105849612009926E+01    0.761076508044529287E+01    0.266990747532805095E+01    0.772413916140779033E+01    0.496969130340017107E+00    0.231009393710944666E+01    0.531998307831140327E+00    0.263747911618295205E+01    0.151874000924942525E+02    0.148461741005030738E+02    0.148936035291564739E+02
    0.517621063187678572E-14    0.568618035349150972E+02    0.284027935673452303E+00    0.375107735514453777E+01    0.745286359807719467E+01    0.359488514788253699E+01    0.626433866688760244E+01    0.276864280896398585E+00    0.234474846314388685E+01    0.934642549841384285E+00    0.240491712612417308E+01    0.152100374939868761E+02    0.150248530494894386E+02    0.149590592991616322E+02
    0.826275677338530932E-57    0.253948751469730354E+03    0.608220691756511278E+00    0.175485452056751745E+01    0.451739088650758891E+01    0.237730278851750931E+01    0.749293891507025300E+01    0.424263128094909736E+00    0.211114684753825577E+01    0.527388854717764977E+00    0.242250796780448141E+01    0.152289333126299997E+02    0.148977994775222413E+02    0.148545581291510107E+02
    0.914704235195880716E-58    0.258350577045407135E+03    0.780316582239726109E+00    0.418980444767886517E+01    0.378856162736214941E+01    0.236810600828858631E+01    0.704618063346557477E+01    0.445823726630035999E+00    0.273042951061217831E+01    0.489236218999444916E+00    0.304250818043420601E+01    0.152481011031720737E+02    0.149508050919903184E+02    0.149520874133225004E+02
    0.978758031668339024E-21    0.878239128028095593E+02    0.429950904846191406E+01    0.147872257232666016E+01    0.430471035838127136E+01    0.281218158102281413E+01    0.575692168604207932E+01    0.409499418735504106E+00    0.254462664035565833E+01    0.552787137031555242E+00    0.302956621396541603E+01    0.153329181252285398E+02    0.149796427411308883E+02    0.149506847721737639E+02
    0.592131284552192766E-80    0.360534065933254908E+03    0.433539196130041926E+01    0.435007713722972955E+01    0.600071169289603112E+01    0.243864682624155593E+01    0.754891466116509946E+01    0.328813270415403758E+00    0.305978838270829323E+01    0.735569262680510261E+00    0.279813347856089134E+01    0.153561932383532280E+02    0.149541969574570359E+02    0.150368816627288080E+02
    0.606515842824648506E-11    0.427293181500342882E+02    0.172799020807095438E+01    0.248614830500007411E+01    0.328290289542048930E+01    0.356081907718541624E+01    0.588829400450462437E+01    0.447943123782313934E+00    0.339295597929401316E+01    0.255699537379924235E+00    0.298606724185730688E+01    0.152922548018864539E+02    0.150565124179836598E+02    0.150860886605632789E+02
    0.486235211032283194E-02    0.172486321539090848E+01    0.396332827715986991E+01    0.370961293569598372E+01    0.361444786444000909E+01    0.303728845488444588E+01    0.680111797479288072E+01    0.481655575912318223E+00    0.377588413170745474E+01    0.642197307556839236E+00    0.292263268780402674E+01    0.152872744995713479E+02    0.150352386662866486E+02    0.150261928401112463E+02
    0.212607170158495115E-44    0.196796503604391262E+03    0.474357978829065274E+01    0.400475267183840433E+01    0.747965698922514655E+01    0.267934446975383445E+01    0.670541399572101859E+01    0.349420647216589941E+00    0.301433084414388386E+01    0.670158846690723897E+00    0.305159310444467557E+01    0.152987609872069488E+02    0.150361605035970740E+02    0.150291627477416938E+02
    0.690629056573095201E-01   -0.358212772723563955E+01    0.468034895577666699E+00    0.346874809020116448E+01    0.582974745319726129E+01    0.258635217460661426E+01    0.679659366812392118E+01    0.348525593799768107E+00    0.212011792312269787E+01    0.663469311415440632E+00    0.305098795577736626E+01    0.150694290488493454E+02    0.148708028209990264E+02    0.148816350982791494E+02
    0.253594985490892733E-65    0.293152492994788531E+03    0.259372095580774209E+01    0.571855480382992054E+00    0.686768335844133393E+01    0.218665294435379831E+01    0.659525818681343523E+01    0.316157403808969728E+00    0.357387379738757183E+01    0.642101010967450203E+00    0.291196021841752106E+01    0.154691504944916023E+02    0.151272139954708091E+02    0.151280257906692963E+02
    0.425752624027029981E-70    0.315142103857205086E+03    0.274514974155543712E+01    0.341206695943668536E-01    0.664605878160586183E+01    0.285128061252270992E+01    0.634281586137620490E+01    0.370183325201482227E+00    0.438624059966621616E+01    0.645220072154623514E+00    0.278264795934587728E+01    0.155234214709394234E+02    0.151428814733117836E+02    0.152728548517048424E+02
    0.555784116505705351E-12    0.475091901571840651E+02    0.300140463759142762E+01    0.155862793446907855E+01    0.634583752944890644E+01    0.244166242017403379E+01    0.647374440089223846E+01    0.456739014489217388E+00    0.418801944020298489E+01    0.520086760429309791E+00    0.296811509947525387E+01    0.155118955693343690E+02    0.151094008219340150E+02    0.151644605976546760E+02
    0.186827301641406893E-10    0.404792403245519452E+02    0.763304295645190134E+01    0.274268452221233794E+01    0.487290074819045760E+01    0.231531587905411529E+01    0.779160545625792444E+01    0.452782902365935880E+00    0.321109330402756443E+01    0.203549504846639140E+00    0.273960752480752667E+01    0.153503800705708446E+02    0.150198755511992594E+02    0.150743862373912858E+02
    0.117625272128881636E-54    0.244032090024188648E+03    0.209058895686058976E+01    0.323549133011317025E+01    0.639290607953857837E+01    0.337618505417562487E+01    0.827133075957282848E+01    0.466509395363814194E+00    0.179152333730296531E+01    0.634554309833890828E+00    0.288088101159965237E+01    0.149356253458771793E+02    0.147350827604197576E+02    0.147466063734704118E+02
    0.426442730312667605E-46    0.204614780199881295E+03    0.197759410102529309E+01    0.357528436417018103E+01    0.687755569109002796E+01    0.295624625967249965E+01    0.683149597444041135E+01    0.497505385221712726E+00    0.526683794849812692E+01    0.711231011308482652E+00    0.277306780700257560E+01    0.155372550225808439E+02    0.152159747682757569E+02    0.152739970760918382E+02
    0.602424253467078764E-03    0.590149448751077443E+01    0.257910156250000000E+01    0.301105022430419922E+01    0.596374469995498657E+01    0.311188155132275801E+01    0.782846928158376976E+01    0.272195780277252219E+00    0.157014826839504829E+01    0.330064600706100442E+00    0.276326060372590998E+01    0.150111523527979127E+02    0.148298303639697284E+02    0.147772336254289414E+02
    0.459612122131777561E-26    0.112361566797341780E+03    0.360271525274275728E+01    0.342329392337059080E+01    0.585551064237001562E+01    0.282028459134318821E+01    0.823247335433734939E+01    0.343481590987719798E+00    0.299788669232589644E+01    0.576982492933378888E+00    0.274815153141538770E+01    0.151964386847682604E+02    0.150572724708959704E+02    0.150767126601464678E+02
    0.644139791729724311E-14    0.564244588666256206E+02    0.153441712575768108E+00    0.311470735664565135E+01    0.668528192923162479E+01    0.272564192096330427E+01    0.828993809677000471E+01    0.362667749813757267E+00    0.259089848143968293E+01    0.397305431433217948E+00    0.270192804300081635E+01    0.153668150375527457E+02    0.149484129571949236E+02    0.150240281819472195E+02
    0.106108807961093714E-95    0.433050145356904125E+03    0.253455527931928959E+01    0.166951155258642236E+01    0.584467383043791333E+01    0.264227533312857421E+01    0.817010653701490952E+01    0.483399452647953365E+00    0.447818530455836239E+01    0.212064362035374515E+00    0.271138693016714027E+01    0.155037790075618265E+02    0.151903051589239109E+02    0.152284999053040391E+02
    0.244563331929787498E-07    0.261251505022704222E+02    0.436619087272403661E+01    0.901790641227663947E+00    0.502654392684214901E+01    0.319180611824365279E+01    0.816957901894511629E+01    0.386727749821115130E+00    0.228411343053895033E+01    0.716222304275587196E+00    0.280241495450971456E+01    0.152694529225739473E+02    0.148446162796405403E+02    0.149024242701439515E+02
    0.596202244012765880E-05    0.151325988434445780E+02    0.357652226659694383E+01    0.240849906040753803E+01    0.557378622052971551E+01    0.213627272770178900E+01    0.619743229308928889E+01    0.422864257345736183E+00    0.247470705592887219E+01    0.232009074437499963E+00    0.291169806097561112E+01    0.152016010001407036E+02    0.149292751905035139E+02    0.149540620076663071E+02
    0.528280602306625399E-27    0.116688247652769277E+03    0.117677213781753864E+01    0.433745595306003562E+01    0.767876009047239272E+01    0.296236616218975923E+01    0.625374609303339213E+01    0.347282734505819923E+00    0.189714201599851773E+01    0.587182130488959064E+00    0.285170304537477293E+01    0.148768131771429335E+02    0.148293553263097326E+02    0.148399806251284350E+02
    0.235144408420206869E-25    0.109096762794738851E+03    0.357468320830877095E+01    0.487728460369385886E+00    0.719023212676809464E+01    0.248249904156094159E+01    0.685126801115762873E+01    0.401652840005055300E+00    0.266408743645924773E+01    0.906310501849220351E+00    0.300978290339002985E+01    0.150475058355566915E+02    0.148928604518864809E+02    0.148578630224610979E+02
    0.383563258899265788E-08    0.298302601741972495E+02    0.181838058649680856E+01    0.258167253442803624E+01    0.427507339116114249E+01    0.297851913292724246E+01    0.598292433953192404E+01    0.486712247959129485E+00    0.282622053254302186E+01    0.634275345316712258E+00    0.277981424435239610E+01    0.152545608584391701E+02    0.149838300821580539E+02    0.149837608150445831E+02
    0.309897878996083557E-81    0.366434207227502611E+03    0.283302068710327148E+01    0.146883964538574219E+00    0.564163956046104431E+01    0.352823593084972753E+01    0.601318831889630800E+01    0.441488444805145264E+00    0.376557709377734096E+01    0.841525810956955000E+00    0.292672644793987269E+01    0.153441956969237179E+02    0.151290529572988692E+02    0.150536946788644261E+02
    0.136064227176528042E-96    0.437157991592736778E+03    0.737562113409330156E+01    0.144445162582006859E+01    0.675413772221267816E+01    0.212135233859544581E+01    0.773127342896192271E+01    0.318909494077275202E+00    0.183188577436497679E+01    0.259915712666370480E+00    0.291011711819611696E+01    0.150992015714704984E+02    0.149284737645219465E+02    0.148252849333661825E+02
    0.528162685480613906E-13    0.522163115161637919E+02    0.480400283525931204E+01    0.345138459770546413E+00    0.637874987783981151E+01    0.313046474528069263E+01    0.790420698508050634E+01    0.291366065622203685E+00    0.247583662994410636E+01    0.207017396159480338E+00    0.281128831048109085E+01    0.153475165199726700E+02    0.150133440595942993E+02    0.150337720050974468E+02
    0.616874832727128962E-28    0.120983340733310541E+03    0.431172181505961649E+00    0.115336690844290013E+01    0.394487435658201857E+01    0.242820135392138781E+01    0.652901539090724281E+01    0.409075493557750192E+00    0.217032235647884386E+01    0.275311639984842871E+00    0.261190968068093143E+01    0.150983117673393732E+02    0.149049072353695191E+02    0.148678729247281805E+02
    0.487573972000599312E-49    0.218162362884384351E+03    0.724590592944058476E+00    0.334255482949407901E+01    0.728229348443813329E+01    0.267551074618454088E+01    0.828800835276179271E+01    0.342230126483570873E+00    0.337133874411704859E+01    0.567969963016347279E+00    0.293360855578870305E+01    0.153347295542557553E+02    0.150790618934460756E+02    0.151537373594362652E+02
    0.150052078912844486E-03    0.868145350847807862E+01    0.349997016017364837E+01    0.393626860849369042E+00    0.412592777452763215E+01    0.330572760838677793E+01    0.787106929637272579E+01    0.438461123791402119E+00    0.399563033935265688E+01    0.717397320755899237E+00    0.267507500446942803E+01    0.152802132819220713E+02    0.150458156123728788E+02    0.150344466984791065E+02
    0.294904821791558306E-91    0.412585089396039734E+03    0.301640316418524224E+01    0.211120222034624661E+01    0.328313973168282702E+01    0.308264715746431239E+01    0.617678800725092181E+01    0.257016495534472367E+00    0.260731125562124966E+01    0.290853939770556180E+00    0.276273733908917052E+01    0.154093529067221091E+02    0.150211507399377293E+02    0.150930615108346693E+02
    0.451452457544768881E-52    0.232131817338259651E+03    0.180439143675018143E+01    0.213792244317503849E+00    0.739080502119162208E+01    0.372807646962644368E+01    0.747293971983074634E+01    0.388923830418253735E+00    0.194585193583311988E+01    0.894909880409721525E+00    0.238162026804661053E+01    0.151449752123224393E+02    0.147687976071910416E+02    0.148295047147241821E+02
    0.287130437600854120E-05    0.165938855357842989E+02    0.122885980186358679E+01    0.571460487566662456E+00    0.398027771329091795E+01    0.269743833165945501E+01    0.659169023919272590E+01    0.256358286524516532E+00    0.216152715036026688E+01    0.520692286321295494E+00    0.300661833846137450E+01    0.153292547814697180E+02    0.149641246772918777E+02    0.149489291082109812E+02
    0.249953535105033472E-74    0.334627951484798018E+03    0.226487270220501724E+01    0.148237926144012211E+01    0.394513981989171958E+01    0.374638090600305151E+01    0.634320377299918192E+01    0.515755122116877462E+00    0.486775366740373094E+01    0.654861329831058825E+00    0.284941963472609983E+01    0.155019837033757515E+02    0.152307399676027515E+02    0.152749223782575889E+02
    0.246278552589390527E-41    0.182686958983343459E+03    0.345437407283238240E+00    0.895917848691644925E+00    0.606224925663512870E+01    0.326044445740331224E+01    0.771216342033145974E+01    0.421377886762951293E+00    0.154356122769557658E+01    0.626856919622799880E+00    0.228301685557312961E+01    0.147603173953301923E+02    0.147583816090961051E+02    0.146986634486327681E+02
    0.138936209997176656E-72    0.326592131381017225E+03    0.162577385836427912E+01    0.545703938315231341E+01    0.710314341617266187E+01    0.285092361813062922E+01    0.546939927083032362E+01    0.543200638039777584E+00    0.442971895073146804E+01    0.859595660616082835E+00    0.247808246717783387E+01    0.153643177617535471E+02    0.151200671276511365E+02    0.151829985307112523E+02
    0.290151138341575529E-77    0.348145208216948163E+03    0.117929446558603068E+01    0.477557531654853484E+01    0.655966227768801957E+01    0.259233770914784900E+01    0.785614902391952263E+01    0.398652385996211889E+00    0.319034240056283869E+01    0.793760065916508939E+00    0.228476035562752777E+01    0.152367622235900591E+02    0.151143968121564196E+02    0.150893571580075019E+02
    0.136847753508146470E-05    0.180760206943809152E+02    0.554490228590981271E+01    0.498990843569934661E+01    0.678070417041130824E+01    0.331355447207795972E+01    0.581382390013087580E+01    0.296890393395349894E+00    0.171940968134561611E+01    0.273142021078606745E+00    0.290955998944460115E+01    0.149069652551874814E+02    0.147699172085515507E+02    0.148031693349971434E+02
    0.416214679441116208E-93    0.421106332733590818E+03    0.635606785621836057E+01    0.104781680764127771E+01    0.248096551678683097E+01    0.218821187822115881E+01    0.706084793766707097E+01    0.385793921534289042E+00    0.426062245026813535E+01    0.421531642401105300E+00    0.281187246295269055E+01    0.155037467616276565E+02    0.151928814278535320E+02    0.153075147171523032E+02
    0.418594344384081533E-85    0.384253569014418758E+03    0.672596067977669865E+01    0.292341065758010998E+01    0.277292379944782175E+01    0.208160096416309726E+01    0.771696139653480628E+01    0.303605639384966208E+00    0.341615557110576873E+01    0.515517527485118365E+00    0.288871611847846577E+01    0.154378633907859637E+02    0.150554334252537263E+02    0.152505363609739177E+02
    0.581957643940599786E-32    0.139520558418617497E+03    0.653627509250906513E+01    0.912793251274180206E+00    0.671934544052821003E+01    0.427172833866054624E+01    0.786282897076115983E+01    0.464770840513859418E+00    0.385925723388429631E+01    0.502711041384214519E+00    0.256151749886668334E+01    0.153410866602378420E+02    0.151421932477738732E+02    0.150876447882109694E+02
    0.511634827810985974E-88    0.397667661883366975E+03    0.379526399950216975E+01    0.920561262479361653E+00    0.664498487774976798E+01    0.274479522275907151E+01    0.800358866644375766E+01    0.260741482682758652E+00    0.179381613302846699E+01    0.428857240883546820E+00    0.265622911502513670E+01    0.149286163689960532E+02    0.148477794214246615E+02    0.148652256227834787E+02
    0.330383675969614124E-66    0.297228630811800713E+03    0.142341423034667969E+01    0.349912881851196289E+01    0.297752204537391663E+01    0.324964054532419855E+01    0.665419432453592741E+01    0.364227163791656539E+00    0.259498840499994765E+01    0.140682458877563477E+00    0.239135673409700367E+01    0.150974054550430594E+02    0.150100317297364434E+02    0.149732679091468093E+02
    0.563857193984653030E-90    0.406683622508059955E+03    0.386625112320940367E+01    0.194897456809424074E+01    0.623888079943158491E+01    0.679237213531571449E+01    0.798785100760732014E+01    0.366615163762166518E+00    0.388366241865216111E+01    0.633917279815336188E+00    0.231778216901826095E+01    0.154242638573827104E+02    0.150628350945998530E+02    0.152392837729627519E+02
    0.279607585465422229E-98    0.444927811751136289E+03    0.223703956604003906E+01    0.366576147079467773E+01    0.496762457489967346E+01    0.445829359276474690E+01    0.667176280862470694E+01    0.200579190254211448E+00    0.156955268801459069E+01    0.124800992012023937E+00    0.242798461329936988E+01    0.152464708434029976E+02    0.150478589355298009E+02    0.149752444147102874E+02
    0.569633892274015457E-50    0.222456429382674258E+03    0.580869691037123115E+01    0.177730084364919372E+01    0.611876650289001489E+01    0.750773181391284705E+01    0.805575617492943863E+01    0.361196459205151199E+00    0.378832429216391642E+01    0.497055991371075812E+00    0.252121983885685141E+01    0.154144813981302899E+02    0.151786847620108603E+02    0.151955182988470234E+02
    0.116222096976944373E-13    0.552441142422375151E+02    0.460036997659298397E+01    0.243423898335029021E+01    0.566151804464767672E+01    0.445854308065916616E+01    0.686987512180845883E+01    0.454560229440122754E+00    0.291205115566984851E+01    0.222314813183800863E+00    0.226619174229902542E+01    0.151326295906854291E+02    0.149980050779088767E+02    0.150029075619551264E+02
    0.948970775741118702E-35    0.152358108306594374E+03    0.372142076492309570E+01    0.736736774444580078E+00    0.759262385964393616E+01    0.629929425487416594E+01    0.802368948210456523E+01    0.474645233154296853E+00    0.333617431295090316E+01    0.554146909713745139E+00    0.226838215768337248E+01    0.152901720818837639E+02    0.150297204593384528E+02    0.150983616941716594E+02
    0.190887800129276773E-50    0.224643045459977344E+03    0.579251861572180804E+01    0.702341096280937438E+00    0.748195760925409470E+01    0.652725057099191819E+01    0.796924922465829955E+01    0.466144772141695030E+00    0.413841104687683359E+01    0.398459235146251145E+00    0.227358344038965177E+01    0.153989204347533466E+02    0.151723797440661752E+02    0.151852480060559625E+02
    0.778071378663255227E-06    0.192052923869770424E+02    0.372918528439152830E+01    0.298215398234236639E+01    0.545986661436938370E+01    0.550251510462905813E+01    0.765821908370786630E+01    0.462304965738224327E+00    0.274662045898360807E+01    0.535471059511147929E+00    0.246164761746326954E+01    0.150454022431735055E+02    0.149380428427100451E+02    0.149706412427980347E+02
    0.319160174539554045E-49    0.219009860734489337E+03    0.243623924255371094E+01    0.170382595062255859E+01    0.732312443852424622E+01    0.439489854875109387E+01    0.685431686326923817E+01    0.531563889980316118E+00    0.593302644945834867E+01    0.838796180486679033E+00    0.262513073492050175E+01    0.154682653788211049E+02    0.152193628697548942E+02    0.153067905348526843E+02
    0.302378723348976867E-16    0.671472702144367872E+02    0.461808739495289711E+01    0.104833370287443417E+01    0.742561704986024651E+01    0.527081804902466544E+01    0.788231992698451833E+01    0.474347377971404027E+00    0.271846023712489071E+01    0.870805923829677364E+00    0.267083566748885648E+01    0.151066751354873752E+02    0.149179751499281661E+02    0.148663939388860786E+02
    0.201866950800238472E-22    0.955864342534639206E+02    0.577328538894653320E+01    0.281668806076049805E+01    0.511693689227104187E+01    0.442769399875836722E+01    0.823655911749414926E+01    0.340356218814849842E+00    0.245733889212299594E+01    0.147789239883422852E+00    0.248812423193454713E+01    0.153196747502291917E+02    0.149885108286506288E+02    0.149966381337507091E+02
    0.107641440225105314E-18    0.784233597399078519E+02    0.272106277499790938E-01    0.375947343469602746E+01    0.541175959710248833E+01    0.516199316189744462E+01    0.741345840934592815E+01    0.323935885790628042E+00    0.278805558835947043E+01    0.158031853353863133E+00    0.237835867428149728E+01    0.153554138545767778E+02    0.150227454517591337E+02    0.150425120190765949E+02
    0.450457895328474808E-87    0.393317184763478735E+03    0.574878477816688349E+01    0.184892043708968790E+01    0.660092319646054104E+01    0.373030285532300221E+01    0.791381458110599745E+01    0.470563398753662043E+00    0.354053973534971789E+01    0.194425391738921233E+00    0.257190095774981042E+01    0.154597374700764121E+02    0.150846829543708161E+02    0.151534423233766908E+02
    0.303326457770890250E-54    0.242137478559259904E+03    0.372189563626008191E+01    0.372752074065405159E+01    0.658118874660950404E+01    0.695943163429043210E+01    0.806774145117094577E+01    0.312762225423258655E+00    0.178893533778791647E+01    0.154298525769923534E+00    0.270002477091884874E+01    0.149807641109531424E+02    0.148391931077972963E+02    0.148573463133418997E+02
    0.156312260070141132E-94    0.427670193939177466E+03    0.723377881118681065E+00    0.368321745763553432E+01    0.654424468323511643E+01    0.463064595694233105E+01    0.781561339017362311E+01    0.442525432659115148E+00    0.422988351280377906E+01    0.314324651314721759E+00    0.263521429438155996E+01    0.153827983544926852E+02    0.151598235779625998E+02    0.152333992068338340E+02
    0.104480913222428230E-63    0.285715620708678955E+03    0.182391024037254845E+01    0.186958431953497128E+01    0.760878143019090203E+01    0.566522439451218496E+01    0.790002278387236601E+01    0.403614910280717054E+00    0.227817391452895768E+01    0.599145776778469696E+00    0.263632495996814908E+01    0.150974150794188464E+02    0.149550133005519328E+02    0.148887957920131573E+02
    0.451506215890817963E-94    0.425548727006651916E+03    0.303917615115806372E+01    0.291093396262441484E+01    0.761254486335373404E+01    0.629651268820853538E+01    0.775007637804844496E+01    0.279860625409733443E+00    0.209234771835345068E+01    0.463093637034166949E+00    0.256257858828589935E+01    0.150964756144437651E+02    0.150588735640176399E+02    0.149135182739533896E+02
    0.425063473094890044E-32    0.140148876742851712E+03    0.571413993835449219E+00    0.435417318344116211E+01    0.718327450752258301E+01    0.409574963344519638E+01    0.636403541753691115E+01    0.240512025356292736E+00    0.179435332853513962E+01    0.469943410158157326E+00    0.221376736944913866E+01    0.150070411661855800E+02    0.148984820249805026E+02    0.149119914585247777E+02
    0.847519213804718808E-87    0.392053086964352644E+03    0.106471786448556616E+01    0.411167782450328101E+01    0.631561908296993302E+01    0.571798981610645374E+01    0.811329418467206409E+01    0.486060003797563867E+00    0.426317796593256748E+01    0.605864186740944888E+00    0.242855160285396732E+01    0.153523007558016360E+02    0.151932006231351728E+02    0.151950132929495467E+02
    0.422486166790057543E-18    0.756886577416098163E+02    0.526996325428634371E+01    0.385314022839021320E+01    0.623634700198902880E+01    0.508560536708195876E+01    0.806710222749921968E+01    0.408897245210636862E+00    0.220755830418453591E+01    0.731107098502686958E+00    0.264519037138388136E+01    0.150430421496917877E+02    0.149092250610971515E+02    0.148765307600155960E+02
    0.175695617687689205E-70    0.316912314717131494E+03    0.144684286044880817E+01    0.308772876428125542E+01    0.789956043417044995E+01    0.534720626753950334E+01    0.678298195042704322E+01    0.230567796663297991E+00    0.234518839841629578E+01    0.711832928058837799E+00    0.256448865016810190E+01    0.153561349193716943E+02    0.150841499312619600E+02    0.150556514122866982E+02
    0.127582782150178363E-20    0.872937806721000982E+02    0.368766996706096473E+01    0.195805008641279854E+01    0.779304718191518031E+01    0.600047085876678121E+01    0.775212436623180778E+01    0.313051679157390628E+00    0.375029012479140933E+01    0.676863359551117094E+00    0.272850603143204173E+01    0.154490644271894499E+02    0.151223202315797884E+02    0.151410831710056986E+02
    0.995121290161823052E-79    0.354890623237976058E+03    0.669603375447278015E+01    0.632547454939506792E+01    0.637678567374633509E+01    0.209613734660956652E+01    0.717568403281117195E+01    0.256272214256090092E+00    0.217695283267355943E+01    0.285858238147698063E+00    0.252662750200817232E+01    0.151232311550519771E+02    0.149134189191221918E+02    0.150558478870083636E+02
    0.330691842323093967E-91    0.412356020825059659E+03    0.404645876302122964E+01    0.572539385510115206E+01    0.520675298970328271E+01    0.356528088672378418E+01    0.624681051546361843E+01    0.289659909017418782E+00    0.268052711846579772E+01    0.491482393444341414E+00    0.264752309725737911E+01    0.151917016079797236E+02    0.150405942681908638E+02    0.150330630297003083E+02
    0.249985886220971435E-74    0.334627692644509750E+03    0.502777049054624658E+01    0.562550124044262656E+01    0.732148843297031782E+01    0.292429446527515191E+01    0.640332354469743237E+01    0.394009609322371612E+00    0.273866488376557582E+01    0.736350407547859520E+00    0.235107686803031690E+01    0.152544918614850875E+02    0.149931146633910615E+02    0.149893299611401112E+02
    0.408960651542100012E-01   -0.253415990014816295E+01    0.651991653442382812E+01    0.608340024948120117E+01    0.583713415265083313E+01    0.346555684772043726E+01    0.712150143730845731E+01    0.279655539989471458E+00    0.168559053145873539E+01    0.635565149784088179E+00    0.241813215005397808E+01    0.151529934750795725E+02    0.148058829617119923E+02    0.148071615986026242E+02
    0.380177050117803013E-07    0.252428249744618114E+02    0.642051219940185547E+01    0.622257804870605469E+01    0.426995027065277100E+01    0.259776362086298152E+01    0.694101723506797619E+01    0.334329867362976096E+00    0.173470990262120961E+01    0.542152661085128829E+00    0.224920857679843866E+01    0.150220531530041796E+02    0.148349558695082173E+02    0.147805562012688316E+02
    0.145676797271968866E-85    0.386364592711686271E+03    0.751443767547607422E+01    0.783797550201416016E+01    0.599156859517097473E+01    0.264782255199881389E+01    0.779213563731370762E+01    0.405914199352264360E+00    0.289435613609313380E+01    0.643538874387741044E+00    0.252271685504913323E+01    0.151796151375256905E+02    0.150534658402214490E+02    0.149415857177079303E+02
    0.228452019071036775E-81    0.367044040456528819E+03    0.777422069004060923E+01    0.554145399580831732E+01    0.478640477254954533E+01    0.280056743617087500E+01    0.809146361135702641E+01    0.345512041832839345E+00    0.154866713614216556E+01    0.530973374950829191E+00    0.251660377261834700E+01    0.150448812771765592E+02    0.148060995850857235E+02    0.147396842580544245E+02
    0.117907765731272451E-29    0.128898037852399199E+03    0.745052017569862279E+01    0.496981199684012598E+01    0.726350633617568242E+01    0.237564014843098770E+01    0.813424680185157989E+01    0.317957278465243132E+00    0.228132160488154501E+01    0.887708299437012349E+00    0.225193199724828697E+01    0.149637505051655815E+02    0.148596666193520708E+02    0.148222659673733812E+02
    0.107690087294136467E-75    0.340917156672910323E+03    0.705533813731594250E+01    0.584997297865744237E+01    0.724544122127973900E+01    0.311922797580555766E+01    0.828376256884142137E+01    0.261247537202604407E+00    0.299878990559949976E+01    0.605739455536853821E+00    0.251420910046027313E+01    0.153651688301932374E+02    0.151170061593026528E+02    0.151451405947084119E+02
    0.588985528617953256E-27    0.116470699597493450E+03    0.789461317954548480E+01    0.362688528512039543E+01    0.486924637563657559E+01    0.269519711470020340E+01    0.607284846284220414E+01    0.218744411900729407E+00    0.176850870382340641E+01    0.559222078528379352E+00    0.230534733753500909E+01    0.151067319592045504E+02    0.149117505931700940E+02    0.149640879727577314E+02
    0.361987873651811592E-85    0.384544152186553163E+03    0.485027837753295898E+01    0.607809162139892578E+01    0.690779152512550354E+01    0.255865976862361899E+01    0.714917228729004073E+01    0.210025501251220714E+00    0.150000000000000000E+01    0.129349696636199968E+00    0.242996764570474610E+01    0.152174917675456545E+02    0.147700157621151238E+02    0.149065521458466677E+02
    0.176858723932860345E-10    0.405889071755852910E+02    0.556458854675292969E+01    0.589650583267211914E+01    0.492612051963806152E+01    0.247719544077898624E+01    0.768859083344032257E+01    0.256441378593444846E+00    0.173760882074544432E+01    0.264655447006225564E+00    0.247359284049272521E+01    0.150723114100186439E+02    0.147949690458975134E+02    0.148872457564196896E+02
    0.478693331076738553E-88    0.397800763840686727E+03    0.443207740783691406E+01    0.663656520843505859E+01    0.755674618482589722E+01    0.207341815956276365E+01    0.590132382720257898E+01    0.309343481063842796E+00    0.203456007516953363E+01    0.242533552646636980E+00    0.246993070536851889E+01    0.151305226232726930E+02    0.149811468003523629E+02    0.149024487116543103E+02
    0.299462634655932035E-57    0.255978629103629686E+03    0.425964237146473934E+01    0.513273569842791488E+01    0.451448564683578191E+01    0.209001910274723146E+01    0.558590493270734179E+01    0.447139846518325279E+00    0.205615702504988551E+01    0.468545435361650386E+00    0.255859259845225928E+01    0.149669124101863407E+02    0.148067066678791441E+02    0.148564052869289629E+02
    0.251761100015246729E-45    0.201063604929064695E+03    0.599131389476917331E+01    0.575613509605628604E+01    0.598034087006881521E+01    0.260082872421121136E+01    0.735806320935848568E+01    0.340194854812435610E+00    0.301034770521834139E+01    0.589757826134429397E+00    0.246366557722940405E+01    0.153051260206308157E+02    0.150003659186659952E+02    0.151197886703230200E+02
    0.294919709770386684E-70    0.315876414524812560E+03    0.374527772518488522E+01    0.535420062524184637E+01    0.617922697783196373E+01    0.210560249549371514E+01    0.802338303524918217E+01    0.361757915269871777E+00    0.290951103736521288E+01    0.642410372278091280E+00    0.259700072806643112E+01    0.152085101111594252E+02    0.150949950040853640E+02    0.150037187179127436E+02
    0.168740633694758021E-94    0.427517179638214202E+03    0.524139242933503091E+01    0.450423436629447149E+01    0.778902953555232092E+01    0.405860249594427280E+01    0.644338735064518886E+01    0.360580368097690451E+00    0.246189726948557341E+01    0.698117164478171515E+00    0.257346012207504415E+01    0.152734988570095549E+02    0.150315370379063076E+02    0.149514773435347905E+02
    0.504314391823821196E-02    0.165184844188331748E+01    0.622919682049283363E+01    0.412364234407748409E+01    0.630489782940930255E+01    0.245608641208652179E+01    0.293973646038404279E+01    0.252363191747651983E+00    0.158366290326121928E+01    0.838781818918283073E+00    0.231459737241616015E+01    0.151675441041930679E+02    0.148255869619638627E+02    0.147970317567696821E+02
    0.433122993524021413E-04    0.111665450728942339E+02    0.526413393020629883E+01    0.671721029281616211E+01    0.562422174215316772E+01    0.217843845083318177E+01    0.494257597398814941E+01    0.331187248229980469E+00    0.174992175133497718E+01    0.516648179292678811E+00    0.252493236380815489E+01    0.149651394329648575E+02    0.147912256600275356E+02    0.147810636661919865E+02
    0.222197640408252181E-81    0.367099558352882639E+03    0.598931743200139799E+01    0.567351531452531876E+01    0.740743141997351184E+01    0.302484065078695741E+01    0.554245285856755210E+01    0.330882111516370592E+00    0.223469332725129988E+01    0.414816136256219048E+00    0.232405669825762562E+01    0.151405359045100667E+02    0.148791480801524258E+02    0.149775831877723196E+02
    0.201771556646543949E-53    0.238347655361560470E+03    0.764585195669504891E+01    0.530291660957484101E+01    0.588831392543055365E+01    0.237035739270301038E+01    0.432274342977044856E+01    0.380716433647808605E+00    0.335982189839898915E+01    0.342827636557213600E+00    0.253016783662147926E+01    0.154421231102774321E+02    0.151181437483447212E+02    0.151730483812838486E+02
    0.675733921980359613E-13    0.517235214374978867E+02    0.501872869074261008E+01    0.791419444298602937E+01    0.622374418388047879E+01    0.406861390891401520E+01    0.534985256268310216E+01    0.290179236707894472E+00    0.234886330451116310E+01    0.216758147161700748E+00    0.232679654424384941E+01    0.151612498197716512E+02    0.149463100995188807E+02    0.150240208650026297E+02
    0.287514770806152720E-98    0.444872037559259468E+03    0.711874914169311523E+01    0.748994588851928711E+01    0.676739308238029480E+01    0.415407715864494964E+01    0.457010232169214703E+01    0.384736835956573486E+00    0.337107446936703958E+01    0.563638496398925826E+00    0.229549652153253536E+01    0.151383813458200116E+02    0.150492498310730696E+02    0.150957038890459447E+02
    0.251664401916717441E-86    0.389876350875603805E+03    0.632319068908691406E+01    0.401391792297363281E+01    0.773833084106445312E+01    0.332540039333049009E+01    0.393413001347113900E+01    0.207048821449279774E+00    0.180603652359694844E+01    0.807253402471542314E+00    0.237911346864700324E+01    0.151321276149698427E+02    0.148971827712450846E+02    0.150190044199653450E+02
    0.481099483278053040E-89    0.402395906207311839E+03    0.557732695648637655E+01    0.543157897142089041E+01    0.707036175923448251E+01    0.365632967515885188E+01    0.472622484317705549E+01    0.226260543185980212E+00    0.253370250815338949E+01    0.765521592399430073E+00    0.237990770888425907E+01    0.152158212942369175E+02    0.150500895974911888E+02    0.150736083083557890E+02
    0.100405913861129469E-07    0.279056568885682132E+02    0.575018101140902083E+01    0.760866544221688113E+01    0.667291182572097519E+01    0.219152800164622663E+01    0.221990458420055781E+01    0.349163468431199275E+00    0.172216291564297452E+01    0.577166223117666521E+00    0.233146611378040713E+01    0.149658329760894429E+02    0.147839235092845591E+02    0.147926861624343857E+02
    0.134671164063312000E-43    0.193104553830693675E+03    0.127663640442332027E+01    0.500155848676106896E+01    0.608178392947814039E+01    0.206510208231111880E+01    0.243415092009640643E+01    0.251769119455059309E+00    0.218486268793313787E+01    0.141499869076126383E+00    0.262367139032531682E+01    0.152745779329134699E+02    0.150448922409794239E+02    0.150362229116224846E+02
    0.658801549445864386E-55    0.245191423332596628E+03    0.743582248687744141E+01    0.287040090560913086E+01    0.728087741136550903E+01    0.249353735171634172E+01    0.288576980766299807E+01    0.274581980705261242E+00    0.261554766895760871E+01    0.319379001855850220E+00    0.253679994261264774E+01    0.153875785492374835E+02    0.149932881795986255E+02    0.150442931952936494E+02
    0.201773971471006130E-53    0.238347631425480955E+03    0.636016487058810043E+01    0.446920990177299160E+01    0.747131815388476017E+01    0.253174672114040078E+01    0.391443176372005208E+01    0.290240364105363136E+00    0.216547747550979697E+01    0.238761055876733824E+00    0.230693829420358298E+01    0.152552264224793461E+02    0.150057632694132153E+02    0.149223055860702605E+02
    0.440124916003073757E-48    0.213761959557869773E+03    0.692155380661951369E+01    0.580335310290617290E+01    0.545669186606789669E+01    0.207899468602925497E+01    0.408610544289102684E+01    0.294356261968333421E+00    0.161445450633990695E+01    0.643346470554078453E+00    0.246130007315243038E+01    0.148204330919887788E+02    0.147336320136924286E+02    0.147865820314937633E+02
    0.102871690256332712E-33    0.147591558969299513E+03    0.557161247997239339E+01    0.719669427897159597E+01    0.757265510074446802E+01    0.319191994041626881E+01    0.381108133723440812E+01    0.194015541266155001E+00    0.152465217018887667E+01    0.524671226096571464E+00    0.234510789606753134E+01    0.151685570705870667E+02    0.149321001941348879E+02    0.149391305456430068E+02
    0.139477354045278771E-31    0.137772379066345991E+03    0.328579966461631301E+01    0.662635896055595275E+01    0.397894672480900446E+01    0.209600619096173579E+01    0.347437288973949432E+01    0.221462811419410627E+00    0.164162328321290429E+01    0.213197932360435993E+00    0.249928288616454664E+01    0.151722888173305623E+02    0.149017239828633929E+02    0.149285508683165347E+02
    0.139679554579752522E-04    0.134298867411999954E+02    0.374908446710278831E+01    0.770452695883022542E+01    0.581225204623732949E+01    0.314687456801019749E+01    0.450678184476089072E+01    0.279110169072972925E+00    0.233226685502591202E+01    0.375574442933682140E+00    0.253986777095778038E+01    0.153360046211140748E+02    0.149566550575840900E+02    0.149914628667675451E+02
    0.211954857017307664E-35    0.155356117686479678E+03    0.664934396743774414E+01    0.688856792449951172E+01    0.443645688891410828E+01    0.301753683001272632E+01    0.433246028048747167E+01    0.237862396240234364E+00    0.219192351210930347E+01    0.521689444780349731E+00    0.226925624650716751E+01    0.152853961610756439E+02    0.149254402777122390E+02    0.150355555166493779E+02
    0.695450310833410169E-93    0.420079615970576526E+03    0.458360292406863579E+01    0.714809273600998907E+01    0.693745311550259824E+01    0.419667529121763483E+01    0.556137050978648695E+01    0.329771885367535988E+00    0.371741200287268692E+01    0.623830497862334243E+00    0.262598469275825197E+01    0.154127311404407159E+02    0.152330512802065332E+02    0.151379106779314938E+02
    0.117836433169734172E-88    0.400604289164089550E+03    0.723270347200773500E+01    0.704185145772341237E+01    0.511423856850514724E+01    0.220769252093782464E+01    0.464698545934688845E+01    0.235516863843821950E+00    0.151299954431734385E+01    0.665513878536628023E+00    0.223502363482515642E+01    0.149404344824124049E+02    0.149938866958021091E+02    0.148162682900416574E+02
    0.238751302537529200E-69    0.311693805766873197E+03    0.522694586174628917E+01    0.752091543768829318E+01    0.786897936489569716E+01    0.217699680120818329E+01    0.415075058191072976E+01    0.242098870011497824E+00    0.172174927622711560E+01    0.311529655775360514E+00    0.223908284201941621E+01    0.151430499286959055E+02    0.147948819506072908E+02    0.149276787760962968E+02
    0.696730145273043268E-89    0.401655258017122890E+03    0.470744826297296814E+01    0.584410302333410492E+01    0.249014292257344749E+01    0.205006419353472991E+01    0.783876888672964256E+01    0.217701722666855779E+00    0.160546936495025561E+01    0.242100091365463843E+00    0.236099229587197579E+01    0.152634112448456598E+02    0.149522292493882532E+02    0.149380574004907860E+02
    0.298059514998824566E-75    0.338881085390150361E+03    0.446238312320261965E+01    0.422190776490329700E+01    0.703983659929203753E+01    0.376423908556157905E+01    0.397353305941752399E+01    0.371780204232438627E+00    0.186351654152943302E+01    0.173875482441041951E+00    0.224880781115595552E+01    0.149752016761747520E+02    0.148803304307616653E+02    0.148207947537887907E+02
    0.789847924068280029E-73    0.327721650529324734E+03    0.625590381482370628E+01    0.735895218484570979E+01    0.330424394293894785E+01    0.273929348644986836E+01    0.637579273330231366E+01    0.481685246028229708E+00    0.354202352474673043E+01    0.442717004234979172E+00    0.262060965534207257E+01    0.152038154156158409E+02    0.151202433510629888E+02    0.151025072219791898E+02
    0.297519598425763311E-04    0.119176283478938103E+02    0.340489027471764727E+01    0.774920819963623675E+01    0.608859296823414553E+01    0.381293769872046262E+01    0.687659476077904408E+01    0.500808919206794267E+00    0.488357572561318598E+01    0.642150239268439282E+00    0.254411130722649759E+01    0.153399253954108854E+02    0.151346151539109677E+02    0.151681269854776275E+02
    0.137273663648999327E-01   -0.350874966858782888E+00    0.538441705703735352E+01    0.674056434631347656E+01    0.772791403532028198E+01    0.254302117910871672E+01    0.670524200386142866E+01    0.450714743137359597E+00    0.306409227513015292E+01    0.743447995185852029E+00    0.231668344682455052E+01    0.150725264132923833E+02    0.149421616419597783E+02    0.149457332671169052E+02
    0.632839513493681601E-64    0.286718365993306065E+03    0.443994398340641361E+01    0.764789385371123132E+01    0.660026856258936689E+01    0.321488944843125335E+01    0.617362195762481836E+01    0.489565160756595841E+00    0.303256401564805245E+01    0.741877039449430842E+00    0.263790531257513106E+01    0.152575678494030367E+02    0.150175824063787680E+02    0.149497072548092564E+02
    0.162874728556777926E-91    0.413772431990872803E+03    0.407145614562053826E+01    0.645596778022292028E+01    0.546302077007147346E+01    0.357873347922119533E+01    0.734800666065112473E+01    0.490734034585617374E+00    0.380758143521186998E+01    0.558302856260132541E+00    0.237313909787845834E+01    0.152137198787656764E+02    0.151404481655787979E+02    0.151515508707783706E+02
    0.141191497495773986E-61    0.275903054934548550E+03    0.475140142440795898E+01    0.799255990982055664E+01    0.421633157134056091E+01    0.342829519370929425E+01    0.727383071386248403E+01    0.459603726863861084E+00    0.339997826274121984E+01    0.164306980371475231E+00    0.257373124545812582E+01    0.154614738788111001E+02    0.150892110990982555E+02    0.150987558250615876E+02
    0.152344307537805562E-60    0.271145832682259709E+03    0.547750574605903395E+01    0.620884069974556674E+01    0.356091735732974879E+01    0.459894204443451571E+01    0.770411371265614964E+01    0.498086088722373033E+00    0.363066100662224578E+01    0.278275269702464023E+00    0.259250453168223238E+01    0.153802555397432634E+02    0.151115431786546317E+02    0.151081495522653331E+02
    0.233149499465678340E-44    0.196612036234335761E+03    0.300364759359708522E+01    0.665876143203203785E+01    0.696968678425245081E+01    0.341812662426248481E+01    0.801532462319209671E+01    0.326770135754464341E+00    0.198439932152762055E+01    0.180684024665548060E+00    0.253708277423548445E+01    0.151049025493968259E+02    0.149028296903170219E+02    0.148472608272033906E+02
    0.291959857771971731E-42    0.186951822976327264E+03    0.597622273872047227E+01    0.453345712392534228E+01    0.781083986153596310E+01    0.611122240867266608E+01    0.770868700720646238E+01    0.237474140929289201E+00    0.235270780629535459E+01    0.699360821804610011E+00    0.263919142255235162E+01    0.152754275544391493E+02    0.149964813595992759E+02    0.150009980366232281E+02
    0.235841144418506826E-43    0.191983908878163930E+03    0.551945117869227087E+01    0.776009652266497874E+01    0.774070471170318442E+01    0.469639349884918200E+01    0.703286751131150378E+01    0.390436834679509182E+00    0.293910483275501644E+01    0.709365890346503769E+00    0.243380801837283256E+01    0.151070448491272789E+02    0.150168793747297507E+02    0.149926602142854293E+02
    0.135619476921494813E-04    0.134888825470363116E+02    0.690416383743286133E+01    0.659089946746826172E+01    0.489532920718193054E+01    0.512700438596624064E+01    0.829861163134559376E+01    0.497613811492919944E+00    0.241770824781046523E+01    0.750659972429275513E+00    0.224212781465053546E+01    0.149432895370047181E+02    0.148473643930323167E+02    0.148815822982045951E+02
    0.845034258756790667E-03    0.522466402277471786E+01    0.412110900878906250E+01    0.754312276840209961E+01    0.601781222224235535E+01    0.527302929022709854E+01    0.747028475873021947E+01    0.473896789550781294E+00    0.427598307573942549E+01    0.650047415494918845E+00    0.222150072520971298E+01    0.153477883504529231E+02    0.151087181425279820E+02    0.151118291024893754E+02
    0.121802925107966646E-78    0.354486373569462728E+03    0.527218282418960182E+01    0.765978638845327264E+01    0.578721886564857879E+01    0.435117858931957713E+01    0.730928930636538343E+01    0.457888758651992078E+00    0.399405848839017841E+01    0.340173220540357313E+00    0.234167383288993269E+01    0.155153309115341305E+02    0.151722486363832658E+02    0.152035582106784357E+02
    0.143555935271797334E-11    0.456113303453949896E+02    0.560931253433227539E+01    0.532201290130615234E+01    0.674356389045715332E+01    0.398437890067473655E+01    0.774168100752824095E+01    0.373689353466033936E+00    0.242449017923954724E+01    0.367188036441802979E+00    0.222119259536266300E+01    0.150879446229904026E+02    0.149238212420262570E+02    0.149307895838305260E+02
    0.322666103156548156E-51    0.228198351184706098E+03    0.441898716395386781E+01    0.495288102504443106E+01    0.627137090058537261E+01    0.547474014361964567E+01    0.783904275488992575E+01    0.417276116044833056E+00    0.357951317117084855E+01    0.718619073853183354E+00    0.239963106364373413E+01    0.151716048085979391E+02    0.150352449094789389E+02    0.150473552565217279E+02
    0.238847741416507880E-41    0.182748232861775051E+03    0.785194349596630126E+01    0.575372325679839403E+01    0.701215997168157301E+01    0.527169476160189632E+01    0.806263364151123518E+01    0.430351444136974348E+00    0.194878469259487841E+01    0.304504450867838061E+00    0.246346216291407671E+01    0.150458564459029027E+02    0.148098797860576763E+02    0.148005941133279322E+02
    0.757264812382274264E-42    0.185045629594252318E+03    0.433584690093994141E+01    0.730108308792114258E+01    0.626407298445701599E+01    0.449624444057796957E+01    0.750294152589946250E+01    0.372156131267547652E+00    0.218028087628487377E+01    0.126708847284317028E+00    0.244545611709356292E+01    0.152917705572739759E+02    0.148689228007758683E+02    0.148751036936922301E+02
    0.132179092893524354E-21    0.918281661747295601E+02    0.560609885558012788E+01    0.571576560181763504E+01    0.698990247279397536E+01    0.699225585025948604E+01    0.816651359522073150E+01    0.483205883310362960E+00    0.361270873147064142E+01    0.281072912430190835E+00    0.259864662088836429E+01    0.154664101864793331E+02    0.150795878978529849E+02    0.151362201675294994E+02
    0.200906386047058121E-14    0.587546122905120569E+02    0.482074461985353064E+01    0.478560384050859522E+01    0.609654685958780984E+01    0.650306352139656330E+01    0.805860534506270554E+01    0.455224389793447703E+00    0.160026086208301899E+01    0.394101203181587256E+00    0.262667786256174951E+01    0.148465246728477069E+02    0.147255194182495135E+02    0.147147775149974844E+02
    0.785534951926099137E-33    0.143525794035081617E+03    0.382706451416015625E+01    0.774538803100585938E+01    0.579658719897270203E+01    0.424324359601696166E+01    0.764361863914689188E+01    0.293769073486328136E+00    0.278297406616073850E+01    0.304910093545913696E+00    0.254226222604513152E+01    0.154360017962303484E+02    0.150048478842949304E+02    0.151323907993515760E+02
    0.352736491615789765E-16    0.668391881885023480E+02    0.622193044305964449E+01    0.681242246328675716E+01    0.514564840659622380E+01    0.362029297101824765E+01    0.755947587262339749E+01    0.418214391890847637E+00    0.208949101835650586E+01    0.260481883979727602E+00    0.230769729462368067E+01    0.152397707975119303E+02    0.148351307027804591E+02    0.148577767867340995E+02
    0.427551413896615717E-72    0.324344012099698091E+03    0.778654098510742188E+01    0.572116088867187500E+01    0.716676416993141174E+01    0.755340066474524718E+01    0.827499522963267786E+01    0.301498734951019309E+00    0.363485894109876151E+01    0.517409819364547774E+00    0.265681406372785567E+01    0.153635645073195128E+02    0.152042362706939844E+02    0.151388400838106953E+02
    0.111340583834079615E-16    0.691454431266128609E+02    0.747853638621309358E+01    0.783130129873956715E+01    0.641099518050398665E+01    0.435601586636631577E+01    0.817687961458972978E+01    0.454387730413158608E+00    0.247527756700403856E+01    0.469635683722928299E+00    0.271561060857421133E+01    0.151328827190813175E+02    0.149454843695518846E+02    0.149321379759974544E+02
    0.595206385823785849E-53    0.236184111236400980E+03    0.790418038047589899E+01    0.788007886007064862E+01    0.668487549235747291E+01    0.394541020577770407E+01    0.744612931570141523E+01    0.473586024689290119E+00    0.359419367511156018E+01    0.458099831262980928E+00    0.269154151741581860E+01    0.151765818323131203E+02    0.150607197723758244E+02    0.150965436012414109E+02
    0.549268289210947265E-13    0.521379462030847449E+02    0.739504900880197269E+01    0.764866007795419822E+01    0.370142372557144039E+01    0.326204738794708327E+01    0.704618698191322235E+01    0.441463918012070522E+00    0.418841050994704922E+01    0.456365042775513485E+00    0.228254283569396277E+01    0.153955682742452780E+02    0.150952545625826104E+02    0.151922301873981489E+02
    0.920986061423104898E-16    0.649197409755776249E+02    0.259770603121060306E+01    0.640454474981950383E+01    0.611486979905821748E+01    0.278340321341338592E+01    0.706423812886399105E+01    0.458893114316392903E+00    0.155078802905484125E+01    0.447902492746868441E+00    0.234322387596003745E+01    0.148017284534546114E+02    0.146722932300012623E+02    0.146862651299514049E+02
    0.120748837354166922E-02    0.451082284777336451E+01    0.668368417342179644E+01    0.509726883171084832E+01    0.619681397739457829E+01    0.437177041253212195E+01    0.696998977234063943E+01    0.393036736582743518E+00    0.204484449817216696E+01    0.981431550677383746E+00    0.223818381483911999E+01    0.148613014705994146E+02    0.147764360634139464E+02    0.147779422418600745E+02
    0.374144276735283931E-06    0.206696459402293797E+02    0.151355886459350586E+01    0.614757299423217773E+01    0.454866665601730347E+01    0.321208960005782984E+01    0.386222380371560181E+01    0.452836799621582076E+00    0.213138564827633514E+01    0.160840493440628063E+00    0.252823804193735135E+01    0.149671772913052301E+02    0.148220815630597595E+02    0.148458807248346130E+02
    0.164124522657964498E-05    0.177125078852097815E+02    0.493636630890396222E+00    0.596705993046447336E+01    0.479364444579420645E+01    0.281512983398058791E+01    0.416255612633709404E+01    0.363658059366788189E+00    0.268842804884735198E+01    0.175887829555730513E+00    0.258373404847375365E+01    0.152819647626962976E+02    0.149636822151330513E+02    0.150257205089535333E+02
    0.622889232783135316E-51    0.226882849876120645E+03    0.326694579552945230E+01    0.706578655886945928E+01    0.710399118515695260E+01    0.245746915995212323E+01    0.385452876347793083E+01    0.500621842472919409E+00    0.235689938695062740E+01    0.355699486301658485E+00    0.222939314141155842E+01    0.151587295494370462E+02    0.148683388698428125E+02    0.149121999006796955E+02
    0.298630389013527671E-78    0.352692769007621450E+03    0.349419069290161133E+01    0.552505445480346680E+01    0.604837152361869812E+01    0.393608642631461603E+01    0.408734973531059431E+01    0.390734577178955100E+00    0.427688391774857646E+01    0.687328618764877275E+00    0.257527629727125174E+01    0.152350865539287472E+02    0.151780633852631297E+02    0.150988373626756793E+02
    0.722260184645441194E-27    0.116062731944331802E+03    0.316529449706678889E+01    0.784980789428029890E+01    0.469183560090097274E+01    0.617252185981639290E+01    0.640310836295701691E+01    0.536134622340586509E+00    0.513706074229233778E+01    0.675669809696872625E+00    0.235554905999257835E+01    0.154950287802116122E+02    0.151924302492493908E+02    0.152400084357827055E+02
    0.195824205544999027E-07    0.265696644130507558E+02    0.687036991119384766E+00    0.417361259460449219E+01    0.523322674632072449E+01    0.422075222278346285E+01    0.549565355588998372E+01    0.450002169609069802E+00    0.317206096503261348E+01    0.711320012807846069E+00    0.254308145976066591E+01    0.154255337532202130E+02    0.150318421686283816E+02    0.150710966433272144E+02
    0.672845979522419818E-06    0.194958960258761564E+02    0.245151615142822266E+01    0.620979166030883789E+01    0.604041787981987000E+01    0.625525198683629480E+01    0.668060626104090183E+01    0.321929550170898415E+00    0.216278063270425802E+01    0.810120147466659501E+00    0.246698780977725995E+01    0.150532400892078702E+02    0.148396845299397331E+02    0.148797958398453023E+02
    0.116398786879899142E-98    0.446680541804030838E+03    0.271815684792811396E+01    0.741640189043272180E+01    0.576508615193265950E+01    0.436594579172518849E+01    0.557919983059387015E+01    0.479480932775100843E+00    0.566361812728708092E+01    0.815727435247902366E+00    0.247832614366861126E+01    0.153342373402851457E+02    0.152390831007569556E+02    0.152327707834436623E+02
    0.337586423678251663E-32    0.140609710659934933E+03    0.325800084853415661E+00    0.713651425104301218E+01    0.579158263073746848E+01    0.541135613798329729E+01    0.624090948469771956E+01    0.437326965353425412E+00    0.406445784312724712E+01    0.859917228412700352E+00    0.258550676150259973E+01    0.155331371300076064E+02    0.151293104307757336E+02    0.152035966197532009E+02
    0.452286552352506519E-79    0.356467720608069726E+03    0.857888221740722656E+00    0.383065223693847656E+01    0.627858909964561462E+01    0.343196359643759807E+01    0.498266523115005011E+01    0.397134649753570601E+00    0.153409751045537601E+01    0.315434974431991588E+00    0.240937820589542362E+01    0.149187527405549432E+02    0.146747233123822411E+02    0.147174717471131071E+02
    0.160361871997382320E-69    0.312489784714026371E+03    0.277377128601074219E+00    0.505945491790771484E+01    0.707715022563934326E+01    0.417088862745493039E+01    0.526143130411452820E+01    0.439929759502410866E+00    0.312665383143865494E+01    0.934634834527969360E+00    0.247547729563713048E+01    0.152544368188699568E+02    0.150066986896335113E+02    0.150214191073440730E+02
    0.244135263277083674E-87    0.394542269125886492E+03    0.123969948188230195E+01    0.695717081994163866E+01    0.678869915926971057E+01    0.619749033463246324E+01    0.660375681676857518E+01    0.250436213089112902E+00    0.173101137561484197E+01    0.886534214343864591E+00    0.248716185668246714E+01    0.149962518519805261E+02    0.147597437346299838E+02    0.148723262385936774E+02
    0.297704219191025557E-37    0.163887003804159008E+03    0.258282812624587388E+01    0.703229702674606916E+01    0.615047132694436982E+01    0.666079327328346960E+01    0.701691064402339215E+01    0.341953920587101667E+00    0.329652444519157317E+01    0.514952666590580921E+00    0.264250224766598985E+01    0.154307798276870116E+02    0.151347327161506033E+02    0.151685954790571369E+02
    0.407342222847632966E-68    0.306020173101865851E+03    0.175839366177408518E+01    0.589106727102200178E+01    0.690842090692799538E+01    0.500909561352924726E+01    0.585892184069386257E+01    0.455005310236532012E+00    0.262137081935947958E+01    0.357335847065872736E+00    0.230031854068735209E+01    0.151936285550483223E+02    0.149906379479857161E+02    0.149624026772221228E+02
    0.205766551692524416E-69    0.311991166072930696E+03    0.385464715220063292E+01    0.363344531777065738E+01    0.586552123651452995E+01    0.377217084907402356E+01    0.522603690382987374E+01    0.498884402119130432E+00    0.509830420277955110E+01    0.466651538701942092E+00    0.241837357268650255E+01    0.154526061905522489E+02    0.151869094397530784E+02    0.152869910523645078E+02
    0.847939460091713537E-65    0.290738351409237623E+03    0.933836478657930735E+00    0.742893841124906729E+01    0.739034970291310422E+01    0.457740796942910499E+01    0.572236901019105026E+01    0.434709345375765444E+00    0.184417223609492265E+01    0.281436254525534335E+00    0.229342122514137081E+01    0.149221928168672360E+02    0.148206126937575799E+02    0.147721441437282319E+02
    0.378845682869251736E-88    0.398268626264735758E+03    0.372136060618451081E+01    0.651762340696707110E+01    0.652980450546218094E+01    0.286168864415730084E+01    0.294231862165215841E+01    0.527580532006378444E+00    0.390122313549340971E+01    0.725075356501492130E+00    0.251391903839058983E+01    0.153261501264280309E+02    0.150971330985670456E+02    0.150826273775080946E+02
    0.188922313484064511E-48    0.215453404949538822E+03    0.769896839382392062E+00    0.326770557006542717E+01    0.617940426261589693E+01    0.552913819937114681E+01    0.611751215633982248E+01    0.357736315159529084E+00    0.150191360690603304E+01    0.125019883476257060E+00    0.258511514905981699E+01    0.149053257906993899E+02    0.147546279427881402E+02    0.147275339094626005E+02
    0.313478999630037860E-98    0.444699121288522463E+03    0.479790813947817441E+01    0.721483205586118537E+01    0.722492628264859693E+01    0.397220265262770500E+01    0.732413000379425938E+01    0.451694381471004713E+00    0.399615274222995520E+01    0.408545733990866466E+00    0.259194570363714005E+01    0.152932610989035478E+02    0.151337126033309968E+02    0.151554060890966547E+02
    0.205371305794795990E-12    0.495003108583798408E+02    0.460816999268911864E+01    0.588970470426847559E+01    0.746645795565780990E+01    0.634061520666794998E+01    0.774205493406334444E+01    0.380993309586378448E+00    0.286264544274593558E+01    0.170196597874128719E+00    0.289270495575292985E+01    0.153617479274654585E+02    0.150151799087308042E+02    0.150450673205955443E+02
    0.218697871872686449E-02    0.332286578201380278E+01    0.309061261368463125E+01    0.612444354857142770E+01    0.393458019379677593E+01    0.367793836388834539E+01    0.791860538860866914E+01    0.343342792600301205E+00    0.201212852996743718E+01    0.312130609466732878E+00    0.267009483595514752E+01    0.150098561290814700E+02    0.148334534250199130E+02    0.148777423794024344E+02
    0.887611903917468934E-03    0.512634915701602623E+01    0.309086177015050056E+01    0.538079361546888801E+01    0.550782862203985601E+01    0.745493547544611790E+01    0.755816646826762195E+01    0.277597941435948070E+00    0.215950496420854776E+01    0.766747295903800308E+00    0.224990347249407208E+01    0.152514052678926149E+02    0.148887062022261762E+02    0.149464870170232835E+02
    0.172587084402768159E-07    0.268222952132095891E+02    0.218583345413208008E+01    0.563456249237060547E+01    0.367721962928771973E+01    0.255936482621971439E+01    0.635137696593194256E+01    0.514348900318145730E+00    0.315978005489364300E+01    0.909375989437103294E+00    0.259750972038507477E+01    0.153133486839392159E+02    0.149751587018154186E+02    0.149803390180347158E+02
    0.288514481296600017E-85    0.384997883053035821E+03    0.404587306113617018E+01    0.574185776366282763E+01    0.531243705201978234E+01    0.247648216415355105E+01    0.680649268438949129E+01    0.341222991894730709E+00    0.336245643026701924E+01    0.654930150839582170E+00    0.245266498134485778E+01    0.154094029862685336E+02    0.151881574600384290E+02    0.151303873612692676E+02
    0.139700007110710655E-70    0.317370826188536796E+03    0.194265384209741065E+01    0.692412952492589895E+01    0.498539121483331638E+01    0.241361760152847227E+01    0.718786693984306702E+01    0.260861073864397053E+00    0.360262276993489783E+01    0.867979955454918128E+00    0.248698473195705638E+01    0.153241030833503746E+02    0.151671017093601659E+02    0.150842470036342284E+02
    0.161940605924587183E-56    0.252602978943205102E+03    0.324758748487816273E+01    0.692057220116117566E+01    0.445258037944714147E+01    0.290129718928810965E+01    0.792299275887280352E+01    0.216586066028817414E+00    0.194491260741909255E+01    0.641872077259607821E+00    0.242400003619090798E+01    0.151985928002461517E+02    0.150680468504342340E+02    0.149513931745801667E+02
    0.243848557163018396E-41    0.182706790698738160E+03    0.951816122502433803E-01    0.718444361037419554E+01    0.439581620019992947E+01    0.392900464892901979E+01    0.791750689071558522E+01    0.478387895842193323E+00    0.342641921915366776E+01    0.542138264440475859E+00    0.236475495477281505E+01    0.154259899450626232E+02    0.150919483743796174E+02    0.150834697544280374E+02
    0.578771421148201309E-11    0.428229646145678871E+02    0.816694836768480092E+00    0.624815781376357471E+01    0.414990828298730996E+01    0.311961518926025505E+01    0.686210433625640270E+01    0.379807261866988433E+00    0.313075854185260871E+01    0.550286814468717633E+00    0.233024443540908166E+01    0.153342225658652804E+02    0.150667729959144712E+02    0.150662066648138921E+02
    0.894209867965995717E-59    0.263001067778466393E+03    0.172847455053609378E+00    0.745897802385111142E+01    0.352084783185225092E+01    0.224033724239008025E+01    0.714963865784532260E+01    0.463576044298199985E+00    0.385198251684329218E+01    0.868532201633798739E+00    0.227831998442496264E+01    0.152853439090092920E+02    0.150739395322420116E+02    0.150536769837494333E+02
    0.114914735822056744E-69    0.313156269785403140E+03    0.253035711275516606E+01    0.681005098402075326E+01    0.630692716698950306E+01    0.204151431692582941E+01    0.603186659301247996E+01    0.362793245495095840E+00    0.276358908195650876E+01    0.394756517969840126E+00    0.244665140872140796E+01    0.153786204736876755E+02    0.150693450449719073E+02    0.150166038522049412E+02
    0.737825670350434911E-18    0.745735559961636199E+02    0.208376884460449219E+00    0.681424951553344727E+01    0.603450897336006165E+01    0.315071477260102073E+01    0.722551604259529334E+01    0.430995285511016846E+00    0.290056596880550366E+01    0.150107312202453630E+00    0.239815102505683875E+01    0.152742868169540920E+02    0.149741627074451031E+02    0.150469140519250431E+02
    0.139462141224300207E-11    0.456691934988537582E+02    0.179667663574218750E+01    0.533290910720825195E+01    0.636237996816635132E+01    0.216180483691618752E+01    0.541265131649870668E+01    0.277645814418792714E+00    0.168181425298909537E+01    0.205230998992919911E+00    0.255667823958396889E+01    0.150526717471385680E+02    0.148716558382926092E+02    0.148259369923633511E+02
    0.221140716720535472E-61    0.275005690696699105E+03    0.149592384276122825E+01    0.549822813982029501E+01    0.385253618965701117E+01    0.295481953786380158E+01    0.691704396738420968E+01    0.336632153863631600E+00    0.153552862851069927E+01    0.221172534362276352E+00    0.253496523843932886E+01    0.151233654698828843E+02    0.147952079390638378E+02    0.147365682678524657E+02
    0.459311338166584101E-05    0.156543021800753319E+02    0.200957997120189003E+01    0.569839145972519656E+01    0.545104673501531778E+01    0.344843634553761458E+01    0.623234535918697219E+01    0.352074314462458848E+00    0.284102782927681385E+01    0.966896134819507980E+00    0.240703491632388422E+01    0.153473745066115494E+02    0.149885628681247294E+02    0.150376326087531940E+02
    0.539558579705884194E-03    0.612191564110252440E+01    0.294718736890882127E+01    0.553963057775031054E+01    0.438810790468283773E+01    0.598633320768442090E+01    0.811700022922596709E+01    0.367270442586526302E+00    0.212617404340806537E+01    0.543733765273188174E+00    0.233845767065146237E+01    0.149855742857332750E+02    0.148532341890889867E+02    0.148883585043585143E+02
    0.496629873482585561E-02    0.168255812109035285E+01    0.299901008605957031E+01    0.635107755661010742E+01    0.675652700662612915E+01    0.414713834645981549E+01    0.725437131532716251E+01    0.425141203403472945E+00    0.231183796476818326E+01    0.976383256912231490E+00    0.260547297167778025E+01    0.149936997221428747E+02    0.148409555794547128E+02    0.148636886260334755E+02
    0.644181174237388153E-05    0.149777987076463397E+02    0.436167001724243164E+01    0.533898782730102539E+01    0.557162138819694519E+01    0.450693974441292866E+01    0.715782810747499632E+01    0.289130854606628407E+00    0.238602080993407384E+01    0.905970174074173018E+00    0.255831392377614986E+01    0.152507351942110585E+02    0.148813652112982080E+02    0.149139856333864991E+02
    0.155269206758977709E-40    0.179004394386829290E+03    0.161973905563354492E+01    0.526879358291625977E+01    0.537974822521209717E+01    0.492814691151198314E+01    0.694279364718925329E+01    0.517219614982604936E+00    0.475333968332787116E+01    0.860631990432739302E+00    0.264026512771844857E+01    0.153946656630273129E+02    0.151593927738664771E+02    0.152434860316411243E+02
    0.139782845599524315E-85    0.386447193381597060E+03    0.399627658752319359E+01    0.425811727503313087E+01    0.581353306989642071E+01    0.462332980198583954E+01    0.719472148725948379E+01    0.262697628043123799E+00    0.351108913526014055E+01    0.743909767576143910E+00    0.256975522808746248E+01    0.151984804115150300E+02    0.151280369585301706E+02    0.150265351468745880E+02
    0.163372781943891196E-25    0.109825093262637779E+03    0.315827083587646484E+01    0.479793119430541992E+01    0.636317077279090881E+01    0.465988866336699203E+01    0.735255546212068012E+01    0.222589218616485590E+00    0.176627139339205619E+01    0.941215634346008301E+00    0.237418151873350114E+01    0.150210512410696317E+02    0.148483718402382987E+02    0.148221727150566114E+02
    0.148635170364351827E-94    0.427770915721834513E+03    0.328098344802856445E+01    0.420397853851318359E+01    0.642006355524063110E+01    0.600833350409884126E+01    0.806469694837938889E+01    0.280110371112823497E+00    0.263430524889696827E+01    0.562034159898757935E+00    0.240232588338851905E+01    0.152350027430761426E+02    0.151000487056816457E+02    0.151407285071726747E+02
    0.160644122421191226E-63    0.284855246523632502E+03    0.483063793182373047E+01    0.599909019470214844E+01    0.715625616908073425E+01    0.434062172852962203E+01    0.812062597727537572E+01    0.236005592346191395E+00    0.195145419778029927E+01    0.699531596899032548E+00    0.253753785514831520E+01    0.150495030912901715E+02    0.148601450274549869E+02    0.149758095685051185E+02
    0.296121718306036970E-25    0.108635621292811138E+03    0.282273006439208984E+01    0.590147733688354492E+01    0.770586672425270081E+01    0.406271253755918327E+01    0.810481957044904355E+01    0.489240419864654497E+00    0.363498702290101061E+01    0.974173706769943193E+00    0.237238506454229325E+01    0.151020800259246499E+02    0.150095451749770934E+02    0.150252396838277917E+02
    0.563885548057265260E-26    0.111952630035528955E+03    0.191686872407010434E+01    0.709454773408234018E+01    0.639402344911613429E+01    0.735452884289198572E+01    0.829960686702487216E+01    0.381621839429339915E+00    0.331696377598776149E+01    0.756471553249577933E+00    0.227093892115786034E+01    0.152993327072056520E+02    0.150524616507341928E+02    0.151423134774984121E+02
    0.947234561514873259E-58    0.258280685087905510E+03    0.582228660583496094E+00    0.761363363265991211E+01    0.589016321301460266E+01    0.601496122222014762E+01    0.770318843389868224E+01    0.453257477283477761E+00    0.421491367242712389E+01    0.578119581937789895E+00    0.223390486186742754E+01    0.154459551327745181E+02    0.151705226137752351E+02    0.152296049429718945E+02
    0.303013646720719641E-25    0.108589606767043477E+03    0.623745865790254372E+00    0.677088984855812104E+01    0.465893182161047381E+01    0.552153791410781469E+01    0.729205298459820472E+01    0.404154028493640571E+00    0.241269736772420185E+01    0.308909500343684251E+00    0.238639342995385295E+01    0.152951166867355681E+02    0.149531951207365221E+02    0.149282131926004116E+02
    0.650467217660119649E-05    0.149583769314775363E+02    0.193350219726562500E+01    0.602303743362426758E+01    0.742370235919952393E+01    0.395327634485250634E+01    0.807775566071249429E+01    0.292328906059265148E+00    0.205729246037201907E+01    0.319720715284347534E+00    0.243222237282991394E+01    0.151399435229199160E+02    0.148827579141787396E+02    0.149428034009424717E+02
    0.682995899931843642E-30    0.129990035670289302E+03    0.566058423441494929E+00    0.695370883181113975E+01    0.499765124816438977E+01    0.431429782793338568E+01    0.662156302445002432E+01    0.441775444404801432E+00    0.194085254296725784E+01    0.770506629047725822E+00    0.242043028183483422E+01    0.148771829155366664E+02    0.148426606797281178E+02    0.147865545389029673E+02
    0.200719140470845454E-39    0.173885731817593069E+03    0.254474678011448141E+01    0.622601700035342187E+01    0.689009811083062651E+01    0.454795881933591595E+01    0.677601893165771063E+01    0.536107237733379871E+00    0.552760549461288964E+01    0.831091524160235240E+00    0.229413272845678096E+01    0.154393723353600265E+02    0.151741973157485983E+02    0.152843468359664083E+02
    0.786502351132159144E-90    0.406018033118915127E+03    0.358189477003553014E+01    0.557662030943244336E+01    0.554798022231379928E+01    0.269907182901999443E+01    0.826911967614003096E+01    0.182891652430796636E+00    0.330966226712488742E+01    0.947270763349189249E+00    0.226082617956751619E+01    0.151689633235128163E+02    0.149665973411142392E+02    0.150209538998229402E+02
    0.923203994919810789E-21    0.879407812634513135E+02    0.405474871249892743E+01    0.511072127610390670E+01    0.327955578071474063E+01    0.236741900657210191E+01    0.746458851092392095E+01    0.351528971011088931E+00    0.212354089548455160E+01    0.578271535303154671E+00    0.226941365332781375E+01    0.152979209160993594E+02    0.149284791364419789E+02    0.148881624120828775E+02
    0.601528520236342883E-35    0.153269916414319340E+03    0.284270356662946133E+01    0.629812898682974520E+01    0.618770269866272127E+01    0.404870881410512773E+01    0.554796733499396666E+01    0.515378964796655903E+00    0.538227407032823102E+01    0.746552352545133302E+00    0.229303594673836697E+01    0.153941938333523787E+02    0.151901250774355212E+02    0.152032095558605285E+02
    0.290575189500516302E-63    0.283669904779572619E+03    0.154527469461476352E+01    0.788914218127392797E+01    0.375657797222026790E+01    0.328103854085602231E+01    0.797817469915232991E+01    0.385751524423689984E+00    0.171041714273567602E+01    0.983609049092376231E+00    0.232836490417736375E+01    0.148813652294243024E+02    0.148238921425260557E+02    0.147443078556463707E+02
    0.171006085732046245E-18    0.774975728615902852E+02    0.450535828961971363E+00    0.478515556455933400E+01    0.210718788405888224E+01    0.217684796764680533E+01    0.485092871390853553E+01    0.364772130503034475E+00    0.338375260471630845E+01    0.873312079337624558E+00    0.239499339248375076E+01    0.153496907290474347E+02    0.151013880236899229E+02    0.151194939895297793E+02
    0.129180227216955606E-63    0.285291212441905259E+03    0.283752942756974758E+01    0.648620216988656395E+01    0.754356696655698489E+01    0.369984316354296272E+01    0.758521347484598607E+01    0.518202197298418876E+00    0.450435774313318582E+01    0.756542394267592067E+00    0.233115758334453460E+01    0.154130007222280518E+02    0.151913665042953632E+02    0.151429451533281885E+02
    0.117787068611441440E-22    0.966638949132431122E+02    0.149577316158855056E+00    0.540136946474759938E+01    0.366167817738546075E+01    0.208757180145309018E+01    0.602389507887133213E+01    0.332097747932360576E+00    0.358490576763802560E+01    0.905090255380893716E+00    0.245587836501533996E+01    0.153147787666328625E+02    0.150670795069408641E+02    0.151314399052713604E+02
    0.106956631897602943E-97    0.442244568958673483E+03    0.250404309095958277E+01    0.646556674530989728E+01    0.498568072422397535E+01    0.665034853747969823E+01    0.749605193542317494E+01    0.202834729479474396E+00    0.182642701862985501E+01    0.148673203981564112E+00    0.236600123667735884E+01    0.152054271831935139E+02    0.150204659366339097E+02    0.150789097495813067E+02
    0.171039740010011331E-09    0.360506476231451103E+02    0.456264287035285676E+01    0.574338839634006959E+01    0.689100931004689787E+01    0.503982376353146577E+01    0.663380894288947687E+01    0.223412181781892261E+00    0.196571826685434004E+01    0.996057026370509080E+00    0.221726146806691249E+01    0.151428735697573966E+02    0.149642162471309366E+02    0.148462632519731237E+02
    0.326904388508407614E-03    0.712408288513936938E+01    0.601846595908825943E+01    0.697518409625741942E+01    0.144445412948743446E+01    0.311442903938555560E+01    0.533765314756308484E+01    0.215779135868569172E+00    0.157004450709541854E+01    0.316671181379062916E+00    0.250934340954258595E+01    0.151640306195007994E+02    0.148411116098451963E+02    0.148331331496353069E+02
    0.135194580130087727E-05    0.181003285836162213E+02    0.411715361688929526E+01    0.458975738515082909E+01    0.483400471333694082E+01    0.203791888747797056E+01    0.288955259095647499E+01    0.318741555640485508E+00    0.183085057911887095E+01    0.170550977348232241E+00    0.229278369984029595E+01    0.149626261011234494E+02    0.148263078670230790E+02    0.148158140791729220E+02
    0.367136309230785703E-42    0.186493589227405948E+03    0.154242372512817383E+01    0.547051668167114258E+01    0.226069676876068115E+01    0.338309336228910196E+01    0.462305372781002788E+01    0.385874915122985884E+00    0.216325880476598753E+01    0.153201347589492803E+00    0.244190318614244450E+01    0.150088545771749917E+02    0.148982031133187895E+02    0.149147931845898345E+02
    0.138135353262018464E-73    0.331208863330414431E+03    0.106735658645629883E+01    0.754994392395019531E+01    0.215167748928070068E+01    0.397227056706553494E+01    0.530328960598533161E+01    0.385544753074645974E+00    0.290022868672624856E+01    0.495947802066803001E+00    0.222003279441595058E+01    0.151426658091717901E+02    0.150575387416223325E+02    0.150769079232417820E+02
    0.183354755149283329E-56    0.252354592561026635E+03    0.220457192662829238E+01    0.390018843226694267E+01    0.517174736826379045E+00    0.281183197015309139E+01    0.296398487587907589E+01    0.333628990184098306E+00    0.256296455000164958E+01    0.719730314829397200E+00    0.237908027157926361E+01    0.152267074728179566E+02    0.149741624458737856E+02    0.150367024898526793E+02
    0.370619307840731258E-89    0.402917703533910412E+03    0.569867433132216306E+01    0.610849478124707446E+01    0.368290386545612769E+01    0.222531024079048789E+01    0.405839174815803538E+01    0.392375108319413912E+00    0.264038818483432092E+01    0.744294933265829073E+00    0.238560723845043876E+01    0.150561622590294490E+02    0.149776756208266271E+02    0.149621865773465874E+02
    0.566472264290441923E-44    0.194836539748172527E+03    0.598069634759550262E+01    0.578761012571369982E+01    0.136816846614901166E+01    0.260334991165567686E+01    0.520868814956987336E+01    0.446780478131770242E+00    0.245429801300377148E+01    0.515181428164384614E+00    0.246921905696574928E+01    0.153085770498918361E+02    0.149551361315288904E+02    0.149396253772768155E+02
    0.227796129636361064E-73    0.330208429259454704E+03    0.567487210470116410E+00    0.635184438209539781E+01    0.161163556499315019E+01    0.278309493342185688E+01    0.499752142815241296E+01    0.426073937928202473E+00    0.332908079523678824E+01    0.216185856719908559E+00    0.235137003585156945E+01    0.153669884144051352E+02    0.150696886794197606E+02    0.151433757643317932E+02
    0.851670368601097944E-82    0.369017463933410852E+03    0.373096513748168945E+01    0.696668434143066406E+01    0.589997053146362305E+00    0.202295501973706138E+01    0.332708757983511916E+01    0.353668057918548606E+00    0.230843739291847339E+01    0.748204410076141357E+00    0.251939675468206392E+01    0.149548597380471300E+02    0.148653633532171039E+02    0.149119843340511711E+02
    0.199933715896678917E-23    0.100210850299223068E+03    0.384386202801249377E+01    0.453887260945563575E+01    0.158189976135550858E+01    0.236622542829123317E+01    0.309145661382020487E+01    0.338413130575051069E+00    0.276388076621636936E+01    0.359238233141400909E+00    0.251949803207378098E+01    0.153253726030510649E+02    0.149876898301818677E+02    0.150896742381658733E+02
    0.142055970129356144E-72    0.326547718923272953E+03    0.222986508234142944E+01    0.558379156826785739E+01    0.231727995758988214E+01    0.270971659890126171E+01    0.326934848988862559E+01    0.288393246179813989E+00    0.170185206791031063E+01    0.433635705484970435E+00    0.254595773834181971E+01    0.149548649141902832E+02    0.149258928117197751E+02    0.148136344934993307E+02
    0.385770932592231104E-68    0.306128992942026059E+03    0.315730713746407154E+01    0.539709161617906918E+01    0.244452073840288620E+01    0.305642450933744314E+01    0.482974030226280782E+01    0.453928133412399015E+00    0.408461488516588478E+01    0.607292453174821945E+00    0.243558023889674136E+01    0.153348326652312075E+02    0.151908123768187462E+02    0.151717151213883312E+02
    0.179398030605744207E-51    0.229372373345302663E+03    0.507672166824340820E+01    0.648198938369750977E+01    0.219660538434982300E+01    0.351664200353971745E+01    0.424998432447218732E+01    0.356943857669830278E+00    0.268961737519817934E+01    0.353077417612075783E+00    0.238575918525457364E+01    0.152735822987453247E+02    0.150477039048838090E+02    0.150063910124790443E+02
    0.303102507678093530E-49    0.219113104802183784E+03    0.243783017226367615E+01    0.687385645499044617E+01    0.255090582991036996E+01    0.303492277566976165E+01    0.424706207544710956E+01    0.361752701402152099E+00    0.355931757988252429E+01    0.573343253089319771E+00    0.222374630350491209E+01    0.154310500760900595E+02    0.151514181265052663E+02    0.151525835981654051E+02
    0.200782464454598022E-56    0.252172994107847330E+03    0.341975230093146054E+01    0.404155654411915499E+01    0.189458959065070709E+01    0.276566014692194262E+01    0.384364438739867342E+01    0.473844728411325300E+00    0.359205248751535411E+01    0.718308653171326750E+00    0.221460025512985714E+01    0.152461004118057613E+02    0.150878329917748086E+02    0.150455389296738762E+02
    0.201837410572177915E-19    0.817712163871912878E+02    0.798292173360376633E+01    0.471106434540255847E+01    0.952218540884157916E+00    0.305913776269711768E+01    0.442619821705843997E+01    0.424251306831193387E+00    0.232878258656263881E+01    0.764168196234019659E+00    0.260196198031303139E+01    0.152603411250995791E+02    0.148745771539725418E+02    0.148419110969554016E+02
    0.327093579489225213E-17    0.715953083539639579E+02    0.521744449844264668E+01    0.616743394261798805E+01    0.111716158133788213E+01    0.222560272631728440E+01    0.240414385383953455E+01    0.496269612645745206E+00    0.413772780139825436E+01    0.505181232464513297E+00    0.254610326354301097E+01    0.154990842309369512E+02    0.151513033223134634E+02    0.151226222868230789E+02
    0.315065498019538704E-21    0.900909206145821173E+02    0.363555943869682618E+01    0.682210734374385286E+01    0.256686889900025950E+01    0.225905087266245808E+01    0.453313780041542369E+01    0.281523727679356517E+00    0.210297626006635419E+01    0.442349304558560363E+00    0.224277165427208924E+01    0.151542228543018407E+02    0.148792766849801694E+02    0.149821843086563860E+02
    0.274743534234586625E-21    0.903648055899684977E+02    0.662121670805213558E+01    0.746427265604235846E+01    0.129297279387477926E+01    0.298431368244599593E+01    0.508493553327662084E+01    0.313558021237859919E+00    0.230502003711515302E+01    0.689255681198141734E+00    0.234215090380514157E+01    0.151799673170059375E+02    0.149951393234525092E+02    0.149312190793195683E+02
    0.562924442825903086E-49    0.217874956087989801E+03    0.570253376449305716E+01    0.744841680266991091E+01    0.123796593585573511E+01    0.316439150342075282E+01    0.329326039869578890E+01    0.268479277913773684E+00    0.193803594348824015E+01    0.341019654172143305E+00    0.242225588506788458E+01    0.151352356370049215E+02    0.149769557212441580E+02    0.148724777321560193E+02
    0.533422324967919619E-32    0.139694726825404643E+03    0.268931920015722570E+01    0.357422670261211417E+01    0.118168733135316018E+01    0.209691209960716840E+01    0.348623943867127029E+01    0.420204125212596979E+00    0.303333523031417673E+01    0.677294495611268865E+00    0.244109442807768140E+01    0.153773456611470678E+02    0.149908414530637515E+02    0.150021977914436278E+02
    0.103953267521163608E-02    0.481036528088213089E+01    0.417394086454324409E+01    0.166761906562777362E+01    0.185955010468449689E+01    0.228323112402163542E+01    0.249457518714311810E+01    0.424963975275373329E+00    0.339807961672222980E+01    0.631511229910373340E+00    0.231642967522820653E+01    0.154089241468459583E+02    0.150488852903059627E+02    0.150773553670037828E+02
    0.303493242777320008E-73    0.329634612688973505E+03    0.307962188602567988E+01    0.472335326839032543E+01    0.476724999419528661E+01    0.282007488540281548E+01    0.548506306913210562E+01    0.417104819870653509E+00    0.349280610163277494E+01    0.250384611340795871E+00    0.245291664111775454E+01    0.153665764247671230E+02    0.151009104906590466E+02    0.151796392830816753E+02
    0.126649255936681668E-02    0.441540517272555189E+01    0.560760545730590820E+01    0.798075151443481445E+01    0.561746793985366821E+01    0.317532084975081652E+01    0.485469968588314060E+01    0.380405712127685591E+00    0.260102746197598567E+01    0.525651603937149048E+00    0.238854449892044052E+01    0.152556660420915886E+02    0.149402634182867260E+02    0.149874078386839500E+02
    0.148927332370137491E-86    0.390925626829139389E+03    0.787947146340434301E+01    0.535218141673363412E+01    0.493891289807441947E+01    0.248672879964951044E+01    0.455022956786149813E+01    0.477552591070957155E+00    0.279440166724515215E+01    0.321777395595296223E+00    0.266382387254724629E+01    0.153369004288641300E+02    0.150151270697046666E+02    0.149875920716463149E+02
    0.335279775531349327E-68    0.306409549782645172E+03    0.595061118021398361E+01    0.730139356729231093E+01    0.140665344802685865E+01    0.462126771582576268E+01    0.621590162229075460E+01    0.265514619968019172E+00    0.229874981780552945E+01    0.106416119276352597E+00    0.230209192768524806E+01    0.152884850470124132E+02    0.150705209135820279E+02    0.149881078695629668E+02
    0.895034896219037605E-08    0.281355438761934735E+02    0.475547836253533962E+01    0.635011708678123821E+01    0.440528546216303774E+01    0.359874278411723614E+01    0.554901572700254953E+01    0.464853091339174296E+00    0.242309010749626497E+01    0.101458727509208965E+00    0.244196624514494154E+01    0.152490447443125738E+02    0.148942801148688435E+02    0.149218528418455687E+02
    0.234115601044634634E-43    0.191998595771328951E+03    0.368441946189117786E+01    0.712481891022573244E+01    0.535349355368663815E+01    0.519553674349331374E+01    0.586410026352066893E+01    0.455408608651410640E+00    0.369243249573873156E+01    0.158193518673016287E+00    0.243889947302512633E+01    0.153593774930863685E+02    0.151154777751256830E+02    0.151322740212954621E+02
    0.313712723810056267E-79    0.357199397147126831E+03    0.163726463524160848E+01    0.739621351683677641E+01    0.444424864608899028E+01    0.253337759244177141E+01    0.406804239683516311E+01    0.264020959776426589E+00    0.154706691878854441E+01    0.216808737769114829E+00    0.233045476364325710E+01    0.148761391160201430E+02    0.149144965917015480E+02    0.147757215651260374E+02
    0.161132730500345720E-92    0.418399108037823737E+03    0.248246072255098715E+01    0.400444680616512461E+01    0.388014638539565171E+01    0.268333889886641597E+01    0.333221583271076183E+01    0.376092652686172757E+00    0.362378673790022310E+01    0.142621436968716209E+00    0.244513498466967683E+01    0.154808781447431087E+02    0.151202672989086917E+02    0.152396435040805169E+02
    0.101609785784298921E-43    0.193667946106622310E+03    0.152908870739101732E+01    0.428159894626020066E+01    0.262584539416465068E+01    0.297567426517782163E+01    0.542887685317101720E+01    0.195813453206626742E+00    0.155348994820884734E+01    0.209883518615728237E+00    0.226382890381494040E+01    0.151119580282772326E+02    0.148251770910095342E+02    0.149565838658707921E+02
    0.505548034887136238E-51    0.227300301172187261E+03    0.720833904785394353E+01    0.597654269775987768E+01    0.189396151907027654E+01    0.334561784360767334E+01    0.514182278090351907E+01    0.447084108988615947E+00    0.316484235189411534E+01    0.551501689430600517E+00    0.225286059693014939E+01    0.152361134472384947E+02    0.150746542724944437E+02    0.150327077701292318E+02
    0.331962316755823606E-12    0.485399071180992365E+02    0.343615336731758347E+01    0.449634432483696411E+01    0.104657006917807816E+01    0.228450743574221526E+01    0.390594813048869272E+01    0.234038546105359041E+00    0.178155306861331897E+01    0.199653942242671523E+00    0.246105630537054498E+01    0.152487195219243450E+02    0.148487058445705671E+02    0.149508071136991756E+02
    0.552750825602233171E-06    0.198891142928979967E+02    0.501983304869929725E+01    0.640490568312294872E+01    0.349062934936806757E+01    0.308937441480514741E+01    0.570633836971945385E+01    0.437336113776047863E+00    0.310296752459064695E+01    0.634625846686615924E+00    0.247507582699916950E+01    0.152456313427163614E+02    0.149811790870723929E+02    0.150360434902355049E+02
    0.257738141486134078E-29    0.127333954969299811E+03    0.371722632953343579E+01    0.776196820226019923E+01    0.272103947520303979E+01    0.520076063299803426E+01    0.656938599302424553E+01    0.246738799521183244E+00    0.209731214515544817E+01    0.835773632167748026E+00    0.227966445105381110E+01    0.150901559506722993E+02    0.149526506857730759E+02    0.149813821303960957E+02
    0.291044384220943786E-49    0.219194295359838378E+03    0.570420122146606445E+01    0.708160543441772461E+01    0.334234315156936646E+01    0.207762928470172126E+01    0.403659529446582166E+01    0.215743076801300060E+00    0.170818416137545115E+01    0.554465770721435547E+00    0.229350858050584794E+01    0.151465121580148612E+02    0.150770721140736068E+02    0.148682218795443131E+02
    0.590495383218330804E-75    0.337513748118444880E+03    0.316828822172877800E+01    0.730080088882511191E+01    0.342634211108422582E+01    0.252127381150229768E+01    0.339103446332930680E+01    0.225675091586691356E+00    0.174459781700523786E+01    0.992799511540550350E+00    0.241725634135661460E+01    0.149923763561992072E+02    0.149749962672637729E+02    0.147950347493236549E+02
    0.540447166748787970E-48    0.213351282964213141E+03    0.748063831256634071E+01    0.745463805094041110E+01    0.113507521640234899E+01    0.285584952837228645E+01    0.533267560410862629E+01    0.241367156685830503E+00    0.257545119364044828E+01    0.756949390723741011E+00    0.240224850020868885E+01    0.151487165188488966E+02    0.151173599639699638E+02    0.149172896110567486E+02
    0.654245492133009976E-88    0.397175918868133238E+03    0.619666146089607661E+01    0.651200844853902350E+01    0.306905015679179183E+01    0.335315023876441165E+01    0.464205447070283039E+01    0.182995243581155542E+00    0.305837356296191620E+01    0.732291650118927384E+00    0.230364610275590076E+01    0.151259302886876341E+02    0.150903251241736847E+02    0.149438779228898113E+02
    0.185752399039386586E-90    0.408904395344753937E+03    0.398446802015352208E+01    0.330279738611715246E+01    0.292398645621075071E+01    0.260428052344889638E+01    0.296299996580879377E+01    0.227522660817699063E+00    0.342750782259589748E+01    0.783919907589453513E+00    0.248836773976855952E+01    0.152779244630646911E+02    0.151486302398800525E+02    0.150928870841419158E+02
    0.898855134527159815E-78    0.350488938549156330E+03    0.181081025659329908E+01    0.337979088297681551E+01    0.287479001967614822E+01    0.232515463462555916E+01    0.329231812871480756E+01    0.256812553040386971E+00    0.234606317198636827E+01    0.824650316220663870E+00    0.240459617072663701E+01    0.153325735443524067E+02    0.151494470011422351E+02    0.150457517459671521E+02
    0.139536893382227279E-52    0.234480099405105676E+03    0.630073096365047647E+01    0.523980095377389610E+01    0.796701813522926905E+01    0.452026684666087242E+01    0.505996990907329103E+01    0.192883278627307642E+00    0.273816883634872221E+01    0.792381652240181089E+00    0.226425455140883214E+01    0.151426268865572098E+02    0.151177058500428512E+02    0.149478251362022494E+02
    0.160722466819087668E-46    0.206566378221268792E+03    0.383452885414519340E+01    0.563845106805117968E+01    0.664707105281385324E+01    0.236628897781505287E+01    0.383477808750522842E+01    0.189905744376637597E+00    0.158185354205043716E+01    0.960461196518233806E+00    0.227126738704981301E+01    0.150897448153127449E+02    0.151137319496569020E+02    0.148167608875273693E+02
    0.109587496128069250E-54    0.244173651283887239E+03    0.732257967293019529E+01    0.743346001366160802E+01    0.414267051264748343E+01    0.411238898988431423E+01    0.609102846422919608E+01    0.254112052224182428E+00    0.289129472396541232E+01    0.663362698272455975E+00    0.249767386030013405E+01    0.151741261307781876E+02    0.150904524428136835E+02    0.150239369208630364E+02
    0.121478591750826183E-64    0.290019323611585889E+03    0.557140345772563972E+01    0.595334394717751980E+01    0.551822717052802858E+01    0.454349653629792627E+01    0.562118690306821644E+01    0.287954544392367784E+00    0.257248431979690118E+01    0.738161898127219107E+00    0.256868803460629458E+01    0.152531651095859004E+02    0.151050550925486711E+02    0.149757386648626039E+02
    0.476564394624190998E-07    0.247908933959470588E+02    0.385463713524463847E+01    0.621197068398336327E+01    0.373284349958948303E+01    0.345456629513499180E+01    0.406406992429693670E+01    0.286470169911858363E+00    0.219217718011441765E+01    0.622954010304683670E+00    0.222535050623579256E+01    0.152863399262318751E+02    0.148939468605275849E+02    0.149796043546894939E+02
    0.138295838780806986E-58    0.262128988291274766E+03    0.641400531412281261E+01    0.642925891039917463E+01    0.551819940188810509E+01    0.324194762594352293E+01    0.619052334376217583E+01    0.382518882326459808E+00    0.325112256547012635E+01    0.196557664188788173E+00    0.226109726126611443E+01    0.152714001484692581E+02    0.150610622283046123E+02    0.151581258073680729E+02
    0.107351491673865761E-52    0.235004540635770411E+03    0.168176142581912313E+01    0.341381578728290958E+01    0.263806344845867091E+01    0.352254576544685438E+01    0.420909358060589156E+01    0.186254388744779453E+00    0.152089118872676909E+01    0.663522501795419162E+00    0.228267604501215171E+01    0.152490674065939960E+02    0.149370252300938375E+02    0.149656603024316830E+02
    0.796346642001838879E-96    0.433624176516648049E+03    0.494300551173863667E+01    0.584058340530236464E+01    0.150197703243529723E+01    0.281231500751902352E+01    0.472663787281320769E+01    0.196270618909363231E+00    0.159916687908319188E+01    0.636848245137874414E+00    0.271885997263417556E+01    0.150139685211365634E+02    0.150624921174968343E+02    0.148973547168815159E+02
    0.602487170512368771E-90    0.406551091799858796E+03    0.249702471350491884E+01    0.422970618621780758E+01    0.722318489786210804E+01    0.211638014500520999E+01    0.278500333179747805E+01    0.399638562221049765E+00    0.391331286234253550E+01    0.334303207642199451E+00    0.255379516459187084E+01    0.153975902298543410E+02    0.151666681671539969E+02    0.151942293214492512E+02
    0.132142690666239610E-03    0.893565370439374185E+01    0.411895231423357622E+01    0.471001016652034377E+01    0.859236882926224577E+00    0.249019012690633090E+01    0.334316525089025784E+01    0.248972162063029412E+00    0.243120304413153665E+01    0.977410213840945286E+00    0.247891584760106554E+01    0.151409348310267511E+02    0.149429281994543732E+02    0.148935089643862071E+02
    0.185898689903291496E-33    0.146408120246537038E+03    0.360119159384227716E+01    0.740773859451035488E+01    0.151888276230190322E+01    0.375504195372825578E+01    0.441634735883643348E+01    0.487997022410730508E+00    0.206060425770939082E+01    0.577397482065222456E+00    0.225208537323010338E+01    0.150453778578830040E+02    0.148010889164607864E+02    0.148184257070334855E+02
    0.613000634043228952E-16    0.657338988389775665E+02    0.591643578013682614E+01    0.440799123184743014E+01    0.143149882334204159E+01    0.312214578756594419E+01    0.496566744772170665E+01    0.446194506400127922E+00    0.197517270266369604E+01    0.484478546582600256E+00    0.258557647119131984E+01    0.149912971091396372E+02    0.148405998221756175E+02    0.148027106577664771E+02
    0.322206943707945866E-22    0.946512638525632468E+02    0.222116363000701211E+01    0.418429771344406198E+01    0.218151087959692713E+01    0.227067511504443287E+01    0.389165405442681944E+01    0.433329002900697091E+00    0.343477373433633826E+01    0.971272050346326909E+00    0.235856836501345102E+01    0.152293891586706707E+02    0.150316873202011969E+02    0.150417802435872989E+02
    0.484644895261104546E-95    0.430012242576470044E+03    0.223374414443969727E+01    0.628342914581298828E+01    0.389507982134819031E+01    0.234141914721182065E+01    0.288950314887745385E+01    0.456366980075836204E+00    0.202898424737829552E+01    0.778982758522033691E+00    0.259050294178724272E+01    0.150625344113337629E+02    0.148722277974385975E+02    0.148206451395496988E+02
    0.386763654999576629E-89    0.402832426764886691E+03    0.313870000839233398E+01    0.576193237304687500E+01    0.191347318887710571E+01    0.253543878320461324E+01    0.296356215095662101E+01    0.435455513000488237E+00    0.379223945561216480E+01    0.819073039293289229E+00    0.239571584284305583E+01    0.151854342840396264E+02    0.150541104139908164E+02    0.150674444409132686E+02
    0.702051078702857990E-79    0.355588340170627589E+03    0.154489158237886115E+01    0.572182748396292151E+01    0.361538685857383069E+01    0.207202939965808230E+01    0.227515831390085399E+01    0.460037361636381537E+00    0.498328012691103872E+01    0.623752587207914821E+00    0.246430540438127643E+01    0.154440533180362163E+02    0.152432863240226713E+02    0.152586039029399352E+02
    0.186334913838377108E-88    0.399687792837469999E+03    0.217581731646710796E+01    0.739802614320183949E+01    0.136481238755686807E+01    0.468802943162547336E+01    0.546914769092066511E+01    0.500407750732855372E+00    0.253179581608094217E+01    0.868182417440836796E+00    0.232009431133292088E+01    0.150512671823641870E+02    0.149607144799536176E+02    0.149200357070030147E+02
    0.106062258740533815E-04    0.139805360110476258E+02    0.222902637239571444E+01    0.533662711008809065E+01    0.291672724391334581E+01    0.217364905624831461E+01    0.236867900424630484E+01    0.480923960004042361E+00    0.275777074158186952E+01    0.550185339710599575E+00    0.235973047327809438E+01    0.152638309575437408E+02    0.149581378354145524E+02    0.149806293161380477E+02
    0.109349282905490475E-02    0.470915379705279680E+01    0.286161633256203363E+01    0.380964457686132763E+01    0.264405133277172544E+01    0.272216224066737045E+01    0.445290266788430511E+01    0.353852397863740231E+00    0.304971415919587141E+01    0.982778752560400926E+00    0.248732232486217697E+01    0.152413045498920994E+02    0.149373178111672793E+02    0.149890096360230380E+02
    0.380488940998080898E-60    0.269315204738010721E+03    0.242999248880542185E+01    0.532620644092466478E+01    0.231680432106129608E+01    0.492657085220543411E+01    0.585363340576088920E+01    0.381193831042110465E+00    0.463254069039481298E+01    0.923879710610866156E+00    0.229823095479926165E+01    0.155518644961962007E+02    0.151593220961828390E+02    0.152299512286458878E+02
    0.304902774936277503E-85    0.384887387702506715E+03    0.117119320935928584E+01    0.407496559732518016E+01    0.104276238372647434E+01    0.293935771240234045E+01    0.384669554750255971E+01    0.486268120015295735E+00    0.251513358772969831E+01    0.447483496317326535E+00    0.254907570412066109E+01    0.150192898568501771E+02    0.148924490982301574E+02    0.149063144600869446E+02
    0.190992353326917124E-05    0.174092919490212488E+02    0.161743164062500000E-01    0.227809190750122070E+01    0.102104949951171875E+01    0.220704946142815750E+01    0.258675193356012167E+01    0.386862289905548051E+00    0.284189596458866589E+01    0.679233175516128496E+00    0.222856499034166333E+01    0.151593495173400292E+02    0.149814068398257110E+02    0.150330394340891242E+02
    0.256805115793465777E-04    0.122119535617853696E+02    0.294135300437565217E+01    0.255742564850394194E+01    0.118791549792120210E+01    0.214367921451619781E+01    0.440229196421589464E+01    0.457072731859782699E+00    0.310018334286123576E+01    0.787886250791771658E+00    0.250662338618922798E+01    0.153687693075254632E+02    0.150072247656680382E+02    0.150200206053526024E+02
    0.256744090226457843E-17    0.720796413036429726E+02    0.157741523853405274E+01    0.725837480912496602E+01    0.590304898604863482E+01    0.246233817785039077E+01    0.431640277112522774E+01    0.390576987122518537E+00    0.427302438089289893E+01    0.776203806026468990E+00    0.236532196932618710E+01    0.152567485811013093E+02    0.150888362553609987E+02    0.151361044553844852E+02
    0.236285234017128772E-44    0.196585316599270783E+03    0.145759534835815430E+01    0.516798114776611328E+01    0.507236662507057190E+01    0.376395926118309898E+01    0.391129419686079904E+01    0.442528891563415572E+00    0.260536089628540868E+01    0.804721719026565530E+00    0.224177672171592679E+01    0.150676110256902209E+02    0.149606109648868717E+02    0.149258865810435193E+02
    0.688799598360088767E-65    0.291154069152897023E+03    0.176606288124051392E+01    0.733581954817457671E+01    0.517727410273839705E+01    0.313209675907797092E+01    0.421844585771078240E+01    0.448947468641085146E+00    0.469680595274345336E+01    0.838021094156940038E+00    0.249035633987249039E+01    0.152762079476822983E+02    0.151333895262290756E+02    0.151746654017042744E+02
    0.826684904467088017E-08    0.282944220673949154E+02    0.621780252456665039E+01    0.591554164886474609E+01    0.482337716221809387E+01    0.474763477416664870E+01    0.622237543598460352E+01    0.343875420093536333E+00    0.214833087071387174E+01    0.975576770305633501E+00    0.263556054311990717E+01    0.148182471734317147E+02    0.147740723374746530E+02    0.147703384878687380E+02
    0.203807717156126717E-79    0.358061998523970658E+03    0.253393745422363281E+01    0.539297056198120117E+01    0.461557033658027649E+01    0.461194349067451981E+01    0.586727212283165755E+01    0.450856399536132768E+00    0.418390933749606031E+01    0.875921225547790505E+00    0.259384384053945549E+01    0.153079372124497688E+02    0.151364099162453076E+02    0.151817719169855589E+02
    0.395618546634909777E-34    0.149502793165406899E+03    0.279600538634741191E+01    0.651724356858800036E+01    0.346706028810939282E+01    0.483513467995745927E+01    0.558827125657958135E+01    0.480826194755612391E+00    0.477493621508616872E+01    0.907801840546552885E+00    0.239495017387204445E+01    0.153648415489725991E+02    0.151717904819374265E+02    0.151438228514743578E+02
    0.238257463401497865E-07    0.261773953696764252E+02    0.429361214553446935E+01    0.182469175810350892E+01    0.415016564114836228E+01    0.238600453738540796E+01    0.527989762160582288E+01    0.412866169575382580E+00    0.323528941157862882E+01    0.567990541873273136E+00    0.258564458778387962E+01    0.152205553063790102E+02    0.150020599755805950E+02    0.150614794499597124E+02
    0.166275043586624033E-92    0.418336278301987932E+03    0.180210590362548828E+00    0.440246152877807617E+01    0.435453820228576660E+01    0.241172268267734147E+01    0.494174462414066085E+01    0.529283869266510054E+00    0.612758057237780740E+01    0.758369928598403908E+00    0.260449893927574161E+01    0.155484921807424801E+02    0.152201935790443450E+02    0.153481911595594962E+02
    0.836396794031324729E-92    0.415105358645619617E+03    0.603648292396243180E+00    0.456074875149841663E+01    0.389185356620916867E+01    0.286402438558838002E+01    0.403809953453224857E+01    0.428517517316395535E+00    0.187799169572722291E+01    0.685155559123637681E+00    0.259724591990348808E+01    0.148356416338352286E+02    0.147873940570568401E+02    0.148089316904518018E+02
    0.606188739589106080E-62    0.277594076556866526E+03    0.742046563062600750E+00    0.672420996056256559E+01    0.432328584681310968E+01    0.403513768338062562E+01    0.609561465365508326E+01    0.508708752076913573E+00    0.423920674204862369E+01    0.917707785476430282E+00    0.255026191578786898E+01    0.153406800645364534E+02    0.151629709269466666E+02    0.151660078379317511E+02
    0.141591817730899025E-06    0.226130321292170819E+02    0.199913958087209909E+01    0.541199194618289248E+01    0.406307721799534605E+01    0.479099113633502149E+01    0.596123929366003491E+01    0.489106096567664572E+00    0.373302913397677472E+01    0.826736361381298024E+00    0.240899192834117271E+01    0.154756928523431281E+02    0.150811966469735843E+02    0.151050434668154541E+02
    0.462320215923590654E-51    0.227479071770982671E+03    0.229945182800292969E-01    0.662160348892211914E+01    0.158414307236671448E+01    0.492581698530872103E+01    0.521278135156956512E+01    0.406833875179290816E+00    0.326643590632305170E+01    0.769614660739898704E+00    0.235550826299190508E+01    0.154655522453648011E+02    0.151076615688935316E+02    0.150898990684222731E+02
    0.152181797831637570E-31    0.137598031880270383E+03    0.531405372934934306E+01    0.597868502799184487E+01    0.383254432710350290E+01    0.398961102798077061E+01    0.658561421000266112E+01    0.461042668513724441E+00    0.314775318801131032E+01    0.687124596377477248E+00    0.265826528933483353E+01    0.151008412866418968E+02    0.149886741221590754E+02    0.149825394962207508E+02
    0.239022995118142708E-21    0.906433621870725261E+02    0.127301072814913141E+01    0.725434590711332028E+01    0.184617404419361786E+01    0.773614971991194800E+01    0.785950817949710423E+01    0.432269114100593099E+00    0.328747509867512289E+01    0.658764122392673124E+00    0.234447627115124169E+01    0.152412468176484737E+02    0.150314426847031370E+02    0.150562392666607145E+02
    0.439934691705863893E-98    0.444021333454619764E+03    0.156891422939506486E+01    0.385385851673916813E+01    0.330393945228825769E+01    0.219166921748936705E+01    0.516461445517741957E+01    0.347942313725825569E+00    0.287848910048678697E+01    0.767816346987942877E+00    0.226938994890248180E+01    0.154003070146284013E+02    0.150369946215998489E+02    0.151108812631139351E+02
    0.123392014059579250E-02    0.446751538869136500E+01    0.182670974731445312E+01    0.199351263046264648E+01    0.261323425173759460E+01    0.233138761144762219E+01    0.277580710901218719E+01    0.219720435142517101E+00    0.154942890218457574E+01    0.949949872493743852E+00    0.221383846855163569E+01    0.150515570843221322E+02    0.148350701623264474E+02    0.148027930447910077E+02
    0.867353747134015969E-38    0.166353481058427604E+03    0.270287656784057617E+01    0.306983709335327148E+01    0.535371828079223633E+01    0.313551165473955695E+01    0.338778952205316708E+01    0.276549005508422874E+00    0.265472789226556394E+01    0.691019821166992232E+00    0.261545047825574883E+01    0.152806898536204603E+02    0.150992902785858831E+02    0.150955025125852718E+02
    0.976795472611050619E-70    0.313481266247128985E+03    0.328632068634033203E+01    0.161135387420654297E+01    0.688863205909729004E+01    0.203768881922545342E+01    0.406903480256155170E+01    0.341400063037872292E+00    0.305752594806818978E+01    0.450197631120681785E+00    0.249819601440429695E+01    0.154009311934041300E+02    0.151213063943893982E+02    0.150676198239436978E+02
    0.449355287934334119E-30    0.130827385659341758E+03    0.407585017114553416E+01    0.873071638339804834E+00    0.736913528051416655E+01    0.234824894669388229E+01    0.424556744147108933E+01    0.403090743872054680E+00    0.422063228467511831E+01    0.648915649305337960E+00    0.256040290507534696E+01    0.154904212189475459E+02    0.151881170159839094E+02    0.151152446657183948E+02
    0.165968286497258402E-43    0.192686632351368246E+03    0.292351413417066119E+01    0.379833211046336672E+01    0.669235139029780779E+01    0.292266614063444230E+01    0.446069273236042285E+01    0.333818636617453923E+00    0.235118258857704987E+01    0.230959232888989147E+00    0.261744995461176178E+01    0.151363007668795522E+02    0.149129215579621981E+02    0.150036201182317939E+02
    0.576678114078842140E-69    0.309930082137613340E+03    0.463055149936877353E+01    0.513300604495843693E+01    0.787132227586785405E+01    0.257258190045756407E+01    0.461347015949351746E+01    0.307396835678158120E+00    0.387765543279310831E+01    0.600848407613295055E+00    0.258691825696326116E+01    0.153856737960274561E+02    0.152179890581350961E+02    0.151496706077206156E+02
    0.141508694603320040E-30    0.133138291061027900E+03    0.463621105208006945E+01    0.786990872992533319E+01    0.753461071813287564E+01    0.467406188699169789E+01    0.627958778430617848E+01    0.327950118552742476E+00    0.357849565029421823E+01    0.670769398066511036E+00    0.243110382438461148E+01    0.153913859126075572E+02    0.150537416583544772E+02    0.151138062256321106E+02
    0.120025960988885297E-23    0.101231405959506844E+03    0.371419239044189453E+01    0.705710935592651367E+01    0.565401527285575867E+01    0.240097541264731928E+01    0.509876922703698110E+01    0.225522053241729747E+00    0.156521925370516768E+01    0.966292464733123802E+00    0.227758835285901995E+01    0.149091998497380001E+02    0.148990595729590289E+02    0.147632070555034023E+02
    0.182664237751868031E-82    0.372096563652294094E+03    0.461942537605090475E+01    0.692471578907943819E+01    0.669103155353554779E+01    0.293856065297202917E+01    0.464838949547180391E+01    0.297136020241720700E+00    0.340281603832366830E+01    0.799778547632506664E+00    0.222347322986554952E+01    0.151980784607826358E+02    0.150904919729679126E+02    0.149748924760435358E+02
    0.298304279045944661E-38    0.168488146798860782E+03    0.501799821853637695E+01    0.785690069198608398E+01    0.776001113653182983E+01    0.257193461728566852E+01    0.533936408270967089E+01    0.300746929645538341E+00    0.151196284033005246E+01    0.761973208189010598E+00    0.257470998406410212E+01    0.149933977930372766E+02    0.148053786184365492E+02    0.147041748289813068E+02
    0.421793533815163051E-66    0.296740108203012198E+03    0.119251537322998047E+01    0.673007965087890625E+01    0.714787471294403076E+01    0.306904683493802732E+01    0.331114795726600919E+01    0.289699947834014870E+00    0.278756366407465972E+01    0.362636220455169744E+00    0.232724209368228907E+01    0.154176611513898365E+02    0.150446726779444440E+02    0.151818605534170903E+02
    0.184116301870361071E-94    0.427342770019944794E+03    0.492536896222907838E+01    0.603892390868267270E+01    0.785731311656471210E+01    0.259441758167997438E+01    0.293605561948182325E+01    0.472321804186431771E+00    0.274295568679103541E+01    0.626116471325805835E+00    0.245785381741056597E+01    0.152784849257532827E+02    0.149861145291534594E+02    0.149901252142969081E+02
    0.339482345553284151E-35    0.154414020424617547E+03    0.272441196441650391E+01    0.605256700515747070E+01    0.587397116422653198E+01    0.217328183430996535E+01    0.224851712542929016E+01    0.248409843444824224E+00    0.153723337991377118E+01    0.548875349760055586E+00    0.256077228277921654E+01    0.150119390994257689E+02    0.148165520663667412E+02    0.147525144260033478E+02
    0.177330269573143918E-41    0.183343857581845526E+03    0.362815122952833891E+01    0.527389617245370168E+01    0.703673374869330548E+01    0.221391990977291364E+01    0.497460725193883491E+01    0.375842131681431879E+00    0.408569649530784673E+01    0.659594757289345912E+00    0.254299195791444665E+01    0.153509364680169487E+02    0.151656283764404698E+02    0.151155494414186720E+02
    0.469752502961630818E-74    0.333366089633687011E+03    0.319966411590576172E+01    0.506751203536987305E+01    0.671909990906715393E+01    0.456579531479407663E+01    0.498457707226341551E+01    0.267117607593536366E+00    0.390290853684537442E+01    0.872253036499023415E+00    0.260532176589965836E+01    0.152160183712508257E+02    0.150684390923163480E+02    0.151059596342385980E+02
    0.850515083260430343E-85    0.382835689320166068E+03    0.353138793045902055E+01    0.687041524016365024E+01    0.694878927631273591E+01    0.243466891511876016E+01    0.421725660778403810E+01    0.288223059883413013E+00    0.294187940862605446E+01    0.804192235348125117E+00    0.239938563999484922E+01    0.151929654271616332E+02    0.149409793946383846E+02    0.151181628344536598E+02
    0.422157064865938865E-76    0.342790087065960222E+03    0.412488653365431668E+00    0.797939880394182310E+01    0.691345394560511828E+01    0.312283673504887993E+01    0.396792047373462431E+01    0.268793432207960814E+00    0.242172797480062929E+01    0.533653136145964102E+00    0.259816326127144537E+01    0.151804646443373006E+02    0.150828299055975421E+02    0.150497217758038975E+02
    0.497160497114524662E-67    0.301016484453327394E+03    0.383138033544563328E+01    0.683112482812396760E+01    0.767783843844651415E+01    0.215446425713529921E+01    0.343070928069422898E+01    0.455411696197800531E+00    0.365077203627632496E+01    0.690998806566544332E+00    0.240012575569846209E+01    0.152533874032175714E+02    0.151010292675788751E+02    0.150231057175027107E+02
    0.221156290137642448E-73    0.330267592087294588E+03    0.950071739317639996E+00    0.603873875607703070E+01    0.652300433724062945E+01    0.203480908335978361E+01    0.327312201122188551E+01    0.281654489627210847E+00    0.254497606011025823E+01    0.365787358221284609E+00    0.232874059076492124E+01    0.153198799651655548E+02    0.151129318763315030E+02    0.150487288629327587E+02
    0.216531271940401253E-80    0.362546052722434524E+03    0.267560720443725586E+01    0.671433258056640625E+01    0.629955458641052246E+01    0.398308677550532675E+01    0.585409835700379677E+01    0.336986041069030740E+00    0.373802883281029485E+01    0.929750746488571145E+00    0.261514953422546359E+01    0.154084724186325381E+02    0.151462232366896430E+02    0.151611980906104087E+02
    0.271396354298471835E-04    0.121014279189191516E+02    0.279308557282243797E+01    0.482590889608699491E+01    0.742205474685077071E+01    0.342948654704388289E+01    0.553076941328959215E+01    0.323291803371389963E+00    0.294906723158517092E+01    0.898495318637802409E+00    0.263390676540890478E+01    0.151858956833724399E+02    0.149645117354210146E+02    0.150136351959101102E+02
    0.932967753513179230E-51    0.226074846012890418E+03    0.290949283365012734E+01    0.275855884509752292E+01    0.775571101649607630E+01    0.298958314708036665E+01    0.508318701038303367E+01    0.363109050881290862E+00    0.230490748957075109E+01    0.268061227340213204E+00    0.250014382438833627E+01    0.153154889475493583E+02    0.149692131341688803E+02    0.149163723956541112E+02
    0.147282229859386028E-83    0.377132331886541408E+03    0.335688165142321848E+01    0.281428587408621711E+01    0.796589161322661976E+01    0.322208799509353128E+01    0.530247026131606969E+01    0.457176219561272523E+00    0.366158559733024980E+01    0.467326799315625041E+00    0.228970772725628091E+01    0.154931915061475909E+02    0.151493766058868538E+02    0.151402556000489117E+02
    0.166877194320732844E-65    0.293989453535810696E+03    0.307896955389736604E+01    0.166327406175590031E+01    0.676777876832538450E+01    0.287368859754313766E+01    0.565693842217720899E+01    0.473040960646233244E+00    0.509928309202496877E+01    0.757131074102911028E+00    0.241917051075513356E+01    0.155272249734839640E+02    0.151977758580439541E+02    0.151485557235827830E+02
    0.116709376305641870E-01   -0.262957732024001016E-01    0.216697721967637769E+01    0.307890943062845723E+01    0.723885207322403890E+01    0.202788149019146857E+01    0.528247644319623166E+01    0.391108081480343261E+00    0.243143858979108707E+01    0.693267236154846977E+00    0.246479786175713222E+01    0.152740117854735136E+02    0.149253084154822684E+02    0.149234564711544540E+02
    0.100406960225344374E-02    0.487978511605539111E+01    0.893015092695052637E+00    0.244833280395730846E+01    0.589297095616133504E+01    0.328558625622322387E+01    0.514403650356647901E+01    0.252975702520934098E+00    0.169022551396881981E+01    0.297096076130878683E+00    0.240016200693537263E+01    0.150006135620127630E+02    0.148405311949003043E+02    0.148533480186932039E+02
    0.650813754504020835E-69    0.309688203617104364E+03    0.712218425584764891E+00    0.405057971373769377E+01    0.659794276329257023E+01    0.323260271145427946E+01    0.466763192218050804E+01    0.415819601577910647E+00    0.358645549308228206E+01    0.859915942460178551E+00    0.235425913933823105E+01    0.153807038091299386E+02    0.151532626859198611E+02    0.151260421256082225E+02
    0.251614620842776217E-03    0.764762109246896404E+01    0.155635349855625060E+01    0.376948668252728725E+01    0.616342996605116422E+01    0.258319629165126141E+01    0.295540123876314942E+01    0.337678895376272603E+00    0.166061475196483999E+01    0.726794234404659734E+00    0.239293743116937518E+01    0.149048408031927249E+02    0.147967805884520018E+02    0.147670060241144405E+02
    0.208113912129858757E-02    0.342207700714455321E+01    0.299047837535732719E+00    0.367586928026520399E+01    0.528293847468335631E+01    0.234108319612760507E+01    0.266206366555101459E+01    0.306040545018371579E+00    0.202211642083541587E+01    0.965258161136880344E+00    0.229654628031562602E+01    0.152242680333632929E+02    0.149076775682097189E+02    0.148801266612665390E+02
    0.113592869834435569E-48    0.216470835253573853E+03    0.282221130971271617E+01    0.320973308330162110E+01    0.491839592263936076E+01    0.220153952922359997E+01    0.348012985786884155E+01    0.443401294876153762E+00    0.306749126139157768E+01    0.599622910174594459E+00    0.254801996411439635E+01    0.152497299987924908E+02    0.150625383566464848E+02    0.150409441060852593E+02
    0.303882689659721596E-96    0.435550962183243598E+03    0.918583869934082031E+00    0.234302997589111328E+01    0.597016859054565430E+01    0.209016264801934737E+01    0.463738018753405967E+01    0.338300180435180620E+00    0.346937298319970377E+01    0.598127305507659912E+00    0.255257797205448167E+01    0.154463787432474575E+02    0.151342977431941783E+02    0.152557967069731610E+02
    0.755182945081468243E-50    0.221892497040575478E+03    0.306940176223605077E+01    0.243671999146537965E+01    0.772925237749938177E+01    0.319158283268515852E+01    0.404284906563238877E+01    0.288422621088138709E+00    0.303943926110818108E+01    0.766585640285937009E+00    0.231461889907762330E+01    0.152932180394743273E+02    0.150710002833552519E+02    0.150709856866186556E+02
    0.215296353702549655E-23    0.100062791144751387E+03    0.223643426576313142E+00    0.275580096235286476E+01    0.655925309118564481E+01    0.322784851358234182E+01    0.545081725026159702E+01    0.268021410088330247E+00    0.233803762632329803E+01    0.748398837135268225E+00    0.244939479510822000E+01    0.153309057448812975E+02    0.150616883139210120E+02    0.150020889760828879E+02
    0.392561518359127044E-80    0.361356136163515657E+03    0.426168744866026206E+01    0.206051868836369989E+01    0.667005776743609147E+01    0.208906283348167277E+01    0.400101914291575422E+01    0.389579439728369725E+00    0.528309928965104803E+01    0.773183304390122395E+00    0.235101001205443039E+01    0.154309999347515134E+02    0.152448256683623882E+02    0.152058863567876266E+02
    0.219302399890073978E-04    0.125276853500980554E+02    0.186593422048426061E+01    0.115001618063721200E+01    0.792295061414848156E+01    0.285047800814453201E+01    0.328477616700757746E+01    0.455556415502470280E+00    0.235255887573760880E+01    0.838689762280478979E+00    0.223507001154193219E+01    0.151777130514205663E+02    0.148928253712925542E+02    0.148896195872934811E+02
    0.441183118998510409E-06    0.203400088694553567E+02    0.146594687138557767E+01    0.241210123101199203E+01    0.516872573454777662E+01    0.260332336777135120E+01    0.555044135093346647E+01    0.254361528158922656E+00    0.158004694010367963E+01    0.864893552543776201E+00    0.254458058564295575E+01    0.150028435813125238E+02    0.148626963796065628E+02    0.147791335430650754E+02
    0.632651669646597420E-33    0.143958683969776274E+03    0.165853600444301352E+01    0.284529909615041321E+01    0.526695787917599656E+01    0.229368754487367754E+01    0.480084238351266990E+01    0.308522372454815230E+00    0.165373299207229274E+01    0.978457213576311990E+00    0.256191078709504971E+01    0.148447830183824010E+02    0.148494591204641662E+02    0.147622685868121906E+02
    0.100785248039761571E-17    0.739498169732628554E+02    0.331410305685981754E+01    0.316505210221025557E+01    0.719698651976392512E+01    0.286801831655432737E+01    0.358090837692222630E+01    0.403916640514351832E+00    0.249040497456248744E+01    0.805113843499786208E+00    0.258232272851158440E+01    0.153006826454594211E+02    0.149561602109146996E+02    0.149133514989856995E+02
    0.854829298961271890E-06    0.190171253222919781E+02    0.119230747222900391E+00    0.509736204147338867E+01    0.603551033139228821E+01    0.521213091863224953E+01    0.654038139990404233E+01    0.206681859493255626E+00    0.157685548543948539E+01    0.605805611610412575E+00    0.254911800128221522E+01    0.150791273366973542E+02    0.149116575600415118E+02    0.148451767991603276E+02
    0.133151192355946091E-08    0.319462987571956454E+02    0.181190901409424043E+01    0.590402909618590233E+01    0.738818947954802141E+01    0.577975118387505660E+01    0.691347680265936582E+01    0.370526507597600974E+00    0.340991844751760009E+01    0.662715831722312743E+00    0.262831295811924681E+01    0.154182440063357529E+02    0.150604865914811707E+02    0.151345989803296508E+02
    0.918370234252916141E-97    0.437944214615338467E+03    0.319010163244026623E+01    0.587716011226020818E+01    0.750893208778988175E+01    0.450545067277335587E+01    0.545823373307086879E+01    0.351707589786459218E+00    0.466641241598985346E+01    0.753803623037430204E+00    0.261801020350530456E+01    0.153951533906793685E+02    0.151273579287386646E+02    0.152080929761265207E+02
    0.325508990348736212E-16    0.669998506167330561E+02    0.483345985412597656E+01    0.390641498565673828E+01    0.723832058906555176E+01    0.434922843717043150E+01    0.612946034321340250E+01    0.258717036247253396E+00    0.267474921265378018E+01    0.876731896400451682E+00    0.226030337667465187E+01    0.151387719551644935E+02    0.148737950100123992E+02    0.149634913258371700E+02
    0.524515105772419723E-82    0.369986914599218721E+03    0.225490372930570171E+01    0.263993165564372756E+01    0.649809053728008124E+01    0.449851917908354082E+01    0.495159451972489784E+01    0.284220215689548750E+00    0.252722075451905237E+01    0.314979972787563844E+00    0.236634490481490189E+01    0.153659925773104362E+02    0.151109736459299082E+02    0.150974425838309170E+02
    0.243664168457671723E-20    0.859997296865349909E+02    0.245650215652317705E+01    0.823233094636288798E+00    0.668656531892380190E+01    0.282717540210078733E+01    0.521652096817074806E+01    0.410402684966124309E+00    0.357996085028717737E+01    0.519816155899997079E+00    0.223732583231449977E+01    0.154472261552289432E+02    0.150958122152860046E+02    0.151761758194875682E+02
    0.104399793134268716E-97    0.442292960456592709E+03    0.572989583952092651E+01    0.201242965905026283E+01    0.613538507521849841E+01    0.281195990052023337E+01    0.557732340973645080E+01    0.359500640002078153E+00    0.174777465004843369E+01    0.861287224692457776E+00    0.224860251776790099E+01    0.149174103280717407E+02    0.148696549338515691E+02    0.147691743057390710E+02
    0.468725285364088197E-83    0.374816999538031496E+03    0.166197490692138672E+01    0.312352991104125977E+01    0.784833404421806335E+01    0.522438573169003106E+01    0.691075025363699602E+01    0.417756831645965554E+00    0.191336693918486844E+01    0.870013391971588113E+00    0.265376226758956912E+01    0.149979840335859205E+02    0.148354030034825470E+02    0.148101127734448461E+02
    0.564652313040004794E-12    0.474775297024030891E+02    0.332468509674072266E+01    0.241242074966430664E+01    0.630099582672119141E+01    0.367468838658923502E+01    0.557683012138564393E+01    0.434603857994079634E+00    0.519014986171770687E+01    0.720922589302062988E+00    0.222284386569261549E+01    0.154254749686332744E+02    0.151559275917196459E+02    0.151691667950330196E+02
    0.217557320647770038E-04    0.125436638296174330E+02    0.765419006347656250E+00    0.119719219207763672E+01    0.633176121115684509E+01    0.304280066586685649E+01    0.433742848009744364E+01    0.229107165336608881E+00    0.168306091586431861E+01    0.797690147161483787E+00    0.252291729885339722E+01    0.151245025463017555E+02    0.148223787012561807E+02    0.148646049249570957E+02
    0.208985156104366865E-03    0.801889190962338105E+01    0.555882549285888672E+01    0.150481462478637695E+01    0.745951431989669800E+01    0.330594343814877067E+01    0.453030799295884368E+01    0.497774600982666016E+00    0.214573081012821820E+01    0.858781909942626931E+00    0.270539701664447785E+01    0.148997443878045566E+02    0.147888025238898226E+02    0.148123250876965749E+02
    0.695440904328972180E-86    0.387843451720392864E+03    0.306180232613398795E+01    0.104448256813444940E+01    0.674789481281002601E+01    0.334231837221127037E+01    0.405995116342035267E+01    0.561163400733311057E+00    0.488963280328563510E+01    0.876942950172923008E+00    0.259982997428016116E+01    0.152206608093783302E+02    0.151597963470071697E+02    0.151597585453223829E+02
    0.404843868730701695E-63    0.283006626554002082E+03    0.236312388746675683E+01    0.355971954112321987E+01    0.793246452065080643E+01    0.544595033380977878E+01    0.640248416931384856E+01    0.282922005850866021E+00    0.268654765410345941E+01    0.967737219891721789E+00    0.259569091918328976E+01    0.152579808440418745E+02    0.151118651683408256E+02    0.149627641355129413E+02
    0.230866175087092457E-39    0.173605868629193935E+03    0.176338184302218393E+01    0.222458947683210262E+01    0.551646609479721484E+01    0.683916026395677257E+01    0.754565141969231767E+01    0.287743710146672771E+00    0.273388314165597412E+01    0.342168868105905299E+00    0.248211302510524634E+01    0.153568437771682280E+02    0.150354229658163145E+02    0.151430052109742839E+02
    0.266351004691732461E-29    0.127268213186492190E+03    0.454450035095214844E+01    0.133320713043212891E+01    0.586438003182411194E+01    0.587039181927689846E+01    0.628216332451199921E+01    0.293538010120391823E+00    0.268303610525928748E+01    0.886821132898330644E+00    0.235176521152257889E+01    0.152470394358288921E+02    0.150136188005815736E+02    0.148832645621525508E+02
    0.320480858161185424E-19    0.808464962381676884E+02    0.493845008254174278E+01    0.351488976173524426E+00    0.505857539693841218E+01    0.570865418818704740E+01    0.676065769224414570E+01    0.304571404298859649E+00    0.170128630971342631E+01    0.862595897972671888E+00    0.220964552113759760E+01    0.148591023580315955E+02    0.148573231114397366E+02    0.147880865876833134E+02
    0.135297273227869121E-45    0.202305617410265739E+03    0.167098130709485027E+01    0.313262128355246539E+01    0.448113852376723454E+01    0.533551208806413868E+01    0.552811987444445307E+01    0.290155699463396477E+00    0.189168974020560565E+01    0.877480605286106941E+00    0.245538680353765271E+01    0.149440762723372433E+02    0.149113397693087233E+02    0.148113123165015690E+02
    0.382834363100517740E-47    0.209435701698506080E+03    0.219962061792622432E+01    0.456978662275211533E+01    0.488819632474329868E+01    0.525192868087308717E+01    0.637082070439741432E+01    0.347285351429719391E+00    0.212041365675847393E+01    0.849503010243780499E+00    0.248620872419452921E+01    0.152399944512989851E+02    0.148604258044388438E+02    0.148963310178756707E+02
    0.802492584283326377E-46    0.203350291130762145E+03    0.204010739950229292E+01    0.132610821157475800E+01    0.518780980393620439E+01    0.631660994422404887E+01    0.662029440768047639E+01    0.408864975683494669E+00    0.217937358135275394E+01    0.896100386402062798E+00    0.255783995746500636E+01    0.152251517903535021E+02    0.148120996316095237E+02    0.148759138730849756E+02
    0.783210924112476607E-81    0.364579888790394023E+03    0.249804978799319244E+01    0.357878445922747046E+01    0.537719712174706643E+01    0.496114229363160852E+01    0.550580958674989596E+01    0.365489064018414411E+00    0.269074405949953821E+01    0.903879459736533275E+00    0.243652922586498288E+01    0.151392843974611413E+02    0.149328075480166653E+02    0.150132115459395230E+02
    0.736388630913834030E-22    0.929981358744291668E+02    0.132704972754277684E+01    0.265686141112143792E+01    0.774553922895159985E+01    0.582807981604564773E+01    0.687020166045452108E+01    0.188502770716757528E+00    0.155111760356988926E+01    0.888635438311193626E+00    0.257363654439234679E+01    0.150906102537218771E+02    0.150281905618954958E+02    0.148862088886881594E+02
    0.670095057669158512E-04    0.102937493887692604E+02    0.210873497544576516E+01    0.315865373826109685E+01    0.661914037553628454E+01    0.520368249743308908E+01    0.674111598045391691E+01    0.463041085263360075E+00    0.170422561218090984E+01    0.617424997571420442E+00    0.234017932396349915E+01    0.148019539167459921E+02    0.147126304604394154E+02    0.147409721002464096E+02
    0.360665127903883461E-32    0.140477453946737000E+03    0.363417984268583760E+01    0.235437958249745005E+01    0.627592129985658786E+01    0.517070405240735553E+01    0.524819560524632234E+01    0.386553953796239913E+00    0.362492004822239888E+01    0.633597842692712798E+00    0.256997982001374714E+01    0.152549984799558267E+02    0.150708801597077056E+02    0.150762791644534175E+02
    0.129955414577444000E-12    0.504155671818714595E+02    0.461754941940307617E+01    0.159532070159912109E+01    0.765821236371994019E+01    0.516488430373571283E+01    0.623576732369701148E+01    0.360103142261505083E+00    0.402852049500762810E+01    0.586785638332366966E+00    0.259534294360876094E+01    0.153436113853593845E+02    0.150895605343338453E+02    0.150411560300276896E+02
    0.255409081108537857E-37    0.164193471686491591E+03    0.494622070983252993E+01    0.248836072468833969E+01    0.610011528882904752E+01    0.481467509653479109E+01    0.635827476807965475E+01    0.350404360779792756E+00    0.295905506936007612E+01    0.725268221019519821E+00    0.243562676311092918E+01    0.150687801667265262E+02    0.149794041939433793E+02    0.149564473854094846E+02
    0.725251548656884843E-04    0.101355514309656218E+02    0.608902924240473364E+01    0.760631810803384711E+00    0.504828529905627299E+01    0.621989794397218265E+01    0.705140713416903342E+01    0.482731062185491333E+00    0.222585196508978456E+01    0.708937426907157220E+00    0.257411478156121021E+01    0.149152993132257734E+02    0.148313121297049602E+02    0.148529230859108612E+02
    0.141400152413454581E-01   -0.410109673016985254E+00    0.431505680084228516E+01    0.268798112869262695E+01    0.603079903125762939E+01    0.392367275438597307E+01    0.406613071493046618E+01    0.374098122119903564E+00    0.292389606908515098E+01    0.728343296051025435E+00    0.262076611030101780E+01    0.151696513346592532E+02    0.149915830480989385E+02    0.149769919903319355E+02
    0.525955682655325343E-06    0.199884950082621522E+02    0.404796409606933594E+01    0.416021108627319336E+01    0.566206771135330200E+01    0.577120990118384469E+01    0.622166335894791267E+01    0.413190281391143777E+00    0.397078335325050347E+01    0.666093140840530396E+00    0.243050551927089664E+01    0.153173800871606236E+02    0.151075015321886230E+02    0.151037936247269045E+02
    0.173765443493151478E-03    0.838800563384261721E+01    0.443628835678100586E+01    0.480440139770507812E+01    0.590185943245887756E+01    0.520010770188810945E+01    0.567566001634401918E+01    0.397349262237548850E+00    0.207498482665600781E+01    0.894118672609329201E+00    0.228258360880613331E+01    0.150415252035357572E+02    0.148155301729645252E+02    0.148321854108061064E+02
    0.171901624011739942E-05    0.176199140141052872E+02    0.495323552311709037E+01    0.268909347318012504E+01    0.742020536921408524E+01    0.637946118477719804E+01    0.640456145671348320E+01    0.350619119772317411E+00    0.250501502663774467E+01    0.915686974007524079E+00    0.229587954959275420E+01    0.150021673746788284E+02    0.149154635574719183E+02    0.148590341681112310E+02
    0.501139226152069988E-91    0.411524626810632469E+03    0.294072427247723445E+01    0.250923518195339401E+01    0.782570990550797596E+01    0.494607633719646600E+01    0.608869736324209399E+01    0.520542444137823801E+00    0.450302721932365024E+01    0.812998940440452289E+00    0.262091788322113084E+01    0.154139391847200908E+02    0.151773065345204845E+02    0.150986966461567658E+02
    0.504069267341061876E-31    0.135202756181669770E+03    0.510599329409252967E+01    0.331372534841349031E+01    0.693878456994461246E+01    0.626464102771495668E+01    0.692344677093377747E+01    0.484297708089881263E+00    0.273733221471449051E+01    0.824672225727085761E+00    0.222282784369485986E+01    0.152092209230078037E+02    0.149452365335398998E+02    0.149146156094587958E+02
    0.686793896311333851E-04    0.102445200639633676E+02    0.292078069678690300E+01    0.252610803834603637E+01    0.587644164115629497E+01    0.768744567048547101E+01    0.783954961564361685E+01    0.434123286033882061E+00    0.328754600447373235E+01    0.786425957311524093E+00    0.222620902301544010E+01    0.152419412964122483E+02    0.149966622395974305E+02    0.150418161816644833E+02
    0.983959488953604753E-06    0.187357594667402267E+02    0.410322089560598524E+01    0.175079165137063203E+00    0.717218394493371392E+01    0.456554214556292592E+01    0.645751854214072729E+01    0.347613489839235124E+00    0.379234291888769626E+01    0.695473922882749451E+00    0.246079207379658627E+01    0.153484692600974864E+02    0.150090671053072704E+02    0.150166338833248592E+02
    0.376678968118835868E-15    0.621026740310622287E+02    0.279021326355202071E+01    0.416722775761218245E+00    0.579041946053352685E+01    0.659404457340188888E+01    0.693461764822418480E+01    0.313728560171869786E+00    0.445030426547083380E+01    0.990545398582070025E+00    0.247389974035291393E+01    0.154350536916192009E+02    0.150879080031737089E+02    0.151124338628716632E+02
    0.256053221686999435E-13    0.536643495813676381E+02    0.208696186819331642E+01    0.118841100572868785E+01    0.758209099451384816E+01    0.615628611767158507E+01    0.641521122689236822E+01    0.287511511773307915E+00    0.175491869203397766E+01    0.785613830320126771E+00    0.237239495694958125E+01    0.149983401928504030E+02    0.148092735921393093E+02    0.147868366284968804E+02
    0.228484943732554464E-74    0.334807560934010610E+03    0.450768251525408914E+01    0.223584064376797009E+01    0.539636285873327992E+01    0.546569716041070564E+01    0.583264863715141768E+01    0.255307855815038232E+00    0.208717633490679910E+01    0.726144042558219294E+00    0.263135666590042616E+01    0.152004035504140802E+02    0.151025939334184489E+02    0.149202338453616310E+02
    0.517329957424689989E-07    0.246267373326983190E+02    0.361988574512095562E+01    0.218581642019440503E+01    0.772648438897542711E+01    0.421034341509998633E+01    0.607797250461976368E+01    0.332994896859673095E+00    0.190409253421768510E+01    0.469191169709194944E+00    0.226205671718169121E+01    0.150051236789254947E+02    0.148159848680146791E+02    0.148611851263823951E+02
    0.642595753063837986E-66    0.295898108403567619E+03    0.133148136825838370E+01    0.227569694515577936E+01    0.577735639852240190E+01    0.387241822612151321E+01    0.553213911499349464E+01    0.361454113039905489E+00    0.222349764995691013E+01    0.132194959746135710E+00    0.245316390989697108E+01    0.150968142978853983E+02    0.149621215370175822E+02    0.149008305611329686E+02
    0.463688874935239203E-51    0.227473159690758877E+03    0.707573712730978799E+00    0.272456528859637892E+01    0.572568668165043881E+01    0.375190388209395298E+01    0.469611738253277711E+01    0.267293273765080941E+00    0.187878526854196304E+01    0.279523545976396726E+00    0.239367660803108651E+01    0.149908673533866281E+02    0.149546031510824520E+02    0.148847506790962747E+02
    0.103245063542890676E-62    0.281134248495006489E+03    0.142129005389574892E+01    0.114295053756177034E+01    0.642649519500798316E+01    0.454294230400891408E+01    0.543341422954001185E+01    0.310178415870597191E+00    0.200146817525966014E+01    0.587191302379211577E+00    0.223748921354706765E+01    0.150053077506645334E+02    0.149654464762952308E+02    0.148539888415468333E+02
    0.988996107199754724E-92    0.414770184123565059E+03    0.349418509350987061E+00    0.951809353851415796E-01    0.380638442955046630E+01    0.614292870913845324E+01    0.695416277435858809E+01    0.329234819306248372E+00    0.220242705018822305E+01    0.494659059355046948E+00    0.222989208391651594E+01    0.150817251734209758E+02    0.148946175340190088E+02    0.149687398799533096E+02
    0.639698854259733287E-41    0.180777890378416231E+03    0.535076858661300037E+01    0.402523495023665756E+01    0.765559404701638879E+01    0.578174155525737632E+01    0.624792089099217751E+01    0.228775588498812216E+00    0.157855410789139294E+01    0.297755878653948480E+00    0.242919306262119505E+01    0.149978286907626490E+02    0.148193766107622835E+02    0.148820441873332658E+02
    0.850339425978415419E-38    0.166393103682331542E+03    0.223505927811233240E+01    0.104812746653053868E+01    0.472282915564280348E+01    0.276050881754200228E+01    0.631829633585291006E+01    0.337608293001819604E+00    0.269258678500986193E+01    0.745539089406506261E+00    0.261574110514278413E+01    0.153481258044104187E+02    0.150314439893044369E+02    0.150464307519340483E+02
    0.339521988956785676E-03    0.704834093455691324E+01    0.486032057049529698E+01    0.449332595281493141E+01    0.752471095434040294E+01    0.258695576622467538E+01    0.488756506864914897E+01    0.498532033088239346E+00    0.293674061851911983E+01    0.668928620240073823E+00    0.289003354970633053E+01    0.151791024723777568E+02    0.149286622596035023E+02    0.149531512531897430E+02
    0.870109871610505200E-05    0.143765197478718605E+02    0.146644185374587344E+01    0.941234208199319355E+00    0.585730560212500873E+01    0.606452018080027866E+01    0.682929774265463951E+01    0.238761711013590644E+00    0.195213608977082376E+01    0.682832195808930953E+00    0.246407674167345281E+01    0.151696932516718554E+02    0.149276775261171348E+02    0.149232606217162331E+02
    0.949347646564644722E-04    0.959703842586871936E+01    0.174183355102105653E+01    0.587871538534927840E+01    0.763462588100337047E+01    0.513813569985517660E+01    0.524333567801378742E+01    0.267462235816494920E+00    0.173128290894579684E+01    0.857607212450070877E+00    0.242673595734089087E+01    0.151580289509428319E+02    0.147589217403621777E+02    0.148163569935727732E+02
    0.103499451797322601E-57    0.258103475772922820E+03    0.474881550173558331E+01    0.225426005048140699E+01    0.792553231855719975E+01    0.521451861953218376E+01    0.696591462558926988E+01    0.344521912133248676E+00    0.195608006601622142E+01    0.771646251777912795E+00    0.280024916109937694E+01    0.151632760953947230E+02    0.149148863633490318E+02    0.148114508267585077E+02
    0.274218392718049356E-52    0.233128907789826854E+03    0.788194968126168405E+01    0.259982973224780434E+01    0.613387282766241704E+01    0.329363459577836881E+01    0.497678534115205196E+01    0.464676122681392134E+00    0.282301271781915997E+01    0.688694773800542226E+00    0.233124086988466894E+01    0.151085249725330133E+02    0.149816889590067106E+02    0.149077389460352290E+02
    0.844707594524220912E-27    0.115749521774399128E+03    0.194359564122394213E+01    0.235896527033795111E+01    0.441924424015367023E+01    0.414826239879226044E+01    0.674883194769792638E+01    0.195170389743926531E+00    0.171650698307551508E+01    0.917802509306415493E+00    0.241586890154690481E+01    0.151918874278904816E+02    0.149548194026029968E+02    0.149607722334820767E+02
    0.240010688693388901E-59    0.265631581859847870E+03    0.549837440145964473E+00    0.781857195808492200E+01    0.739060653313277083E+01    0.659834300564196585E+01    0.696636950821220502E+01    0.333910398237491024E+00    0.288147125995652686E+01    0.962645797742477050E+00    0.248040409324351074E+01    0.153116418447355382E+02    0.150169500475773461E+02    0.150173965547553792E+02
    0.590993028684317716E-30    0.130279404940258530E+03    0.662070904340353028E+01    0.473748549197158475E+01    0.734662520596955382E+01    0.463318271846525587E+01    0.535672242331499149E+01    0.366832666407431174E+00    0.206131311598751887E+01    0.527281695851717358E+00    0.234223192767152355E+01    0.152050945508196858E+02    0.148643461588108750E+02    0.148889365347661418E+02
    0.130245234633383309E-81    0.368167854681418987E+03    0.422063508792517261E+01    0.571014552113926044E+01    0.370120915282706431E+01    0.255144385736595325E+01    0.310246381594163712E+01    0.295497821824331264E+00    0.392683667651260393E+01    0.653213023808175364E+00    0.245262087330425738E+01    0.153157194360168152E+02    0.151789274151648979E+02    0.151374129597142772E+02
    0.417497064837038644E-88    0.398074329142776492E+03    0.592987057953088836E+01    0.483184684390596253E+01    0.594720097345345700E+01    0.633912857531596874E+01    0.736712481578230616E+01    0.285148204785596326E+00    0.201186156344381661E+01    0.669044894637343956E+00    0.241525098191303211E+01    0.152774711884368486E+02    0.150138877609234793E+02    0.148606976664988597E+02
    0.746053734935613818E-59    0.263363353520284420E+03    0.324875373877004092E+01    0.667412580568362479E+01    0.707135628621272438E+01    0.401003576146230589E+01    0.457566630838648170E+01    0.435156057410643116E+00    0.341153340798526017E+01    0.259069340092600853E+00    0.240488976501729601E+01    0.152224484545356500E+02    0.150957066784587006E+02    0.151182706556936761E+02
    0.470858991239204085E-55    0.245863150697970951E+03    0.325016691633672439E+01    0.180407732194985648E+01    0.258722736941796416E+01    0.274238971760534689E+01    0.523595385020469806E+01    0.495144642476424646E+00    0.533933279713743136E+01    0.884612292455559279E+00    0.244605899504386981E+01    0.153920263859469344E+02    0.152181988767404270E+02    0.152298744108472324E+02
    0.226624036431656114E-13    0.539085353870460295E+02    0.246712622424056027E+01    0.294028739515746995E+01    0.255509870742801981E+01    0.381387065334111064E+01    0.421634580791617264E+01    0.486067896173289049E+00    0.258051553741626005E+01    0.794441146359192052E+00    0.226714519001329684E+01    0.150919893620279773E+02    0.149192313351473587E+02    0.149096936263933912E+02
    0.292908863218547033E+00   -0.647181522349645899E+01    0.257698991472782479E+01    0.952562048715215437E+00    0.320824598425832619E+01    0.238389063785557154E+01    0.462346612123506873E+01    0.407627590439647802E+00    0.236183792851461227E+01    0.803471016820369144E+00    0.222709989008927600E+01    0.150442733461017983E+02    0.149033614990563557E+02    0.149043923671687146E+02
    0.173101585877948484E-02    0.379049092813415189E+01    0.304642867633860703E+01    0.717034153784675721E+00    0.873411969415754275E+00    0.256554532175401562E+01    0.381902071550657984E+01    0.396360215296298835E+00    0.209274380557202555E+01    0.655139329687401739E+00    0.221911424697494875E+01    0.150254006162103213E+02    0.148249464275701790E+02    0.148492511756866321E+02
    0.103421367365430657E-02    0.482062499895143581E+01    0.248798802145201980E+01    0.286492510614814000E+01    0.238194175443247769E+01    0.347894882423040031E+01    0.486617843599706212E+01    0.445589392880915480E+00    0.351989587599425668E+01    0.848859554617727108E+00    0.242239232622874656E+01    0.153354266372788999E+02    0.150381624070228650E+02    0.150711359985247277E+02
    0.145620137326854305E-90    0.409391221678593126E+03    0.374455229965380543E+01    0.525795099993406811E+01    0.186116602457223146E+01    0.492371165248382869E+01    0.656580692388270837E+01    0.376599091328816304E+00    0.285738166356227596E+01    0.797383195358464136E+00    0.253121350389082744E+01    0.150375294690232657E+02    0.149679492405911727E+02    0.150095493994632250E+02
    0.288715173072517290E-07    0.257932178219609760E+02    0.442476177215576172E+01    0.280097723007202148E+01    0.424811708927154541E+01    0.318316164133282786E+01    0.589797893487089553E+01    0.386094820499420122E+00    0.307506888558288827E+01    0.694003939628601074E+00    0.221176991480588914E+01    0.151364319523106214E+02    0.149925936030454707E+02    0.150194929419588270E+02
    0.488141842879009360E-05    0.155325466831233516E+02    0.180071569603914683E+01    0.375781442692575496E+01    0.400188890418280252E+01    0.712939389415699498E+01    0.770854611781567201E+01    0.369287877299969369E+00    0.306599262160031882E+01    0.948289785929872786E+00    0.250341232465331531E+01    0.152234525397709675E+02    0.150044834305265962E+02    0.150620129374111453E+02
    0.601980966670988492E-13    0.519546685655743943E+02    0.433976037937693171E+01    0.205589735309145949E+01    0.386976847253854217E+01    0.403722433933647906E+01    0.556377993490447320E+01    0.419843530800668607E+00    0.269539834267287137E+01    0.868789172826004985E+00    0.230458128204122392E+01    0.150324593958569643E+02    0.148665268918081459E+02    0.149302253322300640E+02
    0.105388652110857857E-01    0.177768059026893521E+00    0.352242660522460938E+01    0.882770061492919922E+00    0.513584288954734802E+01    0.423648378222397248E+01    0.566738184123779298E+01    0.482384049892425559E+00    0.294674159321295637E+01    0.945966684818267844E+00    0.253231472784280776E+01    0.150182649278491933E+02    0.149162796362155543E+02    0.149214716226863686E+02
    0.107775426952022363E-81    0.368546593504455416E+03    0.325636833384578317E+01    0.298383489830160409E+01    0.481007793126207162E+01    0.384003469603762371E+01    0.417416928849886304E+01    0.508424479043649735E+00    0.576733260792358493E+01    0.634979415118190116E+00    0.228696820619419583E+01    0.153722106888763967E+02    0.151894933178451268E+02    0.152641951077452553E+02
    0.661293883199245948E-61    0.272814892459015653E+03    0.278631463627947573E+01    0.263159512158263276E+01    0.404439091519433980E+01    0.556104213008110992E+01    0.623124316690469549E+01    0.490154691272798759E+00    0.419958486478357429E+01    0.811316121933312484E+00    0.235804473612222276E+01    0.152014374813755140E+02    0.150657958829931022E+02    0.151136074689270146E+02
    0.800131374553404717E-03    0.533386649690556691E+01    0.365971775112248476E+01    0.785028449354980284E+00    0.281850859322034397E+01    0.473411604294254573E+01    0.601664567578090637E+01    0.427896653788828352E+00    0.325759473349958473E+01    0.961579323197420233E+00    0.229733973357587562E+01    0.150549649708603983E+02    0.149523595805994418E+02    0.149624946364748421E+02
    0.522927356072877123E-82    0.369992977942928633E+03    0.298840570449829102E+01    0.498139047622680664E+01    0.320254686474800110E+01    0.510807069066486807E+01    0.661734714687614645E+01    0.565654551982879616E+00    0.380828383604055043E+01    0.964290463924407981E+00    0.263200730854272846E+01    0.151998783594673732E+02    0.150462358665170743E+02    0.150442316551970023E+02
    0.992835088659649755E-53    0.235160798508272791E+03    0.473525681739565929E+01    0.610941349946011591E+01    0.235367091392155858E+01    0.746292838572649142E+01    0.764188571474133393E+01    0.305371197171116937E+00    0.377138384784577241E+01    0.632227761098744123E+00    0.235222019589136266E+01    0.153717218464368166E+02    0.151629829205164910E+02    0.151877271140026338E+02
    0.422115622109493068E-57    0.255292049879916874E+03    0.285503602143218060E+01    0.518284458393860392E+00    0.205427267117485357E+01    0.546595703247464559E+01    0.595893559031345532E+01    0.467701827323724006E+00    0.500042675236174894E+01    0.752401020412650778E+00    0.250688702893789150E+01    0.153165663769032303E+02    0.152044575884187267E+02    0.151761484875118260E+02
    0.718366840395486743E-10    0.377856489468888483E+02    0.144124943988141663E+01    0.157657122055396903E+01    0.133487261978059468E+01    0.701225856968407868E+01    0.742010664662299657E+01    0.380639465190876547E+00    0.292925252742509645E+01    0.393963825078569418E+00    0.240405246516847182E+01    0.152054622952534562E+02    0.150331280992756735E+02    0.150367665723851189E+02
    0.115261410608913251E-18    0.782865657826247343E+02    0.370735232554794214E+01    0.141655977486461215E+01    0.395670960802449345E+01    0.581568026994039311E+01    0.601318264658124857E+01    0.258370644786089509E+00    0.152784189061477793E+01    0.788697913684779928E+00    0.233395985779968695E+01    0.148506681341290463E+02    0.147066438534496893E+02    0.147404277210037513E+02
    0.941833687095137962E-87    0.391842056572636920E+03    0.384247092139430402E+01    0.658278302998859921E+01    0.519940112900463158E+00    0.719796365141710126E+01    0.739643894386717538E+01    0.408245676756578524E+00    0.311377121216501074E+01    0.691035419287053809E+00    0.232203674870328625E+01    0.153103541683901572E+02    0.150391693207884103E+02    0.150779789458556639E+02
    0.436754080334523975E-36    0.158515293916337015E+03    0.218285093154366283E+01    0.259057963641051225E+01    0.201423448295258334E+01    0.394447422508828227E+01    0.520008815384527612E+01    0.333241296404676590E+00    0.260201303880448709E+01    0.521651391506558926E+00    0.221249181020355090E+01    0.151641349139243165E+02    0.150446204364842764E+02    0.150067403165892976E+02
    0.393992080510954402E-10    0.389869480458370745E+02    0.368496261590308993E+01    0.998256515267274658E+00    0.135230198761689668E+01    0.646801940010728593E+01    0.700032562607670084E+01    0.248188463628627703E+00    0.175589528721365173E+01    0.608112904011777089E+00    0.225608625628983139E+01    0.149857763959112091E+02    0.148645853180225114E+02    0.148366554578029586E+02
    0.446057101921589687E-39    0.172288651107153385E+03    0.223197992454254424E+01    0.311626725248583858E+01    0.541299507112230405E+00    0.729984782720541059E+01    0.771160085764235248E+01    0.233996587890236390E+00    0.167355977786819610E+01    0.655955296566303581E+00    0.246328432415605691E+01    0.149714039290384111E+02    0.148015889570991916E+02    0.148888944316418872E+02
    0.240557992534805136E-01   -0.147284439767337538E+01    0.111933851242065430E+01    0.137442016601562500E+01    0.139812964200973511E+01    0.449250841495156372E+01    0.544755104062338980E+01    0.399651813507080123E+00    0.243823976071097270E+01    0.361122488975524902E+00    0.232291127276420584E+01    0.151692577933592894E+02    0.149281784616110436E+02    0.149403716132556337E+02
    0.577659825286140519E-68    0.305321510135188305E+03    0.237794303894042969E+01    0.190988349914550781E+01    0.109363007545471191E+01    0.431131640215478118E+01    0.494468181751391622E+01    0.451133954524993941E+00    0.424034217956694981E+01    0.721263444423675515E+00    0.226123525565862638E+01    0.153329909793736157E+02    0.151619955308512377E+02    0.152355099940200613E+02
    0.107912492422052158E-11    0.461821385628878858E+02    0.532048590976306746E+00    0.452536278203483899E+01    0.939692350610546567E+00    0.653530537214345397E+01    0.697194687463836704E+01    0.366361804487533527E+00    0.271464798631843784E+01    0.527031845521628406E+00    0.256048500844867810E+01    0.151357093256480901E+02    0.149685054580272077E+02    0.149850060169375929E+02
    0.473004445767241899E-10    0.386214000885112370E+02    0.690326690673828125E+00    0.556885051727294922E+01    0.307178917527198792E+01    0.693399350172369644E+01    0.694377900433600903E+01    0.386383998394012496E+00    0.206474255186949973E+01    0.178808397054672247E+00    0.258504248011112203E+01    0.151951272134139845E+02    0.148749488942242944E+02    0.148576321651449916E+02
    0.801477793772629818E-15    0.605925460618573197E+02    0.155731925352080181E+01    0.325956713480588578E+00    0.477224017653982013E+01    0.487185424434460579E+01    0.537254624952721294E+01    0.414306859680768524E+00    0.177743150832641383E+01    0.272512565568881648E+00    0.237204201742436416E+01    0.150008966054616319E+02    0.147810949612925953E+02    0.147805939320190927E+02
    0.166269327408495094E-03    0.847620050592515994E+01    0.312610454228078050E+01    0.221708410559801106E+01    0.508629930638233319E+01    0.380919350690811065E+01    0.469380349008530207E+01    0.388220526697088508E+00    0.174615587815821982E+01    0.589443429627329984E+00    0.224699774449974754E+01    0.149119620883830564E+02    0.147482777982402418E+02    0.147763825972033693E+02
    0.104596384222608479E-56    0.253477220252285349E+03    0.498004972409762736E+01    0.292809118025187720E+01    0.321389596226651264E+01    0.307850958643215833E+01    0.457060541627059003E+01    0.272121957445858653E+00    0.395012668440230286E+01    0.597346585129012286E+00    0.262212084123101308E+01    0.153799538381923302E+02    0.151360468982891909E+02    0.150522980684505985E+02
    0.417041415802891755E-16    0.665042597088270355E+02    0.787464473531823117E+01    0.207476636781542023E+01    0.320445352712179510E+01    0.305099532459382594E+01    0.366586406436485435E+01    0.325728183436508556E+00    0.222646056386720481E+01    0.310029532656080131E+00    0.265414941302566421E+01    0.152756652611635850E+02    0.148868505669723366E+02    0.149091153596660160E+02
    0.302401873589198527E-09    0.349109257975535030E+02    0.619541577751081007E+01    0.313304366086073305E+01    0.377787009594353718E+01    0.322320965581959840E+01    0.491981471967067385E+01    0.256457027772105994E+00    0.207499792587982590E+01    0.613205697364095026E+00    0.249854451685759127E+01    0.151351342659190884E+02    0.148819707070544034E+02    0.149697513453118258E+02
    0.158320803252815054E-18    0.776517244017129116E+02    0.575660085678100586E+01    0.334084653854370117E+01    0.878049761056900024E+00    0.354377095888773130E+01    0.369004785373328303E+01    0.317573857307434093E+00    0.212853796287299968E+01    0.523245662450790405E+00    0.235774436771869667E+01    0.153137982200387412E+02    0.148538694635749895E+02    0.148821586213558472E+02
    0.189645736807677676E-87    0.395047398407422406E+03    0.706594514846801758E+01    0.199640274047851562E+00    0.784741520881652832E+00    0.325979446919616267E+01    0.333767105604633807E+01    0.355168449878692671E+00    0.243898903925412913E+01    0.795893925428390547E+00    0.244781240713596349E+01    0.150397031414224571E+02    0.148620517345064069E+02    0.148266535802002970E+02
    0.801123223583689382E-40    0.175722685698380133E+03    0.591592931747436523E+01    0.298536634445190430E+01    0.225230994820594788E+01    0.293292014150823555E+01    0.402874748588191167E+01    0.465260219573974565E+00    0.243015779898906370E+01    0.764835393428802468E+00    0.231978240621089915E+01    0.150477370540142630E+02    0.148876771695598826E+02    0.149026206225526572E+02
    0.560556472160600069E-09    0.336765794963434573E+02    0.799907189324273915E+01    0.554100432380338237E+00    0.134760728386567874E+01    0.298102945338152514E+01    0.303307768185851501E+01    0.419670477164608369E+00    0.219190357459019047E+01    0.879140167082289925E+00    0.248634006407212471E+01    0.149997503362959321E+02    0.148188084994163436E+02    0.147781033626167400E+02
    0.153679619681377570E-05    0.178440186462095127E+02    0.495043627449448831E+01    0.902080520676136532E+00    0.305033989395822491E+01    0.201897791890416878E+01    0.524189350239468865E+01    0.494118332178945407E+00    0.252519858010476739E+01    0.452566736055456498E+00    0.252205818380361224E+01    0.151007308444221540E+02    0.148892397001842482E+02    0.149355713426283820E+02
    0.127190948429142733E-01   -0.198300986767448867E+00    0.443999576928413031E+01    0.205822098640782336E+01    0.603245878552207682E+00    0.285331281799428282E+01    0.556940459684613653E+01    0.402346043245792262E+00    0.318663541221611180E+01    0.778989249419013707E+00    0.248157772279462652E+01    0.152937412171676801E+02    0.149473953374332940E+02    0.149496858626121245E+02
    0.125623859648737730E-51    0.230085002886390356E+03    0.542927074432373047E+01    0.133213138580322266E+01    0.701134830713272095E+00    0.229823809743683771E+01    0.501948569074535733E+01    0.363253593444824219E+00    0.357454948981313736E+01    0.552946299314498901E+00    0.229829868644475921E+01    0.152756996365502697E+02    0.150999487281186546E+02    0.151786905062033650E+02
    0.280451047195842753E-61    0.274530490769106564E+03    0.596502874841940134E+01    0.442136487267390799E+00    0.128705212843968608E+01    0.212750580336174000E+01    0.460381191601343875E+01    0.377882828571583507E+00    0.380517624498612506E+01    0.915161451835024731E+00    0.222081302481482279E+01    0.152572764458654309E+02    0.151251141655513877E+02    0.150735647858336534E+02
    0.159444948961208480E-24    0.105268594837271920E+03    0.712398410805166726E+01    0.233862772696028065E+01    0.184639444176137735E+01    0.248257916348370733E+01    0.401129327372179034E+01    0.255373361592564296E+00    0.151692641316675592E+01    0.853290620641151798E+00    0.233919463313726528E+01    0.150263305357830053E+02    0.148686174449003161E+02    0.147802715592325562E+02
    0.113908936113356670E-71    0.322384192362538897E+03    0.475648254877426968E+01    0.942321420489029338E+00    0.221446165397422412E+01    0.427307803946750120E+01    0.468089208567677240E+01    0.278059967336857783E+00    0.299249699907939704E+01    0.616394765608494266E+00    0.225542318356693983E+01    0.154041654594925372E+02    0.151019927832462848E+02    0.150869203124190623E+02
    0.366447305668489595E-85    0.384519664145037098E+03    0.760056877136230469E+01    0.395696163177490234E+00    0.305765169858932495E+01    0.526291738039866708E+01    0.636224404392581455E+01    0.302867662906646740E+00    0.173989935030899634E+01    0.417891335487365789E+00    0.234715991264581669E+01    0.149030223902470738E+02    0.149217893376566320E+02    0.148216674186958812E+02
    0.123956483526796709E-25    0.110377301323975473E+03    0.681094835797516129E+01    0.120561311615340672E+01    0.304097463051161609E+01    0.474461855571512547E+01    0.528234824742549858E+01    0.503471845871070633E+00    0.366319683337726953E+01    0.365344004758491714E+00    0.264394347201005830E+01    0.152593226231229426E+02    0.151031602933544349E+02    0.151289587471985563E+02
    0.172463878989457197E-80    0.363001147047978861E+03    0.634125378353603875E+01    0.296070597808756864E+01    0.145139596329261655E+01    0.362103433673292008E+01    0.453930864670889989E+01    0.399800129195779230E+00    0.361115180398824354E+01    0.539015564508710132E+00    0.260705608853836868E+01    0.151725999576084369E+02    0.151247347368915062E+02    0.151054841725264861E+02
    0.109901107003463746E-80    0.363902360814375641E+03    0.732804073577864834E+01    0.941826239016488209E+00    0.274701609992122453E+01    0.673457328380550813E+01    0.734853741394808324E+01    0.399527540099639311E+00    0.220495421389713808E+01    0.660006329744886489E+00    0.268021474708679541E+01    0.149962250591542077E+02    0.149021411394059804E+02    0.149047888690194377E+02
    0.387668072830200881E-05    0.159934597514504766E+02    0.695737950246333536E+01    0.155779071800114899E+01    0.234295864142993837E+01    0.433096968837675522E+01    0.465213984277707659E+01    0.459076019742722941E+00    0.252021955924346575E+01    0.793777033368110341E+00    0.265563266101619533E+01    0.150342309157918024E+02    0.148647695172893428E+02    0.148405004120782902E+02
    0.135315505116772491E-17    0.733605827121627954E+02    0.744667186113175283E+01    0.100015558459090284E+00    0.141798382501280829E+01    0.463021500804934050E+01    0.603377056516576449E+01    0.303659582097149050E+00    0.153487602544148549E+01    0.793210504126094507E+00    0.252013487702671002E+01    0.149229794324602789E+02    0.147931586530397254E+02    0.147121070983936963E+02
    0.995889707123347959E-04    0.950131551638235905E+01    0.759232089231349683E+01    0.605503595499463199E+00    0.175958411902345135E+01    0.562670493435542163E+01    0.659399199442624884E+01    0.261840654331141398E+00    0.186978521568964196E+01    0.822316716987299134E+00    0.259559414295356383E+01    0.150760592117738259E+02    0.148087606272016483E+02    0.148477404275380245E+02
    0.217532923651008457E-54    0.242802397422690802E+03    0.654094013988904255E+01    0.984159414061769322E-01    0.120052711920254995E+01    0.522407847371091627E+01    0.615170711560610606E+01    0.278951954670844049E+00    0.165634823391240094E+01    0.716337359403215745E+00    0.252907725978735254E+01    0.150714995780885346E+02    0.147318798637536581E+02    0.147605573557135603E+02
    0.672890204394985771E-80    0.360278358337160228E+03    0.526691198348999023E+01    0.283979415893554688E+01    0.590132951736450195E+00    0.606521988359818032E+01    0.711024220093673787E+01    0.400175058841705344E+00    0.214534229532806275E+01    0.592704200744628928E+00    0.255467127132415772E+01    0.149208801527473760E+02    0.149106590250985072E+02    0.148917227407681256E+02
    0.854179391042114637E-56    0.249277155756034318E+03    0.741122654096717159E+01    0.687834898893891156E+00    0.160489492363878838E+01    0.371906039907828134E+01    0.527227046192654747E+01    0.230576317727041097E+00    0.158615166889743064E+01    0.218966662272888246E+00    0.261818015298220264E+01    0.151574687940237212E+02    0.149855894685325737E+02    0.148365148109678451E+02
    0.140225277563035821E-27    0.119341002315765749E+03    0.292657873426847281E+01    0.292239393690396465E+01    0.433980647600046066E+01    0.375228248690935384E+01    0.512946911283105411E+01    0.304107948717103227E+00    0.283280048615123903E+01    0.880929167073679853E+00    0.259512803931023406E+01    0.153800881383901427E+02    0.150618979835471478E+02    0.150496805687438258E+02
    0.141721000834803499E-80    0.363393801998683387E+03    0.257651710510253906E+01    0.165783309936523438E+01    0.419025200605392456E+01    0.361075786520268238E+01    0.445384993887996750E+01    0.348991286754608110E+00    0.458619933548309788E+01    0.918157541751861594E+00    0.246503407728672030E+01    0.154817125434147300E+02    0.151049784640964102E+02    0.152733120914390774E+02
    0.731825855000484508E-09    0.331433543122826251E+02    0.123487854003906250E+01    0.945556163787841797E+00    0.165004226565361023E+01    0.266643758006721088E+01    0.274042074514411960E+01    0.339977884292602561E+00    0.171656071124253273E+01    0.720380407571792558E+00    0.252278552514314658E+01    0.150798438121567866E+02    0.148190212063753037E+02    0.147626362791164034E+02
    0.112133349024562576E-26    0.115182955080657663E+03    0.293182636205450864E+01    0.177829658004098401E+01    0.472847138109985110E+01    0.283732542136906885E+01    0.450643243705815166E+01    0.391877015628073200E+00    0.380252649961356903E+01    0.572726380690355530E+00    0.259043152933549381E+01    0.155035687650070493E+02    0.151575907752020758E+02    0.151630327989561486E+02
    0.559368634715502025E-52    0.231703140055707109E+03    0.251109899494266875E+01    0.308128081811047047E-01    0.188233302713183637E+01    0.352243403060729410E+01    0.565658948975063325E+01    0.373239862741492900E+00    0.395306880853689657E+01    0.747594401534739661E+00    0.228173094275786070E+01    0.154203288485187571E+02    0.151720508211864793E+02    0.152256035511394714E+02
    0.401413589020614443E-65    0.292233985313218852E+03    0.375679539492774017E+01    0.893820990692772210E+00    0.360229612672899346E+01    0.363858112431612923E+01    0.575750653634926124E+01    0.258948326617331637E+00    0.304570697155676751E+01    0.779737444755270181E+00    0.250281399397321724E+01    0.152755406306340458E+02    0.151070913441398265E+02    0.150299929800524907E+02
    0.136058690096327436E-08    0.319030966166541283E+02    0.294833575410056703E+01    0.524815244436982642E+01    0.383435511566135956E+01    0.533295309664488748E+01    0.592504527129749281E+01    0.377718607580312948E+00    0.401207147218610416E+01    0.839281204254640478E+00    0.254410078765525771E+01    0.154126636623518305E+02    0.150352840315774952E+02    0.151358105064040167E+02
    0.212929182619802153E-52    0.233634838206149425E+03    0.305058644696485182E+01    0.242532655573307887E+00    0.461903917242432360E+01    0.265533159475539060E+01    0.342558381577029802E+01    0.427042077243707463E+00    0.572149863113790502E+01    0.902219631685054702E+00    0.241602830006465163E+01    0.153988981937266569E+02    0.151933984378856071E+02    0.152450036925113999E+02
    0.230361146004746859E-70    0.316370524267924907E+03    0.397208118438720703E+01    0.142349767684936523E+01    0.233802530169487000E+01    0.445070616251631890E+01    0.497652665133624161E+01    0.202101862430572515E+00    0.277972719247372746E+01    0.917708271741867088E+00    0.251720497936010368E+01    0.152838975512531761E+02    0.148930677569257117E+02    0.150492241404572304E+02
    0.383411083089788211E-98    0.444296370555379895E+03    0.527494812011718750E+01    0.280658483505249023E+01    0.260742190480232239E+01    0.440736915405880048E+01    0.511547917125535090E+01    0.340017080307006836E+00    0.250573246640605962E+01    0.821685725450515769E+00    0.231752884298563000E+01    0.152535499181617880E+02    0.150284116377583690E+02    0.149252648862170663E+02
    0.241196271227412615E-79    0.357725130485800435E+03    0.381377909515950986E+01    0.255818145695417565E+01    0.265612823144915922E+01    0.459616571320959189E+01    0.530472948171400649E+01    0.243672385699554767E+00    0.219078221722843658E+01    0.992634219109115978E+00    0.242526892822272577E+01    0.151768814922634920E+02    0.148333387855015015E+02    0.149627711185279129E+02
    0.476158390928556062E-90    0.407021723436758862E+03    0.205820073933091408E+01    0.748750861067730700E+00    0.363755951888751605E+01    0.521306596286274626E+01    0.666248260224344335E+01    0.395561859148098605E+00    0.317476050467245008E+01    0.584933017656781185E+00    0.246233424511410526E+01    0.153437635886307735E+02    0.150568606431646010E+02    0.150385925002768133E+02
    0.306279202409500476E-01   -0.195591623455488883E+01    0.300141920421975961E+01    0.714360471201719305E+00    0.317875727337308733E+01    0.591445155663132027E+01    0.621528050566682477E+01    0.388014601921173874E+00    0.298014376451750573E+01    0.887106347531805950E+00    0.252848530251170178E+01    0.153677988551996982E+02    0.149740845985443105E+02    0.149940386679018172E+02
    0.101178776024168933E-41    0.184466107405653617E+03    0.124132391483474680E+01    0.207246647293183761E+00    0.263779114523747182E+01    0.760971536634030787E+01    0.778487598307522255E+01    0.421193376686550880E+00    0.336918767836038091E+01    0.780851648762498018E+00    0.246303242888449514E+01    0.153562219253398382E+02    0.151087782208694890E+02    0.150937308699320916E+02
    0.137805167567653004E-97    0.441737734127806050E+03    0.374668793314331250E+01    0.264707224756514403E+01    0.389203199388935017E+01    0.607493053045055653E+01    0.630380309803088501E+01    0.364155492085480259E+00    0.265001795279107810E+01    0.988749366447399303E+00    0.232586698498894417E+01    0.152146741056233044E+02    0.150013472305000501E+02    0.149244154514251903E+02
    0.769905665919682390E-84    0.378429667435595775E+03    0.375436150187231554E+01    0.682122923111413093E+00    0.320937082639115978E+01    0.628560808939635951E+01    0.704857700965482170E+01    0.372095735296280705E+00    0.262257558578322580E+01    0.547230557266705775E+00    0.234008730302869505E+01    0.153495743195106797E+02    0.150476880743175112E+02    0.150118697132815839E+02
    0.128528166719914217E-25    0.110304866300239865E+03    0.447805452346801758E+01    0.506291818618774414E+01    0.313418316841125488E+01    0.546388630807445885E+01    0.555719809884077964E+01    0.229945695400238043E+00    0.174844454121570592E+01    0.766959810256958030E+00    0.232570488554239274E+01    0.151279629966742934E+02    0.150092138926784191E+02    0.148531023075324136E+02
    0.327051483848320958E-40    0.177514480040288390E+03    0.201610267616960570E+01    0.564893016676784931E+00    0.383716289134656918E+01    0.442105983912025025E+01    0.514314457959142768E+01    0.307792997355160081E+00    0.206530935177611052E+01    0.764328638763127621E+00    0.256734607977042550E+01    0.150817457265285348E+02    0.148893848394665707E+02    0.148489907189910681E+02
    0.353102481380952265E-61    0.274069772488316175E+03    0.232332324981689453E+01    0.130341672897338867E+01    0.132538366317749023E+01    0.479655455005538212E+01    0.616749083933898934E+01    0.289991199970245361E+00    0.225312953601067090E+01    0.605614852905273393E+00    0.257155232363939268E+01    0.152447201789266007E+02    0.150557093783557363E+02    0.149530012186229690E+02
    0.428627843270564089E-74    0.333549323478354950E+03    0.233522176742553711E+01    0.501017570495605469E-01    0.125476735830307007E+01    0.470192252397737498E+01    0.599246404598090088E+01    0.464863824844360396E+00    0.477488517716284999E+01    0.842421936988830611E+00    0.252704529756307572E+01    0.154856479691630859E+02    0.151609808165152877E+02    0.152717986774384933E+02
    0.347740062067318974E-94    0.426070994781401851E+03    0.163251924514770508E+01    0.334756755828857422E+01    0.244492742419242859E+01    0.436669441945328796E+01    0.564986837997214231E+01    0.359783065319061235E+00    0.366742587401726272E+01    0.600966101884841897E+00    0.226517885214090331E+01    0.154322505723913572E+02    0.151813744734361009E+02    0.152319190148568762E+02
    0.241699682213302489E-07    0.261487071597916696E+02    0.379605246531525164E+01    0.273959173349062546E+01    0.246538964296878138E+01    0.720423012883140679E+01    0.756517705394827633E+01    0.410122026848755095E+00    0.236232519848135336E+01    0.549954460064000061E+00    0.236490005100144796E+01    0.153110967013477683E+02    0.148798210180314836E+02    0.149299390669831080E+02
    0.499908201459228560E-97    0.439160566875571533E+03    0.695818287364277399E+01    0.514858734382295324E+01    0.886767449777705163E+00    0.810179654258909210E+01    0.814494452251762269E+01    0.223936532251053588E+00    0.174747783247352872E+01    0.189778877356399645E+00    0.231913561137751678E+01    0.152899042137376640E+02    0.148081903341259338E+02    0.148473033816821101E+02
    0.204784797381124559E-72    0.325816241877093375E+03    0.142375329423641328E+01    0.171698512448812135E+01    0.166352557725713890E+01    0.266433405614430541E+01    0.519165741550385462E+01    0.408770102493318022E+00    0.243371067088465587E+01    0.183309382499422968E+00    0.237921704415892421E+01    0.151121658139895700E+02    0.149374353452513269E+02    0.149728707406195873E+02
    0.141453468678471788E-17    0.732718593260119349E+02    0.623090839385986328E+01    0.454855251312255859E+01    0.366325291991233826E+01    0.389594666877368700E+01    0.600301768598460050E+01    0.237909817695617670E+00    0.159370251182863121E+01    0.305440205335617110E+00    0.232040585172176339E+01    0.149332919352107414E+02    0.147806169482753589E+02    0.148230681767092261E+02
    0.198115297236426862E-65    0.293646271551935570E+03    0.358816719055175781E+01    0.304315567016601562E+01    0.343900012969970703E+01    0.505342920358931913E+01    0.522054136659271251E+01    0.222719430923461914E+00    0.165409735098242172E+01    0.140754878520965576E+00    0.258999391269683832E+01    0.152522874685122556E+02    0.148197715495348739E+02    0.149457245451659979E+02
    0.539865136666627872E-81    0.365324054145825926E+03    0.423775804360201924E+01    0.319324226854418969E+01    0.422068511093234289E+01    0.538553629134570322E+01    0.591199288101054243E+01    0.435764209460781649E+00    0.318717412641648457E+01    0.369695566231042494E+00    0.224004285196167308E+01    0.154147591260472296E+02    0.150316472295420542E+02    0.150418531940605504E+02
    0.634018449177817685E-50    0.222242260995773790E+03    0.433724936126885474E+01    0.159521618025201217E+01    0.225593249818792074E+01    0.530461472125047706E+01    0.598724221846086291E+01    0.453778505958772893E+00    0.351891335584002540E+01    0.242727416196176909E+00    0.223951316854816929E+01    0.152783036056219306E+02    0.151052618791064610E+02    0.151120814674713024E+02
    0.253654878714139492E-37    0.164207255489520776E+03    0.354222029531441107E+01    0.443336265627449677E+01    0.249764948340763127E+01    0.555979083144543562E+01    0.688305857806628740E+01    0.381149073749598943E+00    0.337546663343531428E+01    0.127337196128880142E+00    0.248949593277913994E+01    0.153440301862444866E+02    0.150853245401372007E+02    0.151298819307550296E+02
    0.117526327721237379E-87    0.396004389236264103E+03    0.562792373400997725E+01    0.293211778368645515E+01    0.272767982156257771E+01    0.555976829597638122E+01    0.579552663756609210E+01    0.351313582269263347E+00    0.166170778062942914E+01    0.407862152925861143E+00    0.224415514396487792E+01    0.149103220229851097E+02    0.148093229474974262E+02    0.147869107516176417E+02
    0.126623236790776016E-85    0.386644941537046520E+03    0.492471162281382036E+01    0.238817427063604049E+01    0.101993625542573052E+01    0.719676837765730948E+01    0.740464812355184154E+01    0.198287178062310249E+00    0.153784326776434055E+01    0.301411245005394623E+00    0.245698389990702415E+01    0.152161543406313537E+02    0.151737497201082441E+02    0.149118800157116027E+02
    0.564667372750008838E-76    0.342208368264819171E+03    0.175684165954589844E+01    0.201331043243408203E+01    0.288708108663558960E+01    0.478340707980738244E+01    0.503486947639275684E+01    0.214647662639617931E+00    0.192100274929561010E+01    0.216702055931091320E+00    0.222988348650932311E+01    0.152551514139298998E+02    0.150145390859582513E+02    0.149331289044165150E+02
    0.124860359171530227E-73    0.331410939408379647E+03    0.501469135284423828E+01    0.499041223526000977E+01    0.653821557760238647E+00    0.457571426989588126E+01    0.620572770489411774E+01    0.233484423160552984E+00    0.197580895247793809E+01    0.330490213632583629E+00    0.258248903554677955E+01    0.151039018870969368E+02    0.149120000589164707E+02    0.149968969616058558E+02
    0.392119951758251930E-12    0.482068144508221010E+02    0.393294334411621094E+01    0.349093055725097656E+01    0.604329884052276611E+00    0.535097700816703004E+01    0.647556331566044907E+01    0.441777122020721391E+00    0.217068327990301846E+01    0.124362450838089000E+00    0.222086812031269076E+01    0.151706458869607204E+02    0.148471285264639441E+02    0.148627408626032462E+02
    0.813906812024389493E-85    0.382923681856870701E+03    0.290256160855665390E+01    0.211851842629921450E+01    0.439297587096104536E+01    0.377904782074015966E+01    0.380329284157277847E+01    0.323314140997561561E+00    0.312766668617738475E+01    0.162053144576125879E+00    0.247332023684573965E+01    0.153218631322721119E+02    0.150694692004455195E+02    0.151814217468525108E+02
    0.895117467683634935E-27    0.115633592908432433E+03    0.457004768513713611E+01    0.199296645596357003E+01    0.272632428674476213E+01    0.549383312354353137E+01    0.629812911691546429E+01    0.397632337437816674E+00    0.340133981382823736E+01    0.362398365604530315E+00    0.228142383713581065E+01    0.152761648475026508E+02    0.150625026987797259E+02    0.151302148087034762E+02
    0.677047070642265618E-86    0.387897062201130950E+03    0.362699604034423828E+01    0.426427364349365234E+00    0.330634433031082153E+01    0.680928206283661641E+01    0.696538559724213791E+01    0.489679265022277876E+00    0.445437540991176917E+01    0.243739527463912975E+00    0.247325298172235497E+01    0.154734625176200176E+02    0.151824696965355805E+02    0.152512672001472893E+02
    0.113351750295813349E-39    0.175028553420531381E+03    0.519356483082750842E+01    0.797574464963680008E+00    0.297631583371853514E+01    0.530472056221456789E+01    0.630369137423379478E+01    0.321459905057952966E+00    0.296918906117930437E+01    0.509439462797594222E+00    0.234578293947321459E+01    0.153233360813728670E+02    0.150502997403565466E+02    0.151559151961009899E+02
    0.195148446943558225E-71    0.321307469938201052E+03    0.429018916577213183E+01    0.181677576626706166E+00    0.141968346349533059E+01    0.480518498499482760E+01    0.530085807495161809E+01    0.371315992207865153E+00    0.332601907238587247E+01    0.147183126695641792E+00    0.229932993768562932E+01    0.153627509496811232E+02    0.151111895626751931E+02    0.151389633220350959E+02
    0.133717631495620547E-39    0.174698084359275185E+03    0.351251279705909525E+01    0.784728546521405779E+00    0.143198315457374226E+01    0.397258643728549998E+01    0.583601998917321296E+01    0.347332660628349166E+00    0.239615702989462420E+01    0.306063399064885944E+00    0.256745164843552631E+01    0.151896771418087191E+02    0.149624803585224573E+02    0.150002192232920244E+02
    0.153963431975035930E-98    0.446121155791510432E+03    0.741597843170166016E+01    0.683472728729248047E+01    0.741848412156105042E+01    0.691308393587322190E+01    0.699723667338411648E+01    0.381009781360626243E+00    0.373052323919850615E+01    0.209118324518203724E+00    0.259375082975625970E+01    0.155247886289671122E+02    0.151516532612335499E+02    0.152237622699979998E+02
    0.567394290045953470E-76    0.342198733020875295E+03    0.672902154922485352E+01    0.405570983886718750E+01    0.392766106128692627E+01    0.492435336347160568E+01    0.649717478888616373E+01    0.250141835212707497E+00    0.194441396805001498E+01    0.382885396480560303E+00    0.264217367053031893E+01    0.151931221778673109E+02    0.150643531642907647E+02    0.149018528342042718E+02
    0.163449405386290262E-31    0.137455176578786848E+03    0.297920465469360352E+01    0.399168872833251953E+01    0.565212699770927429E+01    0.521753993533588556E+01    0.647278540438441752E+01    0.323801374435424782E+00    0.278114676578198683E+01    0.210030651092529302E+00    0.255155404376983652E+01    0.152757959111794861E+02    0.150544847628473875E+02    0.150757400546068379E+02
    0.231259889614523575E-23    0.999197377986646131E+02    0.698544025421142578E+01    0.454722070693969727E+01    0.532740268111228943E+01    0.525557655366754872E+01    0.665874209195232947E+01    0.278684008121490467E+00    0.224191597422377464E+01    0.322280347347259521E+00    0.256705440717935574E+01    0.151371312819512021E+02    0.149268664261867414E+02    0.149480070677781551E+02
    0.100575800779912267E+00   -0.433391555594735589E+01    0.718070840214767259E+01    0.335275112082185256E+01    0.466899436309223148E+01    0.551995652798599767E+01    0.621039213678919033E+01    0.335660892136687705E+00    0.232786445897963734E+01    0.503185390309960012E+00    0.255217429403013707E+01    0.153260935432192085E+02    0.149275757670803486E+02    0.149468335894775031E+02
    0.523458874310758851E-08    0.292083523553529005E+02    0.735368641248564447E+01    0.442474727534477985E+01    0.521734629677886996E+01    0.691400360910070422E+01    0.710699188195681497E+01    0.464861838642134706E+00    0.344903321607314384E+01    0.495162891906601121E+00    0.257191909867822543E+01    0.153669006707323863E+02    0.150313765344957559E+02    0.151025549960749323E+02
    0.211720594787554575E-08    0.310187343790048828E+02    0.676585753196917850E+01    0.386619438332597509E+01    0.726909887491377660E+01    0.574469852630808120E+01    0.613489230845868949E+01    0.323370062912305578E+00    0.261817317543305084E+01    0.405309698011097619E+00    0.250193116694859841E+01    0.151884302886853622E+02    0.149883627770007486E+02    0.150526743555687670E+02
    0.120909753401271274E-98    0.446604497175206802E+03    0.664216908815349782E+01    0.304617596740439600E+01    0.597382402098485432E+01    0.568515439274904200E+01    0.644469952935543677E+01    0.441903403789995930E+00    0.382938010799127504E+01    0.407703161324198149E+00    0.248375955252675329E+01    0.153212790836821160E+02    0.151769135711181224E+02    0.151679354941721929E+02
    0.372646018217823306E-38    0.168043116958793092E+03    0.626285462803256721E+01    0.895848619332658247E+00    0.605958528711737188E+01    0.610222973585429340E+01    0.715364310868861075E+01    0.403138870585835529E+00    0.252119175581652755E+01    0.112046979923991763E+00    0.237257021076189822E+01    0.153120778499076362E+02    0.149523815519268197E+02    0.149407925081453623E+02
    0.116725944829569330E-45    0.202600908502527801E+03    0.704630927078153224E+01    0.299929242682805408E+00    0.380907145044017215E+01    0.745251260910045410E+01    0.786556663788169175E+01    0.222817872519858379E+00    0.212543411506206059E+01    0.840067094272576198E+00    0.234757628489784631E+01    0.152218500830679524E+02    0.151155072152691883E+02    0.148882193515804815E+02
    0.345239458717443267E-31    0.135959707050314933E+03    0.521936468049788438E+01    0.675319244302570354E+01    0.368759815377032751E+01    0.610278724578746790E+01    0.647694298535103918E+01    0.278131774937888709E+00    0.153962489514027179E+01    0.338056058185086217E+00    0.227033541420927509E+01    0.148766062826581962E+02    0.148371069056382581E+02    0.147411592394807887E+02
    0.111344430225151918E-09    0.369091827335436093E+02    0.767725038528442383E+01    0.125791215896606445E+01    0.435205492377281189E+01    0.682309467480798393E+01    0.742891903815961996E+01    0.262893629074096691E+00    0.211597100337567312E+01    0.632644814252853349E+00    0.221345589971542323E+01    0.151201145700204815E+02    0.149316265061828890E+02    0.149403426878357344E+02
    0.122317753350498284E-70    0.317636576433926393E+03    0.529731788628845646E+01    0.234076055266061589E+01    0.515650628513816134E+01    0.686599436835429167E+01    0.714142247847261835E+01    0.242423777389399214E+00    0.206879753127886179E+01    0.360557056825909994E+00    0.263550302932729208E+01    0.151729226121115737E+02    0.150771032958558511E+02    0.149832242474468718E+02
    0.430563028449909055E-10    0.388094222221761243E+02    0.711997032165527344E+01    0.412384128570556641E+01    0.401687580347061157E+01    0.637038981372484781E+01    0.675194096120704312E+01    0.411858081817626953E+00    0.164434605643786780E+01    0.355592149496078536E+00    0.233544536137580838E+01    0.147733475884625776E+02    0.147284083202779978E+02    0.147382778673563646E+02
    0.586175226830889281E-32    0.139506116221765751E+03    0.692452635278069195E+01    0.152149762259594690E+01    0.450927450744541858E+01    0.688464268000801116E+01    0.732061456384896747E+01    0.462276911137759483E+00    0.417512698349072409E+01    0.434262346624975315E+00    0.261536118593331457E+01    0.153887805871263463E+02    0.151238697539935103E+02    0.152219458293294938E+02
    0.294484420585701416E-25    0.108646710252487637E+03    0.586624511990938657E+01    0.527736907098555696E+00    0.535063902416630199E+01    0.725851986002173533E+01    0.751492931317720902E+01    0.388680478092155335E+00    0.247923283572648323E+01    0.618692219093928464E+00    0.259907278260348562E+01    0.152020951556499249E+02    0.148942693826617099E+02    0.149717229048991527E+02
    0.280769717662247222E-79    0.357421282850249156E+03    0.429675705591112678E+01    0.491276032092250592E+01    0.458169171797698738E+01    0.748493349237706429E+01    0.780644212003661586E+01    0.422585456226457601E+00    0.390988054910265248E+01    0.297485920062579123E+00    0.226346892011302092E+01    0.154978264012870888E+02    0.151327266913596521E+02    0.152479416737325799E+02
    0.253225859834594275E-53    0.237893364026858734E+03    0.594138305098947850E+01    0.258191624631873218E+01    0.454636239563173827E+01    0.597136921054595504E+01    0.680442366703384049E+01    0.393782513477461960E+00    0.401065129085461169E+01    0.531113589189106450E+00    0.235092989136165720E+01    0.154162099003370923E+02    0.150544559705711745E+02    0.150585565695128505E+02
    0.226431055192224725E-69    0.311799769623876045E+03    0.792305036200141277E+01    0.264444585973979640E+01    0.224340772691242485E+01    0.781999877119457043E+01    0.785976848477823431E+01    0.174748274062183850E+00    0.211997981546686542E+01    0.870645852101220141E+00    0.249215486249874640E+01    0.151777232672814453E+02    0.151696740377165948E+02    0.148893282059955254E+02
    0.147334120023239825E-67    0.303448904399058904E+03    0.731307792663574219E+01    0.290529966354370117E+01    0.324188637733459473E+01    0.499262665991116705E+01    0.582623881587513903E+01    0.247519385814666759E+00    0.271950953314638166E+01    0.697079253196716264E+00    0.250260527205467209E+01    0.152363817136641586E+02    0.151184831302169300E+02    0.149186932455812045E+02
    0.402183763851292077E-64    0.287624981490578080E+03    0.618437405720402822E+01    0.357099496076603007E+01    0.517218577351995012E+01    0.643241800328806068E+01    0.653061661958893769E+01    0.182773486231167182E+00    0.154266717747478199E+01    0.808219105183695663E+00    0.247455939976516825E+01    0.152247262158633436E+02    0.150253543823789748E+02    0.149722682710208304E+02
    0.129821261963634824E-62    0.280676142142096978E+03    0.643387031555175781E+01    0.192498540878295898E+01    0.389281648397445679E+01    0.540040734188104565E+01    0.670092522301640336E+01    0.311770808696746837E+00    0.174055683689387442E+01    0.913606262207031228E+00    0.256372200995683652E+01    0.150998275126043016E+02    0.147671781583251320E+02    0.148023017639120127E+02
    0.287538593819566022E-07    0.258013849244116145E+02    0.755617144493883952E+01    0.481180664184526741E+01    0.667651515509578353E+01    0.638788122773926492E+01    0.701233375933052194E+01    0.311499861435510617E+00    0.157825936362957098E+01    0.979705077054650042E+00    0.269166476571007962E+01    0.149918462390375584E+02    0.147915463110529846E+02    0.147288653117802912E+02
    0.494015114414446013E-80    0.360896390457342193E+03    0.304785631490701014E+01    0.387269998439105256E+01    0.525559253577225327E+01    0.520057052914895390E+01    0.560394752415474340E+01    0.404103859237738616E+00    0.366114805484418193E+01    0.276057578817540727E+00    0.263608214948490538E+01    0.155233549835581783E+02    0.151576571343293871E+02    0.151656568984999609E+02
    0.156351877710821850E-03    0.859920017467065101E+01    0.445959426442673745E+01    0.344607986131547417E+01    0.774564363846816750E+01    0.503244581545536462E+01    0.649315905327938836E+01    0.496336711754780224E+00    0.223379251250170263E+01    0.113563884780232938E+00    0.258352044329479913E+01    0.149711728233321697E+02    0.148624763600802652E+02    0.148603471900165403E+02
    0.139414527313951378E-03    0.882851494955498417E+01    0.543209886210964310E+01    0.915161213461990641E+00    0.751197506871815079E+01    0.664986650069657426E+01    0.709358920975179963E+01    0.378115615524435400E+00    0.202227928193186290E+01    0.266357790731540200E+00    0.220958418326468564E+01    0.149781766501384705E+02    0.148332058705767267E+02    0.148695042184565249E+02
    0.238442876206416835E-02    0.314998863791362238E+01    0.454516824936772768E+01    0.385404278598218797E+01    0.736216681763738023E+01    0.619804038124345702E+01    0.625582542329713220E+01    0.421088315072680186E+00    0.375167950256314731E+01    0.640061167821982524E+00    0.227703278891152472E+01    0.154433049331201975E+02    0.150648109726751382E+02    0.150768512481261201E+02
    0.480815900904971033E-42    0.185954086706316076E+03    0.569820640108273224E+01    0.348048359405939012E+01    0.631894763183133801E+01    0.502879805685288694E+01    0.644936751230415606E+01    0.382542199173126263E+00    0.271880503645967764E+01    0.407396491093328872E+00    0.282079519786846067E+01    0.151547968054041196E+02    0.150328470051690815E+02    0.149904721270400874E+02
    0.341815669360841188E-84    0.380053660200126785E+03    0.357179208324326192E+01    0.293617121029339412E+01    0.718638314238780396E+01    0.319634642593362273E+01    0.473858780591968465E+01    0.391903677820041429E+00    0.411096836190155912E+01    0.470239175275547372E+00    0.262192294908265655E+01    0.154983108301051349E+02    0.152087833956750060E+02    0.152532845796102130E+02
    0.600417371089136030E-80    0.360506272619007973E+03    0.745830093539459948E+01    0.169815275532151566E+01    0.762295499667923515E+01    0.522839006703327236E+01    0.601422099074869898E+01    0.277176638527909414E+00    0.196623314863098986E+01    0.191303588072653519E+00    0.265533019716664320E+01    0.152940055929679524E+02    0.149922031113791991E+02    0.148755552141344189E+02
    0.928483668754971098E-76    0.341213736355210017E+03    0.163630896151054395E+01    0.412865015129876944E+01    0.132839232568937415E+01    0.545749088312810393E+01    0.584502392719878205E+01    0.239160365074495007E+00    0.169923248850724762E+01    0.458496573752873893E+00    0.232780807733394690E+01    0.150363797073846097E+02    0.149221359872005159E+02    0.149180545504142561E+02
    0.647523662381487192E-67    0.300487999590649110E+03    0.797400294836597467E+01    0.391984308213886257E+01    0.269946288557971759E+01    0.613744360982679549E+01    0.662310227181981581E+01    0.380048055831691545E+00    0.229649919909722122E+01    0.371341902024743042E+00    0.244653685498450812E+01    0.152897829569913561E+02    0.149691247066971176E+02    0.149129242840734690E+02
    0.166065269587309575E-12    0.499251882328280985E+02    0.326137767364188713E+01    0.171688372253120058E+01    0.170834626280241220E+01    0.462005611723856191E+01    0.673502414404592376E+01    0.357068916067170838E+00    0.226624080184540899E+01    0.401098264947048699E+00    0.231404944736934226E+01    0.152318785614791743E+02    0.149446609024209103E+02    0.149257836351195632E+02
    0.235533137309334712E-10    0.400159064355754666E+02    0.591090705530763127E+01    0.236775298026595005E+01    0.270287892182386891E+01    0.358512101564616081E+01    0.376571695352415325E+01    0.334779186476096946E+00    0.307552148545451987E+01    0.527513211330337906E+00    0.229775718665958273E+01    0.153514413198330768E+02    0.150654324710107694E+02    0.150982464307106650E+02
    0.211463005551620930E-85    0.385619273475608850E+03    0.686450099945068359E+01    0.889783859252929688E+00    0.576615798473358154E+01    0.221008435118654445E+01    0.292839874897995678E+01    0.506909203529357866E+00    0.230041520270428057E+01    0.654715532064437888E+00    0.224717716664075828E+01    0.152611515942612748E+02    0.148808772783617727E+02    0.148841781051593731E+02
    0.120147503311004847E-45    0.202543125808760806E+03    0.574976644269241710E+01    0.104897623054505562E+01    0.707363711649750471E+01    0.311128902538330543E+01    0.315227196741805171E+01    0.333240130382356503E+00    0.324126697291950139E+01    0.687982889971828993E+00    0.225332194213570158E+01    0.153531567462653378E+02    0.150983740161509790E+02    0.149452410779959060E+02
    0.712630015156653852E-97    0.438451491098723466E+03    0.628336468111355462E+01    0.359422633314118722E+00    0.581497976209197454E+01    0.209658228227942089E+01    0.354234965172973837E+01    0.322598081094054523E+00    0.407092226929175460E+01    0.825936430211147044E+00    0.222268766812844643E+01    0.153989268602089027E+02    0.150843919095864933E+02    0.151879356980084843E+02
    0.313186640670601054E-43    0.191416627183386936E+03    0.614140272140502930E+01    0.874065399169921875E+00    0.788505035638809204E+01    0.605634432223197283E+01    0.666610944715333709E+01    0.441905581951141380E+00    0.362187785044083022E+01    0.141268414258956920E+00    0.256994836837053287E+01    0.154749110106465313E+02    0.150882334357000687E+02    0.151682339829544031E+02
    0.251946235729828239E-04    0.122501571187072535E+02    0.728193378448486328E+01    0.612135410308837891E+00    0.629488798975944519E+01    0.463440721043057913E+01    0.635429488156201394E+01    0.403622663021087624E+00    0.243910217817944908E+01    0.595305943489074729E+00    0.232241246575117088E+01    0.152751129297625194E+02    0.149412792775428755E+02    0.149346895918525160E+02
    0.201011346029917418E-27    0.118620780116622470E+03    0.780519165479068722E+01    0.225984160932894573E+01    0.764900140202690260E+01    0.414400500128242744E+01    0.505658701183770898E+01    0.484801033135755177E+00    0.336680981488410769E+01    0.402830445976669949E+00    0.244061445624620710E+01    0.152211957294089419E+02    0.150745894833882215E+02    0.150718093937286479E+02
    0.628420527535921756E-12    0.472635308911521932E+02    0.617914477882377255E+01    0.251545022571635313E+01    0.691776653637839800E+01    0.362735679138931388E+01    0.484391735921745159E+01    0.340011038959542544E+00    0.270677410314021927E+01    0.409125978251003275E+00    0.221845036709906296E+01    0.151749124074213348E+02    0.149861139942358506E+02    0.150124518701693628E+02
    0.888885900931241314E-58    0.258407840827269752E+03    0.688285923004150391E+01    0.382552766799926758E+01    0.534962522983551025E+01    0.349083297576854967E+01    0.529721305868021020E+01    0.302430427074432351E+00    0.382328861917401586E+01    0.537722563743591286E+00    0.226306004828214613E+01    0.153941532264724277E+02    0.151370579216463561E+02    0.150890619626244025E+02
    0.580242337503460055E-58    0.259260886911888349E+03    0.687340379333298124E+01    0.134072195603482625E+01    0.733684990861856612E+01    0.312151662616266012E+01    0.431918327686822501E+01    0.327237268055262875E+00    0.244534686199718054E+01    0.598645451221173075E+00    0.262458374719077447E+01    0.152424977155032799E+02    0.149579334680056828E+02    0.149338940300642058E+02
    0.263904205382913861E-11    0.443936074917665522E+02    0.741381823969045595E+01    0.149480219025136263E+01    0.749464222791391776E+01    0.266132990305586237E+01    0.384559630229042915E+01    0.225908367559552653E+00    0.160466007265332178E+01    0.639528475978413891E+00    0.257969831586676257E+01    0.150238099261138149E+02    0.147931053406976520E+02    0.147987948243571825E+02
    0.702579582235132598E-29    0.125328325839126279E+03    0.633132684222151898E+01    0.350138008423795721E+00    0.784017088284409525E+01    0.499327037800737905E+01    0.582406702222095074E+01    0.272408802018052731E+00    0.187164580425965776E+01    0.675445128643617498E+00    0.249409073190925579E+01    0.151506312000166101E+02    0.147943966370598758E+02    0.148305263831210770E+02
    0.138132147604163386E-78    0.354234760674179824E+03    0.582771164047276446E+01    0.480596107897180574E-01    0.752498002987078340E+01    0.643344876684421418E+01    0.659319360119548392E+01    0.430271073667414572E+00    0.384539479719606492E+01    0.434179060899048785E+00    0.248763253742703627E+01    0.154395482619081434E+02    0.151829668486560436E+02    0.151976124542474871E+02
    0.160876063026977997E-89    0.404586785809282560E+03    0.687097915863884534E+01    0.234589261898506063E+01    0.434785120402677094E+01    0.411776947517016634E+01    0.574621159864168884E+01    0.221898460508892975E+00    0.186630275266908097E+01    0.739506592206268132E+00    0.252313233870262055E+01    0.152817360631454502E+02    0.151941549408690477E+02    0.149508909126230556E+02
    0.794797380876657687E-47    0.207974732114439405E+03    0.740642681402045877E+01    0.136200585649262806E+01    0.446079825272606811E+01    0.395742191422213985E+01    0.408409257284752325E+01    0.276337133710860550E+00    0.153414650373230343E+01    0.860644448566721176E+00    0.243421450986096977E+01    0.150738202395921235E+02    0.148740859346427481E+02    0.147352486172006181E+02
    0.270823138692709809E-76    0.343677909972636257E+03    0.563906576133190995E+01    0.148659526440569700E+01    0.621092688228537604E+01    0.219563461329224152E+01    0.567409080064114768E+01    0.248420612322953843E+00    0.154051392371713347E+01    0.337324397551676092E+00    0.284850533651213134E+01    0.148517063109767768E+02    0.147742620853714399E+02    0.147930094653091846E+02
    0.135709493154724813E-70    0.317428787780224411E+03    0.656505241211739587E+01    0.375282759702863444E+01    0.536220303791034247E+01    0.219967365560618600E+01    0.345441345996456262E+01    0.272142807740451742E+00    0.261341595141955985E+01    0.763865743265271124E+00    0.289637458546106652E+01    0.150454195079588988E+02    0.150581211792593290E+02    0.148496879494412468E+02
    0.374329523719793654E-49    0.218690973939199381E+03    0.263855999815126330E+01    0.999532310758420861E+00    0.580230991078757796E+01    0.312880416999714939E+01    0.440966132776715902E+01    0.275338830041654936E+00    0.248350238045901150E+01    0.222401036844365796E+00    0.290594959803446384E+01    0.152926516173278291E+02    0.150622056450434663E+02    0.150735742003469895E+02
    0.180193758747033244E-07    0.267360336867519841E+02    0.268462067112950376E+01    0.207347751791428170E+01    0.602597029117171967E+01    0.259691041754675522E+01    0.311130226079298788E+01    0.232031646059117802E+00    0.197992523728797920E+01    0.808512212235305006E+00    0.298413335763090659E+01    0.153047671274295496E+02    0.149530443492970360E+02    0.149503141542230811E+02
    0.426610515318737047E-08    0.296175263818743666E+02    0.465603828430175781E+01    0.112040138244628906E+01    0.494213151931762695E+01    0.290058047911184547E+01    0.330039016573564759E+01    0.254399073123931896E+00    0.184097296985705494E+01    0.616392397880554221E+00    0.289096633201837516E+01    0.151389313645735193E+02    0.148281693645152632E+02    0.149047214591598483E+02
    0.134233919049831926E-52    0.234557589589875903E+03    0.634418152535133473E+01    0.752965208058610669E+00    0.554347015240365426E+01    0.212552921081334700E+01    0.323590402759953744E+01    0.228253371058881133E+00    0.249986905691978789E+01    0.700910416377882206E+00    0.287585304105827877E+01    0.153657607099752376E+02    0.149620033735870628E+02    0.149984209925244762E+02
    0.188682093883713028E-97    0.441109288732753271E+03    0.349841451644897461E+01    0.305329799652099609E+00    0.652621734142303467E+01    0.299895005465091025E+01    0.481225989999491155E+01    0.396320474147796586E+00    0.313662926913714424E+01    0.831300210952758745E+00    0.283236559146642675E+01    0.153640650657400837E+02    0.150591009727418754E+02    0.149932608766220721E+02
    0.123350460532337749E-05    0.182836995806167693E+02    0.479858922958374023E+01    0.185761928558349609E+01    0.645978349447250366E+01    0.260736109015358553E+01    0.461039296088274853E+01    0.346665453910827592E+00    0.317708177168077244E+01    0.624616265296936035E+00    0.293462932825088529E+01    0.153468185184291865E+02    0.150384806475395045E+02    0.150078006550062568E+02
    0.317318822919249817E-43    0.191390411763217969E+03    0.810327134916401848E+00    0.159627855323943169E+01    0.603659317776595117E+01    0.343193145966602309E+01    0.530620272150744388E+01    0.407368475896680460E+00    0.327384216886121759E+01    0.281860799893617897E+00    0.268882846228408390E+01    0.154212382632672629E+02    0.150395799381255824E+02    0.150747840120792311E+02
    0.282320421876073566E-73    0.329779246033457298E+03    0.371820735931396484E+01    0.407047843933105469E+01    0.617716896533966064E+01    0.402449262957036602E+01    0.504282652585151592E+01    0.280048179626464833E+00    0.335083327521829588E+01    0.769380503892898582E+00    0.274751941424608237E+01    0.153742489970355081E+02    0.151995942717617254E+02    0.150755654388318998E+02
    0.212687194479626679E-53    0.238242282629495577E+03    0.325431295725048253E+01    0.268470677065842978E+01    0.732190250621130190E+01    0.326653028161303727E+01    0.567575339461334583E+01    0.283906293541656640E+00    0.304452982445399645E+01    0.660621512454672821E+00    0.297589839944784096E+01    0.153877520100929353E+02    0.151408939682042654E+02    0.150411968877833200E+02
    0.577752949328323881E-72    0.323741868486851331E+03    0.218179988861083984E+01    0.271227359771728516E+00    0.652630987763404846E+01    0.274692183038282156E+01    0.476728386370248103E+01    0.411882793903350808E+00    0.446163124400917255E+01    0.887649238109588623E+00    0.295667485743761072E+01    0.155021131383688093E+02    0.152377432276295544E+02    0.152261957333222995E+02
    0.600710901022040257E-66    0.296032912501130397E+03    0.528923593353540689E+01    0.738750039230744671E+00    0.686266141151065678E+01    0.257674631290622802E+01    0.572227307430935817E+01    0.450877915528420048E+00    0.271275229867383194E+01    0.771549765625409001E+00    0.275041272723379526E+01    0.152479801499463772E+02    0.149694247257333970E+02    0.148794442201162749E+02
    0.839451197407919738E-73    0.327599834697024676E+03    0.721953010559082031E+01    0.305273056030273438E+01    0.511456760764122009E+01    0.346540759994009973E+01    0.647984074759714890E+01    0.354842293262481734E+00    0.219041428153947004E+01    0.604553395509719871E+00    0.304305171483755110E+01    0.149655681316278280E+02    0.149736242270894291E+02    0.148960591046384785E+02
    0.156607021968870810E-66    0.298721660833489523E+03    0.635631897454571604E+01    0.316003291597831582E+00    0.498528024425241334E+01    0.289063489792264017E+01    0.418230673542004627E+01    0.279504863709226781E+00    0.351158874040571423E+01    0.562677556511740118E+00    0.281979557310142370E+01    0.153212393345196851E+02    0.151190554861731812E+02    0.150033199705768521E+02
    0.127928081757313691E-45    0.202417629683669247E+03    0.487333468933829739E+01    0.222722999533822685E+01    0.735492256303103176E+01    0.367675934343050059E+01    0.446981285421301955E+01    0.290159313887154546E+00    0.227671037213716954E+01    0.476800784047434201E+00    0.298752633502746656E+01    0.151560322689719680E+02    0.150438935448947362E+02    0.149615669617921778E+02
    0.454105566860667214E-08    0.294926098973284141E+02    0.544529438018798828E+01    0.136241436004638672E+01    0.563453796505928040E+01    0.328295581841747630E+01    0.516315182804413286E+01    0.302088141441345215E+00    0.268992904091698559E+01    0.786264097690582253E+00    0.273077474063634895E+01    0.150817310129337336E+02    0.149531341665074624E+02    0.149166215777357412E+02
    0.997483473788417792E-24    0.101601521105417959E+03    0.326679469080915030E+01    0.113153308635182959E+01    0.713290116576162525E+01    0.365657670451197658E+01    0.493434569240389997E+01    0.216390505804655492E+00    0.225539885550912089E+01    0.971959431335471691E+00    0.284237146371885530E+01    0.151400412083995874E+02    0.149875134694963812E+02    0.149167872691326213E+02
    0.252334715065562653E-92    0.417502052033449161E+03    0.552313375473022461E+01    0.340678119659423828E+01    0.584098446369171143E+01    0.394445428199521375E+01    0.599394853418734730E+01    0.206853878498077404E+00    0.227143669494545453E+01    0.899381595849990889E+00    0.272912422937154764E+01    0.149798457163006429E+02    0.151255451155341820E+02    0.148695034836189954E+02
    0.767339120332208657E-85    0.383041515928110357E+03    0.541196519085757011E+01    0.300626542015407683E+01    0.668044246304248723E+01    0.367438639232492115E+01    0.563632366944797347E+01    0.309413922904876737E+00    0.234357906796372806E+01    0.913399225057902608E+00    0.272184554958408009E+01    0.149818201044512964E+02    0.149559115735363690E+02    0.148339663024447255E+02
    0.327748440787436056E-17    0.715913082348742620E+02    0.585808563232421875E+01    0.159454679489135742E+01    0.501581940054893494E+01    0.360778202520276636E+01    0.555279642311788635E+01    0.360102820396423384E+00    0.152573803816192743E+01    0.456933516263961836E+00    0.292748561429977405E+01    0.149383165951715977E+02    0.147160761832993661E+02    0.147180330051787376E+02
    0.307872752190838637E-03    0.724404525092173124E+01    0.776871641641131117E+01    0.216904318119037209E+00    0.760659017642453428E+01    0.374538831564160946E+01    0.387825134243113201E+01    0.242883846793840674E+00    0.191166212245696698E+01    0.787658752562963249E+00    0.277062952250217709E+01    0.152993563190606245E+02    0.149115181337100218E+02    0.149153898147651240E+02
    0.670934413001530619E-73    0.328047988606746401E+03    0.166462975258349966E+01    0.768209661598849847E-01    0.483554530038322206E+01    0.265997486049026621E+01    0.349221867064573654E+01    0.281849177485436142E+00    0.280932750726503588E+01    0.663508377179066300E+00    0.282469552696437853E+01    0.153736286197327523E+02    0.150439452503340370E+02    0.151849596032303111E+02
    0.254628146079365219E-47    0.210251298084722350E+03    0.748425468267011240E+01    0.135405636107669508E+00    0.714210363399368831E+01    0.290746557234227510E+01    0.547615995131010713E+01    0.467849674482138878E+00    0.309700339903662503E+01    0.558781436517712726E+00    0.275807631125854513E+01    0.151751544759262860E+02    0.150540796318719003E+02    0.150224750308784571E+02
    0.136845209524368842E-46    0.206888035500005003E+03    0.792790362342998289E+01    0.241835772573499286E+01    0.752319034754229587E+01    0.399938830926108402E+01    0.422696702583254336E+01    0.278357951716589391E+00    0.259188204713246773E+01    0.697028224352582937E+00    0.288451919092262710E+01    0.152827037865273780E+02    0.149122469507134205E+02    0.148745233749493497E+02
    0.364717413063335236E-87    0.393739468298777581E+03    0.412756765135799153E+01    0.254372946973349467E+01    0.704027497377430844E+01    0.228391154742193381E+01    0.320107483872874843E+01    0.251369211506771439E+00    0.340152990208059203E+01    0.757977033312785431E+00    0.235981824050313671E+01    0.153787658741676765E+02    0.150075762762631371E+02    0.151315628035721037E+02
    0.464467509701193215E-23    0.985250388634510443E+02    0.649475701475649636E+01    0.498121947478023674E+01    0.537258492591544456E+01    0.333585115175498625E+01    0.483132560718839876E+01    0.395134334973964996E+00    0.350251470541298149E+01    0.358808482655848082E+00    0.277250676776183935E+01    0.153285997958277296E+02    0.150914015369834367E+02    0.151407481590304620E+02
    0.255951293325947802E-09    0.352444651457243552E+02    0.771063029723672422E+01    0.267902758736653723E+01    0.728309137691509889E+01    0.228848729959757646E+01    0.470619883864532085E+01    0.244363009101551842E+00    0.217645135912689236E+01    0.823321812094231720E+00    0.264840748120807445E+01    0.152280295766582032E+02    0.149838709479707539E+02    0.148474174140743003E+02
    0.167627195006084793E-03    0.845993348914457144E+01    0.143611066045270630E+01    0.263261531362260115E+01    0.400088762707825829E+01    0.261190746948553443E+01    0.603682398296115785E+01    0.394342079318617311E+00    0.319937241353581392E+01    0.698893110867262690E+00    0.295531519640835683E+01    0.152755203259867045E+02    0.150384105098478322E+02    0.150551881756887411E+02
    0.223563382005506783E-75    0.339456281828319675E+03    0.110983828419838643E+00    0.415348753557769257E+01    0.381464580652077512E+01    0.296275537035572967E+01    0.670754137342761325E+01    0.469493236717141604E+00    0.466909109349029805E+01    0.751375509062156666E+00    0.299613004525905957E+01    0.155507305847760957E+02    0.151948794824330218E+02    0.152388475707616102E+02
    0.225624652894483974E-05    0.170760131523001277E+02    0.104753494262695312E+00    0.779273509979248047E+00    0.150351452827453613E+01    0.275399140432613265E+01    0.714004526984612387E+01    0.351737618446350098E+00    0.226579255685968395E+01    0.268606662750244141E+00    0.305531805586814897E+01    0.151226506519468273E+02    0.148715948108589977E+02    0.149137244663502031E+02
    0.188046160721727233E-69    0.312171275699984562E+03    0.269217208153910237E+01    0.151302007774578962E+01    0.265787572222586910E+01    0.323954979213225469E+01    0.646371227689293981E+01    0.374363715359759541E+00    0.355398104442401941E+01    0.566663297745651828E+00    0.271113392761921279E+01    0.153809358769210132E+02    0.151803432660048401E+02    0.151373318975051454E+02
    0.808955927247329690E-92    0.415172076039576609E+03    0.167787917073900283E+01    0.296065508446685843E+01    0.296468621161473589E+01    0.269097793040557587E+01    0.484125056597611980E+01    0.473523502206366298E+00    0.632807253900424982E+01    0.871431906381718857E+00    0.278368678982340390E+01    0.155987344045276046E+02    0.152308459456751759E+02    0.152759045064331982E+02
    0.480058305277482867E-83    0.374769218109001088E+03    0.306131076812744141E+01    0.146941471099853516E+01    0.154719385504722595E+01    0.249325378960488209E+01    0.491563327087391411E+01    0.533001875877380349E+00    0.572821083948204546E+01    0.704086202383041426E+00    0.294027024501562106E+01    0.154141913139917559E+02    0.152897945987702517E+02    0.151979951905464308E+02
    0.119558086022136120E-37    0.165711600027707021E+03    0.247461931017959857E+01    0.269145992504418974E+01    0.193380251832023831E+01    0.239555559309195765E+01    0.492466832026358503E+01    0.317591582247204351E+00    0.359022029334719672E+01    0.896884789077580624E+00    0.284218884538821470E+01    0.152567343723571405E+02    0.150955464180385164E+02    0.151339004835434405E+02
    0.522191267063264140E-17    0.706597330999560569E+02    0.100398492813110352E+01    0.755009651184082031E+00    0.206515747308731079E+01    0.248427333823277596E+01    0.445128747676635150E+01    0.458954024314880416E+00    0.398987394587571043E+01    0.982063478231430032E+00    0.283640361565351462E+01    0.154247179404986774E+02    0.151452885523125289E+02    0.151785839526664130E+02
    0.188325723191864749E-39    0.174013198989569361E+03    0.437039179886620577E+01    0.278544682073675842E+01    0.254873976380823919E+01    0.277818085730907471E+01    0.552480959647600223E+01    0.351104878977503976E+00    0.286847068407744121E+01    0.791089418840657976E+00    0.264556329729532314E+01    0.151292774954881057E+02    0.149436591428077676E+02    0.149804445263667194E+02
    0.681359901176195078E-86    0.387884362487084275E+03    0.197231006622314453E+01    0.277615308761596680E+01    0.407689291238784790E+01    0.217064224053628596E+01    0.524992880253523708E+01    0.447135353088378928E+00    0.351248104844329356E+01    0.755575066804885842E+00    0.288174323499202734E+01    0.154119312225524840E+02    0.151333677077035276E+02    0.150865495517625110E+02
    0.403441100090412926E-18    0.757809101424006144E+02    0.311631680986326787E+01    0.853423480617337638E+00    0.275296684921108259E+01    0.245726779447790156E+01    0.557407580232480981E+01    0.367180448440456608E+00    0.308690135885777295E+01    0.329568293773217613E+00    0.302376730996993537E+01    0.152765251252618484E+02    0.150652037010829289E+02    0.150683488133908607E+02
    0.225331592438189544E-06    0.216837827966665770E+02    0.357146129922916922E+01    0.120959875947973505E+01    0.149756486668848598E+01    0.298768760416032197E+01    0.524304524067867117E+01    0.371511627952216372E+00    0.350134013085119600E+01    0.630498083887914174E+00    0.275548093068881972E+01    0.154242242373560252E+02    0.150401598288362592E+02    0.151201952254437018E+02
    0.565154318818239404E-04    0.106343908986387525E+02    0.227491460579260174E+01    0.530290017656141255E+00    0.322834388622015434E+01    0.243204119942963626E+01    0.501311849140334687E+01    0.216831530361164621E+00    0.160727260907007752E+01    0.538784084135262353E+00    0.284315337083350750E+01    0.151060259653038109E+02    0.148361128640435762E+02    0.148513494510152331E+02
    0.165810959397428211E-21    0.913747850282023251E+02    0.411198902130126953E+01    0.201365327835083008E+01    0.268432173132896423E+01    0.209667593225650606E+01    0.603938947017552508E+01    0.377031242847442605E+00    0.323063277320106046E+01    0.379082989692688055E+00    0.288360942196846004E+01    0.153185881274495230E+02    0.150933640818073798E+02    0.151012537340481146E+02
    0.376668680440755641E-58    0.260125046652351500E+03    0.731229317379831478E+01    0.134114729985178172E+01    0.219636777595158783E+01    0.278906276188394386E+01    0.641045067836993976E+01    0.297290722416253872E+00    0.336027368616607980E+01    0.558067916613156800E+00    0.300996309238840443E+01    0.151938843669128758E+02    0.149974801852948492E+02    0.150377105522660308E+02
    0.180246902947271136E-84    0.381333548238629987E+03    0.282758188247680664E+01    0.191583156585693359E+00    0.735782712697982788E+00    0.326588984019269057E+01    0.626861072368862438E+01    0.394493603706359885E+00    0.367253847262370003E+01    0.930498224496841386E+00    0.303815012753009794E+01    0.153374186071808616E+02    0.151055080012234395E+02    0.150244406069202636E+02
    0.156581880423836132E-87    0.395430555843146976E+03    0.209822475709739953E+01    0.208483079667398474E+01    0.165713615942007908E+01    0.264334452783080742E+01    0.826196016465891958E+01    0.382583818770713679E+00    0.233807530146320142E+01    0.824641369157236293E+00    0.298321125220508510E+01    0.152023867241680843E+02    0.149825346954823235E+02    0.148884008921319708E+02
    0.114636621552647697E-78    0.354607647684710059E+03    0.313763809204101562E+01    0.122364187240600586E+01    0.213959369063377380E+01    0.305798514376132680E+01    0.777076234554700207E+01    0.508477044105529741E+00    0.315292340907991520E+01    0.857330191135406539E+00    0.296626397567987432E+01    0.152019230743853306E+02    0.150254281366860116E+02    0.149521531746960044E+02
    0.590798137676954478E-77    0.346723063327885598E+03    0.242198166370947865E+01    0.489133138174541848E+00    0.229877270044014947E+01    0.246668517823361499E+01    0.781980067079350150E+01    0.506672904373421495E+00    0.529541820155399101E+01    0.958190059773561531E+00    0.288022279254818070E+01    0.154906643440770644E+02    0.152422532269195710E+02    0.153138519112514349E+02
    0.110692931324311111E-18    0.783674511848145414E+02    0.313181504147858769E+01    0.888609933881524205E+00    0.476042743980858685E+01    0.269804196548425024E+01    0.805218241060802242E+01    0.309321750326266409E+00    0.406747002622472120E+01    0.941991038757573174E+00    0.288012468676606881E+01    0.153589881336068963E+02    0.150506818200830317E+02    0.151100065566163551E+02
    0.116586697193680969E-17    0.736585306091741501E+02    0.284718516490261564E+01    0.821319075192028181E+00    0.128989303419312229E+01    0.224661708241034086E+01    0.645698274578725950E+01    0.343163195744991101E+00    0.183079681975380537E+01    0.588541023884008307E+00    0.295573807122877863E+01    0.152378452389009524E+02    0.148524048192514186E+02    0.147898965304702870E+02
    0.166551936141103070E-13    0.545245058424287379E+02    0.337922342963390809E+01    0.694698131167465260E+00    0.284764189878145491E+01    0.276290127979994615E+01    0.740560288399016287E+01    0.379919047521365960E+00    0.275904985376410394E+01    0.466591436171573171E+00    0.274848463931022557E+01    0.152464439571390287E+02    0.149992917994134647E+02    0.150442314298573763E+02
    0.622264395692657700E-60    0.268331388811217607E+03    0.342193931099543880E+01    0.171688948337525571E+01    0.190034147007392384E+01    0.324269212752600877E+01    0.827957161840302014E+01    0.468494928058989069E+00    0.399949911141597392E+01    0.517155759977037444E+00    0.293108641180856555E+01    0.152527184374875127E+02    0.151048306052858781E+02    0.151906384654402267E+02
    0.299952359184714086E-01   -0.191416932897209890E+01    0.486376972580088207E+01    0.109676397536032844E+01    0.229237812189102552E+01    0.390305254260641199E+01    0.483994895885714538E+01    0.271498253568345671E+00    0.232889053688626513E+01    0.957913445550715115E+00    0.267469263568234750E+01    0.150783970701662184E+02    0.148589901147196564E+02    0.148229220619716351E+02
    0.875390892163648312E-24    0.101862651226404097E+03    0.244758367691049239E+01    0.201566805241136260E+01    0.428199482748666860E+01    0.408011222816320895E+01    0.521404749420545865E+01    0.447043676764972586E+00    0.219283859934570824E+01    0.814836684339330208E+00    0.291663731106731916E+01    0.149929895225968099E+02    0.148201569949227725E+02    0.148608016686261539E+02
    0.780916066802140682E-41    0.180378950078845378E+03    0.290218353271484375E+01    0.248591423034667969E+00    0.333356383442878723E+01    0.444148464371337415E+01    0.677546379462860138E+01    0.381098365783691384E+00    0.425834407687304051E+01    0.656713670492172219E+00    0.298078463900089252E+01    0.154875668725080686E+02    0.151802460408751241E+02    0.151051742226717849E+02
    0.185132818983745137E-38    0.169442227855373403E+03    0.739355300575782604E+01    0.122127484905452041E+00    0.418710332452174327E+01    0.445169321164286735E+01    0.568041381136093904E+01    0.364557116099319511E+00    0.224434333670558717E+01    0.818455369949097622E+00    0.282186349434892714E+01    0.149308708245346509E+02    0.148116412147457233E+02    0.147969134539399647E+02
    0.460937936055225587E-09    0.340679126676170085E+02    0.313764762976901901E+01    0.381081781100332861E+00    0.387533492430219217E+01    0.414585468894096110E+01    0.494467941234919106E+01    0.460312189696253649E+00    0.459841840633746823E+01    0.742370873161543932E+00    0.281855829480659459E+01    0.152284289639793293E+02    0.151114714686716436E+02    0.150990936525858057E+02
    0.179581981536046621E-23    0.100425558430798034E+03    0.259623992990001051E+01    0.523178640331660505E+00    0.122722453540673304E+01    0.762724656274743751E+01    0.783576101892933163E+01    0.377258697372452878E+00    0.242033192101754846E+01    0.952570430987995209E+00    0.273091344525010493E+01    0.149547332968213844E+02    0.149320933961488880E+02    0.148939849299650913E+02
    0.224779118447549631E-09    0.355042030291151249E+02    0.496934652328491211E+01    0.161602497100830078E+01    0.277090701460838318E+01    0.389824015965296677E+01    0.567835167915997552E+01    0.319910061359405529E+00    0.178642293027922516E+01    0.804404735565185547E+00    0.289268652546405791E+01    0.150561684898090924E+02    0.148298967321527950E+02    0.147722462468350031E+02
    0.337144626663857029E-07    0.254830751105530240E+02    0.254792548538485031E+01    0.222294829980171887E+00    0.108589208953833660E+01    0.458626858713675833E+01    0.593411280931552465E+01    0.523129240790894623E+00    0.505685164507463192E+01    0.681422328926308385E+00    0.305052494191792434E+01    0.154237769025769378E+02    0.151941880804172982E+02    0.152111655149525742E+02
    0.452671089494807518E-33    0.144628192361283254E+03    0.251430892944335938E+01    0.141041421890258789E+01    0.103926795721054077E+01    0.456159899218821607E+01    0.540036754745002767E+01    0.414602231979370073E+00    0.375517898613142975E+01    0.945679956674575828E+00    0.293705509805679332E+01    0.152073708913909833E+02    0.151037128718684830E+02    0.150271660465013603E+02
    0.440255025725052546E-87    0.393363005658805093E+03    0.253308013717996428E+01    0.283318615587278977E+01    0.179512590809954031E+01    0.659846171540093351E+01    0.668050272039389625E+01    0.370298462988538080E+00    0.442071681028312558E+01    0.784291973183230184E+00    0.299896123322737118E+01    0.152829700276019285E+02    0.151156757931415697E+02    0.151961526331659407E+02
    0.805998389027686904E-27    0.115843339337815110E+03    0.285979400287994512E+01    0.824186626640505682E+00    0.173216169701115219E+01    0.569053318090235738E+01    0.608609036275383541E+01    0.250562977937229980E+00    0.363517463600991686E+01    0.937989609703572480E+00    0.296337808659050239E+01    0.152718733408578480E+02    0.150877957213886909E+02    0.150384834470241984E+02
    0.253804577353541328E-08    0.306561401108095417E+02    0.302245460850300818E+01    0.561307555653410062E+00    0.194872949691792030E+01    0.440073155138445671E+01    0.542178107778831198E+01    0.281778856592599436E+00    0.305839781170351799E+01    0.996951374985169725E+00    0.300313629654164238E+01    0.153012466767873363E+02    0.150145630558906067E+02    0.149360071841557254E+02
    0.518678937564374179E-77    0.346983441976111976E+03    0.229698514938354492E+01    0.466642379760742188E-01    0.197890657186508179E+01    0.768573538342773865E+01    0.783716095710692429E+01    0.370455718040466286E+00    0.362161314804951573E+01    0.916858762502670288E+00    0.270108289515972144E+01    0.152582559995586173E+02    0.151673712576136293E+02    0.150769016635589921E+02
    0.620386288342114602E-77    0.346625327465299335E+03    0.313735541686240982E+01    0.268332408491649232E+01    0.178581996318915448E+01    0.433001137374079370E+01    0.497819182464918608E+01    0.251683227116804020E+00    0.197341885923980742E+01    0.650612420828675764E+00    0.282632613229884466E+01    0.150130357939039598E+02    0.149446644859244291E+02    0.149625595686876327E+02
    0.182393831222070143E-47    0.210918570031108544E+03    0.291520118713378906E+01    0.186513519287109375E+01    0.714360356330871582E+00    0.731247336417520799E+01    0.746026806339541082E+01    0.268553769588470437E+00    0.374910790870482913E+01    0.862184184789657637E+00    0.281132268613576874E+01    0.153377317686784309E+02    0.150614395931964591E+02    0.150942258589090734E+02
    0.462088445924875024E-01   -0.277843463862592488E+01    0.332615308325287318E+01    0.782567121793758425E+00    0.315441414779598350E+01    0.687859150005686626E+01    0.733072401153635500E+01    0.339925824422231071E+00    0.251213360136735009E+01    0.861260990195868104E+00    0.300347205670711315E+01    0.152397766501740897E+02    0.149071085092100315E+02    0.149026165714855097E+02
    0.145496806150398426E-02    0.413793990464366779E+01    0.617344394179133005E+01    0.270884282048856928E+01    0.272189004987532490E+01    0.531562759406280883E+01    0.588099461506909993E+01    0.292685320547096450E+00    0.207969840844191545E+01    0.958268496393259506E+00    0.289980365862240053E+01    0.149991687945727126E+02    0.147951630103795306E+02    0.147662654857368079E+02
    0.387673944742457999E-13    0.528347909460801120E+02    0.456072902679443359E+01    0.171813535690307617E+01    0.458841967582702637E+01    0.741256173409004049E+01    0.755727504308554376E+01    0.273125290870666504E+00    0.188813268944512025E+01    0.812731814384460405E+00    0.282401800018548954E+01    0.150308955055845388E+02    0.149353218283879468E+02    0.148667392367621964E+02
    0.870489189806044271E-81    0.364368582187215679E+03    0.336560129277325437E+01    0.278128523712745768E+01    0.418915374783308092E+01    0.550529214102791720E+01    0.580209586299447633E+01    0.279250411875645366E+00    0.315055595800351007E+01    0.965283477790308542E+00    0.267952355553213861E+01    0.150221567281926216E+02    0.149879934298069450E+02    0.149289214374920718E+02
    0.135422260996700416E-76    0.345064046426594587E+03    0.466217698192740659E+01    0.442134290203837266E+00    0.186214646215918189E+01    0.441009527139442969E+01    0.473787973477006741E+01    0.333923770056795688E+00    0.274359977519568954E+01    0.373634079203088221E+00    0.272727336378266783E+01    0.153696343282360868E+02    0.150285125219919404E+02    0.151100222637314534E+02
    0.286480704839664342E-57    0.256067266032952659E+03    0.735564843715658778E+01    0.466044960897362692E+00    0.456332237492716519E+01    0.262453681235731517E+01    0.511593621621632533E+01    0.270767971088546777E+00    0.171702961493934692E+01    0.855851537310995281E+00    0.270569353816418445E+01    0.150375043065830649E+02    0.147550337748754536E+02    0.148347464355705849E+02
    0.597138897204194286E-09    0.335501399876582767E+02    0.214607912170871540E+01    0.287913462625632466E+01    0.560474969990745109E+01    0.201427991290650876E+01    0.736173871598543972E+01    0.380937584604120083E+00    0.427016986205390392E+01    0.824233585474773767E+00    0.292311822127480969E+01    0.153670099194486074E+02    0.151133732487090491E+02    0.150934127058912360E+02
    0.162743120760701907E-17    0.729914549426057846E+02    0.513248683170790887E+01    0.331582156926599048E+01    0.146393706571646742E+01    0.316026991215137265E+01    0.718261532111434597E+01    0.306687918128154158E+00    0.266219078332302228E+01    0.501327369627308284E+00    0.291922780194650411E+01    0.152093254035990579E+02    0.150047194665654970E+02    0.150752564988617674E+02
    0.311361799159533058E-87    0.394055802829917866E+03    0.716456537096860413E+00    0.500243063078417638E+01    0.146883034278715519E+01    0.200107540175884058E+01    0.426722848337297833E+01    0.317892484704642153E+00    0.182477856718981757E+01    0.600111218610705155E+00    0.279111491196597461E+01    0.149461635107400177E+02    0.149196479511761861E+02    0.148444935070391626E+02
    0.491598551135506936E-50    0.222751092242210831E+03    0.130784615260730530E+01    0.591798670816154981E+01    0.134462571105638817E+01    0.239330671966919795E+01    0.470255817295195211E+01    0.315671405725827137E+00    0.171075184364354005E+01    0.870781212068596266E+00    0.282520602911532936E+01    0.150958765142335487E+02    0.147547803798666290E+02    0.147922645404101232E+02
    0.453972408167081333E-41    0.181463812586743558E+03    0.100841379165649414E+01    0.796161746978759766E+01    0.274608853459358215E+01    0.330710983547120918E+01    0.733543704793979767E+01    0.388525509834289573E+00    0.340389756589003811E+01    0.505654609203338601E+00    0.293303711318969729E+01    0.154484123003740077E+02    0.151311582311856316E+02    0.151555714889828010E+02
    0.670532832808011405E-86    0.387916398460330015E+03    0.565291334650680088E+01    0.793709031437720380E+01    0.350906062587377932E+01    0.381802996781734283E+01    0.801592366498440967E+01    0.326436819296533454E+00    0.321151097604187541E+01    0.610838181813990633E+00    0.287466083128091476E+01    0.153973588573062958E+02    0.149472842066561675E+02    0.151121441687210005E+02
    0.391718798481157385E-46    0.204784647896032453E+03    0.364811515808105469E+01    0.760852432250976562E+01    0.177725005149841309E+01    0.279896516998394196E+01    0.623883596978322963E+01    0.371771609783172585E+00    0.384368778087886565E+01    0.566225486993789717E+00    0.283136630749702434E+01    0.154621696364330408E+02    0.150564932927796775E+02    0.152263389830096969E+02
    0.112641567489643556E-06    0.230705073031513663E+02    0.146909856796264648E+01    0.506095218658447266E+01    0.552643269300460815E+00    0.375178365593109042E+01    0.630001423446013220E+01    0.357716441154479980E+00    0.311484895866470968E+01    0.566281008720397994E+00    0.299524837243556963E+01    0.152779967239771555E+02    0.150319922009563136E+02    0.150624077462852224E+02
    0.144562700272612188E-04    0.133611618969261201E+02    0.395565795898437500E+01    0.567668151855468750E+01    0.291754382848739624E+01    0.234695923541934892E+01    0.582628278568663305E+01    0.313268268108367942E+00    0.294685473213827631E+01    0.715555167198181130E+00    0.300558770006895060E+01    0.152752069403128594E+02    0.150436048801955415E+02    0.149956516877677970E+02
    0.285285845009162586E-64    0.288311816421774211E+03    0.179483841193198757E+01    0.681666251328095285E+01    0.174401515107089189E+01    0.313987105948132150E+01    0.781612884029337707E+01    0.495673234712181499E+00    0.359262970801950754E+01    0.323352061073007291E+00    0.295773895690262600E+01    0.153514648010686248E+02    0.151158757725682289E+02    0.151138358377808988E+02
    0.355068584463154295E-06    0.207743069866517587E+02    0.652156016231481761E+01    0.629049731943027268E+01    0.128652049606209040E+01    0.308854387303487155E+01    0.696145571958143616E+01    0.348807607526911423E+00    0.203410847446309440E+01    0.896616958458284263E+00    0.294666953883079463E+01    0.151295975611522522E+02    0.147876848001426886E+02    0.147838935854594844E+02
    0.188950275190021875E-86    0.390449576026248621E+03    0.575397548270616532E+01    0.665422951506739935E+01    0.203708336155201142E+01    0.264943980391148948E+01    0.573253324857031821E+01    0.317665022935797292E+00    0.248716241348145628E+01    0.714521676211340329E+00    0.288870248504672844E+01    0.153141441484269940E+02    0.148924284840352321E+02    0.148965200312175963E+02
    0.146022699363850994E-05    0.179462345642000436E+02    0.340019330276866460E+01    0.678972006058873312E+01    0.273278470705264720E+01    0.312730110058607957E+01    0.627248543223823773E+01    0.426518391402318620E+00    0.205832554361689102E+01    0.904057118782112146E+00    0.287249671186594657E+01    0.149147442544891149E+02    0.148085290630052544E+02    0.148189044812053812E+02
    0.266995235809725737E-33    0.145684062311639451E+03    0.239347625164834632E+01    0.380149291794327837E+01    0.277367820100137008E+01    0.323968619776936162E+01    0.821937729978265352E+01    0.273997833125032231E+00    0.211172391392868342E+01    0.420911119935027500E+00    0.302662303131184984E+01    0.150820295806730140E+02    0.149304436719028022E+02    0.149961819794779938E+02
    0.906080448503955813E-06    0.189006727249062614E+02    0.199129191815982765E+01    0.481419368267893244E+01    0.363900651130816621E+01    0.277677521796980553E+01    0.727997151751554217E+01    0.464552789472726047E+00    0.265197745977552035E+01    0.234566351442557192E+00    0.270591240782224807E+01    0.152665485645176116E+02    0.149367028282584151E+02    0.149608190972197317E+02
    0.149603111753900512E-44    0.197499424255535956E+03    0.319428214896514628E+01    0.573248484537194969E+01    0.266434060299449627E+01    0.339195810013735510E+01    0.765932915817260529E+01    0.473375331887441297E+00    0.345690665709481237E+01    0.564908584158174687E+00    0.303117911125753103E+01    0.151378055687297302E+02    0.150759546037890733E+02    0.150905266376935607E+02
    0.105173549734443210E-84    0.382410979746074872E+03    0.657750805472281375E+01    0.443957798175015483E+01    0.310430445490954998E+01    0.299052997529288955E+01    0.709514890087483963E+01    0.456914415074024416E+00    0.200016344313225591E+01    0.726518722487253021E+00    0.299926480571112641E+01    0.148949435527512453E+02    0.148725490479895939E+02    0.148050487757659486E+02
    0.232901737291248903E-71    0.320953757736351349E+03    0.325263069646626635E+01    0.760326206613287869E+01    0.194265867198800857E+01    0.211384830863927586E+01    0.660059507679798596E+01    0.439555151722765047E+00    0.318464907610917436E+01    0.649713573302951208E+00    0.292572840837563053E+01    0.152224752682335449E+02    0.150029737292386649E+02    0.150691351200306656E+02
    0.141765552684952515E-83    0.377208683929293557E+03    0.941020928004030699E+00    0.651957766133026073E+01    0.124580023768554193E+01    0.250252265072902791E+01    0.533717306472262543E+01    0.381632868578527518E+00    0.400398491125404909E+01    0.799050108250787705E+00    0.268896169626129788E+01    0.152744355712934272E+02    0.150784564407080719E+02    0.151334745658617322E+02
    0.228281910914348959E-14    0.584991277744159248E+02    0.306081985621629604E+01    0.729158166120333462E+01    0.733498091211782000E+00    0.272971232603057867E+01    0.632690858588588068E+01    0.497960732037996956E+00    0.363031161932152191E+01    0.741387034694763636E+00    0.304909058915315256E+01    0.151489716871610920E+02    0.150705572063831923E+02    0.150378372532530431E+02
    0.285583346803373176E-86    0.389623475960165081E+03    0.133038661558130800E+01    0.683508451100372572E+01    0.323397936678703424E+01    0.204684527684650641E+01    0.512391753096386715E+01    0.369484145738428915E+00    0.161050713535676016E+01    0.644701929992839262E+00    0.276488331301242862E+01    0.150661287086941424E+02    0.147471307876179676E+02    0.147208546087548111E+02
    0.133887006031274604E-08    0.319352768802953264E+02    0.622915807596654147E+01    0.555057075912435050E+01    0.526054607257980411E+01    0.202171388799892160E+01    0.632199682812526120E+01    0.294471915621138502E+00    0.240670863342674624E+01    0.158268951962145021E+00    0.291711751374636252E+01    0.153478950666803922E+02    0.149871556643552992E+02    0.150278173283917091E+02
    0.826276780147036302E-03    0.526955875702759968E+01    0.418635103446495460E+01    0.723822139248392382E+01    0.541852748492846725E+01    0.315149191971045450E+01    0.668565802973766399E+01    0.282030565865724503E+00    0.179768891566041300E+01    0.472145147423535971E+00    0.288798888928402242E+01    0.152563127333693984E+02    0.147978076877310478E+02    0.148305973667451738E+02
    0.291978862457474245E-93    0.421815372278980817E+03    0.586081170000725393E+01    0.707896623503919464E+01    0.134530313110605237E+01    0.319991669015533908E+01    0.760273669224564319E+01    0.361761723350721653E+00    0.352414674888538659E+01    0.273118552642188872E+00    0.268276171008021347E+01    0.153398236917776867E+02    0.151054800668892799E+02    0.151526593752343111E+02
    0.364045609990163121E-91    0.412163836404696553E+03    0.697048075072106643E+00    0.744437978470640971E+01    0.198845721190569757E+01    0.212694952577146923E+01    0.694224275368724619E+01    0.381214278552360453E+00    0.267084330508630430E+01    0.393181020050064500E+00    0.264493823204994216E+01    0.150642948834004944E+02    0.149472685545093604E+02    0.150371349976825499E+02
    0.627552801452470194E-11    0.426611242231512549E+02    0.313085411070234931E+01    0.644848433701868817E+01    0.241000426516386668E+01    0.353277538995497409E+01    0.686510611193745213E+01    0.495927317220930641E+00    0.464353364465202034E+01    0.699789963150840633E+00    0.262362319662809274E+01    0.153842080725011865E+02    0.151518237394957005E+02    0.151801867547585800E+02
    0.316994140949566667E-51    0.228233820707293603E+03    0.625280852867549974E+00    0.443545037391638530E+01    0.231784920264812300E+01    0.207624497322144252E+01    0.689769260129220640E+01    0.451147838609039509E+00    0.375026518954552923E+01    0.483982445494566926E+00    0.266959807570618768E+01    0.152744610330407493E+02    0.151393768859425801E+02    0.151485467611304863E+02
    0.174575809546569156E-70    0.316925102650935116E+03    0.206963648455172899E+01    0.648505916134971017E+01    0.209103914341773311E+01    0.328861336363843382E+01    0.656799566635799970E+01    0.452080148858881481E+00    0.245016800382182964E+01    0.643486662053092684E+00    0.286153037651281439E+01    0.151911089690990853E+02    0.149326269208945224E+02    0.148885395037104598E+02
    0.515945188250623058E-85    0.383835372541645995E+03    0.127342444370287011E+01    0.789410523824093691E+01    0.303451320891385423E+01    0.348219382024196111E+01    0.733844005448681358E+01    0.259485363536587466E+00    0.238082018317846167E+01    0.334623115547943550E+00    0.267201742499676165E+01    0.151907067406274390E+02    0.149861797145541225E+02    0.150170126072120631E+02
    0.351144857475164612E-94    0.426051507611199838E+03    0.536655920207325465E+01    0.590927194924631571E+01    0.254162708188581155E+01    0.217474985622731110E+01    0.577842482962044457E+01    0.289905854837495813E+00    0.361132434697827298E+01    0.603239846775759148E+00    0.287842163910077442E+01    0.153273975301436884E+02    0.150617848935963075E+02    0.151072650744479375E+02
    0.105044403509147793E-24    0.106103225964754543E+03    0.145903895012519724E+01    0.395501628139403527E+01    0.186099863850465352E+01    0.312878814712791264E+01    0.529977096472382136E+01    0.321841607635938887E+00    0.264346960485749971E+01    0.143597210954799159E+00    0.281967732777841462E+01    0.153443604995978973E+02    0.150107318605274962E+02    0.150818601524511102E+02
    0.337973041773226136E-13    0.531091879530715971E+02    0.714392004852226137E+01    0.315555282313771990E+01    0.130984703049847728E+01    0.340227639579862107E+01    0.769574575423117224E+01    0.407225480080660951E+00    0.339851141511329757E+01    0.502492465474260408E+00    0.272878686956104666E+01    0.152733499559526269E+02    0.150887492596903972E+02    0.151246507657000073E+02
    0.242299628917656872E-02    0.311789798302868482E+01    0.554829996169206208E+01    0.351266499482910755E+01    0.354790098291998612E+01    0.349069097070547230E+01    0.622970336730962337E+01    0.323992369945458103E+00    0.220324579754395478E+01    0.344513997669751271E+00    0.273614430113564788E+01    0.152457693481815149E+02    0.148930560505820839E+02    0.149153913777358653E+02
    0.508951666448643676E-32    0.139788647646953876E+03    0.489086103439331055E+01    0.445715856552124023E+01    0.160314697027206421E+01    0.217771485652516716E+01    0.614174182040329697E+01    0.399788141250610352E+00    0.379659423688862940E+01    0.513551300764083840E+00    0.278425244927406323E+01    0.153585292892845438E+02    0.151677657352781612E+02    0.151224965406066545E+02
    0.966924960062369311E-07    0.233758573222538466E+02    0.208195781707763672E+01    0.413467979431152344E+01    0.295435893535614014E+01    0.284740291598591089E+01    0.810529373272392206E+01    0.488273036479949907E+00    0.288773430691686261E+01    0.672078436613082864E+00    0.278473374718427635E+01    0.151946135316583248E+02    0.149681427971013523E+02    0.150002996914342042E+02
    0.397433079983466634E-19    0.804160882021123200E+02    0.775130819935481075E+01    0.294030847474637191E+01    0.118962507357846392E+01    0.251382609093988263E+01    0.663900052796448925E+01    0.460546827925554569E+00    0.360244142226583897E+01    0.441892696420393971E+00    0.290206327680356502E+01    0.152858328816331195E+02    0.151103131991724489E+02    0.151329992395857591E+02
    0.854782347398262704E-80    0.359799828938576752E+03    0.206572704701969556E+01    0.575003041460252895E+01    0.755700536509317988E+01    0.292207879558036421E+01    0.721604447498997992E+01    0.428784033756486438E+00    0.526381345861822325E+01    0.686817901687972188E+00    0.275354610423676638E+01    0.154817790228080465E+02    0.151717733378206781E+02    0.153093024131685915E+02
    0.536559907728306240E-95    0.429808719032919726E+03    0.161828975787390328E+01    0.792499139107515216E+01    0.520653589566182529E+01    0.310478240835264696E+01    0.798333936027624791E+01    0.434726959310671623E+00    0.397346414917524449E+01    0.913828595452876535E+00    0.289432209524479100E+01    0.153970921499008231E+02    0.151500207852753714E+02    0.150779575202539640E+02
    0.212170564344586497E-13    0.540403392215585043E+02    0.233246218073498168E+01    0.540431128452003140E+01    0.692220570571632532E+01    0.299223771346592615E+01    0.822504178333759839E+01    0.398670395544401091E+00    0.512063678345406004E+01    0.795561184264934718E+00    0.269143806850155709E+01    0.154538849718427489E+02    0.151417814989906780E+02    0.151434207940117318E+02
    0.123360568213892789E-43    0.193280002769287620E+03    0.245416146323691103E+00    0.640595244944667819E+01    0.716189870375561810E+01    0.310113192535665672E+01    0.779046160755201278E+01    0.286236777289703870E+00    0.208710888887950574E+01    0.611695960406472894E+00    0.279848891931745580E+01    0.150283858120020959E+02    0.149311588434104010E+02    0.149573563045059021E+02
    0.744015698784771799E-15    0.607413363232620753E+02    0.544862596778403940E+01    0.468517256830318640E+01    0.561628860015033915E+01    0.367595899322645625E+01    0.751980192648752332E+01    0.359217595457592465E+00    0.209796941771217194E+01    0.844644083591330919E+00    0.282360936114653915E+01    0.150275608669420464E+02    0.148104025973476148E+02    0.148473274395114903E+02
    0.353293092931372405E-49    0.218806650909068082E+03    0.260326528549194336E+01    0.623536539077758789E+01    0.678589361906051636E+01    0.234679908740768273E+01    0.764107284997321123E+01    0.477302765846252419E+00    0.342887351732858425E+01    0.254470992088317916E+00    0.284607157546281808E+01    0.152784820518477744E+02    0.150894801236436784E+02    0.150970194618456883E+02
    0.770032632396569277E-04    0.100157227602772902E+02    0.639278697967529297E+01    0.700639009475708008E+01    0.642479363083839417E+01    0.269244494748789442E+01    0.824564782545451536E+01    0.411906039714813210E+00    0.252210772482358792E+01    0.646092873811721757E+00    0.297056741964817039E+01    0.151674999339934935E+02    0.148881217738241531E+02    0.149385526767631944E+02
    0.356939336771408417E-75    0.338520540068141429E+03    0.513632262299497278E+01    0.607123142063947707E+01    0.591410839225934026E+01    0.254612262533952816E+01    0.773335103846617500E+01    0.350444013904325002E+00    0.325803093540586985E+01    0.602783782272548474E+00    0.299627349518909369E+01    0.153127576644566155E+02    0.150749886238602784E+02    0.149902043915952099E+02
    0.196291793203898067E-04    0.127493839616669149E+02    0.620959309899200118E+01    0.742444309151646209E+01    0.733316895495195276E+01    0.239505574525300791E+01    0.745286733106332555E+01    0.351462927103321277E+00    0.267149235411705188E+01    0.708394344840485024E+00    0.287505070296901399E+01    0.150857567176243101E+02    0.148989250726876925E+02    0.149396324581290862E+02
    0.318797629779364856E-47    0.209801793520999581E+03    0.537449264526367188E+01    0.455307912826538086E+01    0.575366336107254028E+01    0.246501906317782460E+01    0.802832300133486143E+01    0.371956861019134499E+00    0.328262331143061559E+01    0.328838026523590066E+00    0.277792594486474975E+01    0.153973453200411985E+02    0.151207430029879077E+02    0.151212295457886334E+02
    0.112048783589607015E-60    0.271760250274526754E+03    0.514227375176597157E+01    0.740180851002576379E+01    0.468267728553452223E+01    0.234241590172150493E+01    0.609009770447900145E+01    0.254551445499088425E+00    0.319934940607782980E+01    0.662670770746040527E+00    0.300797769449626173E+01    0.151434832384762288E+02    0.150116209653342203E+02    0.149664261829938852E+02
    0.257994844861097636E-07    0.260182198984857287E+02    0.901662804902979342E+00    0.370233714350865251E+01    0.379414409686221576E+01    0.300582268043231071E+01    0.735026825805366268E+01    0.298586046584358999E+00    0.167487582535710477E+01    0.149670824574733241E+00    0.276675812103938590E+01    0.152033625862121333E+02    0.148013691210808567E+02    0.148187138073535074E+02
    0.594435567559412728E-65    0.291448745234192472E+03    0.557267512817897703E+01    0.372135299908897554E+01    0.410658242304052212E+01    0.218271610382414272E+01    0.594618067001759343E+01    0.460629092942494101E+00    0.292392445196311357E+01    0.260143340949923585E+00    0.270127461781807554E+01    0.152938380699987793E+02    0.150062485812917679E+02    0.149947936968394302E+02
    0.212569577864836004E-01   -0.122546073035353076E+01    0.294932651519775391E+01    0.629689455032348633E+01    0.386807802319526672E+01    0.384327317651477518E+01    0.769974371215653974E+01    0.433322405815124490E+00    0.213889764597823628E+01    0.411544477939605691E+00    0.271529871791601174E+01    0.150308231901377276E+02    0.148446132783483442E+02    0.148635453799101516E+02
    0.658550560038936809E-73    0.328085248783112888E+03    0.750541071218573119E+01    0.140927399523372543E+01    0.507993914422303128E+01    0.348055444282171278E+01    0.815677373392681915E+01    0.346809949011501195E+00    0.277444153222945555E+01    0.596273507479085696E+00    0.274850730714026836E+01    0.150913922815546879E+02    0.150019156091073054E+02    0.150528664742997602E+02
    0.462630057444420573E-97    0.439315560399126980E+03    0.350246966112000235E+01    0.655044157602981514E+01    0.524120817769612213E+01    0.397289467084767711E+01    0.688162352213823336E+01    0.379838613251039181E+00    0.385292242672618057E+01    0.803175879673851068E+00    0.285850726948081757E+01    0.151559964643137111E+02    0.150692497337901106E+02    0.150147661587848127E+02
    0.720689269037992437E-09    0.331740233332254633E+02    0.104271431295284178E+01    0.476254598613836411E+01    0.510440042738081967E+01    0.247003204257292719E+01    0.626793629302254374E+01    0.394515770842638558E+00    0.372400135678146382E+01    0.887501693140692938E+00    0.300640809306400403E+01    0.153120410427616545E+02    0.151049689703750705E+02    0.151010010890156838E+02
    0.315367131268179813E-62    0.278900984422454030E+03    0.410840676734859045E+01    0.194524117783384431E+01    0.519124468693967422E+01    0.245370341811652581E+01    0.557099267581499369E+01    0.315511045805597801E+00    0.309341504393378841E+01    0.746245951360405169E+00    0.276465619947632302E+01    0.152099825413083405E+02    0.151257512226159410E+02    0.150238211084441602E+02
    0.547020828558228234E-37    0.162670230926255357E+03    0.400846724136060573E+01    0.600765791249232262E+01    0.341992484270877384E+01    0.328424908999433907E+01    0.489484076895225062E+01    0.291667272267092603E+00    0.283389409533589554E+01    0.736051010625675795E+00    0.276564828835327070E+01    0.153626304079859572E+02    0.150387046103549231E+02    0.149618572603567639E+02
    0.297852068320848631E-17    0.717826070690536255E+02    0.171601670719718657E+01    0.636657295229863429E+01    0.766009186524300834E+01    0.395993382357508672E+01    0.666128634800397457E+01    0.354564090081297745E+00    0.310572600690640854E+01    0.129422646596029173E+00    0.276658915685731399E+01    0.154070796197264333E+02    0.150352014354559529E+02    0.150875088523463461E+02
    0.917747213664894308E-76    0.341236997966146703E+03    0.662911735759726728E+01    0.343324778227074212E+01    0.764402497024845529E+00    0.214805615884893664E+01    0.743356223244250991E+01    0.323236232163059967E+00    0.239136896601286786E+01    0.342269615268928296E+00    0.281473356154826426E+01    0.150855448826271612E+02    0.149064388733288187E+02    0.150284907529453058E+02
    0.352354541627752532E-77    0.347756736346328523E+03    0.290387296676635742E+01    0.671400403976440430E+01    0.290229681134223938E+01    0.217703191605297386E+01    0.727279290233630782E+01    0.231402778625488276E+00    0.182317173404115440E+01    0.850893425941467330E+00    0.263496472758054745E+01    0.151486141776529699E+02    0.149652194534589729E+02    0.149380968089611557E+02
    0.179775773217697118E-05    0.175303379936175183E+02    0.167326354980468750E+01    0.490750789642333984E+01    0.221800851821899414E+01    0.345535474725883684E+01    0.676771217396286762E+01    0.275433921813964866E+00    0.183324750248473878E+01    0.895791673660278343E+00    0.281498785752058023E+01    0.150263083534277140E+02    0.148281879839957345E+02    0.148003294336220179E+02
    0.793454509038045777E-02    0.745455758035388771E+00    0.514665794549188593E+00    0.415389787575530356E+01    0.351139116277202445E+01    0.360869981690158292E+01    0.654854737324019798E+01    0.290233660278135353E+00    0.236729020388429312E+01    0.822851332253022871E+00    0.302586463303323461E+01    0.153376736911922222E+02    0.149459162621926378E+02    0.149726848435476576E+02
    0.850887074843670778E-79    0.355203793651240403E+03    0.152303409576416016E+01    0.581123590469360352E+01    0.169633093476295471E+01    0.238333824434394614E+01    0.785811178109408370E+01    0.256468915939331077E+00    0.179497239057934288E+01    0.461046469211578436E+00    0.265395648705959308E+01    0.150949004842505659E+02    0.149507677805623249E+02    0.149218109492386954E+02
    0.119299540000399011E-67    0.303871035318349811E+03    0.312374023077419150E+01    0.561805654097035401E+01    0.435810326186284680E+01    0.262974029629283379E+01    0.729637487735920587E+01    0.244642751272664355E+00    0.239881297858741682E+01    0.772419727467790640E+00    0.283299331781121833E+01    0.153275104268020073E+02    0.151768874851785416E+02    0.150149682316924604E+02
    0.130927517804327688E-79    0.358947064755013059E+03    0.239872966326283432E+01    0.392678371299809470E+01    0.331062097328991189E+01    0.270437962404359666E+01    0.779833708830616423E+01    0.304288744178005000E+00    0.272186176353839882E+01    0.489574240900671698E+00    0.261070134050988045E+01    0.153263939970623273E+02    0.150797692883787029E+02    0.151399521223674629E+02
    0.190495560886667303E-97    0.441090158060814701E+03    0.392205884985618614E+01    0.707391170135206870E+01    0.578081552657928288E+01    0.359147780992765675E+01    0.685223277845172518E+01    0.246790232448488550E+00    0.359784579815249961E+01    0.717042599243767897E+00    0.264307655887780202E+01    0.153302510566898107E+02    0.151391498155447568E+02    0.150912139425394045E+02
    0.130103794943293628E-58    0.262251113481952245E+03    0.304472303390502930E+01    0.721302175521850586E+01    0.649164277315139771E+01    0.255690388810999680E+01    0.662080015366152175E+01    0.224979281425476074E+00    0.286169741121635468E+01    0.888097113370895364E+00    0.294514678317308443E+01    0.153151588646014627E+02    0.149817646529553041E+02    0.149859891543698822E+02
    0.429588997885644545E-81    0.365781035003269608E+03    0.644296646118164062E+00    0.565984725952148438E+01    0.750843423604965210E+01    0.215036079953354564E+01    0.736126528174771089E+01    0.291851150989532460E+00    0.317072464489581574E+01    0.830811941623687766E+00    0.263880099225044251E+01    0.154539430851705610E+02    0.150918578978500335E+02    0.152203239543299151E+02
    0.467892448739477050E-91    0.411661917810369346E+03    0.223526545676235600E+01    0.563940094649699120E+01    0.724401096805905897E+01    0.327228786121767268E+01    0.682332486137327177E+01    0.214001785727366611E+00    0.199347617668915489E+01    0.965441122294390275E+00    0.302657282455542553E+01    0.150204106963741264E+02    0.149863108174984117E+02    0.149391876198664679E+02
    0.662675464341806124E-19    0.793935705882097125E+02    0.195932707101246439E+01    0.521204076432020091E+01    0.577698228334423813E+01    0.333362233737064795E+01    0.826548585009545889E+01    0.218584667247643166E+00    0.152098989309186572E+01    0.319668356230228656E+00    0.291894215914547495E+01    0.151030835487992459E+02    0.149491618871889660E+02    0.148260367296277984E+02
    0.153850946193098857E-29    0.128365874693649602E+03    0.369514349078019777E+00    0.624016478264830088E+01    0.624506648991454227E+01    0.241514568616998027E+01    0.617071477009933922E+01    0.213705237628925654E+00    0.167061104175675279E+01    0.466860935189136961E+00    0.289458681833331610E+01    0.151391698408235786E+02    0.150190529628468479E+02    0.149353974469044068E+02
    0.102379228057385320E-57    0.258125240722964634E+03    0.253035416415377856E+01    0.547339549554291072E+01    0.587821719195463466E+01    0.370166852492577547E+01    0.706429464811691155E+01    0.352775063437665293E+00    0.415304009586158251E+01    0.912605609335753520E+00    0.288524075095565546E+01    0.153951998506374093E+02    0.151909300127651150E+02    0.151612253882786217E+02
    0.155353377952644550E-95    0.432287670713072941E+03    0.432904426594426295E+00    0.561571754283937707E+01    0.740359600661411577E+01    0.310276493344461812E+01    0.795727838844170154E+01    0.212400701785330159E+00    0.208338385199358278E+01    0.933513658578355554E+00    0.296399576728429848E+01    0.153114025550288950E+02    0.151834246930716859E+02    0.150779524628670121E+02
    0.303955465275198200E-84    0.380288441036956840E+03    0.372674542431710210E+01    0.779988247459710582E+01    0.744618982440537369E+01    0.314130933183086736E+01    0.791289330001136459E+01    0.297882978036521640E+00    0.212838417205792618E+01    0.510063139714018510E+00    0.270786021207547645E+01    0.152307861244705940E+02    0.149970700179671148E+02    0.149700768174123713E+02
    0.101985367750617194E-38    0.170634716172106437E+03    0.306057144551862814E+01    0.702184020947721343E+01    0.237318669885748301E+01    0.268536055191003031E+01    0.487862046742843347E+01    0.281754795885424680E+00    0.190862168957904332E+01    0.902652715199515843E+00    0.259937877290552999E+01    0.149942575544152472E+02    0.149530415626343611E+02    0.148539609250218003E+02
    0.241432650063714487E-28    0.122859491906414291E+03    0.276176593212045285E+01    0.797005841852477559E+01    0.451062801044280715E+01    0.244973570483890324E+01    0.260907603421620937E+01    0.294754141593957797E+00    0.303357483871255162E+01    0.896988535640352191E+00    0.278712697410603516E+01    0.151163722567347492E+02    0.150201346546244707E+02    0.150137307960572954E+02
    0.223301852386676554E-33    0.146041475032665943E+03    0.426432037353515625E+01    0.574305629730224609E+01    0.369775596261024475E+01    0.273531135926274693E+01    0.327652401172588492E+01    0.219084465503692621E+00    0.334622873442744595E+01    0.732619273662567183E+00    0.293799294835329050E+01    0.153114995656416379E+02    0.150520883269851939E+02    0.149751434754301478E+02
    0.230374158582653492E-94    0.426894495759372546E+03    0.523304605484008789E+01    0.771158790588378906E+01    0.167170915007591248E+01    0.246730150323459085E+01    0.433783046883246470E+01    0.172299587726593040E+00    0.226869360968062272E+01    0.870761352777481124E+00    0.302727894824743249E+01    0.151132385820216388E+02    0.150406833731502161E+02    0.148681606056096616E+02
    0.757834719720539022E-89    0.401487123728627296E+03    0.535195056608674946E+01    0.770002048463722133E+01    0.377451650722794740E+01    0.382235083983584856E+01    0.468966441089364405E+01    0.194813483277659683E+00    0.199209449677212058E+01    0.894373400789222117E+00    0.293433195884724807E+01    0.150581992610684896E+02    0.149782832724712112E+02    0.149677056437191318E+02
    0.111842568801763871E-74    0.336236317073286784E+03    0.392988850578410620E+01    0.799880440742880516E+01    0.556516923007040898E+01    0.384599002651960298E+01    0.530673158037873804E+01    0.256842119885098252E+00    0.217112154064540563E+01    0.654440099171699874E+00    0.291444936205196825E+01    0.150699259665602110E+02    0.150358018852959390E+02    0.149530273504334374E+02
    0.536435236283192599E-91    0.411388503049488861E+03    0.650970029830932617E+01    0.762580490112304688E+01    0.427438172698020935E+01    0.421781184002501242E+01    0.467081258629951179E+01    0.358124637603759788E+00    0.197093330520566101E+01    0.867201900482177712E+00    0.285924591022729890E+01    0.149250542643450164E+02    0.148873259977485155E+02    0.148201035957120233E+02
    0.606482175116473855E-52    0.231541406798672824E+03    0.268923807144165039E+01    0.532817173004150391E+01    0.572883370518684387E+01    0.286251183182260682E+01    0.420418512150088919E+01    0.221739852428436274E+00    0.160180155112417344E+01    0.801862376928329512E+00    0.279930015683174105E+01    0.149747910143879359E+02    0.150338314475147445E+02    0.148095994733778813E+02
    0.570236407607671300E-34    0.148771592077226302E+03    0.103430851976242555E+01    0.418174841799544250E+01    0.676330107609657283E+01    0.351602481209703743E+01    0.574610114866341704E+01    0.241832538945333270E+00    0.215813980605786959E+01    0.783514636072821680E+00    0.302112321215162449E+01    0.152072204734188663E+02    0.150861572715678296E+02    0.149363364073627078E+02
    0.184605455240075449E-39    0.174053103310607924E+03    0.455834584132142240E+01    0.798149018226992979E+01    0.714634741880631719E+01    0.402962778694724566E+01    0.641474981591056626E+01    0.249285471794081448E+00    0.167267025980153816E+01    0.966506181212932969E+00    0.268937477354843146E+01    0.151227982368113025E+02    0.149339294790229786E+02    0.147604031411986227E+02
    0.239051346286204042E-71    0.320901634275101003E+03    0.507978391647338867E+01    0.412300872802734375E+01    0.776753070950508118E+01    0.200649158127918126E+01    0.542022560723857083E+01    0.228427994251251210E+00    0.174996444526906014E+01    0.799831622838974021E+00    0.283579823589324942E+01    0.152241458788779838E+02    0.149516740790234088E+02    0.148075569820119046E+02
    0.615497493626013183E-33    0.144013662194259012E+03    0.778913774955240790E+01    0.744631437488426862E+01    0.748555572689383730E+01    0.293815279855238565E+01    0.428561311797371225E+01    0.200949587310281147E+00    0.180893338910326840E+01    0.887055706605461514E+00    0.277260099108564884E+01    0.150838291805387037E+02    0.148698150506683060E+02    0.149138126797035877E+02
    0.184107093779727192E-62    0.279977424095545700E+03    0.733160552372312235E+01    0.442947602287703557E+01    0.659839369963345401E+01    0.262687711201729401E+01    0.532662010541866415E+01    0.221619362818525345E+00    0.204227528705127925E+01    0.774316663542450989E+00    0.261581123327147669E+01    0.151209277286015560E+02    0.149252038113218930E+02    0.149950779159047123E+02
    0.180045915357538626E-56    0.252391014411666816E+03    0.359644818697125546E+01    0.573783760767989470E+01    0.635439553396590284E+01    0.277812893696744867E+01    0.555599581472130311E+01    0.231916040044614941E+00    0.162788113751400410E+01    0.892278907109591457E+00    0.286506659659678586E+01    0.149883938242722294E+02    0.150098643906084561E+02    0.147938329971455680E+02
    0.287003303176495783E-92    0.417244577464562042E+03    0.212353904645547775E+01    0.669811311159332856E+01    0.364991602912411217E+01    0.393293689279104353E+01    0.704599092567288743E+01    0.301228655557936209E+00    0.473093438081404649E+01    0.997067204091766857E+00    0.279584765240400834E+01    0.154822451387104021E+02    0.151857139984679819E+02    0.151759388443240422E+02
    0.324455923018394927E-25    0.108452863060465134E+03    0.535658545587496349E+01    0.746282670456761466E+01    0.161815740816721210E+01    0.274954791278749910E+01    0.795603148127228721E+01    0.202625122148577808E+00    0.154978612095442392E+01    0.934411541724413208E+00    0.296792753438951573E+01    0.149592309456971275E+02    0.149159237245626155E+02    0.147611656390716668E+02
    0.207352880346477997E-04    0.126397443919971515E+02    0.304953002929687500E+01    0.731378555297851562E+01    0.266089710593223572E+01    0.393926161828025467E+01    0.729939666301731371E+01    0.214980649948120106E+00    0.152676696197332751E+01    0.887277483940124512E+00    0.277053037309646610E+01    0.149791284060137446E+02    0.148732097750458419E+02    0.147924479617444486E+02
    0.121316671720696688E-19    0.827893328403577868E+02    0.489579479354431513E+01    0.522961791138156595E+01    0.504309464286694453E+01    0.386951708866328881E+01    0.701701152952970375E+01    0.244359043237736717E+00    0.258764895908292125E+01    0.871727179226099658E+00    0.271444678789159921E+01    0.150200075240234554E+02    0.150047201192308730E+02    0.148510335678783640E+02
    0.857360356948290022E-40    0.175586998609741954E+03    0.584394810391752273E+01    0.745030821169002255E+01    0.563700080812491233E+00    0.251536957317950804E+01    0.630012294926731720E+01    0.284222612560706023E+00    0.260077559709139727E+01    0.411385741966966867E+00    0.264503138519678016E+01    0.153138788666571219E+02    0.150149459684326860E+02    0.151306548567616765E+02
    0.558650714098095631E-92    0.415912516040101934E+03    0.523854638782267568E+01    0.707621137792174082E+01    0.402258727699392615E+01    0.303002138071386895E+01    0.727398995285514971E+01    0.328904525381204516E+00    0.240764206944794346E+01    0.606045100115043200E+00    0.265575756550491038E+01    0.153394457457738387E+02    0.150587500455303083E+02    0.149488553723142399E+02
    0.140415753625232885E-71    0.321965775627640255E+03    0.745755981742860108E+01    0.613088978203441659E+01    0.576019716766890078E+01    0.244202908840989208E+01    0.802337707889351037E+01    0.252265100919588814E+00    0.238055649516472645E+01    0.768759947421340906E+00    0.278105213532534234E+01    0.152204626798192972E+02    0.148905976304808441E+02    0.149579128946260127E+02
    0.139586645409077802E-56    0.252900067174042107E+03    0.752194337290830806E+01    0.758349111527883313E+01    0.678631500370412155E+01    0.310981840693443079E+01    0.795020311734760377E+01    0.272335661682206243E+00    0.215410650356584643E+01    0.561460424404488179E+00    0.279713475158996294E+01    0.150828515055567269E+02    0.149409262052819169E+02    0.150075581335429895E+02
    0.115143704900980896E-02    0.460588626349654895E+01    0.799220491210672179E+01    0.522554763392522581E+01    0.737429031743021302E+01    0.346313264419654043E+01    0.794177616451276069E+01    0.278705289261305000E+00    0.189976659841078610E+01    0.888960483306246108E+00    0.279606756762288233E+01    0.149486256808961020E+02    0.148360719112999853E+02    0.148045276944765707E+02
    0.196510542081540645E-27    0.118666070667094118E+03    0.484144430735444242E+01    0.689938997628511697E+01    0.678113989015332663E+01    0.347599728924962781E+01    0.689140674233177819E+01    0.200366634749327810E+00    0.268915207059977490E+01    0.891138210375613360E+00    0.264229352498332304E+01    0.151356471769702381E+02    0.150326797198721636E+02    0.148750896097092884E+02
    0.907401019938729998E-63    0.281392460538440673E+03    0.376696955060849159E+00    0.449124224921822002E+01    0.645151804760911718E+00    0.342503427500801250E+01    0.657626004935035002E+01    0.204616299306368599E+00    0.178632527725825807E+01    0.928669602461217991E+00    0.280694279149617287E+01    0.150410659371670032E+02    0.148013726709014719E+02    0.148967679388064838E+02
    0.279326409109885946E-85    0.385062611566449107E+03    0.579610594782152710E+00    0.488011607902213917E+01    0.111238203042897155E+01    0.310943999580422936E+01    0.610766484858710434E+01    0.282462305810092906E+00    0.258468782968301536E+01    0.832711804734837968E+00    0.259855643087217469E+01    0.152979573701499412E+02    0.151556861419353766E+02    0.150603855913114746E+02
    0.159544543410091867E-19    0.822414950329390280E+02    0.861399650573730469E+00    0.321240091323852539E+01    0.235261473059654236E+01    0.267102719745363482E+01    0.677448950007017814E+01    0.267800211906433105E+00    0.249595982489446389E+01    0.965589350461959817E+00    0.292424298918247239E+01    0.152248142659343220E+02    0.150508865768106315E+02    0.149921806698718818E+02
    0.597763877540644062E-96    0.434197854013823815E+03    0.238867549579175842E+01    0.318633511179936368E+01    0.748464287272213369E+00    0.231209263832534928E+01    0.601917184561506602E+01    0.288159547609061151E+00    0.432950468891949924E+01    0.893156923989369300E+00    0.280916444091772410E+01    0.152621269565857336E+02    0.151676211492473278E+02    0.151323260105831867E+02
    0.292705290494489661E-07    0.257657665689400304E+02    0.464053704995428173E+01    0.765992607823458349E+00    0.240338551855418947E+01    0.271318615026709153E+01    0.819156642827287484E+01    0.225055859306159567E+00    0.163407212579473327E+01    0.984176527365082099E+00    0.291530916099064985E+01    0.150361625790870814E+02    0.149060510209605415E+02    0.147683594258961453E+02
    0.598242097401658331E-74    0.332882510532462277E+03    0.278913160092347923E+01    0.883324217815480983E+00    0.882206152962841106E+00    0.326273728783103323E+01    0.581482914565100550E+01    0.318320136213138705E+00    0.214317039838184531E+01    0.782501874456673296E+00    0.270829411610326076E+01    0.151286738974447559E+02    0.149908790592000969E+02    0.149130902080733758E+02
    0.259821637925978144E-31    0.136528192794072083E+03    0.460427748323676500E+01    0.129826255562496873E+01    0.183383406265961124E+01    0.245611626532510163E+01    0.496563879462963342E+01    0.250086187312139108E+00    0.207799785573046325E+01    0.902967093388039155E+00    0.265384582894871546E+01    0.150397292500979756E+02    0.150060056194054710E+02    0.149105805123539508E+02
    0.580810689703158507E-07    0.243952493686576268E+02    0.294918472034039914E+01    0.206679093774967493E+01    0.131387421630477497E+01    0.284431635163769148E+01    0.548869063085731401E+01    0.285527990116117236E+00    0.315374887632825551E+01    0.918972344643523842E+00    0.263534234450718152E+01    0.152946251304044463E+02    0.149875984526393786E+02    0.150109118185025210E+02
    0.444852270023930307E-02    0.190276367652176748E+01    0.641343061617349885E+01    0.382591451779017433E+01    0.136466217428112246E+01    0.211739069375933964E+01    0.530304813060272728E+01    0.284529817793115036E+00    0.208338907993977562E+01    0.691452612207839490E+00    0.269643464806508559E+01    0.151065060390265948E+02    0.148980307424289240E+02    0.149014311566525652E+02
    0.353734530764549779E-67    0.301697216827470470E+03    0.158182573318481445E+01    0.318727540969848633E+01    0.524812552332878113E+01    0.260387279827442875E+01    0.554564373389751530E+01    0.195878922939300537E+00    0.184051187536895866E+01    0.850103837251663164E+00    0.260777035826444603E+01    0.152456491536495022E+02    0.151511386332341544E+02    0.149290566561793820E+02
    0.132124169232754396E-75    0.340508187439935455E+03    0.379805517196655273E+01    0.753525257110595703E+00    0.255436199903488159E+01    0.266979509026734130E+01    0.586888955705759940E+01    0.242536520957946783E+00    0.297298341979706304E+01    0.866060245037078902E+00    0.259630766481161102E+01    0.152640155364526944E+02    0.151956243199590588E+02    0.150308694022942415E+02
    0.569815921035414660E-89    0.402057427630398990E+03    0.439696264266967773E+01    0.263913679122924805E+01    0.206465098261833191E+01    0.334070049480362030E+01    0.772816439113033216E+01    0.239314150810241710E+00    0.169859937317382093E+01    0.835342085361480691E+00    0.261098525220155686E+01    0.149992712100378984E+02    0.150485835383754001E+02    0.148540905053647165E+02
    0.194941351714969666E-07    0.265787015998322325E+02    0.503127811187228868E+01    0.383556122333325300E+01    0.124352023956355562E+01    0.269032671261360923E+01    0.612864160876773312E+01    0.249983501371410344E+00    0.293687029526302279E+01    0.730664251069333082E+00    0.294919649479801604E+01    0.151785892843858896E+02    0.150095307427217364E+02    0.149011711167659779E+02
    0.670793887524268880E-12    0.471330262001737168E+02    0.542216334314236548E+01    0.381463781605704355E+01    0.251647798668981126E+01    0.293402642564007232E+01    0.596398054584833126E+01    0.294037893201665901E+00    0.270345536921015395E+01    0.674066253308063690E+00    0.275639972356229013E+01    0.153486038490695496E+02    0.150129425001946366E+02    0.150524700218041367E+02
    0.471505367765669283E-62    0.278096598362050827E+03    0.337856101989746094E+01    0.560091972351074219E+00    0.518281042575836182E+00    0.235255321068292034E+01    0.676260072187194883E+01    0.343153119087219238E+00    0.369573835640439396E+01    0.974052095413208030E+00    0.259979222929477682E+01    0.154479594141930985E+02    0.150830240238753071E+02    0.150542132449695316E+02
    0.198983918353789852E-68    0.307453032432553186E+03    0.351825912309482769E+01    0.179068756205372326E+00    0.724923041555709968E+00    0.274636347174868956E+01    0.538724803950080045E+01    0.220036606510318228E+00    0.191546868853773233E+01    0.591440381284641825E+00    0.258082331754718020E+01    0.151112186432709361E+02    0.148916913684840893E+02    0.149438607512545367E+02
    0.318414924454956189E-81    0.366379982216411577E+03    0.441298437118530273E+01    0.356987667083740234E+01    0.487052413821220398E+01    0.237238701043772870E+01    0.757872863188136314E+01    0.221671617031097418E+00    0.184048412431180486E+01    0.693487399816513084E+00    0.292360466599464441E+01    0.152590894820650131E+02    0.151801947428782906E+02    0.149075939559970934E+02
    0.638889580131061815E-92    0.415644101637802635E+03    0.376639842987060547E+01    0.103020000457763672E+01    0.361223328113555908E+01    0.367092524214724403E+01    0.647482846262021816E+01    0.209827446937561057E+00    0.256995908614379776E+01    0.876198351383209229E+00    0.288150994896888735E+01    0.153115367828669555E+02    0.152937118947382373E+02    0.149486030851418725E+02
    0.362726955917245180E-95    0.430591774745216526E+03    0.364223327929663432E+01    0.352746364266080459E+01    0.410608105011470848E+01    0.295566304973791460E+01    0.725592354773785519E+01    0.244253990579635982E+00    0.237245672848539302E+01    0.946115859708851703E+00    0.287508576894430767E+01    0.152867840153403947E+02    0.151276547404225354E+02    0.149428902407617503E+02
    0.195857893806129769E-80    0.362746743953410032E+03    0.329569861881261383E+01    0.219602250289582157E+01    0.169885349625610371E+01    0.276154161026953870E+01    0.701697097796893665E+01    0.278096708495758627E+00    0.325925771942835407E+01    0.848771471868234317E+00    0.281226032797722381E+01    0.151682392152645935E+02    0.151634287600531081E+02    0.149874814749505099E+02
    0.183905468976919035E-03    0.827457462159796009E+01    0.741426134109497070E+01    0.713348388671875000E-03    0.197759944200515747E+01    0.274385173207399058E+01    0.607763322235452286E+01    0.238595461845397955E+00    0.194036444840224398E+01    0.904927170276641823E+00    0.287631769031286222E+01    0.151117772727761857E+02    0.148492173394790310E+02    0.148353555991445045E+02
    0.223635796444618408E-54    0.242747060207249774E+03    0.714791982733222486E+01    0.248939343938909685E+01    0.201360105086869012E+01    0.373098428504632995E+01    0.685635410832220327E+01    0.218002970793939599E+00    0.216201035713118461E+01    0.865035234223652472E+00    0.288505009991620787E+01    0.149998059688855587E+02    0.150874593908526879E+02    0.148411566955690883E+02
    0.133862005807393209E-28    0.124039054087507694E+03    0.182835054397583008E+01    0.230745887756347656E+01    0.273376333713531494E+01    0.247163587314180733E+01    0.803896059977894950E+01    0.267552554607391357E+00    0.240664411479285967E+01    0.947120839357376121E+00    0.268251044327020649E+01    0.151583286123757368E+02    0.149573992906932425E+02    0.150332384675019668E+02
    0.356738205179969171E-23    0.990528176935295903E+02    0.288326168060302734E+01    0.416226196289062500E+01    0.317170995473861694E+01    0.326363371426586246E+01    0.709842559071537238E+01    0.208518528938293479E+00    0.182256334548047194E+01    0.871435713768005327E+00    0.281344680345058418E+01    0.151754154462952187E+02    0.147876650494703021E+02    0.148689171574393075E+02
    0.251037192113414074E-15    0.629142583857063755E+02    0.286276527365740696E+01    0.170613762660076773E+01    0.257048692509579579E+01    0.222835492508480426E+01    0.753057203747124326E+01    0.298625899444894316E+00    0.244056128749415091E+01    0.836767280312200379E+00    0.268991861849906266E+01    0.151248726496887773E+02    0.150140979657138729E+02    0.149600386262440903E+02
    0.507911002936811360E-90    0.406892612060301246E+03    0.240020235949549665E+01    0.991939455458783759E-01    0.277101920186595319E+01    0.279357859865786784E+01    0.815037236597146020E+01    0.345211120213698042E+00    0.339644151092084723E+01    0.890116123980589147E+00    0.274123130686176886E+01    0.152590706495210355E+02    0.151568968001548789E+02    0.151367220649642515E+02
    0.592282338977160553E-23    0.980388551911424315E+02    0.201683945051763081E+01    0.236046214898183804E+01    0.165548572161649687E+01    0.318569521701570757E+01    0.778668143983550465E+01    0.231859956006818774E+00    0.207149926471939727E+01    0.907471020708065401E+00    0.276038314959383424E+01    0.153086684868544260E+02    0.150689757021718478E+02    0.149313584214031305E+02
    0.266308786753719179E-05    0.167444457576943222E+02    0.156200020862159628E+01    0.160729739234515834E+01    0.169105629282179937E+01    0.281918877297441295E+01    0.762712043124534933E+01    0.233847872401564738E+00    0.199754545898538938E+01    0.930209004799866901E+00    0.271530402712752128E+01    0.151541133155897505E+02    0.149480786400340353E+02    0.149111581610977986E+02
    0.233647185180384758E-67    0.302526685821076171E+03    0.421161952653941807E+01    0.983617119468335299E+00    0.574576161245553951E+01    0.211104746473237936E+01    0.598717672370769449E+01    0.341462928094021956E+00    0.396875800089112607E+01    0.928568349364800816E+00    0.263813248487975960E+01    0.153891152554861144E+02    0.152183178838433886E+02    0.151799516970686792E+02
    0.697337580668297061E-11    0.424502405949196557E+02    0.231843900680541992E+01    0.165421438217163086E+01    0.683976042270660400E+01    0.338170138785844898E+01    0.676089694034348110E+01    0.215699732303619385E+00    0.154776810814874777E+01    0.598663210868835449E+00    0.287440550398826611E+01    0.150503293483504912E+02    0.148742598683571448E+02    0.148637651355937379E+02
    0.558060998012600387E-61    0.273154352605286363E+03    0.329855056056341756E+01    0.163780176811189415E+01    0.703352878958289374E+01    0.241983100990418798E+01    0.802041194394307055E+01    0.245868613971825800E+00    0.296520780610865664E+01    0.986195125242978143E+00    0.266294982330459229E+01    0.151579653915397685E+02    0.149979259885488450E+02    0.150513329289906252E+02
    0.106812259358057123E-38    0.170542229455372990E+03    0.399624204635620117E+01    0.529575347900390625E+00    0.716287407279014587E+01    0.272306200651941932E+01    0.754811398240413567E+01    0.189390945434570301E+00    0.229074289193778036E+01    0.976827913522720359E+00    0.283807178783416747E+01    0.152069418276281603E+02    0.151528825789369055E+02    0.149126621889366895E+02
    0.679269693736200786E-90    0.406311188060142399E+03    0.279999326584803843E+01    0.159268075387233043E+01    0.716173710400450858E+01    0.290451836366496963E+01    0.703054487819302043E+01    0.285568607420935483E+00    0.395578431969351474E+01    0.806458270017646139E+00    0.284469106401947913E+01    0.154246215728334519E+02    0.152147067843435018E+02    0.151250435585564844E+02
    0.102019849703873998E-31    0.138397848770744588E+03    0.148406696319580078E+01    0.302446365356445312E+00    0.520934748649597168E+01    0.257126930804408982E+01    0.694607220806644232E+01    0.250727701187133778E+00    0.256059630639939906E+01    0.839725083112716653E+00    0.295485310107469568E+01    0.153759897632302209E+02    0.150288336593984848E+02    0.151087891986993501E+02
    0.123684384205377656E-78    0.354455716246398140E+03    0.776203342916652517E+01    0.596874879786023382E+00    0.433997829373915245E+01    0.211415491449141557E+01    0.562438264252969766E+01    0.205153577907387780E+00    0.240020006267690711E+01    0.758883537995480473E+00    0.251065370223482631E+01    0.152614593402209522E+02    0.150649074781299745E+02    0.150720713983638088E+02
    0.455508182175875624E-12    0.479071226763467592E+02    0.305391002884391449E+01    0.137864422326135916E+01    0.646869746762936626E+00    0.365049156465711455E+01    0.798685592715020398E+01    0.385528011214484434E+00    0.277920148393294131E+01    0.776654526863241879E+00    0.262110321982626004E+01    0.153134970087401427E+02    0.150082041855318007E+02    0.149600473718229043E+02
    0.204814741552844997E-95    0.431734863730937832E+03    0.240504908012285101E+01    0.364678833662836910E+01    0.719058356440900215E+00    0.226607448333429717E+01    0.709703901198862930E+01    0.195425030968638835E+00    0.318514239298467139E+01    0.975936316426341599E+00    0.304615834822281872E+01    0.153083827411505204E+02    0.150356701412287475E+02    0.149877530441815008E+02
    0.117550648431741457E-47    0.211797167962753207E+03    0.309923743139236230E+01    0.731628355471915404E+00    0.346655663951835358E+01    0.394055692178847039E+01    0.565411514926898384E+01    0.223018349376309655E+00    0.236493305060107950E+01    0.880604535558800250E+00    0.255274162728345377E+01    0.153399206908792642E+02    0.149166891356718558E+02    0.150167362291363116E+02
    0.477466737521998358E-13    0.524181312258318926E+02    0.221134283124250564E+01    0.793704208287490065E+01    0.331932766151595171E+01    0.258280542531408885E+01    0.454174678388380570E+01    0.384299183390217514E+00    0.379113067639157508E+01    0.708560052286902997E+00    0.277712663115353386E+01    0.154536172583517217E+02    0.150813980105001306E+02    0.151366131456430359E+02
    0.612767936881256498E-01   -0.334289459978753456E+01    0.240526854345064400E+01    0.474000115492414142E+01    0.350223800162319687E+01    0.318999114559553565E+01    0.489458570711457241E+01    0.390956402052443197E+00    0.262671332474487329E+01    0.627284041680877036E+00    0.293408290412557582E+01    0.152327945590730085E+02    0.149630069396127059E+02    0.149588566792771598E+02
    0.190683981761764045E-91    0.413457159704563821E+03    0.242856011154361084E+01    0.672703555413393239E+01    0.420181134917755728E+01    0.244272048879709303E+01    0.435218181981346852E+01    0.350961408877607295E+00    0.239641394797812080E+01    0.958864433218777679E+00    0.287151186445583040E+01    0.150645885637367023E+02    0.148381925908463650E+02    0.149343715792315219E+02
    0.599001198714319622E-06    0.197284017210126166E+02    0.232026100158691406E+01    0.782010841369628906E+01    0.331151250004768372E+01    0.418286800754910537E+01    0.580028470819028108E+01    0.434753525257110640E+00    0.410885340137817323E+01    0.843048661947250366E+00    0.288649903118610407E+01    0.153371928938472095E+02    0.150701798346095241E+02    0.151374545348926244E+02
    0.437520377776365714E-31    0.135485937004351825E+03    0.358038555338402498E+01    0.693936591963659399E+01    0.405077847495655874E+01    0.316446328235624463E+01    0.375395661695249983E+01    0.367915026268057388E+00    0.372314849684604976E+01    0.780933890145598775E+00    0.284715847730596616E+01    0.153370890297382179E+02    0.150070965131985581E+02    0.150187054583125086E+02
    0.366906419587461476E-54    0.241756884190973665E+03    0.390865596624242517E+01    0.508293178964322223E+01    0.644302661127998544E+01    0.363101223457543298E+01    0.486999474121610909E+01    0.433297470292074882E+00    0.383018406386986987E+01    0.585992104448404327E+00    0.287428393031137119E+01    0.154340975134426692E+02    0.151547522540968593E+02    0.150682215669657733E+02
    0.206745880435710307E-70    0.316586840006134139E+03    0.284927414253851463E+01    0.774822678858409120E+01    0.795914127612528599E+01    0.218039300771927591E+01    0.230302986886029037E+01    0.216719450992238882E+00    0.201539019381147799E+01    0.394075924611650086E+00    0.289444134936414743E+01    0.152609825179882748E+02    0.149460998491038364E+02    0.150466483707894678E+02
    0.140831817744269914E-55    0.248277135240056850E+03    0.167431764955981066E+01    0.671535807397813489E+01    0.482641156954279360E+01    0.218832884875003542E+01    0.293359258079515328E+01    0.358824099257161855E+00    0.230862441401873930E+01    0.512953045875802705E+00    0.305368619344452386E+01    0.150105118624376601E+02    0.149181632529630601E+02    0.149599885353416848E+02
    0.115613258300406796E-15    0.644649593118338942E+02    0.231681482499115088E+01    0.783508883112800802E+01    0.428878864704060003E+01    0.349647654862763391E+01    0.365223986236783293E+01    0.447991559338437262E+00    0.375208612894569304E+01    0.748140024484269639E+00    0.297939378194802451E+01    0.154453575102621681E+02    0.151139872364940793E+02    0.150763258575774017E+02
    0.384117289371438813E-96    0.435082349764509615E+03    0.136587035698794801E+01    0.515599216695418328E+01    0.445943678163889690E+01    0.281817439399982916E+01    0.445488673934272761E+01    0.456807541363818737E+00    0.497136195942297654E+01    0.803854542574330311E+00    0.268320181061446306E+01    0.153243505817426229E+02    0.151421705189632263E+02    0.152538268228023135E+02
    0.156945612192447071E-60    0.271086320310631550E+03    0.422319437766295547E+01    0.591843189449318530E+01    0.631607537078304038E+01    0.367038919933607133E+01    0.403041633525131537E+01    0.411307103376588379E+00    0.238300209165976318E+01    0.885633947752183848E+00    0.286821232701425810E+01    0.151499073079694888E+02    0.149161381299958080E+02    0.148697364696222571E+02
    0.156996738451205664E-09    0.362219894157160667E+02    0.168108404852874593E+01    0.691856289384492662E+01    0.661166691360120318E+01    0.359096215853466827E+01    0.509473618171980647E+01    0.329023406631076987E+00    0.303533561033524002E+01    0.575675224110418826E+00    0.275244495208814888E+01    0.153271625451117295E+02    0.150505739668221015E+02    0.151032402314324781E+02
    0.124337574589854314E-02    0.445224769091888550E+01    0.289835789829780621E+01    0.686832500821266922E+01    0.724250409903978021E+01    0.373563193791561066E+01    0.510707900950251670E+01    0.324464196017372752E+00    0.303599737373846335E+01    0.921758686355168777E+00    0.282896310370428594E+01    0.152391348421849155E+02    0.149647117398998617E+02    0.149727351563585245E+02
    0.336354316814677722E-06    0.208825986822586849E+02    0.335414457321166992E+01    0.646685266494750977E+01    0.775017368793487549E+01    0.384255609983283453E+01    0.437374893733772296E+01    0.269506633281707764E+00    0.258332655690518020E+01    0.764299756288528420E+00    0.277387041157484049E+01    0.152934907915464429E+02    0.149329686065424028E+02    0.150027609024836703E+02
    0.107803398129823415E-98    0.446833967669492552E+03    0.324938509627278282E+01    0.646363984874649056E+01    0.706755147688072594E+01    0.328417392351439430E+01    0.515189504092371919E+01    0.256658006490410373E+00    0.265545795179912325E+01    0.824738774067771518E+00    0.294534298274060058E+01    0.151967193964516927E+02    0.148882422158048620E+02    0.149294728181529237E+02
    0.833446354552973799E-02    0.647109498761280322E+00    0.909513950347900391E+00    0.733436250686645508E+01    0.718873369693756104E+01    0.299518196030614803E+01    0.329513287980930158E+01    0.368795037269592285E+00    0.209934812014046290E+01    0.555052959918975852E+00    0.277299495643377281E+01    0.149878803195266492E+02    0.148481084616809280E+02    0.148714518652020331E+02
    0.122810630076898692E-88    0.400521597018426576E+03    0.334725570678710938E+01    0.516554594039916992E+01    0.746083217859268188E+01    0.255289892996022250E+01    0.342693347243927127E+01    0.515324079990386985E+00    0.397390427983196970E+01    0.574042409658432007E+00    0.288262005645036723E+01    0.154558798879531381E+02    0.151438859429116146E+02    0.151591232936740141E+02
    0.325009563807256479E-71    0.320287281790858401E+03    0.265971517562866211E+01    0.748532962799072266E+01    0.528753879666328430E+01    0.221416516514257333E+01    0.250651834813303553E+01    0.424995541572570801E+00    0.493794185021258603E+01    0.528203350305557318E+00    0.290030364304780974E+01    0.154904385974865395E+02    0.152480318499327172E+02    0.152872682728746820E+02
    0.123580159683119537E-62    0.280774679311406203E+03    0.159206840466077204E+01    0.575935581073811509E+01    0.776499960253121202E+01    0.348951903443248623E+01    0.545112531702416270E+01    0.274613462826124977E+00    0.239720109545322835E+01    0.259055898069279700E+00    0.285361218700275376E+01    0.153722572552214114E+02    0.150827747736011908E+02    0.150734052404410903E+02
    0.149705795431560916E-02    0.408090416704435999E+01    0.225125503540039062E+01    0.595980644226074219E+01    0.728817525506019592E+01    0.347751605058792990E+01    0.619859137199579102E+01    0.275189590454101574E+00    0.188526792646815178E+01    0.578422296047210738E+00    0.295197659838199611E+01    0.151113112771769629E+02    0.148444418535865985E+02    0.148859426149013672E+02
    0.429128433445993266E-86    0.388809031293101498E+03    0.273671804542765829E+01    0.539852547557828455E+01    0.758761722551308360E+01    0.320377744125677433E+01    0.392684101595588331E+01    0.309683682294002449E+00    0.298949842626445950E+01    0.482057371825736158E+00    0.268042235332855183E+01    0.152947774953309885E+02    0.150331941141317991E+02    0.151888851140854477E+02
    0.113096296390699327E-92    0.419107085642077550E+03    0.713058215454923539E+00    0.576245783733536499E+01    0.795418334814278172E+01    0.224858230410247506E+01    0.325177019177888704E+01    0.327034728463410029E+00    0.513962452015035787E+01    0.666980732134101251E+00    0.300549107732000120E+01    0.154597199760922788E+02    0.152141410123903054E+02    0.152359868093124167E+02
    0.299699533426065795E-04    0.119030277126120527E+02    0.864643687097754854E+00    0.699639648805527781E+01    0.566416471446635761E+01    0.403891875261729716E+01    0.566645476841018603E+01    0.286370507416423448E+00    0.159069245782846580E+01    0.476727139605671035E+00    0.305223227949563158E+01    0.151346796283792369E+02    0.147373935546637078E+02    0.147852140577413476E+02
    0.114672766277982233E-07    0.276399339824621322E+02    0.216323147576555863E+01    0.567171378867281817E+01    0.608014358822712353E+01    0.392484481560450504E+01    0.425766248271116243E+01    0.530267496766977264E+00    0.512419630313985675E+01    0.862988500202107822E+00    0.291782639767331053E+01    0.154709519767542183E+02    0.151640915620585215E+02    0.152029992442518278E+02
    0.695915339298676549E-33    0.143768067913308784E+03    0.260663464598997807E+01    0.370381328287216771E+01    0.487218134354810495E+01    0.355593252018777761E+01    0.449591046375010439E+01    0.482588567964778781E+00    0.194881655462473224E+01    0.740276542517333325E+00    0.295730619354433832E+01    0.149713856640815060E+02    0.148217421771489661E+02    0.147955772872260081E+02
    0.688857970054137334E-10    0.378695394425564160E+02    0.344793849349633064E+01    0.537220821522741510E+01    0.691773929204354054E+01    0.387990894011750509E+01    0.598851589357777492E+01    0.314163294863069542E+00    0.275903103534559824E+01    0.654338317344258513E+00    0.297526861440220358E+01    0.153243380867240226E+02    0.150575041902203335E+02    0.150024125133282364E+02
    0.896011780732460655E-94    0.424177998164521739E+03    0.459878349304199219E+01    0.392870855331420898E+01    0.534512850642204285E+01    0.372696760855550835E+01    0.539826935962425836E+01    0.220271646976470947E+00    0.176951399768565887E+01    0.393579041957855202E+00    0.276241880047321331E+01    0.151752790720783448E+02    0.148345335497909847E+02    0.148548500800190819E+02
    0.722947956226064030E-40    0.175928040770263578E+03    0.619744924406821163E+01    0.457782628301188232E+01    0.667285114130903168E+01    0.219687375235929494E+01    0.471807669997141943E+01    0.236513060583703472E+00    0.181100852780029720E+01    0.278294132939119365E+00    0.296157516856191716E+01    0.150327430128775585E+02    0.148818113450730038E+02    0.149121975386648646E+02
    0.450333954014258194E-74    0.333450522711692429E+03    0.329141235351562500E+01    0.480555105209350586E+01    0.666924524307250977E+01    0.345416999807715630E+01    0.478396826633231953E+01    0.323181533813476585E+00    0.309515424687222840E+01    0.140359306335449241E+00    0.293579940187931054E+01    0.154495676212587441E+02    0.150960381631904426E+02    0.151055841671497966E+02
    0.412335683509048814E-93    0.421125059533775016E+03    0.379235990667903389E+01    0.705778871428089705E+01    0.646248379336204426E+01    0.347610295037245365E+01    0.455883971747339700E+01    0.449246720162310265E+00    0.365639795787471567E+01    0.132944632247747135E+00    0.294871960592378901E+01    0.154284242336424082E+02    0.151054987237692036E+02    0.151912228491606616E+02
    0.644273703305050618E-44    0.194579148705277390E+03    0.517354879581968774E+01    0.607933648839757446E+01    0.420688568468675061E+01    0.291638531016883151E+01    0.565833382225694148E+01    0.382573978822674521E+00    0.306272266058097831E+01    0.332815743999826441E+00    0.276569036236382226E+01    0.153577672386646000E+02    0.150795594337048282E+02    0.150541099505876854E+02
    0.137837339056100054E-12    0.502978014606550161E+02    0.795031336558028023E+01    0.391725269460286718E+01    0.773956770028676910E+01    0.210520169806832635E+01    0.441929560662201482E+01    0.317268574520241819E+00    0.299309492918649855E+01    0.593792922760547737E+00    0.271101762041701155E+01    0.152336104955146734E+02    0.150856062171143996E+02    0.150323049728666476E+02
    0.165807045648379973E-73    0.330843681907502855E+03    0.776569652557373047E+01    0.457823848724365234E+01    0.649481180310249329E+01    0.287382856449620316E+01    0.368187978179709274E+01    0.316125786304473855E+00    0.267365838263796007E+01    0.511684805154800415E+00    0.293984820479154596E+01    0.152529024117131442E+02    0.151111836388543193E+02    0.150659274820289326E+02
    0.409347804603022635E-32    0.140224223409957375E+03    0.635445833206176758E+01    0.714706039428710938E+01    0.793853852152824402E+01    0.293133069916159572E+01    0.439460944609361626E+01    0.338465261459350575E+00    0.157072463650516858E+01    0.627371162176132202E+00    0.299582440167665487E+01    0.151059461922204061E+02    0.147542590636326327E+02    0.147220596632985252E+02
    0.510986660573617037E-53    0.236489240690444092E+03    0.439252456145477943E+01    0.356814683916063036E+01    0.628326406074940103E+01    0.274045881089645116E+01    0.336822450228730430E+01    0.252714317331075800E+00    0.224594631910837705E+01    0.395866844018358921E+00    0.285184002692964089E+01    0.152151865095466903E+02    0.150638942693607660E+02    0.150064874071555643E+02
    0.151769607988318124E-49    0.220496519649040465E+03    0.669199296152076872E+01    0.680023845708079122E+01    0.690984213795661617E+01    0.228028900195264672E+01    0.371260286425450214E+01    0.253480862558224163E+00    0.200878930824505897E+01    0.108840306556341221E+00    0.291248345402466891E+01    0.153112155157833651E+02    0.150289864446593935E+02    0.149808056503204075E+02
    0.221735695843768948E-71    0.321052018782187872E+03    0.648019252630873321E+01    0.780153681683128131E+01    0.652317851598925635E+01    0.325437578115274651E+01    0.353376710388074455E+01    0.273547417296963413E+00    0.277931223337842059E+01    0.524943054381474705E+00    0.280537140356202297E+01    0.153413111903049284E+02    0.150755000334266764E+02    0.151770929443349445E+02
    0.822741508634217689E-09    0.329091553434723991E+02    0.508794683696158678E+01    0.562256729669497268E+01    0.796916732150042328E+01    0.287792569464322545E+01    0.390022607553758593E+01    0.491247052155466490E+00    0.386463178438150035E+01    0.469366615764159500E+00    0.292003222720011824E+01    0.154748796785082892E+02    0.150939871378422694E+02    0.151498548371697339E+02
    0.142354630148910284E-70    0.317333178143449231E+03    0.402532857356455498E+01    0.381525649979512016E+01    0.637798454830514050E+01    0.256180305640977091E+01    0.270335441967228096E+01    0.493857255128487438E+00    0.381141207387872072E+01    0.530632937286628636E+00    0.282907279430851455E+01    0.153460475942191508E+02    0.151518853553892843E+02    0.151200960762549652E+02
    0.407369213945803462E-47    0.209311466677548253E+03    0.681242380604934095E+01    0.372248125584493428E+01    0.774302696542661995E+01    0.285677800682383287E+01    0.599532910453857681E+01    0.480182233631693323E+00    0.263711758169584076E+01    0.257937294112409732E+00    0.302783050719625102E+01    0.152436196271346365E+02    0.149555434643867198E+02    0.149389221396272500E+02
    0.531081038361255643E-10    0.383897804151492821E+02    0.652101994602985524E+01    0.694228633137608142E+01    0.433887850479469428E+01    0.264603033275222277E+01    0.401449245457647663E+01    0.260039656580403400E+00    0.216136376771353067E+01    0.159362067344360481E+00    0.298784666281802913E+01    0.152369324309616196E+02    0.149001448064948132E+02    0.150208511133133129E+02
    0.198325424399551202E-16    0.679908123012947385E+02    0.505338635012646886E+01    0.449884983399579053E+01    0.292971576086050911E+01    0.279370255496983688E+01    0.561933702455794748E+01    0.362960020405902473E+00    0.286895568720424476E+01    0.193362099727792447E+00    0.276368263662239766E+01    0.154054013136545205E+02    0.150277757953701343E+02    0.150818478388088906E+02
    0.272009674750542109E-13    0.535434449523426821E+02    0.299996900558471680E+01    0.231868743896484375E+01    0.743823993206024170E+01    0.339355455763538227E+01    0.424860798961904695E+01    0.279148745536804188E+00    0.180755856234700674E+01    0.293263137340545654E+00    0.275309044641256317E+01    0.149469397404452966E+02    0.148341552141161266E+02    0.148417735421383661E+02
    0.684927118462267741E-20    0.839326866510652678E+02    0.258935268710892030E+01    0.615475920506549112E+01    0.326254130098375894E+01    0.279232105410340825E+01    0.338922550070970585E+01    0.193553872031589358E+00    0.152886840098961407E+01    0.358134378695567523E+00    0.288269590588635571E+01    0.151377494666589918E+02    0.147797510439374697E+02    0.149071905929063373E+02
    0.459427485738485136E-94    0.425513943050357852E+03    0.495619281670712919E+01    0.305227884602279831E+01    0.593046611893449516E+01    0.310145887404991782E+01    0.329138095176642675E+01    0.467408261955083226E+00    0.337423625902535207E+01    0.380948700269859275E+00    0.286758210543210490E+01    0.153503988039165193E+02    0.151130368304048961E+02    0.150900317396251076E+02
    0.682511950918648852E-97    0.438537855769722171E+03    0.669706821441650391E+01    0.713105297088623047E+01    0.737940120697021484E+01    0.324737481941923178E+01    0.536736484268549674E+01    0.362645518779754594E+00    0.258047887150184518E+01    0.415728724002838113E+00    0.293952145254611974E+01    0.150574417292039922E+02    0.150067953417523761E+02    0.150271004260853900E+02
    0.165903419168729536E-02    0.387543656206906650E+01    0.678800201416015625E+01    0.502254056930541992E+01    0.722444328665733337E+01    0.248644451310916947E+01    0.554983798634145753E+01    0.473359990119934126E+00    0.328807105741960415E+01    0.575850003957748435E+00    0.276553263753652567E+01    0.152602820193400461E+02    0.150269316651628877E+02    0.149990621751691560E+02
    0.320185044058970708E-73    0.329527533198129390E+03    0.506455773905759710E+01    0.733693086132127092E+01    0.721293874698285009E+01    0.282840864832296468E+01    0.582343159816153388E+01    0.380212172753971234E+00    0.365237392980858999E+01    0.183940578729072352E+00    0.275404831252961912E+01    0.154754117726363436E+02    0.151259151449604818E+02    0.151976225443234245E+02
    0.886918005654606865E-87    0.391962208908733885E+03    0.282144641876220703E+01    0.363270044326782227E+01    0.495756271481513977E+01    0.228787134062215358E+01    0.337398600886320921E+01    0.465178537368774458E+00    0.514276813367241026E+01    0.517310899496078558E+00    0.278152254736423465E+01    0.155480281758810914E+02    0.152114499931805440E+02    0.152491579518961391E+02
    0.719236474584544922E-09    0.331780590828544675E+02    0.341055702034988339E+01    0.216515094400304919E+01    0.668232185779371513E+01    0.297850535496586843E+01    0.437630321058215443E+01    0.522065757912865247E+00    0.517035141749159788E+01    0.575149391348402039E+00    0.272775033707712034E+01    0.153837589528193401E+02    0.151867053103324547E+02    0.151793843543639522E+02
    0.897885289397321780E-05    0.143136740935351181E+02    0.254325319846986453E+01    0.299057351415563133E+01    0.624679955421465216E+01    0.205555834353630740E+01    0.338691134524761406E+01    0.303868840619602398E+00    0.232576226894375715E+01    0.178148171998583404E+00    0.292038177873461535E+01    0.151768426167023449E+02    0.149519933007543351E+02    0.149785232729870135E+02
    0.938400391867455844E-21    0.879081282795854264E+02    0.761968667625713270E+01    0.216930211732908473E+01    0.700970732506593563E+01    0.333227730972607805E+01    0.396766699514779564E+01    0.386438608526366023E+00    0.150569078466899864E+01    0.362531621451709141E+00    0.297502536625904757E+01    0.148806611371772526E+02    0.147218276734045581E+02    0.147039067214432073E+02
    0.341983445399778824E-07    0.254545744443581867E+02    0.576420402526855469E+01    0.468502712249755859E+01    0.567082646489143372E+01    0.379176280404162203E+01    0.588404725591452671E+01    0.460880243778228782E+00    0.281755401807125239E+01    0.449790310859680242E+00    0.290850549381971346E+01    0.152917624880116936E+02    0.149624005027600813E+02    0.150072048360378734E+02
    0.404771008520180735E-23    0.988001790891418068E+02    0.167334749889765222E+01    0.751928161936913586E+01    0.623378778112792009E+01    0.406837351569173755E+01    0.535662161222187905E+01    0.276990506910529621E+00    0.190215820649298051E+01    0.260625734268202514E+00    0.268751311823797145E+01    0.149857567119261805E+02    0.148227838807731729E+02    0.148916918318617135E+02
    0.221641348760166873E-35    0.155266743254589130E+03    0.598700668515410506E+01    0.553118551928884905E+01    0.684248339194472610E+01    0.254055335477069955E+01    0.559261130209945367E+01    0.358799673637451799E+00    0.312730268250141652E+01    0.623842185693064266E+00    0.296046301951145008E+01    0.150816467417870665E+02    0.150312959218283329E+02    0.149531504769786725E+02
    0.996548758849413292E-95    0.428570479335443451E+03    0.480682969849697272E+01    0.507667004393122134E+01    0.660165449609541355E+01    0.354610697329998636E+01    0.604762266892141831E+01    0.432721904208116293E+00    0.368960501967552323E+01    0.180299498166410888E+00    0.289216208164330268E+01    0.154621662598250076E+02    0.151239983634149837E+02    0.152033418523020760E+02
    0.163809906167146690E-20    0.867938982298554151E+02    0.270011768056242119E+01    0.558806818031286845E+01    0.239004281093173887E+01    0.297315516730977514E+01    0.634747414944934540E+01    0.247668933120292534E+00    0.232445398712931128E+01    0.627930759822910578E+00    0.295001899320058047E+01    0.153022399134372797E+02    0.149236557552915361E+02    0.150414720332096419E+02
    0.410444868527492291E-35    0.154034381079976612E+03    0.403539857197969631E+01    0.672583232880251725E+01    0.783609605617828997E+01    0.520301329793512135E+01    0.632697837670298213E+01    0.490584409041606606E+00    0.269901330387402494E+01    0.774807363123822257E+00    0.304017961770550427E+01    0.150998660076986990E+02    0.149004410294621739E+02    0.149233418581714439E+02
    0.151884707549939584E-16    0.685243873193525843E+02    0.332214550888027738E+01    0.552326907525205613E+01    0.727900533184372023E+01    0.352626640587136375E+01    0.668957689417160406E+01    0.397524112676483354E+00    0.238345771972210851E+01    0.845985980360265954E+00    0.302709720114400582E+01    0.152768408433185172E+02    0.148566944032765349E+02    0.148562010862154441E+02
    0.263496670526313624E-50    0.223998335638444928E+03    0.421587465730087185E+01    0.171302651059688404E+01    0.477432135578310213E+01    0.279110560865219615E+01    0.555628874238625770E+01    0.311907458996693421E+00    0.276589720975266795E+01    0.619269835214682263E+00    0.300689063528158673E+01    0.151691203634434579E+02    0.150778672629685886E+02    0.149918976298476174E+02
    0.540889371618345055E-25    0.107430732914907992E+03    0.529690962650913022E+01    0.445736459251657458E+01    0.519256470247045243E+01    0.212778761031615637E+01    0.355478032397174726E+01    0.192863701838103557E+00    0.163104276511398139E+01    0.665494122304909674E+00    0.299324499338523697E+01    0.152591322087726340E+02    0.147866856900348687E+02    0.148563550641671185E+02
    0.140147270550535468E-67    0.303548922660458402E+03    0.155330908513984745E+01    0.349207793735435645E+01    0.782082823725581022E+01    0.287405057257740904E+01    0.480139512201512364E+01    0.427229685732045894E+00    0.607673763673666034E+01    0.869501835802599321E+00    0.301099614021445472E+01    0.155278506198855162E+02    0.152198891514733496E+02    0.152965435540760275E+02
    0.620141802913999685E-08    0.288693729590699100E+02    0.707794978022487609E+01    0.512309543609984797E+01    0.753733745528495014E+01    0.203215698307834725E+01    0.263061111368304967E+01    0.278415613352821667E+00    0.222670176365838346E+01    0.640353676663551030E+00    0.304879388732038725E+01    0.151667278544719863E+02    0.148695421001801726E+02    0.149292440121524983E+02
    0.790643788958876067E-04    0.996289347499920908E+01    0.570446986525153399E+01    0.694690624148558555E+01    0.984164439627767562E+00    0.236585494772914062E+01    0.484095559647730767E+01    0.476259506656852571E+00    0.349065846533178625E+01    0.564359450237947979E+00    0.298499491329434363E+01    0.152107101816633659E+02    0.150008343276703293E+02    0.150136069156068839E+02
    0.115983183422410524E-03    0.919652794145894070E+01    0.614294509204969863E+01    0.768015279886494717E+01    0.381061726802900891E+01    0.340144003104995418E+01    0.540594994185762534E+01    0.425023204999107618E+00    0.322872104662818060E+01    0.595887467861916598E+00    0.282642652722960719E+01    0.151364775193786922E+02    0.150255967701001047E+02    0.149982308470915715E+02
    0.547848018103429499E-04    0.106965927291382386E+02    0.562988623596861348E+01    0.642713863439259026E+01    0.339596680922603467E+01    0.330831938074624965E+01    0.550033112081240638E+01    0.302582865833595893E+00    0.285435733011279158E+01    0.711897613303323018E+00    0.269748207967930131E+01    0.151356623846594420E+02    0.149748612937964971E+02    0.149548959996973387E+02
    0.815583797192041950E-22    0.927938435506692656E+02    0.516891739469674238E+01    0.650137283853513281E+01    0.374193179352640382E+01    0.331428452283774622E+01    0.601006802243391647E+01    0.317452582910184522E+00    0.377128944815491352E+01    0.584609548184660266E+00    0.285090341141316994E+01    0.152630722887519301E+02    0.150528518963444480E+02    0.150317985239817045E+02
    0.205381323859250456E-06    0.218691921843227988E+02    0.792513494024781817E+01    0.530338182702309791E+01    0.357718257381965277E+01    0.303394093259104558E+01    0.624220968848055868E+01    0.273954887013757753E+00    0.280379624774698488E+01    0.664510394328072684E+00    0.299794457611129594E+01    0.150912915415063384E+02    0.149296115450091964E+02    0.148827973532077547E+02
    0.733944634056664433E-67    0.300237443074240105E+03    0.796134988659456955E+01    0.667242394824917895E+01    0.411178682839492371E+01    0.281835188046645868E+01    0.356748906350413009E+01    0.216671739079003611E+00    0.200956960673180784E+01    0.707444305726542488E+00    0.300745098275374190E+01    0.151445043779016011E+02    0.148572155410264273E+02    0.149982169763336231E+02
    0.158570142795424344E-07    0.269917050321709020E+02    0.769522385705933765E+01    0.617071442809547399E+01    0.238083260967117916E+01    0.352882851371339568E+01    0.451083754611065491E+01    0.338756313364763750E+00    0.219438653606913681E+01    0.848515024047172606E+00    0.274095072792093220E+01    0.150498748813566365E+02    0.148699656066166508E+02    0.148104886639996653E+02
    0.445782043751726616E-22    0.940019916125699950E+02    0.560071277618408203E+01    0.501021385192871094E+01    0.423181819915771484E+01    0.238409018816764329E+01    0.284282664464723700E+01    0.532166600227355957E+00    0.437320783712990302E+01    0.477837365865707464E+00    0.293273055207729350E+01    0.154631745480748535E+02    0.151668607947612291E+02    0.151276395028324107E+02
    0.127764640548334664E-19    0.826857616861988163E+02    0.596192450180402833E+01    0.397204418067640264E+01    0.572112902507312793E+01    0.229420955404131499E+01    0.419864944380046801E+01    0.381162816819148098E+00    0.325772629869769048E+01    0.584335336424224860E+00    0.290975445616486184E+01    0.151914952505125083E+02    0.150333608087232502E+02    0.149976391500440851E+02
    0.101189932917171603E-30    0.133809014833734466E+03    0.477267646697489667E+01    0.684247977135979024E+01    0.127107530610766339E+01    0.304184739881895450E+01    0.484634531282158143E+01    0.445491230394721160E+00    0.331168408957488625E+01    0.478839935847981346E+00    0.287983538547404949E+01    0.152142223491187440E+02    0.150231215098397382E+02    0.150509370649548782E+02
    0.167603513261564646E-40    0.178851512943200760E+03    0.559841241594608352E+01    0.712655450413856872E+01    0.408706850415139655E+01    0.385408378808335739E+01    0.386059696245038486E+01    0.431690269197493426E+00    0.266578427037396581E+01    0.497308248363492300E+00    0.301167418391970099E+01    0.152956686588571120E+02    0.149980864478341047E+02    0.149503492273126426E+02
    0.420560713322559127E-43    0.190827048095913341E+03    0.754038066158429032E+01    0.776182632276331219E+01    0.302405271478833404E+01    0.242491161660069121E+01    0.340871232452243600E+01    0.440826796212646532E+00    0.287723358571717913E+01    0.389867571128424295E+00    0.281520388461294591E+01    0.150687954759007390E+02    0.149947776818390093E+02    0.150024440635139324E+02
    0.313035397558778769E-20    0.854986789726819723E+02    0.581253051757812500E+01    0.439385271072387695E+01    0.345032843947410583E+01    0.238288544472406816E+01    0.322452692998691548E+01    0.389683437347412065E+00    0.240704757246994383E+01    0.310687035322189331E+00    0.303548616307973873E+01    0.150677468854664660E+02    0.149036217425550248E+02    0.149679547679051641E+02
    0.574268248930789001E-76    0.342174648699219460E+03    0.306521717653385517E+01    0.630982914353233415E+01    0.325535271100357404E+01    0.316055644578613482E+01    0.341701861201026880E+01    0.346184425249997763E+00    0.260289107680514498E+01    0.325011926965823150E+00    0.289910367778768396E+01    0.150775606899214285E+02    0.149811670241217243E+02    0.150150065748824773E+02
    0.149094164709320020E-18    0.777718149829888148E+02    0.609198955797974229E+01    0.639595671505813623E+01    0.478197946917696015E+01    0.374286141537635242E+01    0.654004303072197057E+01    0.340898180319714694E+00    0.209754293732856478E+01    0.645604832742857626E+00    0.278397519963774931E+01    0.152516722026003091E+02    0.148257679905482522E+02    0.148524872246367980E+02
    0.712539367301540271E-09    0.331967691516498462E+02    0.659208869934082031E+01    0.441366624832153320E+01    0.266364189982414246E+01    0.358764881165356453E+01    0.429622091278442575E+01    0.482387483119964600E+00    0.259757138801196819E+01    0.439485639333724976E+00    0.269007726013660431E+01    0.150829606873208970E+02    0.149399327252263241E+02    0.149618494798999464E+02
    0.319133948309843801E-86    0.389401321968053708E+03    0.580938293951145646E+01    0.686616007609241663E+01    0.629648285361969773E+01    0.402806800796499331E+01    0.562285175297103290E+01    0.347204807257272041E+00    0.324817635351997769E+01    0.599117024149243504E+00    0.298357456554929223E+01    0.151024609307825841E+02    0.150521184679185271E+02    0.150490778787385011E+02
    0.325979727070268976E-77    0.347912341739714975E+03    0.623927164077758789E+01    0.760177803039550781E+01    0.139501291513442993E+01    0.398897037611450189E+01    0.541461571063184977E+01    0.364103317260742188E+00    0.155578389427282815E+01    0.386278498172760054E+00    0.268858559590578095E+01    0.150222185015950274E+02    0.146882131722564697E+02    0.147101549261802411E+02
    0.164549713275365519E-46    0.206519310893327088E+03    0.373419046020076406E+01    0.594548911786237166E+01    0.128183472122038644E+01    0.448079085786893749E+01    0.582797657333463270E+01    0.411899051740434730E+00    0.397284843493326756E+01    0.564344549093485415E+00    0.295592928295619295E+01    0.152690795250764211E+02    0.150313180180346908E+02    0.151799975465219550E+02
    0.184752832703749211E-02    0.366021039098678402E+01    0.683711950192009255E+01    0.785018582347619276E+01    0.117337437487165808E+01    0.330870978913008162E+01    0.419133701910471146E+01    0.298635703620930726E+00    0.246982187307362500E+01    0.690386124273546731E+00    0.252555939324884893E+01    0.153052217967949211E+02    0.149387832454149354E+02    0.149837970891500714E+02
    0.154192073498082881E-03    0.862702025011065032E+01    0.378736253329098638E+01    0.680031534324548326E+00    0.244364238113529275E+01    0.258819533482787234E+01    0.343432712401662643E+01    0.419545133917829327E+00    0.279868340969778551E+01    0.691776351282285651E+00    0.268075475843480060E+01    0.152509814891721938E+02    0.149590901114661339E+02    0.149564139291350706E+02
    0.380361110895875080E-10    0.390573674769564150E+02    0.646506300183887817E+01    0.265256136144756027E+01    0.329996975764561418E+01    0.285531373889460749E+01    0.520353454753772926E+01    0.381708354656580928E+00    0.285308669828131833E+01    0.665728874589576969E+00    0.275694727132368245E+01    0.152083152806754516E+02    0.150087898429272677E+02    0.149568388366921425E+02
    0.250786074968753287E-62    0.279359258765429217E+03    0.568570289919048832E+01    0.230387859934860195E+01    0.290020645887887829E+01    0.213696721775056719E+01    0.270964741406409182E+01    0.392458121011092675E+00    0.256868314394604891E+01    0.700265528450204067E+00    0.285787283659139524E+01    0.152182960613253329E+02    0.149383709158384654E+02    0.148954133060130332E+02
    0.331605832181149048E-67    0.301826416242683024E+03    0.147874083778691046E+01    0.170108534194425554E+01    0.363341379138424880E+01    0.226377104878609403E+01    0.416333249261722660E+01    0.425165932559160797E+00    0.317294833385110042E+01    0.445201598597785408E+00    0.301730029542842182E+01    0.151917690104548857E+02    0.150627247752956617E+02    0.151081466062411511E+02
    0.168678129142566357E-96    0.436728260983245718E+03    0.226538705825805664E+01    0.281020021438598633E+01    0.261621776223182678E+01    0.259063929526704628E+01    0.316238712789593812E+01    0.372895884513855025E+00    0.521621877786877786E+01    0.971457594633102439E+00    0.284535790240764630E+01    0.152890742467390002E+02    0.151997564692303690E+02    0.151657140040571665E+02
    0.178485302671873592E-21    0.912274691897318348E+02    0.330153883594590081E+01    0.217296078877229792E+01    0.446530307266393223E+01    0.239312876404344932E+01    0.379263357665846401E+01    0.446436953711761397E+00    0.224306135849628463E+01    0.877570867443935976E+00    0.275059090439247367E+01    0.150704924853135935E+02    0.148904425853725151E+02    0.148398752708481254E+02
    0.308384411961733119E-63    0.283550935329864558E+03    0.988252256001011520E+00    0.386037587417128192E+01    0.454209005313984626E+01    0.264670045954170785E+01    0.387877370892764528E+01    0.372013789125403616E+00    0.421767313997309401E+01    0.971682070786890284E+00    0.303054858423218887E+01    0.155012610658487606E+02    0.151793159573585665E+02    0.151198862844547115E+02
    0.153448292298658180E-67    0.303367582960320760E+03    0.101876097416025380E+00    0.381587896565032425E+01    0.361013448601693465E+01    0.211099960877176596E+01    0.349278644638841218E+01    0.528582925834371498E+00    0.307739019855459528E+01    0.985058147766917247E+00    0.293815773378820078E+01    0.151115796928496824E+02    0.150232841005319724E+02    0.149828360196750392E+02
    0.572551827633218302E-18    0.750807646315858364E+02    0.337262652668441909E+01    0.360210878356226383E+01    0.362564178296784867E+01    0.291507185161748072E+01    0.321385409412705458E+01    0.459187027827543726E+00    0.286887637245459803E+01    0.905837874029318924E+00    0.304815023369203342E+01    0.152878167150318163E+02    0.149553379706927672E+02    0.148968806339919819E+02
    0.368370223805995919E-07    0.253059221548167308E+02    0.462703418731689453E+01    0.245806503295898438E+01    0.230167108774185181E+01    0.338742550859072900E+01    0.484797129209274136E+01    0.461396944522857622E+00    0.196608327429383412E+01    0.797645139694213912E+00    0.294996360820531844E+01    0.149614167994807268E+02    0.147717130183595611E+02    0.147874107328431332E+02
    0.174847823574792019E-18    0.774531391193871315E+02    0.287524461746215820E+01    0.126235723495483398E+01    0.208351317048072815E+01    0.303352389872162576E+01    0.465629367493124136E+01    0.514018595218658447E+00    0.367418645847930314E+01    0.536635249853134155E+00    0.287232586789131172E+01    0.151784927654633108E+02    0.150486004174433887E+02    0.150881410679556183E+02
    0.293227142014728301E-50    0.223784522028297175E+03    0.238799983165362084E+01    0.224968238700127676E+01    0.208468870109529725E+01    0.356146698224104208E+01    0.513035228234772944E+01    0.468570391290729749E+00    0.500241223104216814E+01    0.678076134713675449E+00    0.283525758662697935E+01    0.154328059672203945E+02    0.152217040803057415E+02    0.152482633779113605E+02
    0.124356175950551039E-65    0.294577670223155849E+03    0.759029150009155273E+01    0.775020122528076172E+00    0.418297159671783447E+01    0.296052497602021258E+01    0.361698933583340798E+01    0.436611044406890914E+00    0.156136185676077011E+01    0.457067412137985296E+00    0.305517337805032740E+01    0.147258433212511726E+02    0.147436125828706821E+02    0.146935489044884626E+02
    0.353387552334061249E-10    0.392044789902412845E+02    0.618233242893033053E+00    0.102648353412472179E+00    0.242286419025087874E+01    0.273831601827822624E+01    0.367196885361913639E+01    0.375690134393725561E+00    0.182120365425856434E+01    0.785334907124873416E+00    0.296497491132374558E+01    0.150742258261649908E+02    0.148182679576905958E+02    0.147795810531683731E+02
    0.107433824145332907E-95    0.433025325335226512E+03    0.624193000914725893E+01    0.222825777522573354E+01    0.559151345022312096E+01    0.300369663085815919E+01    0.402699055544905793E+01    0.453091601983373060E+00    0.364160283753384739E+01    0.437807758406618008E+00    0.303899932635036407E+01    0.151885768061180535E+02    0.151026956278805162E+02    0.151283526379472626E+02
    0.562284773717488091E-37    0.162615187812541592E+03    0.272799301775951797E+01    0.667811316933648147E+00    0.475098161644699957E+01    0.233886439754474296E+01    0.349124352771050805E+01    0.448019193013175832E+00    0.538762674845548162E+01    0.936996013489535207E+00    0.266425047758814681E+01    0.154341775911892487E+02    0.151859320263220923E+02    0.152600329691360415E+02
    0.903608210606976369E-12    0.465371582933470904E+02    0.298355575397592876E+01    0.343276756660768445E+01    0.471468421433338669E+01    0.235955884168448193E+01    0.341418665825187029E+01    0.479994761211677057E+00    0.294941217701662550E+01    0.897200461271073779E+00    0.269606355271010401E+01    0.151313736073409704E+02    0.149777628504317573E+02    0.149341031983048982E+02
    0.846053405824031669E-28    0.120351508041231867E+03    0.254059219360351562E+01    0.373381090164184570E+01    0.427658650279045105E+01    0.280047635076760715E+01    0.385106917805806237E+01    0.451950347423553445E+00    0.358690724903345703E+01    0.657145130634307906E+00    0.276624453943967819E+01    0.154584285744810135E+02    0.150629562023936625E+02    0.151317150247098784E+02
    0.230317273050786415E-75    0.339396756139991396E+03    0.978663444519042969E+00    0.217040872573852539E+01    0.469681310653686523E+01    0.352323942698077985E+01    0.516793091617969935E+01    0.458738338947296098E+00    0.312389580329689398E+01    0.661436396837234541E+00    0.294584765332937248E+01    0.152160882003711517E+02    0.150782410078769313E+02    0.150428737944658160E+02
    0.377303117432836044E-12    0.482838522567254387E+02    0.296986472827664061E+01    0.122879809536909912E+01    0.548672620305402958E+01    0.342249997715283705E+01    0.371748043824881691E+01    0.455769960639470062E+00    0.330203398005506532E+01    0.760370932828041912E+00    0.299835065651404742E+01    0.151732195509407877E+02    0.149480416012695638E+02    0.150177753537018610E+02
    0.270700591718016637E-64    0.288416772941935847E+03    0.441621446609497070E+01    0.212632751464843750E+01    0.559269639849662781E+01    0.353798881452378922E+01    0.524280433691459535E+01    0.292314887046813965E+00    0.292322790901675233E+01    0.809373795986175537E+00    0.285745836240053164E+01    0.149804761967243500E+02    0.149489414705096220E+02    0.149227027097114213E+02
    0.101544582347850981E-16    0.693296349055042498E+02    0.295311368994677759E+01    0.162404445192051194E+01    0.513997116360547501E+01    0.308245341021277053E+01    0.446946162591515606E+01    0.461929740859825189E+00    0.427845715171071284E+01    0.898618567076667096E+00    0.277833425859935712E+01    0.153262012895150139E+02    0.151157400933340593E+02    0.150745137195755490E+02
    0.946189772721558055E-40    0.175389828934525241E+03    0.367931134250863412E+01    0.119111177716462380E+01    0.453112191474246018E+01    0.372196206294748633E+01    0.459431771153895863E+01    0.327794956803804993E+00    0.203949334479055855E+01    0.948393802428737276E+00    0.293441689262627348E+01    0.151339703687663025E+02    0.148442984469277484E+02    0.147904995777310493E+02
    0.161111261371861770E-06    0.223547385381627457E+02    0.474934532498579198E+01    0.105259408734649965E+00    0.389920637263331482E+01    0.253405978141720389E+01    0.486825094422638749E+01    0.302486216800831653E+00    0.333458311622247372E+01    0.642879177558144721E+00    0.288549169977312570E+01    0.153958863323569943E+02    0.150866149396641127E+02    0.150065714166519406E+02
    0.615971111523653134E-92    0.415717164783487078E+03    0.416578670295280418E+01    0.177733059985107383E+00    0.209843932377690612E+01    0.371877925620150585E+01    0.465599887429982928E+01    0.500507123707140344E+00    0.267417519008563165E+01    0.919261710121333953E+00    0.287412217313491514E+01    0.151220689762143685E+02    0.148748048520725682E+02    0.148749725693669657E+02
    0.145821617011120183E-38    0.169919606724429656E+03    0.272373192660923058E+01    0.106322744371279732E+01    0.238705787170760564E+01    0.283989837928991973E+01    0.418820887371651729E+01    0.411681634484684422E+00    0.252313794360299681E+01    0.946404583282970946E+00    0.264162557118362740E+01    0.152382283205964839E+02    0.149610102149051585E+02    0.148931695039530645E+02
    0.240174386569657102E-26    0.113659602098996075E+03    0.284600060878117667E+01    0.314728306825595494E+01    0.767315383328439093E+01    0.201372970497262216E+01    0.388841419219410156E+01    0.499511971543031841E+00    0.317648891895572483E+01    0.436680652530188618E+00    0.297016084125458191E+01    0.152180399153553108E+02    0.150484032866145725E+02    0.150352354660835648E+02
    0.947686782557011971E-89    0.401040006257606251E+03    0.340704670774940199E+01    0.298513626582678437E+01    0.229610031358461431E+01    0.342237372186218192E+01    0.383857498143958020E+01    0.193421246486994963E+00    0.150322616351815519E+01    0.193605578479167262E+00    0.265368634514707891E+01    0.152132384936728027E+02    0.151892777223345856E+02    0.148929549370844292E+02
    0.670371780889694494E-87    0.392522049073985954E+03    0.480691031450228135E+01    0.418977444213629280E+01    0.214096148390928498E+01    0.309693051491822446E+01    0.519921460776226141E+01    0.187364340721832334E+00    0.151575399969061975E+01    0.322556460358456532E+00    0.298827645592051150E+01    0.151521269994516405E+02    0.150587120800026604E+02    0.149892876849292005E+02
    0.693410818826436864E-83    0.374033787969296441E+03    0.535599374923833960E+01    0.451243681575745548E+01    0.316487671760057143E+01    0.321659785591686820E+01    0.517398395740591344E+01    0.231431068352664138E+00    0.187934182382450610E+01    0.344978282781733925E+00    0.281283892329067076E+01    0.153250002519272908E+02    0.150887008286429953E+02    0.150018245792581499E+02
    0.129218824689360843E-43    0.193187211235853852E+03    0.200763517558545868E+01    0.438941312700418074E+01    0.436820186399974553E+01    0.275783768457097755E+01    0.509679353051846462E+01    0.228378282453040787E+00    0.211291171044264026E+01    0.640943223036736565E+00    0.280516034973673989E+01    0.153221682844212861E+02    0.151056215107993541E+02    0.149923324398461517E+02
    0.149697666749413513E-93    0.423151499690332741E+03    0.236750012157049028E+01    0.339670937978168030E+01    0.143646892894968570E+01    0.384815114653593060E+01    0.463086277803825830E+01    0.228570935070544684E+00    0.174671490989600509E+01    0.836790878514708347E+00    0.272290098829414218E+01    0.151357932379582429E+02    0.150995076281849130E+02    0.148949365903142681E+02
    0.246338426071107974E-87    0.394524301372182549E+03    0.457566704636351052E+01    0.447584892639944965E+01    0.235286307487973190E+01    0.314294555461044567E+01    0.514429198998716153E+01    0.156263711214840645E+00    0.243327160167349321E+01    0.925585566825402717E+00    0.284802976638473115E+01    0.151337080941693962E+02    0.150980499126289054E+02    0.148223443621132116E+02
    0.913906653280519142E-89    0.401112597483939055E+03    0.682347671276035328E+01    0.474181824252976902E+01    0.392071850526312016E+01    0.308067565396639242E+01    0.458788600415601699E+01    0.153739969752297090E+00    0.221665596447737290E+01    0.866603578522231577E+00    0.283424295962458617E+01    0.151942533788663301E+02    0.150611273716110521E+02    0.147806996879403449E+02
    0.456001516981637260E-72    0.324215168922392593E+03    0.651211977005004883E+01    0.510426330566406250E+01    0.323964181542396545E+01    0.212081789513602503E+01    0.519840321317964715E+01    0.241561055183410645E+00    0.199796710426700708E+01    0.954190552234649658E+00    0.260450941437482841E+01    0.150119805699690456E+02    0.150144443911861671E+02    0.148109194889625684E+02
    0.108819519095694759E-86    0.391553162355103723E+03    0.153679816809908432E+01    0.537569153421350876E+01    0.316101975808151714E+01    0.380621630966690283E+01    0.566448110317128872E+01    0.239056499510426679E+00    0.215854354584890373E+01    0.864089297519655131E+00    0.255979867230527169E+01    0.152339159213772355E+02    0.151769414545333845E+02    0.149502600502956060E+02
    0.345884603974332474E-85    0.384635163202875049E+03    0.406637477874755859E+01    0.246811866760253906E+00    0.738094776868820190E+00    0.301040528325442747E+01    0.480635516201125235E+01    0.193512928485870372E+00    0.213832981665493271E+01    0.958028256893157959E+00    0.300622895830869652E+01    0.150256053053325207E+02    0.150768287994821684E+02    0.148657234488899093E+02
    0.224007666172753619E-74    0.334847141016304874E+03    0.302973938071565563E+01    0.198390102030987658E+01    0.275370786670935308E+01    0.241046503699280734E+01    0.386034616214665816E+01    0.246471084812773467E+00    0.158300343662035226E+01    0.741283829884517576E+00    0.268045788922647210E+01    0.148912036637962242E+02    0.149769149117698248E+02    0.147843646922142842E+02
    0.193170235262985392E-42    0.187777911918948064E+03    0.283660700298986823E+01    0.102613626559418059E+01    0.327424258153995140E+01    0.389254998169089639E+01    0.403571649821493850E+01    0.232495020030149269E+00    0.162810940143138483E+01    0.822275775309165069E+00    0.267420069313538988E+01    0.151962506605852923E+02    0.149713112056063427E+02    0.147789684048113976E+02
    0.196822820869465985E-70    0.316685212947666514E+03    0.428637076734662248E+01    0.281509342594890855E+00    0.340342635845386576E+01    0.209394443025252874E+01    0.305133024591425794E+01    0.203631765026592942E+00    0.272712733003167074E+01    0.847353578547231590E+00    0.303062329179202905E+01    0.152435178246238081E+02    0.152749488683150343E+02    0.149330607400261286E+02
    0.625117587094642135E-73    0.328189451838042942E+03    0.769016361236572266E+01    0.273755168914794922E+01    0.251828628778457642E+01    0.322302853918602006E+01    0.559584438659758909E+01    0.165981161594390858E+00    0.232694094395003903E+01    0.804377752542495772E+00    0.281249367064237621E+01    0.151905592601886230E+02    0.151254334694001855E+02    0.148706778165300406E+02
    0.581952265736775202E-07    0.243913222521458408E+02    0.556899595260620117E+01    0.246665763854980469E+01    0.281402352452278137E+01    0.239032494672821549E+01    0.420819853514430875E+01    0.326969563961029053E+00    0.165350390529866820E+01    0.133928978443145774E+00    0.273951502162218086E+01    0.149520504648113164E+02    0.148136156464490139E+02    0.147677011961340714E+02
    0.149828141240502326E-36    0.160655056674890858E+03    0.279463128516286030E+01    0.449673020686746305E+01    0.125578784292734968E+01    0.325075408586147807E+01    0.493752113161921891E+01    0.428404502753778393E+00    0.367897092683994487E+01    0.955469039634526673E+00    0.268373961999957933E+01    0.151626277292762861E+02    0.150795658995989168E+02    0.150581309027809365E+02
    0.104824208074367451E-64    0.290314230230357452E+03    0.701319017129942157E+00    0.570804642186337929E+01    0.152958630841042953E+01    0.355327720035822558E+01    0.455142950399388102E+01    0.205344521929555990E+00    0.200403625128135410E+01    0.775821653629340857E+00    0.303610673576281798E+01    0.153091413983181948E+02    0.148546177633656651E+02    0.150579233892812105E+02
    0.964480854683302794E-06    0.187757489553097869E+02    0.310096454620361328E+01    0.482033348083496094E+01    0.273135828971862793E+01    0.323757057239131196E+01    0.484189194961004343E+01    0.282593667507171631E+00    0.165692795881212351E+01    0.933134943246841431E+00    0.282864915788173654E+01    0.151281240859082651E+02    0.147325748592116739E+02    0.147514902423296430E+02
    0.899686420836163354E-03    0.509932579902355521E+01    0.653607855360960865E+01    0.617047509750852718E+01    0.576345230435195033E+00    0.294719406093541192E+01    0.398402361745356481E+01    0.301532240776116400E+00    0.184047846888764011E+01    0.892102857355914769E+00    0.286246134243868466E+01    0.152403628624222414E+02    0.148049927422823853E+02    0.147942656180441432E+02
    0.756943925167650273E-83    0.373858454889471545E+03    0.352801026695664577E+01    0.487959474988994835E+01    0.105777318117726304E+01    0.285679251505769072E+01    0.326905570219656205E+01    0.392362744884245052E+00    0.282378459620544620E+01    0.677641751674738391E+00    0.266765824940979268E+01    0.153310828548303633E+02    0.150662233698767736E+02    0.149899608183169395E+02
    0.154699867875615052E-64    0.289535825899913334E+03    0.364162921905517578E+01    0.248905134201049805E+01    0.211195129156112671E+01    0.216116432255556390E+01    0.308542718762233470E+01    0.257600164413452126E+00    0.313884081492264277E+01    0.802240192890167236E+00    0.284350224113464378E+01    0.152813452798329124E+02    0.151787540833688368E+02    0.150828238804330308E+02
    0.605713033206462381E-61    0.272990476486271461E+03    0.506505590997399935E+01    0.377624133975222653E+01    0.321918447444475575E+01    0.253073765316702515E+01    0.480689350222625489E+01    0.235421958858864633E+00    0.163306675005393642E+01    0.892861145081895402E+00    0.271971727090434712E+01    0.152022672170775586E+02    0.147513993477990297E+02    0.148469209881342987E+02
    0.363556822012424032E-26    0.112830461431564643E+03    0.697597731720410241E+01    0.270241604941653346E+01    0.390364195900709809E+01    0.357377121407856091E+01    0.488959392859093356E+01    0.217861856406412063E+00    0.250909172212606935E+01    0.726581491758773179E+00    0.300109813008226123E+01    0.153037822884594448E+02    0.149158755157376639E+02    0.149795488257235601E+02
    0.770525676696352360E-64    0.286324653749085030E+03    0.460119819641113281E+01    0.416071414947509766E+00    0.166346269845962524E+01    0.308301927508448470E+01    0.374200031747475759E+01    0.265029382705688488E+00    0.267695221965246200E+01    0.803994250297546342E+00    0.263036443853378277E+01    0.151778255377508859E+02    0.150040017068214286E+02    0.148993232660973032E+02
    0.442669697227503472E-02    0.191260040068957182E+01    0.616470283072763259E+01    0.242748935621033324E+01    0.244688517435492958E+01    0.280122249847973936E+01    0.460002870754170967E+01    0.232293031230974945E+00    0.159109846555426104E+01    0.652120943286820243E+00    0.267705684980372149E+01    0.151206580811158933E+02    0.148157735687570469E+02    0.148179699491549624E+02
    0.150753007831356818E-15    0.639341750178072488E+02    0.631894147493065450E+01    0.272954570738359426E+01    0.379251784549309212E+01    0.275002553054839982E+01    0.280934004813456228E+01    0.310391503842076366E+00    0.312198893856802062E+01    0.564740247354717062E+00    0.269282746810932228E+01    0.154507367769660497E+02    0.150695774843014600E+02    0.151472822347688449E+02
    0.224043904252088068E-45    0.201296882105610678E+03    0.520568657908630072E+01    0.895609916780067683E-01    0.245180680609344748E+01    0.237485522427822726E+01    0.312221044511268087E+01    0.243139785310601320E+00    0.208668237606628981E+01    0.519073126526053974E+00    0.293851867691399127E+01    0.153126508784971680E+02    0.150893791786830445E+02    0.149470055980393894E+02
    0.265335702966406185E-20    0.858293198676292093E+02    0.105870827206986085E+01    0.290027461799835207E+01    0.511161113698837100E+00    0.302683371443622384E+01    0.381651428339000898E+01    0.236255660008651669E+00    0.197052309413396420E+01    0.579856029680180685E+00    0.279427043979139977E+01    0.153050953813168658E+02    0.150369725167273689E+02    0.149734705866458881E+02
    0.914450395552842904E-57    0.253745961956599814E+03    0.719603776931762695E+01    0.372455024719238281E+01    0.145796167850494385E+01    0.206153936444571872E+01    0.320319680016394948E+01    0.492597222328186035E+00    0.282742912502464661E+01    0.565077447891235374E+00    0.301125174301862719E+01    0.151635850458416517E+02    0.150107166016002118E+02    0.149778420836284099E+02
    0.540797131316472406E-78    0.351505093870374424E+03    0.493182373046875000E+01    0.393797779083251953E+01    0.555727362632751465E+00    0.270220136548023238E+01    0.395144864221930137E+01    0.433247518539428667E+00    0.407653195858064876E+01    0.526073569059371970E+00    0.300452070748805999E+01    0.154559650632603240E+02    0.152018132911691417E+02    0.151354415773028279E+02
    0.157251398118970592E-06    0.224032373464252288E+02    0.411868190765380859E+01    0.384905147552490234E+01    0.207332032918930054E+01    0.236029027071263720E+01    0.390030968673391110E+01    0.472747516632080034E+00    0.393303764612773676E+01    0.538314849138259888E+00    0.284153332734107966E+01    0.154775244870228423E+02    0.151187900351710720E+02    0.151416483863422027E+02
    0.567574167751066909E-20    0.843085686576809081E+02    0.375771698123411646E+01    0.328303473559767145E+01    0.104383166223823798E+01    0.253157571902669609E+01    0.367281335040129342E+01    0.339234643235815314E+00    0.292963570709623156E+01    0.450542953376321664E+00    0.291816305765720063E+01    0.154170796407082573E+02    0.150180811557317160E+02    0.151181192069606407E+02
    0.301870531877022684E-11    0.441247834034414765E+02    0.245641899108886719E+01    0.420403337478637695E+01    0.258045229315757751E+01    0.337584003082309536E+01    0.526645126837834177E+01    0.312789618968963623E+00    0.204545556714751120E+01    0.638065558671951250E+00    0.302717090797424326E+01    0.151732990876382949E+02    0.149359309162293474E+02    0.148851115982462296E+02
    0.549710301547183728E-03    0.608463553166268767E+01    0.410791587829589844E+01    0.312760686874389648E+01    0.302562075853347778E+01    0.230218009635353882E+01    0.248617069331852392E+01    0.255927860736846924E+00    0.235007038273949620E+01    0.951479750871658370E+00    0.279742111635208124E+01    0.151730528493209587E+02    0.148373583406538021E+02    0.148708578060421619E+02
    0.973242298089529547E-50    0.221385150957380574E+03    0.373510213155549842E+01    0.168774848276745071E+01    0.554951215210725768E+00    0.242585983039901087E+01    0.436296123127735758E+01    0.316719973647652808E+00    0.271655325354106347E+01    0.894622721681755606E+00    0.302004343418012056E+01    0.150245644464065293E+02    0.149128924524435522E+02    0.149241030776419255E+02
    0.739648499713164323E-63    0.281801279375021352E+03    0.316290378570556641E+01    0.347695970535278320E+01    0.377757447957992554E+01    0.392694983158346389E+01    0.521313316130230042E+01    0.335693860054016135E+00    0.229336429949047549E+01    0.702256613969802879E+00    0.292531645911931992E+01    0.152279898162757483E+02    0.150080063930331900E+02    0.149255712082219354E+02
    0.269557811562908402E-63    0.283820063757961179E+03    0.951029974410962042E+00    0.412741376930049420E+01    0.191959146698312177E+01    0.335127152147646523E+01    0.423613244029160896E+01    0.495908423277639954E+00    0.301121973992919134E+01    0.459519657283982919E+00    0.282873461043519914E+01    0.152493488695159538E+02    0.150361735489545882E+02    0.150343375442378591E+02
    0.924954285064100323E-34    0.147804205497813484E+03    0.683023934377171127E+01    0.179234046350651566E+01    0.683630962632855943E+00    0.210038300144592460E+01    0.429086911667227788E+01    0.351312279571205366E+00    0.384888165402675719E+01    0.503842442594040207E+00    0.278919390771136877E+01    0.153136025654296333E+02    0.151621189856725884E+02    0.151613276967210897E+02
    0.874474056400300803E-30    0.129495768128862920E+03    0.285077159839599048E+01    0.209751717259550130E+01    0.120135697256314966E+01    0.210340054272216692E+01    0.213225690948394631E+01    0.419045489167186647E+00    0.359217120809432489E+01    0.200104920566442107E+00    0.302545793504162308E+01    0.153889097705213462E+02    0.151006193144092631E+02    0.151564451942644638E+02
    0.601181239424508739E-50    0.222348624198747501E+03    0.496750367283522021E+01    0.530504876208347298E+01    0.247442327119158545E+01    0.409177336418289084E+01    0.487602959333543140E+01    0.275790197960848249E+00    0.152167445633413978E+01    0.874931893051500098E+00    0.265719766192110862E+01    0.151672750900069566E+02    0.146846779024163965E+02    0.147115128692150154E+02
    0.543240945928506637E-06    0.199238230146121928E+02    0.176426489824743138E+01    0.892979271055618251E+00    0.183560454964698860E+01    0.250360281600595291E+01    0.278769224991505604E+01    0.390722964550774710E+00    0.277686723669009661E+01    0.307705098552214618E+00    0.277365646931799281E+01    0.152902224891367684E+02    0.149649096057270263E+02    0.150325321499929974E+02
    0.161558945443445316E-37    0.165109464558581436E+03    0.329050308516558099E+01    0.147518419724361949E+01    0.230700434825074296E+01    0.240670668289000300E+01    0.268730862027896622E+01    0.239329815853895261E+00    0.180366796885147274E+01    0.623089675554471589E+00    0.261357948862932954E+01    0.151689947432682395E+02    0.150233152286194809E+02    0.149010572537072274E+02
    0.294595888697801580E-69    0.311273441540092733E+03    0.523683442484429307E+01    0.203407700339830111E+01    0.181566760023846241E+01    0.295801726499529849E+01    0.502257518405560344E+01    0.270771884136364049E+00    0.195184246804091277E+01    0.843176448363694209E+00    0.270223667596741457E+01    0.151174662883468383E+02    0.149349337300799547E+02    0.149023917625489339E+02
    0.376141898100394138E-55    0.246312335111517768E+03    0.351055472112729783E+01    0.529324500890255401E+01    0.115128138617102649E+01    0.346495074118144686E+01    0.496610969005685021E+01    0.394952587480816297E+00    0.362351532475356386E+01    0.651661132564031131E+00    0.288187323405746953E+01    0.153127630956896486E+02    0.151345837279505115E+02    0.151316880754202820E+02
    0.118347717637070202E-43    0.193362971699351618E+03    0.771055532499877927E+01    0.260251580169291730E+01    0.150487429407248530E+01    0.315939592501572264E+01    0.338440593140887414E+01    0.282392368770384761E+00    0.193589541208131277E+01    0.754758035062592314E+00    0.297796200321780935E+01    0.149751447828168605E+02    0.149702819155443638E+02    0.148803162986268926E+02
    0.371223801968019616E-90    0.407519614301549325E+03    0.487457178960710102E+01    0.300217450706768796E+01    0.226997467278534071E+01    0.308817157697327627E+01    0.361156874187805244E+01    0.505152815388506093E+00    0.426132605360862904E+01    0.528430370585150855E+00    0.256143389884642136E+01    0.154685269448596703E+02    0.151930866757338716E+02    0.150941236432550738E+02
    0.127874241386475079E-07    0.274220045220274180E+02    0.544505616782910540E+01    0.223443179026740824E+01    0.342893339071917724E+01    0.276246504289426476E+01    0.342191850429057931E+01    0.284979341953523646E+00    0.234976641470716840E+01    0.698043107548338204E+00    0.258637523066045150E+01    0.152206624261655818E+02    0.148820266175754163E+02    0.149482019388306426E+02
    0.701554481123523312E-56    0.249670841098467150E+03    0.267527613370282502E+01    0.488713019849241359E+01    0.662460989485183949E+00    0.239031766976567139E+01    0.525201127879091167E+01    0.462358153233426328E+00    0.442526995229853348E+01    0.668302224487540286E+00    0.291523100090219067E+01    0.153339626903221085E+02    0.151741770990901479E+02    0.151725539979718977E+02
    0.845958028065557019E-80    0.359820583190423577E+03    0.681829472287374916E+01    0.441626813553609487E+01    0.351893947436763455E+01    0.653447211834396757E+01    0.695955022035208870E+01    0.240676225688829376E+00    0.198304703426035056E+01    0.249982176591154653E+00    0.295221493627751697E+01    0.152595435815512044E+02    0.150882979298907038E+02    0.149352319320806206E+02
    0.678329156349979460E-26    0.111583067336437139E+03    0.637254621370168994E+01    0.505386879456096150E+01    0.431057967458556224E+01    0.675642866495592198E+01    0.724116968665778948E+01    0.289070326265646216E+00    0.271351952869540103E+01    0.689790511273777218E+00    0.286367751063315668E+01    0.153157675478944597E+02    0.149931875640668153E+02    0.150101196915187884E+02
    0.362703546131054842E-77    0.347698840478224326E+03    0.433324731993641166E+01    0.565831421217115071E+01    0.228836716308779131E+01    0.427806363231673448E+01    0.479395925137786172E+01    0.256768586972286050E+00    0.367282747044164015E+01    0.637067139946357663E+00    0.289625173687340842E+01    0.153905453045523064E+02    0.151269647662415831E+02    0.150469138248305523E+02
    0.294374677600111707E-10    0.395699029244393898E+02    0.370269538126328124E+01    0.538820255280582217E+01    0.121168209904805169E+01    0.430906766181022682E+01    0.520074264021147492E+01    0.263557604157791836E+00    0.184384230226393830E+01    0.577298848943698983E+00    0.298352993319614601E+01    0.152606426112024529E+02    0.148358845124503045E+02    0.148999203261018653E+02
    0.591916808569255628E-38    0.167117642673355789E+03    0.387496078685577272E+01    0.643837875374714486E+01    0.180114988972512102E+01    0.438727478229167378E+01    0.451218303062789516E+01    0.178762652487254925E+00    0.152241418192651312E+01    0.832967731401168865E+00    0.281521102692138214E+01    0.152086902388372511E+02    0.147863308500458803E+02    0.149371656499092857E+02
    0.341570888403437610E-93    0.421501624626625528E+03    0.589243341851486235E+01    0.446734163076431656E+01    0.164506508604478197E+01    0.548296616640144219E+01    0.603870404589541199E+01    0.214527989476034131E+00    0.238766324749623049E+01    0.755193002079483366E+00    0.286806478027721790E+01    0.152341011828965645E+02    0.150993627485135438E+02    0.150944583919865458E+02
    0.606360802200703859E-87    0.392722763600522796E+03    0.780860805511474609E+01    0.287717819213867188E+01    0.429971429705619812E+01    0.542836183750401347E+01    0.543242969671080189E+01    0.221722900867462158E+00    0.150452555701279644E+01    0.603653085231780961E+00    0.270127590012550334E+01    0.150113967822976644E+02    0.147747097142861108E+02    0.148580251041295934E+02
    0.128939888692778738E-74    0.335951808933546886E+03    0.585303075649590276E+01    0.904956300609192854E+00    0.413668430213998750E+01    0.367349182137771280E+01    0.467703132600222560E+01    0.188883650684475046E+00    0.163366315289649444E+01    0.175273310296753304E+00    0.281079753781865893E+01    0.151964029186766840E+02    0.148324400469983093E+02    0.149101879080748443E+02
    0.103428058530932918E-94    0.428496152717850464E+03    0.795433496289145214E+01    0.213681229669520789E+01    0.398796927535396240E+01    0.636159923887039547E+01    0.648867587066888607E+01    0.235137409789082541E+00    0.173196017242004330E+01    0.468630794050212796E+00    0.277099209195736851E+01    0.150722765499533544E+02    0.149057591909528337E+02    0.149456093307613607E+02
    0.703805681936321490E-10    0.378266050674155139E+02    0.716213351482418226E+01    0.656483554827962479E+01    0.161578194414975496E+01    0.580675477347989766E+01    0.653061033932674473E+01    0.338223144244368501E+00    0.226805990885373099E+01    0.607636858153772552E+00    0.302504668517937114E+01    0.152264728825074371E+02    0.148918102806209625E+02    0.149434016956826419E+02
    0.137267257144665987E-02    0.425438856046896863E+01    0.765034963003136337E+01    0.133199033482048401E+01    0.230567154344471525E+01    0.405691273185782286E+01    0.444986759595334469E+01    0.343947089108148751E+00    0.256102814293555525E+01    0.728621174463309207E+00    0.283645936348695527E+01    0.151806496505600546E+02    0.148688626371002091E+02    0.148705208552565775E+02
    0.663827914733241139E-63    0.282017583618287460E+03    0.610751724243164062E+01    0.319328784942626953E+00    0.442949700355529785E+01    0.704578734674411233E+01    0.705809943433528275E+01    0.251100206375122093E+00    0.313197136092869055E+01    0.671227264404296919E+00    0.281328638768196093E+01    0.153008194977478418E+02    0.150733622873041480E+02    0.149614296026179545E+02
    0.549352389316749989E-12    0.475324698145734033E+02    0.324034527842513942E+01    0.179223143540585994E+01    0.118906034499685620E+01    0.732265212578102087E+01    0.744505037061324515E+01    0.251019129215614645E+00    0.186513705762408466E+01    0.449408604489514252E+00    0.292301845950185157E+01    0.152065192622742202E+02    0.149637221447707045E+02    0.148911418890187548E+02
    0.819141584013533188E-34    0.148047180240960245E+03    0.606169622542227771E+01    0.228905389390619396E+01    0.445444626293472545E+01    0.444330077235369991E+01    0.466837702330368209E+01    0.348262802622727352E+00    0.297230851713888189E+01    0.453372815508428562E+00    0.299640072354471210E+01    0.152934199251893563E+02    0.150810620933588950E+02    0.151167228816021435E+02
    0.789874673604608663E-05    0.145700101498976018E+02    0.497786928215858993E+01    0.654501675564782914E+01    0.384342789718082711E+01    0.437101026159710759E+01    0.508099888133706212E+01    0.267673514098449361E+00    0.228671459286160683E+01    0.791937924197191334E+00    0.300464060646382070E+01    0.151791432670493123E+02    0.148952205683158567E+02    0.148863309353587674E+02
    0.266201780751238768E-18    0.766124619605567432E+02    0.596585322252356054E+01    0.327861141537712042E+01    0.251016686214390949E+01    0.576300237714989905E+01    0.591087497232593151E+01    0.306634369632710957E+00    0.212836456856328038E+01    0.289140194327666467E+00    0.285893980187574259E+01    0.151352055646334094E+02    0.149398118990501239E+02    0.149598059727604138E+02
    0.463479854999726337E-68    0.305761954608330939E+03    0.786773725035364002E+01    0.542601040645680666E+01    0.138160224622441108E+01    0.600924689140606016E+01    0.605093365570078667E+01    0.280112300193211650E+00    0.215938218386896796E+01    0.352876138428674602E+00    0.293912294475544611E+01    0.150609605442655941E+02    0.150078472995715160E+02    0.149478550301128816E+02
    0.205363457444818824E-06    0.218693661747446448E+02    0.639919102853117661E+01    0.338133713429382832E+01    0.247647742216442346E+01    0.513865083985012916E+01    0.588354588102291487E+01    0.364267221673633124E+00    0.368894467774879153E+01    0.528412817966719128E+00    0.281876164540103380E+01    0.153077241805353577E+02    0.151042560712264411E+02    0.151205386827009765E+02
    0.491991864398862690E-36    0.158277110138105456E+03    0.737798924114743482E+01    0.404894882733415962E+01    0.209316555412321836E+01    0.720565868589162672E+01    0.744363145571840334E+01    0.339034604695364061E+00    0.311952412156534642E+01    0.595593556872148655E+00    0.279644462339394639E+01    0.153647024259857616E+02    0.150917646607552118E+02    0.150540284801237547E+02
    0.112497742810850659E-20    0.875454452083785384E+02    0.569243418052054562E+01    0.587932462150278123E+01    0.130823651952524522E+01    0.492565645603863977E+01    0.629819894369885525E+01    0.463655466448182785E+00    0.311664634649229821E+01    0.393968078560295143E+00    0.299873255945082384E+01    0.154153962177803141E+02    0.150441702637937187E+02    0.150355657525096387E+02
    0.393618913560850860E-08    0.297785028580614011E+02    0.510847940848131277E+01    0.615162759728185904E+01    0.410313622593447214E+01    0.551125520351497578E+01    0.641746095100974134E+01    0.433713052772372598E+00    0.226942718653473507E+01    0.173852602509521031E+00    0.303785651502525678E+01    0.152476043483800900E+02    0.148795542836947661E+02    0.148944889154958400E+02
    0.206914396819342649E-15    0.633008502619218021E+02    0.345176930074706600E+01    0.486391884075607717E+01    0.439143507448441373E+01    0.524530879886050272E+01    0.607438200461464017E+01    0.438400858715098929E+00    0.465246731301580674E+01    0.597675538592316591E+00    0.268050941767969153E+01    0.154681699354541742E+02    0.151958405736590301E+02    0.151627610607020813E+02
    0.125136672816878371E-18    0.781221581064216508E+02    0.475282397024474346E+01    0.479453539805290418E+01    0.413651841243526874E+01    0.486740539361741575E+01    0.565801870936483020E+01    0.437643840928843120E+00    0.226244390240033466E+01    0.818564114904512308E+00    0.277294540143491508E+01    0.151825411085687776E+02    0.148377192560503417E+02    0.148551643229876102E+02
    0.721648402143082262E-18    0.746178950662025500E+02    0.280486154556274414E+01    0.208510303497314453E+01    0.135874274373054504E+01    0.417000067520955309E+01    0.503806750161195627E+01    0.322113835811615012E+00    0.314373140507184878E+01    0.642666029930114791E+00    0.277917374676466000E+01    0.154233329259492447E+02    0.150410750918936813E+02    0.151539330289307586E+02
    0.115545644615534856E-50    0.225647085816359066E+03    0.144064450624735962E+01    0.764392513479968061E+00    0.751458208563477448E+00    0.499647887457619433E+01    0.592615655107852213E+01    0.379911391845970781E+00    0.369418279833480501E+01    0.381208627841300274E+00    0.291317379414604405E+01    0.153963690895866261E+02    0.150994554683557300E+02    0.152052532006739707E+02
    0.350214145833288659E-78    0.352374092685526193E+03    0.182593822479248047E+01    0.306121397018432617E+01    0.529717981815338135E+00    0.545389966449771713E+01    0.572515479396420002E+01    0.309561491012573242E+00    0.336787455900751986E+01    0.636872619390487671E+00    0.282028856128454208E+01    0.154584438736147476E+02    0.151584367925548591E+02    0.152196455370787174E+02
    0.131683155026278661E-80    0.363540725289862621E+03    0.215585447669185593E+01    0.748952104478694536E+00    0.253466154190034665E+01    0.448072678480440345E+01    0.574643314071076805E+01    0.355918795513925024E+00    0.237086341656483768E+01    0.286087146126676684E+00    0.274598602979716455E+01    0.152772717213233662E+02    0.149989423834030280E+02    0.149811042753093187E+02
    0.794439680386285608E-61    0.272448015025734946E+03    0.338470873943642969E+01    0.244283918561745894E+01    0.177603940272851335E+01    0.513167615686046830E+01    0.588270343931456097E+01    0.273985557962778403E+00    0.188286961757698657E+01    0.477061043549880881E+00    0.266491718732213734E+01    0.149478499916357279E+02    0.148496358110972668E+02    0.148889022872934529E+02
    0.184510574946757555E-48    0.215500663173879133E+03    0.508555889129638672E+00    0.369040346145629883E+01    0.207065778970718384E+01    0.587497496408919595E+01    0.612218687302530018E+01    0.322492563724517844E+00    0.224060953984083522E+01    0.299020498991012573E+00    0.276947901725769041E+01    0.153083900728679065E+02    0.149683581031147348E+02    0.149809658933702678E+02
    0.125030562927333161E-78    0.354434065889097326E+03    0.136738443374633789E+01    0.202283906936645508E+01    0.159675437211990356E+01    0.510622649332101108E+01    0.548390052972316777E+01    0.246173024177551270E+00    0.240903070570809863E+01    0.485568135976791382E+00    0.267329933947324738E+01    0.153663243290225964E+02    0.149678413107069286E+02    0.151712731731941446E+02
    0.333666054888131328E-25    0.108396881139111613E+03    0.600335025787353516E+01    0.379534244537353516E+01    0.209143060445785522E+01    0.539901049051879767E+01    0.632508927988561620E+01    0.411438906192779563E+00    0.315059018558228043E+01    0.428897082805633545E+00    0.270187763637304279E+01    0.154469541259714411E+02    0.150731521611884212E+02    0.150597666166995054E+02
    0.299424564953127572E-07    0.257203740738296958E+02    0.674743311951941038E+01    0.339253084438625274E+01    0.339317085508535499E+01    0.616039675957618194E+01    0.641008373945221077E+01    0.480112694380030236E+00    0.329020304021459165E+01    0.595940160180940648E+00    0.272821724136693655E+01    0.152648710830593757E+02    0.149830630383102008E+02    0.149512706659036674E+02
    0.241089978454812496E-17    0.722054605287026305E+02    0.601059610796693899E+01    0.274719208031116002E+01    0.392689536718719889E+01    0.762345467604412086E+01    0.767665981075011405E+01    0.447308566161843002E+00    0.194422468042900976E+01    0.286480804907063402E+00    0.281068069238020524E+01    0.150266541214688214E+02    0.148283512981493786E+02    0.148175639015763263E+02
    0.508582620395568063E-78    0.351627926948878269E+03    0.459872531890869141E+01    0.250821971893310547E+01    0.509494993090629578E+01    0.460932633612122800E+01    0.478385267434312578E+01    0.488258016109466508E+00    0.459513731058337171E+01    0.429908329248428367E+00    0.291597170925140370E+01    0.155305944141968784E+02    0.151417703868542599E+02    0.152790282403527318E+02
    0.127561130829825277E-97    0.441892224430172234E+03    0.412592787723930776E+01    0.784335895041048126E+01    0.813104642236244124E+00    0.439940747701539436E+01    0.511340457509923940E+01    0.482523644815324282E+00    0.291325154285088850E+01    0.244195740082272406E+00    0.274626623835426242E+01    0.152571431592230535E+02    0.150018587282130085E+02    0.149852171292499285E+02
    0.216409427715324194E-35    0.155314520088928219E+03    0.529745101928710938E+00    0.695298576354980469E+01    0.336587506532669067E+01    0.518666937662599281E+01    0.586030754773342366E+01    0.364323079586029053E+00    0.343991630337914867E+01    0.368742376565933228E+00    0.264206532663106897E+01    0.154530148910485785E+02    0.150692929105000637E+02    0.151920319940445374E+02
    0.123146659927638625E-98    0.446567834026099945E+03    0.302594197678028154E+01    0.297070541239556452E+01    0.201187108800648096E+01    0.428938242577171458E+01    0.447783294974331891E+01    0.489662367917275798E+00    0.300762258070298749E+01    0.344516144390725143E+00    0.265753065942093647E+01    0.153216970173306013E+02    0.149750016998562554E+02    0.150535741772021332E+02
    0.888284869400011337E-62    0.276829874354115418E+03    0.317345089854112450E+01    0.641201786983680666E+01    0.205712745499986926E+01    0.732906108317765437E+01    0.749410128271016784E+01    0.453690297984846169E+00    0.430767836523391434E+01    0.590783819882402250E+00    0.276534445984206112E+01    0.153010563667612836E+02    0.151957370523830679E+02    0.151973024621212751E+02
    0.189297759432877338E-02    0.361160573151191011E+01    0.471460732226747059E+00    0.641302043332703686E+01    0.279032703318527009E+01    0.576365545243162813E+01    0.645851068001937012E+01    0.406328421339715584E+00    0.279329126595400279E+01    0.480686980957862331E+00    0.298442047221541706E+01    0.153450142568109946E+02    0.149892333526519543E+02    0.150098728988970294E+02
    0.106156338093380275E-15    0.646356348031035708E+02    0.329341407775911854E+01    0.543107928612944679E+01    0.278293593705982412E+01    0.491451636532644365E+01    0.538273145414907983E+01    0.385486313156350957E+00    0.257104067457305607E+01    0.333448701659168067E+00    0.284671775733332888E+01    0.153576230605247055E+02    0.149799144344345709E+02    0.149600383547895248E+02
    0.383404665969407596E-06    0.206207469185943921E+02    0.226632936808103036E+00    0.321530102524141315E+01    0.302940268013669112E+01    0.567260711962203779E+01    0.660503526347479664E+01    0.442808588419203009E+00    0.311859225027440967E+01    0.306832918131299426E+00    0.280730575303711882E+01    0.153308378234999658E+02    0.150203168210141502E+02    0.150471960514707028E+02
    0.700464905665511068E-09    0.332309509465018280E+02    0.278100369698004801E+01    0.322124001996235299E+01    0.352161632824804904E+01    0.671607809443125259E+01    0.672604413717252481E+01    0.463206484015208364E+00    0.391124031702970898E+01    0.489203730306457696E+00    0.289852317753220490E+01    0.154698060997970011E+02    0.150890918252498558E+02    0.151699708886399947E+02
    0.246085214273138966E-76    0.343869486187922462E+03    0.221361865280703007E+01    0.702472118397975986E+01    0.261802712673669991E+01    0.520246900353097708E+01    0.539318371643106875E+01    0.287623514892012544E+00    0.227972431396360609E+01    0.163269009116552566E+00    0.267980630449021939E+01    0.151046920868786554E+02    0.149138284574758426E+02    0.150440242445376295E+02
    0.142764784121474138E-44    0.197592999167774650E+03    0.328104537230107551E+01    0.115177657411144896E+01    0.492814523822405803E+01    0.449829105642818039E+01    0.511561863086113711E+01    0.373477486013514159E+00    0.379598617820633644E+01    0.517969897202809837E+00    0.284819044020357692E+01    0.153783491342165348E+02    0.151416749853673540E+02    0.152022808503055966E+02
    0.402767536400306695E-11    0.435480607240428341E+02    0.261088677172188310E+01    0.470613737196605353E+01    0.110312314415504087E+01    0.422375919228776553E+01    0.734336241013034563E+01    0.300435706377823131E+00    0.319014736560918566E+01    0.999055566471096501E+00    0.278541839943986913E+01    0.153220084834344696E+02    0.149489066954558982E+02    0.149783592597687534E+02
    0.128572175529470788E-72    0.326747180346986966E+03    0.223106091880799218E+01    0.688624176367473328E+01    0.147610883173646412E+01    0.620794571158199204E+01    0.653749909807004492E+01    0.334855667376746713E+00    0.301300071679382508E+01    0.965308668903333333E+00    0.302855783299832693E+01    0.152882375926632310E+02    0.150755312579257446E+02    0.150532160535681410E+02
    0.269450215843454110E-09    0.351416721867265096E+02    0.549351215362548828E+00    0.260186767578125000E+01    0.139637011289596558E+01    0.388731722298481497E+01    0.473291544103656925E+01    0.436457228660583452E+00    0.213580873984733222E+01    0.732158201932907149E+00    0.282110825043916691E+01    0.150777026585371647E+02    0.148047756874923984E+02    0.148463911236101733E+02
    0.469592300554324813E-10    0.386358799183242496E+02    0.103144598007202148E+01    0.292176246643066406E+00    0.344240608811378479E+01    0.360590938135412742E+01    0.604953918109067246E+01    0.494537138938903831E+00    0.274815929761276845E+01    0.839529711008071944E+00    0.287949240440130261E+01    0.153200531384623311E+02    0.149125482580675719E+02    0.149485779171658617E+02
    0.721123579802703214E-06    0.193573078733123793E+02    0.194277131422795857E+01    0.372765088060248129E+01    0.772931040903521049E+00    0.552944417559425538E+01    0.568339417417711790E+01    0.393521631576941311E+00    0.250770309891531440E+01    0.771989972382342904E+00    0.287283107617140177E+01    0.152446368666076992E+02    0.149587864709485423E+02    0.149387201694636804E+02
    0.342445428911696543E-04    0.116363639209224363E+02    0.280629205703735352E+01    0.553050613403320312E+01    0.111504885554313660E+01    0.670048158170632480E+01    0.700568592134778090E+01    0.521471416950225808E+00    0.465619390571544756E+01    0.860725760459899902E+00    0.262870314854383480E+01    0.154585731423789561E+02    0.151187943833787592E+02    0.151239765834282878E+02
    0.375108325095815823E-44    0.195660966284814890E+03    0.212814811612089416E+01    0.393673929719188775E+01    0.361053840039068419E+01    0.518405334844967580E+01    0.629609392128749956E+01    0.526279719797152157E+00    0.561206050286415081E+01    0.916718362980583290E+00    0.291084966311958127E+01    0.153983759250431156E+02    0.152132652027559043E+02    0.152726547446909766E+02
    0.217707421089834439E-72    0.325693857082304703E+03    0.245201646353964797E+01    0.185260385371669201E+01    0.154040637733168495E+01    0.505832331650414968E+01    0.601484905485049914E+01    0.480835887472043200E+00    0.437233157424300867E+01    0.894104809458377670E+00    0.267114203720387389E+01    0.153547513369264834E+02    0.151680001183192523E+02    0.151783285308046860E+02
    0.402335442118196014E-23    0.988122497338159320E+02    0.190936049156866416E+01    0.459570247204425630E+01    0.931273123387774460E+00    0.514017263372253908E+01    0.767039479865945850E+01    0.374874788396127534E+00    0.404830200448260591E+01    0.949068813051067162E+00    0.286812641725298967E+01    0.154616583251987922E+02    0.150871749448555565E+02    0.151356218955524202E+02
    0.122959744997657943E-34    0.151839980076563137E+03    0.106765579079780260E+01    0.222359746678874792E+01    0.227287745372290217E+01    0.663923790999275631E+01    0.749081307767144100E+01    0.341189244057475194E+00    0.243241530007910711E+01    0.573142826494300928E+00    0.280738839734374412E+01    0.153443813270559524E+02    0.149423104083702878E+02    0.149989787650843560E+02
    0.930304887186458005E-09    0.326634147413782401E+02    0.904835128943563438E+00    0.188839247792091380E+01    0.229010125696450917E+01    0.642676797291942403E+01    0.770523906778529799E+01    0.486873622898747360E+00    0.388114138827291466E+01    0.555324746515355239E+00    0.270317320745938305E+01    0.153891844577891170E+02    0.150943213709548125E+02    0.151525105635239328E+02
    0.648520712470585084E-89    0.401798666472053469E+03    0.362235993314214522E+00    0.980855876935657012E+00    0.317966925029548042E+01    0.527661431059641295E+01    0.748684315466273986E+01    0.370991020159060270E+00    0.162718707933474405E+01    0.300563077950478541E+00    0.268401105032472032E+01    0.151349593692888895E+02    0.147698346081593783E+02    0.147332744052149689E+02
    0.729988816813566067E-31    0.134462125140143598E+03    0.312110376358032227E+01    0.342842626571655273E+01    0.308088275790214539E+01    0.520066333088285493E+01    0.697111845848138767E+01    0.506177926063537620E+00    0.561552873925682317E+01    0.596618080139160178E+00    0.266399330192804351E+01    0.154652318936710618E+02    0.152138922372934751E+02    0.152077164395850399E+02
    0.175211902248264016E-03    0.837142613885670350E+01    0.321417086428265586E+01    0.332001138133708906E+01    0.171288676150071506E+01    0.629582529081413078E+01    0.781057196427331846E+01    0.452019300450918649E+00    0.316857469349177734E+01    0.676010388376337423E+00    0.304350030864716370E+01    0.153163053174678332E+02    0.149894130008737996E+02    0.149977446562516139E+02
    0.274690562932081814E-91    0.412727104251765638E+03    0.327234363555908203E+01    0.697492742538452148E+01    0.191509011387825012E+01    0.420931333751541104E+01    0.650817332666914616E+01    0.278847587108612072E+00    0.380183705199401967E+01    0.837085360288620017E+00    0.265376722681522370E+01    0.151652662214622929E+02    0.150465574096141737E+02    0.150885556851243798E+02
    0.305218521732803264E-79    0.357254296527221527E+03    0.271101665496826172E+01    0.620714330673217773E+01    0.239057245850563049E+01    0.610848390171159572E+01    0.812706290778956131E+01    0.495570075511932329E+00    0.507427638991978203E+01    0.742091977596282981E+00    0.263152580821514137E+01    0.152974348046498054E+02    0.151413432111217165E+02    0.151690448892760266E+02
    0.624225700286668139E-91    0.411085370724313464E+03    0.471171609935491453E+01    0.635104386748158856E+01    0.212762695641602129E+01    0.439245312413118505E+01    0.670047276968647409E+01    0.339407429163386842E+00    0.243451460664080521E+01    0.768882699852435514E+00    0.299863247620126305E+01    0.151043510667139333E+02    0.149668321020601951E+02    0.149418662377005749E+02
    0.332807712098765483E-08    0.301141395274962278E+02    0.229408645629882812E+01    0.362651348114013672E+01    0.330207738280296326E+01    0.495059617155494003E+01    0.594543895226673058E+01    0.363906836509704568E+00    0.305597402356427317E+01    0.680534154176712036E+00    0.295059069722890843E+01    0.152126237671125306E+02    0.150621268296759823E+02    0.150593894156967387E+02
    0.500174936958188241E-15    0.615355447712234351E+02    0.256538486480712891E+01    0.214299249649047852E+01    0.152883949875831604E+01    0.624480119039722048E+01    0.728688186117725678E+01    0.346274065971374501E+00    0.286639801335889111E+01    0.534288907051086448E+00    0.274657336604595192E+01    0.152338449561296603E+02    0.149754942114532490E+02    0.150194981071678466E+02
    0.653249842212187295E-96    0.434020326332836873E+03    0.219816207885742188E+00    0.159058094024658203E+01    0.635916024446487427E+00    0.545961998494601097E+01    0.573494131321533285E+01    0.451985859870910667E+00    0.360959053621174686E+01    0.606842982769012496E+00    0.265577394205331796E+01    0.153477747747526578E+02    0.151496671261309590E+02    0.151048157287852742E+02
    0.564354242242896250E-12    0.474785857487214642E+02    0.233520106780061099E+01    0.230255539550944377E+01    0.264501265851839928E+01    0.543047506907984356E+01    0.676849961270655509E+01    0.323713322321356634E+00    0.323012394809359105E+01    0.669550317548487817E+00    0.301669677845982243E+01    0.153884689106756198E+02    0.150604182352168880E+02    0.151388539158385313E+02
    0.253617544472515271E-22    0.951299970917458353E+02    0.390171407350506649E+00    0.191942007735573061E+01    0.218931922554941849E+01    0.505232250014933459E+01    0.593102952359892566E+01    0.457292598871457012E+00    0.365359449603280595E+01    0.828602171153296041E+00    0.267321723510138565E+01    0.154073480811555683E+02    0.150957299790551822E+02    0.151061407651212498E+02
    0.378369111302574190E-05    0.160420183254449213E+02    0.423668834637656921E+01    0.692657800516744349E+01    0.329703078013431483E+01    0.541826653166170047E+01    0.694513352783169147E+01    0.283826685794047906E+00    0.241586599573112037E+01    0.975637258190937273E+00    0.274824918803158980E+01    0.151804931380625892E+02    0.148177685050900418E+02    0.148177458107501874E+02
    0.206460087441971658E-03    0.804320413652587796E+01    0.528029586084848623E+00    0.130859846970235583E+01    0.149804277709542788E+01    0.473118797307185091E+01    0.544936406334644730E+01    0.283143552336409976E+00    0.174191061994689234E+01    0.998654920017779668E+00    0.297190806153929765E+01    0.151865647102947481E+02    0.147825704538213660E+02    0.147759612680369408E+02
    0.264571790291015666E-30    0.131886788116657669E+03    0.116082815084265123E+01    0.162352958548964987E+01    0.309109120262974679E+01    0.422813018418243924E+01    0.596766506472638980E+01    0.423245019096847530E+00    0.360967743095872740E+01    0.296381750680376588E+00    0.254646785070050763E+01    0.154182486124075684E+02    0.151070075547326663E+02    0.151790002494819376E+02
    0.320720406421007221E-86    0.389391404327576083E+03    0.271337086441013886E+01    0.515600918486349591E+00    0.408050797918905772E+01    0.423942800328629410E+01    0.494164619079635603E+01    0.479250915384198173E+00    0.637812982792446892E+01    0.744169929310711020E+00    0.256244313493270104E+01    0.154667653888481489E+02    0.152494676139462779E+02    0.153241689599284037E+02
    0.555934096823733010E-16    0.659293312668401086E+02    0.570021009068866658E+00    0.188544941557070711E+01    0.192927214190018859E+01    0.324506543923637558E+01    0.599159316061330038E+01    0.375195753900569917E+00    0.319301679348417178E+01    0.102460277512295028E+00    0.283435405190504941E+01    0.153649114336533241E+02    0.150475833993077419E+02    0.151228160474694384E+02
    0.780650617695625573E-88    0.396822628776157387E+03    0.444816371271062572E+01    0.680973849905271678E+01    0.547073519112561968E+00    0.500349083418981522E+01    0.583572378902634004E+01    0.475987596639885546E+00    0.268988641716964239E+01    0.787838494457880456E+00    0.260906056976424727E+01    0.152331605454466512E+02    0.149799627365526113E+02    0.149187555595272769E+02
    0.870768627826549492E-03    0.516466575792015803E+01    0.623281192779541016E+01    0.719815826416015625E+01    0.296726348996162415E+01    0.555353662365675227E+01    0.689661931928866423E+01    0.274868404865264870E+00    0.163920997616768482E+01    0.248915010690689109E+00    0.282054153239727023E+01    0.150321715387755557E+02    0.147813654326107944E+02    0.147877254615253761E+02
    0.954360304014084329E-72    0.322738078640218873E+03    0.333567367818076521E+01    0.360966023290970606E+01    0.378161255546955033E+01    0.372619607631063410E+01    0.695434887711024885E+01    0.221224779529978155E+00    0.174554981331716164E+01    0.120634992346237938E+00    0.304298758764637123E+01    0.151391824156096106E+02    0.150439956950784079E+02    0.149292609467322439E+02
    0.590815790431617849E-13    0.519921116665347753E+02    0.519564671562300084E+01    0.687858160206911240E+01    0.258638563716949132E+01    0.546694066602293383E+01    0.772337371557125429E+01    0.426176038145930969E+00    0.258395251331830522E+01    0.316827446220351638E+00    0.267778159314410091E+01    0.152702004580776389E+02    0.149267343596636213E+02    0.149460005821640358E+02
    0.542319672720416015E-84    0.379130492167411717E+03    0.756237184379398109E+01    0.170749495559257247E+01    0.232899490868797443E+01    0.692679776273563785E+01    0.762016073524835225E+01    0.337320272739852212E+00    0.247491035132016357E+01    0.404494526939189747E+00    0.288956018636440826E+01    0.151762059494929531E+02    0.150524264927553855E+02    0.149824805333194533E+02
    0.175992747847770417E-51    0.229410701711531090E+03    0.732021131127638025E+01    0.317324839944410364E+01    0.439268737796411379E+01    0.504026511273012012E+01    0.696363090798612205E+01    0.457716009742405006E+00    0.240662863723708753E+01    0.736631565994788740E+00    0.278393368131430963E+01    0.152199527212917065E+02    0.149133484220972612E+02    0.148830194694828162E+02
    0.279107475284334189E-57    0.256119414557581990E+03    0.226143852010873836E+01    0.235430535327464696E+01    0.261316090077168006E+01    0.478841606467796588E+01    0.789025692135200885E+01    0.360363096945326422E+00    0.331578773143682781E+01    0.120073563047931778E+00    0.295177561802696209E+01    0.153982935670002803E+02    0.150738198080515087E+02    0.151153594095995381E+02
    0.225604459007247723E-22    0.953640853263707555E+02    0.355296448925464370E+01    0.556080884502594186E+00    0.279907098693643208E+01    0.733397039802375339E+01    0.786691477238162840E+01    0.259980113581372130E+00    0.236336787336092069E+01    0.266924580024641256E+00    0.299248287612639752E+01    0.153785594042480813E+02    0.149903989829647042E+02    0.150879992312521836E+02
    0.221392592853336633E-81    0.367106817741195584E+03    0.317550115688891355E+01    0.154138247624453806E+01    0.161789827363444494E+01    0.770933850681371791E+01    0.805698824080022113E+01    0.316894113409145195E+00    0.299074761591495575E+01    0.367799475317227231E+00    0.280315427000474804E+01    0.153107615836167046E+02    0.151128626556096730E+02    0.151722744574856936E+02
    0.410103072582413468E-04    0.112757714983563417E+02    0.580532170819629023E+01    0.674289738864261334E+01    0.205824402252780558E+01    0.477590504761495094E+01    0.652479860957226432E+01    0.369741792268684977E+00    0.263108537376893237E+01    0.535747617500912598E+00    0.297690478084676924E+01    0.152433300129866645E+02    0.149777334013172716E+02    0.150074012072827667E+02
    0.656934044075599615E-72    0.323484993947017756E+03    0.500674200057983398E+01    0.508682727813720703E+01    0.269634741544723511E+01    0.484498718168177156E+01    0.693855836973714890E+01    0.237521076202392573E+00    0.216235155866672413E+01    0.543307083845138594E+00    0.301384329265356055E+01    0.151624662714743188E+02    0.149111641294638240E+02    0.150249955499289491E+02
    0.325169042875937291E-89    0.403179363998568135E+03    0.747833039486838391E+01    0.648459376100962004E+01    0.154029946735342826E+01    0.484249775379379166E+01    0.695836820455710914E+01    0.244392231791877329E+00    0.201999225949575045E+01    0.358018094690193189E+00    0.303978677237540573E+01    0.153240528237199687E+02    0.151153700950009693E+02    0.149633212019993920E+02
    0.544969792991186157E-41    0.181098424694361881E+03    0.314147288449249151E+01    0.440343925011017490E+01    0.268495112796932078E+01    0.404579818465426477E+01    0.648583053145202104E+01    0.264818387764769625E+00    0.217804377206888056E+01    0.459950118350532788E+00    0.277413565636671322E+01    0.151676407770030401E+02    0.148910631446559485E+02    0.149308816821241575E+02
    0.489332816114908881E-63    0.282627543793905886E+03    0.770471111942326736E+01    0.533422563698886254E+01    0.172157476325643444E+01    0.506517561403377936E+01    0.685671285167187605E+01    0.466697722766695633E+00    0.189940352843387816E+01    0.648806539185410203E+00    0.304620563868383254E+01    0.149292825843179351E+02    0.147800106457557021E+02    0.148001874472462358E+02
    0.692596987562706443E-90    0.406272327977630198E+03    0.209008002200425302E+01    0.725324388034545819E+01    0.225236945239029041E+01    0.475879169918744793E+01    0.634756289556276521E+01    0.203897094616940888E+00    0.168299816537732383E+01    0.235430433896657965E+00    0.296450683456790953E+01    0.151087360783585165E+02    0.150765977210257560E+02    0.149620729256776279E+02
    0.492594560511861693E-32    0.139853980868871702E+03    0.444525958370110441E+01    0.433210783864780780E+01    0.286846312984571528E+01    0.503777551973851523E+01    0.722059280777150914E+01    0.409777201969138583E+00    0.356532985004294867E+01    0.588152321897596031E+00    0.292802244927160737E+01    0.154373146842232458E+02    0.151266689660935736E+02    0.150549769502550408E+02
    0.109356996531810044E-82    0.373122627598736528E+03    0.715923786163330078E+01    0.529305124282836914E+01    0.902676463127136230E+00    0.682166255820238554E+01    0.825443110159929105E+01    0.329627132415771462E+00    0.324201497602758426E+01    0.309365242719650269E+00    0.300659675067663201E+01    0.153980983432589031E+02    0.151281889103781779E+02    0.152118907617486929E+02
    0.117910952888301620E-56    0.253237578812940370E+03    0.761425891329748161E+01    0.395819161595802349E+01    0.724894800793357774E+00    0.470334469611885631E+01    0.791753492299313244E+01    0.296512050300436758E+00    0.243891222543721931E+01    0.433525263858716481E+00    0.300053271833995705E+01    0.152309599312103394E+02    0.150739462052636135E+02    0.150378823935725912E+02
    0.553882535364432291E-05    0.152798534651611764E+02    0.785305833816528320E+01    0.237983751296997070E+01    0.375520262122154236E+01    0.518895588764833526E+01    0.818543412781153812E+01    0.441562044620513960E+00    0.400868062383926471E+01    0.455546331405639715E+00    0.296109327447414383E+01    0.154496494438004675E+02    0.150910082909831811E+02    0.151134600313028269E+02
    0.524645396775051036E-38    0.167358929671906196E+03    0.453111406908689762E+01    0.224730499240254344E+01    0.764920792871213173E+00    0.416677439061497878E+01    0.691016046018606911E+01    0.340434772747970904E+00    0.350202164262019267E+01    0.501982074828953073E+00    0.272700204674792790E+01    0.154819022330582001E+02    0.150880333917753280E+02    0.151897421741428627E+02
    0.178879874445681098E-11    0.451713508734146671E+02    0.773586559295654297E+01    0.306154537200927734E+01    0.687300890684127808E+00    0.388728425199473904E+01    0.732275661837251235E+01    0.423928952217102029E+00    0.309833707965811511E+01    0.108269357681274422E+00    0.282624135261774079E+01    0.154309842598777198E+02    0.150113594801557007E+02    0.150715020203871379E+02
    0.239745607628969261E-18    0.768218143655500967E+02    0.716908256684521383E+01    0.244771940705902669E+01    0.672939277742182096E+00    0.737923282094561461E+01    0.824434634325717930E+01    0.282251312541167088E+00    0.250593527857934451E+01    0.302828455657300877E+00    0.290071217678699034E+01    0.153859090896429898E+02    0.149735622680030378E+02    0.150989817156729256E+02
    0.922297755132838115E-07    0.234703628731112843E+02    0.390297937393188477E+01    0.249068689346313477E+01    0.102899017930030823E+01    0.675080307183795547E+01    0.786895186960756199E+01    0.342168140411376942E+00    0.193733104438564774E+01    0.218832427263259910E+00    0.279966354662179961E+01    0.151248864405332082E+02    0.148484078746090695E+02    0.148701603440293262E+02
    0.306918217889397871E-51    0.228298424647370666E+03    0.269036006927490234E+01    0.145254898071289062E+01    0.738316059112548828E+00    0.538879010189629426E+01    0.809568279006721170E+01    0.437656927108764693E+00    0.270330931985859291E+01    0.158413845300674455E+00    0.294235210770368560E+01    0.152225970060404023E+02    0.149945775031367177E+02    0.149783481659428261E+02
    0.259033252336033845E-02    0.298433529395938857E+01    0.290990114212036133E+01    0.149160337448120117E+01    0.170163008570671082E+01    0.634097477416380073E+01    0.800458917485047472E+01    0.321596884727478050E+00    0.180379295736088752E+01    0.153615802526473999E+00    0.274042210447788248E+01    0.151228352004782014E+02    0.148375458113891430E+02    0.148184856903362228E+02
    0.588027756544303306E-36    0.157920486195683651E+03    0.498449333365426739E+01    0.148760880392763500E+00    0.106418667475970841E+01    0.569269275378231399E+01    0.824906133588659785E+01    0.391559086005090817E+00    0.372742387320852098E+01    0.398100868318421064E+00    0.286329307237069042E+01    0.155098746235527010E+02    0.151069520788116787E+02    0.152166058556798980E+02
    0.519636781723883631E-39    0.171983284915575240E+03    0.383731377305510124E+01    0.505492809868704041E+00    0.195220538020119050E+01    0.446280827022532200E+01    0.727423820507117114E+01    0.260076347770281102E+00    0.242610290112984472E+01    0.309264116514934351E+00    0.298657303507403737E+01    0.153127284689508194E+02    0.149595597395773812E+02    0.150461552906817051E+02
    0.274734615806709287E-49    0.219309635720528746E+03    0.650411217701345112E+01    0.320272842850802286E+01    0.342582050474275190E+01    0.464241355544981538E+01    0.637294514015758473E+01    0.258232278531073445E+00    0.241363614538092897E+01    0.440968241693245666E+00    0.286487266438079491E+01    0.152791757035843645E+02    0.149999695628475873E+02    0.150037701699639783E+02
    0.216986580869004339E-36    0.159914363474637327E+03    0.285618476499041085E+01    0.153662713057497191E+01    0.321698001470321371E+01    0.603614531736819604E+01    0.808734584726984096E+01    0.487826757080706663E+00    0.498578571473501420E+01    0.560497557224161835E+00    0.278637362327644578E+01    0.155600752380536509E+02    0.151543245893833944E+02    0.152385653564433063E+02
    0.104076845185556940E-17    0.738855419208793904E+02    0.154211811868444060E+01    0.466500603268660452E+01    0.382318018691632222E+01    0.686013313082313836E+01    0.689143236094719214E+01    0.325149520981157014E+00    0.288971639830610361E+01    0.534176098315741421E+00    0.270129759640776879E+01    0.152581075733474965E+02    0.150721218432996089E+02    0.150583795671493554E+02
    0.101107334530622210E-16    0.693382654381433099E+02    0.719917712828149448E+01    0.714312510781227861E+01    0.152633190410654307E+01    0.474620710564544446E+01    0.684023595090542358E+01    0.509611652625174605E+00    0.310744983053213275E+01    0.577686382768485829E+00    0.273984968795374595E+01    0.153267129955158730E+02    0.150011216200966047E+02    0.150141888733406468E+02
    0.108157092714570129E-01    0.125908524793445525E+00    0.119546367416250066E+01    0.726176593892273559E+01    0.981654692195549683E+00    0.590695486927699775E+01    0.761985333954486244E+01    0.406438997853406758E+00    0.159120818339978154E+01    0.210432898615143471E+00    0.278162061143038253E+01    0.148331994838036572E+02    0.147236655047647034E+02    0.147205558808758266E+02
    0.711690961352769587E-75    0.337140384204514476E+03    0.511128836271305165E+01    0.124750553702861589E+01    0.976519746835481817E+00    0.447503963343874922E+01    0.542930354092401757E+01    0.260136664938987572E+00    0.246694548995428997E+01    0.343202855410935204E+00    0.304750445474098974E+01    0.152462945553796541E+02    0.150015469582403664E+02    0.151046602474117648E+02
    0.396816565637826928E-94    0.425806957041339558E+03    0.265210708317588639E+00    0.644505683450123001E+01    0.898533131671754415E+00    0.459726204786976744E+01    0.725112620620763071E+01    0.267561757339530026E+00    0.222415951700678294E+01    0.166685617830966526E+00    0.302282647742134536E+01    0.151010440664962076E+02    0.149986848598955529E+02    0.149628632882616497E+02
    0.725971522906680904E-84    0.378547181847877539E+03    0.178400285851211082E+01    0.621680030032139364E+01    0.370120457129219416E+01    0.458616390892363945E+01    0.650603725157617419E+01    0.474723262489009090E+00    0.386356650026651316E+01    0.395421177870454388E+00    0.280509397767486401E+01    0.153667691678875293E+02    0.151402750611413381E+02    0.151273172658476813E+02
    0.210051709423554145E-50    0.224451709631587022E+03    0.825208577871002436E+00    0.290233989105488321E+01    0.270136881993116829E+01    0.590275643430161523E+01    0.707968066595782552E+01    0.194975731439153532E+00    0.177820555812405434E+01    0.756924781969732008E+00    0.284382496578944677E+01    0.151939696934760526E+02    0.150465515850570952E+02    0.149659798156355848E+02
    0.652722295300226235E-51    0.226789283761828244E+03    0.191033935546875000E+01    0.161865186691284180E+01    0.209919738769531250E+01    0.590492213105022934E+01    0.708450613583156219E+01    0.204998540878295887E+00    0.187974760079122194E+01    0.934374982118606590E+00    0.291986667495965957E+01    0.152675162163800771E+02    0.151798903601656328E+02    0.149213266362689865E+02
    0.422455573666389678E-41    0.181607716848841761E+03    0.613641152729644279E+01    0.564844434298863107E+00    0.123520555381833397E+01    0.694042212987707341E+01    0.786293620171953389E+01    0.184495520330886148E+00    0.169124521684798124E+01    0.932873835870284052E+00    0.296313750580887181E+01    0.152088916835656747E+02    0.150982277026513483E+02    0.149465938099024971E+02
    0.532416930658571420E-69    0.310089796863571735E+03    0.290910600985469525E+01    0.132148993033800705E+00    0.351319740190730245E+01    0.425363940680565733E+01    0.686799972461703145E+01    0.194656279898614171E+00    0.152328340242842186E+01    0.750866250325883833E+00    0.287753488344716368E+01    0.150935222015658983E+02    0.148800187941673858E+02    0.147805078666450296E+02
    0.240054274989510321E-23    0.998450919942930710E+02    0.610382257488812119E+01    0.157272710148008810E+01    0.167885608953155785E+01    0.680811565585672795E+01    0.779223327197046700E+01    0.198201682204648622E+00    0.211546787901597222E+01    0.866578254558246885E+00    0.304704063835144012E+01    0.151622620021351047E+02    0.150368136993912458E+02    0.148186332725336047E+02
    0.252078784780449487E-91    0.412898911375276271E+03    0.714270114898681641E+00    0.108604431152343750E+00    0.320987600088119507E+01    0.685664258572475482E+01    0.815984471911425580E+01    0.313414072990417458E+00    0.169936572929061058E+01    0.693737167119979903E+00    0.298029898911714541E+01    0.150694955472381320E+02    0.148878345617010339E+02    0.148017585509259053E+02
    0.192079512811283220E-46    0.206209917528097463E+03    0.628479480743408203E+00    0.136310672760009766E+01    0.267567026615142822E+01    0.497530316618142621E+01    0.623041723366761246E+01    0.210377264022827137E+00    0.189450048971359730E+01    0.653247076272964522E+00    0.282904640197753920E+01    0.153274840625824389E+02    0.148716114945892883E+02    0.148986420885034505E+02
    0.656359299292017698E-14    0.563868737048496129E+02    0.547261801628611089E+01    0.986415041225750522E+00    0.200653397048559645E+01    0.800459071220462448E+01    0.814842756255286105E+01    0.242181521598308580E+00    0.201035552261897710E+01    0.849409885765882944E+00    0.271320395364414368E+01    0.152683363702343549E+02    0.149925879944206493E+02    0.149228510860690182E+02
    0.362795941529340045E-78    0.352303501247456893E+03    0.750551497401414114E+01    0.235511572586936468E+01    0.184537233129318201E+01    0.621993529890200403E+01    0.652407654166638817E+01    0.191620340194371186E+00    0.213719939334777065E+01    0.901361967811502574E+00    0.273506904814729745E+01    0.150258341033386689E+02    0.151164796547937446E+02    0.148255015633003993E+02
    0.923219959606201221E-42    0.184649320584107500E+03    0.122734642028808594E+01    0.468979310989379883E+01    0.330048996210098267E+01    0.423652278864397491E+01    0.669780975300476555E+01    0.254131925106048595E+00    0.225531333073901541E+01    0.921937847137451194E+00    0.274354419004917149E+01    0.151054021567585366E+02    0.149462086326742956E+02    0.149665997805354234E+02
    0.822893029117127461E-13    0.513294677906252943E+02    0.518321393797173968E+01    0.471229105811447635E+01    0.317160987279908735E+01    0.398441810415037700E+01    0.672991979472718072E+01    0.205152547574768335E+00    0.200841680088317975E+01    0.991286410510914373E+00    0.274698059247955761E+01    0.150727690096416787E+02    0.148146849801442801E+02    0.147876747817109777E+02
    0.281287036706321139E-17    0.718970497036621481E+02    0.420069074630737305E+01    0.287445068359375000E+00    0.366436469554901123E+01    0.360678008040258025E+01    0.818702093392447239E+01    0.283577179908752419E+00    0.250474623652874229E+01    0.667601239681243852E+00    0.272511687141656900E+01    0.151739160420177601E+02    0.150178848362736943E+02    0.149843883593421801E+02
    0.180809305172343339E-19    0.819912555108799239E+02    0.254975938796997070E+01    0.548894548416137695E+01    0.283066082000732422E+01    0.662243116633710294E+01    0.806411378077203267E+01    0.272155833244323742E+00    0.299106430088120678E+01    0.997261786460876487E+00    0.285766700410842889E+01    0.153513487817891363E+02    0.150813671605795019E+02    0.150615896931075355E+02
    0.158922586921542351E-10    0.408027752456749582E+02    0.260879373550415039E+01    0.388315105438232422E+01    0.412365096807479858E+01    0.763676921106345930E+01    0.805564519617428587E+01    0.309741628170013439E+00    0.290908340865505943E+01    0.797541499137878418E+00    0.298436545294523237E+01    0.154071463204264294E+02    0.149983331360125085E+02    0.150656260109944302E+02
    0.329989708809614478E-09    0.347363165404911456E+02    0.436527694943818467E+01    0.419387256066379965E+01    0.672189339930810759E+00    0.414891442072050420E+01    0.669512551106621778E+01    0.210419628524560892E+00    0.163061586368670008E+01    0.875533017182392292E+00    0.257957591069817394E+01    0.151694704855709919E+02    0.149784690028955456E+02    0.148676332101446800E+02
    0.527862045574065197E-78    0.351553512366275982E+03    0.252122211456298828E+01    0.599174022674560547E+01    0.102249878644943237E+01    0.648250690415603703E+01    0.826630179137915988E+01    0.275495254993438743E+00    0.250328823867980876E+01    0.977085781097412065E+00    0.283787225490808481E+01    0.152036591056029362E+02    0.151132440332034825E+02    0.149773144212668647E+02
    0.169777926653765518E-09    0.360654569390343696E+02    0.893662452697753906E+00    0.469103193283081055E+01    0.115634459257125854E+01    0.728403165722684776E+01    0.780036886175464605E+01    0.243207180500030512E+00    0.195969839645172361E+01    0.486584532260894820E+00    0.266974256259202969E+01    0.151604028365020991E+02    0.148893986139487691E+02    0.149063960464324445E+02
    0.495374928225215024E-94    0.425363275473334966E+03    0.438966255190876353E+01    0.573113218079833686E+01    0.279165133725109849E+01    0.814035076678709402E+01    0.824633075271286486E+01    0.263931443879828920E+00    0.288334822404571600E+01    0.825599132247512246E+00    0.282069269660823441E+01    0.151593862110174751E+02    0.151493743795794753E+02    0.148891493981283727E+02
    0.333985078499090227E-39    0.172867352423578950E+03    0.431968190470885105E+01    0.951124373505623510E+00    0.509714744025094868E+00    0.484488836837934045E+01    0.828080115904280945E+01    0.239390272082997624E+00    0.219656844889122782E+01    0.776231929256264386E+00    0.270710163812608862E+01    0.151330504710128082E+02    0.148890047011617543E+02    0.149268572104369284E+02
    0.328716548413633640E-39    0.172899153408351935E+03    0.309130210046052101E+01    0.123067873456575949E+01    0.300337814133442249E+01    0.741059040472393971E+01    0.827408303280484603E+01    0.260438790325575820E+00    0.365676852862537327E+01    0.891662160446343166E+00    0.275509633384703667E+01    0.152410881860910585E+02    0.150240249755271442E+02    0.150687766272989165E+02
    0.273788505670743996E-49    0.219316535054665536E+03    0.455863734965993139E+00    0.404264011809995427E+01    0.118913918452114276E+01    0.443084058358722643E+01    0.774762492339281028E+01    0.266603959518318279E+00    0.222005493178412650E+01    0.637892600969785173E+00    0.295598731452522978E+01    0.151338223513464918E+02    0.150578619088746208E+02    0.150060148198273211E+02
    0.329931605383319862E-73    0.329467560627695093E+03    0.280342031528251612E+01    0.752914071311122068E+01    0.321694405003333017E+01    0.617156509054946856E+01    0.757869987387518318E+01    0.225798433149131506E+00    0.192166158628518313E+01    0.888795548079449160E+00    0.299164430205905063E+01    0.152050057981919373E+02    0.151497316570119942E+02    0.149077854259228424E+02
    0.148316855267772727E-27    0.119228801026884540E+03    0.189157493003013499E+01    0.394374765845349362E+01    0.294043645675935794E+01    0.398251365045452843E+01    0.717581529938832929E+01    0.372480487011707440E+00    0.179743785638138576E+01    0.468010167387629350E+00    0.296617404816491925E+01    0.151492120297484849E+02    0.148385010776402559E+02    0.147936210978394325E+02
    0.459413844899004962E-86    0.388672640945238925E+03    0.475114884549325289E+01    0.433346209526882475E+01    0.233452976440613913E+01    0.629896040598378271E+01    0.816026556692179383E+01    0.309950573645448202E+00    0.346702006808044150E+01    0.616382247843654918E+00    0.279769951741379819E+01    0.153422265270822624E+02    0.151500526370405986E+02    0.151778802948659433E+02
    0.880627709074093881E-31    0.134086913651413596E+03    0.343908023834228516E+01    0.538940906524658203E+01    0.309751379489898682E+01    0.435056457819601494E+01    0.797778323186719440E+01    0.358719730377197288E+00    0.407956109320383664E+01    0.650534611940383867E+00    0.291649177008867255E+01    0.153204430060470997E+02    0.151769376359985131E+02    0.151029681708728472E+02
    0.595191652178475545E-54    0.240789330930687441E+03    0.175024307105806548E+00    0.544450979045546379E+01    0.319523615927461924E+01    0.431682056880781140E+01    0.736544463268327299E+01    0.350559375553792241E+00    0.300402209200524872E+01    0.373024754178650664E+00    0.300241791350083753E+01    0.152202178673381905E+02    0.150385505944904505E+02    0.151324219722555497E+02
    0.255008228561022250E-06    0.214363372926154483E+02    0.396832930880486812E+01    0.550788082026159564E+01    0.163508639018939972E+01    0.433408606714983691E+01    0.813197942060511814E+01    0.268127899104923406E+00    0.152623672690850354E+01    0.578123388272283267E+00    0.271278705813706766E+01    0.149594074834521464E+02    0.147199761398589750E+02    0.147799679952543794E+02
    0.337062788999793666E-93    0.421528196639580017E+03    0.629053999048370827E+01    0.244989996573789037E+01    0.103100226546600071E+01    0.539311798370963214E+01    0.803620389476747299E+01    0.340097390807060251E+00    0.200980847258177509E+01    0.738806782238041082E+00    0.284766603051167211E+01    0.150430590474873753E+02    0.149549307757450123E+02    0.148436179041253986E+02
    0.115305879864235751E-72    0.326964984350447821E+03    0.734253583071561788E+01    0.102496182370718003E+01    0.165552568547520407E+01    0.595462805720662125E+01    0.797051557420743961E+01    0.301628293558881933E+00    0.204576197735804755E+01    0.557663157140669052E+00    0.269039381600554695E+01    0.150354281543554809E+02    0.148724177483788704E+02    0.149410695026560241E+02
    0.345256812001632349E-25    0.108328585407939343E+03    0.304711631500765945E+01    0.458843640018875831E+01    0.182102159651074613E+01    0.491474973727070630E+01    0.798290368929425576E+01    0.306893484781678549E+00    0.344141246531385026E+01    0.685674445938418864E+00    0.296628932421368408E+01    0.154389405859487425E+02    0.150802022411789274E+02    0.150863677895384320E+02
    0.517527504820157841E-87    0.393039588638383748E+03    0.295552436436253352E+01    0.701428462130220876E+01    0.721338556979616574E+00    0.534221340239586873E+01    0.730618722773288010E+01    0.207378161051885168E+00    0.223761347621884399E+01    0.821549865211504193E+00    0.298804459321509208E+01    0.152876887095163543E+02    0.150249148743977177E+02    0.150784358093453861E+02
    0.165710779504648770E-83    0.376896545287388221E+03    0.320982990855905115E+01    0.710214102101074662E-01    0.695715323453173218E+00    0.342056407204111235E+01    0.654261712138144169E+01    0.233092024151211663E+00    0.362602410001971664E+01    0.861530232017506892E+00    0.267525178876939540E+01    0.153486875302930059E+02    0.151557736200144273E+02    0.151054865471930633E+02
    0.187526438734285755E-15    0.634976209094117010E+02    0.598892173000725681E+01    0.523202639674462411E+01    0.252611402943898655E+01    0.510429718349419481E+01    0.686445804498174894E+01    0.281240577251215373E+00    0.283751533619776852E+01    0.740416825470046946E+00    0.238326225074865494E+01    0.152494420901191550E+02    0.149378152073652970E+02    0.149888394929977125E+02
    0.113370959225631109E-10    0.414782791295531226E+02    0.382177420676209767E+01    0.300373840704814699E+01    0.160879997377727424E+01    0.768748944983439575E+01    0.796699583187465521E+01    0.299419049323777053E+00    0.401284797034785434E+01    0.729536981656626837E+00    0.252369127958895012E+01    0.153640929844641239E+02    0.150369740256054278E+02    0.150653895332432288E+02
    0.764996995616712605E-06    0.192391851065837294E+02    0.331551027297973633E+01    0.494071340560913086E+01    0.490605178475379944E+01    0.410537879672260519E+01    0.468192614606088142E+01    0.284128105640411355E+00    0.203326217957341093E+01    0.556611484289169289E+00    0.297317334091663366E+01    0.151339639144301952E+02    0.149114484289415365E+02    0.149332239148851844E+02
    0.508674488065377506E-64    0.287155183108267011E+03    0.510988695388610203E+01    0.440859906554411118E+01    0.523274727702534648E+01    0.397915050817399463E+01    0.467368593632872997E+01    0.237062569267850104E+00    0.206975826604825031E+01    0.471968599697662805E+00    0.304362633641209168E+01    0.151341691744522002E+02    0.149650170065841124E+02    0.150113640307278402E+02
    0.139834631288543847E-93    0.423287814061878635E+03    0.301377725601196289E+01    0.678952932357788086E+01    0.485410901904106140E+01    0.438205913907333056E+01    0.584110586466883142E+01    0.242144525051116943E+00    0.164523835966020227E+01    0.349923622608184826E+00    0.303045599013566980E+01    0.149734767351259404E+02    0.149592379676285265E+02    0.148887002073895527E+02
    0.176004344651908795E-46    0.206384718998636856E+03    0.320473153521569820E+01    0.415135075207739579E+01    0.621200848609580625E+01    0.776443747048185884E+01    0.782552973861625567E+01    0.302217028211710925E+00    0.275814540762991012E+01    0.326591200581832219E+00    0.289334737834683775E+01    0.153637846639359044E+02    0.150074099441660689E+02    0.151478477292924882E+02
    0.814820496185082967E-09    0.329285037997836199E+02    0.479215061712489820E+01    0.346400103529544356E+01    0.424472120298633371E+01    0.434798733544416827E+01    0.672681982355800301E+01    0.358975606484235765E+00    0.289378203499843423E+01    0.747745601515778291E+00    0.296806393162921589E+01    0.153316785336372643E+02    0.149830513280326532E+02    0.149395316730875294E+02
    0.252385085240085364E-46    0.205663824284823619E+03    0.527070003585858871E+01    0.668819185221738799E+01    0.514688701372626234E+01    0.457361491551584542E+01    0.659732322392721127E+01    0.491347244750040435E+00    0.320837754378511431E+01    0.610767859749958508E+00    0.283115867100699692E+01    0.152852246331292729E+02    0.150372805764732327E+02    0.150290306315305564E+02
    0.110987703408197951E-07    0.277052602754737585E+02    0.380283927917480469E+01    0.655593299865722656E+01    0.491808551549911499E+01    0.588412278247231768E+01    0.658072524878074105E+01    0.329771471023559526E+00    0.309767318898312460E+01    0.813727450370788530E+00    0.298326243007183090E+01    0.151558728938495229E+02    0.149486754397415798E+02    0.149566032755759171E+02
    0.890778947008078830E-13    0.511709276189397926E+02    0.415680281415925634E+01    0.638927356878420927E+01    0.600880781744140524E+01    0.586057732624756156E+01    0.633181469004037112E+01    0.519596394670208794E+00    0.288707028934661203E+01    0.683182625747017602E+00    0.278069570860073556E+01    0.153390640427325877E+02    0.149201082065041426E+02    0.149696144227252415E+02
    0.127022229227949008E-61    0.276114564940103548E+03    0.248774983827060359E+01    0.499163236260829901E+01    0.703476278754462303E+01    0.427472467977359294E+01    0.510334506381568076E+01    0.361432117726144919E+00    0.367883597903383830E+01    0.852958941064834164E+00    0.301866791006065416E+01    0.151779771249457287E+02    0.150268691897941888E+02    0.150718667436862681E+02
    0.205808722900381297E-20    0.863374171077995669E+02    0.642654339083054138E+00    0.680194640983998600E+01    0.594408880132357620E+01    0.482828676787373645E+01    0.596135040205653954E+01    0.458557679889779357E+00    0.382441460016466328E+01    0.743898346979194436E+00    0.290273481138426215E+01    0.152795977035095021E+02    0.150926942072980879E+02    0.151505894329706248E+02
    0.120433702954450030E-02    0.451604933852435764E+01    0.190772095512872863E+01    0.744869359687682309E+01    0.412891951611839403E+01    0.481554397920540467E+01    0.604722159269178583E+01    0.363830510731521173E+00    0.305289739553345996E+01    0.769049919760460221E+00    0.297641467186524711E+01    0.154067380285912652E+02    0.150400754034535566E+02    0.150363873950288376E+02
    0.229663284687370786E-33    0.145985295428027285E+03    0.480756759643554688E-01    0.472121572494506836E+01    0.470208454132080078E+01    0.480362211314356014E+01    0.702539608588712472E+01    0.474179387092590332E+00    0.374664019931483283E+01    0.148622334003448486E+00    0.304244031316041941E+01    0.154747483629130027E+02    0.150999388941792905E+02    0.151338244797322847E+02
    0.478177306680367310E-75    0.337935708556422753E+03    0.236298704147338867E+01    0.330127763748168945E+01    0.447480934858322144E+01    0.576905680608441962E+01    0.703552586271598290E+01    0.406560933589935281E+00    0.477291912149832864E+01    0.677909934520721458E+00    0.290917711466550832E+01    0.155396447592335551E+02    0.151209980646240485E+02    0.152085851605213289E+02
    0.352796806708913738E-17    0.714440164198673813E+02    0.486973396460612840E+01    0.492870976896587454E+01    0.471995365632292696E+01    0.506774630457978148E+01    0.679693457593332795E+01    0.364607626575587762E+00    0.353918219769260345E+01    0.565364961787049314E+00    0.293512484213985170E+01    0.153057447642223909E+02    0.151117486687722860E+02    0.151445455558638749E+02
    0.279535320379491152E-49    0.219274989608144267E+03    0.644736359793318337E+00    0.620843895247475075E+01    0.414081083023163288E+01    0.656722944939151354E+01    0.747654183088714586E+01    0.454876066446620153E+00    0.232442515526120452E+01    0.567606983609896476E+00    0.285434129590234509E+01    0.149939777592303169E+02    0.149169572361774918E+02    0.148707845153553979E+02
    0.277470285577413947E-56    0.251526010522123471E+03    0.323832387620177542E+01    0.492616054971925799E+01    0.356645506781730948E+01    0.425216842270174489E+01    0.775649975063988784E+01    0.266816531614108177E+00    0.379336804237249403E+01    0.756876331346203468E+00    0.294792471942052359E+01    0.153179435096493712E+02    0.150990821415940051E+02    0.150315195118906715E+02
    0.553355451724919978E-89    0.402116053226875238E+03    0.332985880440896320E+01    0.489814581954741524E+01    0.526668415696469427E+01    0.709641005571223182E+01    0.800107012799843531E+01    0.331655203661386344E+00    0.398380490773833973E+01    0.782202583371442772E+00    0.296389611428160338E+01    0.152624042198754637E+02    0.150999138357290761E+02    0.150461943120189172E+02
    0.630512890926733405E-10    0.380465424620613177E+02    0.719409344673731699E+01    0.469312678628499480E+01    0.450816575663354424E+01    0.636282470750307816E+01    0.815452592678686372E+01    0.235763676988285875E+00    0.212456733787668917E+01    0.699039281243966748E+00    0.273982039053197823E+01    0.152876794013258870E+02    0.149690761016150553E+02    0.149486205198887774E+02
    0.383878638125985725E-43    0.191009572889008780E+03    0.785592094712196864E+01    0.741960872735762944E+01    0.370483658110252501E+01    0.539787515152483799E+01    0.720026435898314610E+01    0.326105366330991520E+00    0.196908893498277449E+01    0.874483151629332767E+00    0.269826035741726367E+01    0.149817543323536810E+02    0.147534413622992915E+02    0.147789178488018322E+02
    0.633089290712105011E-93    0.420267512157042461E+03    0.293966817855834961E+01    0.705264425277709961E+01    0.796595606207847595E+01    0.722281043289422797E+01    0.740710564758671008E+01    0.234416902065277100E+00    0.247508889521799702E+01    0.986644959449768044E+00    0.273033195263147377E+01    0.152020286841874039E+02    0.152100115005775045E+02    0.149900640561321428E+02
    0.383776416215504823E-51    0.227851467021936855E+03    0.192069985531391851E+01    0.467568489782546060E+01    0.457919427457840200E+01    0.453926916785671075E+01    0.544904547113510862E+01    0.333578490428651175E+00    0.247374778373350379E+01    0.723543063165762557E+00    0.271412400016266853E+01    0.151500274514041049E+02    0.150263911858622325E+02    0.149947270069824174E+02
    0.425299822517924728E-24    0.103306403497511809E+03    0.692896147616910341E+01    0.781671250428482178E+01    0.503680090643804323E+01    0.595403639931613871E+01    0.742336501261680581E+01    0.291962328248716485E+00    0.353637125028462718E+01    0.573846747152607084E+00    0.270942968269542250E+01    0.152641289357976184E+02    0.151339550831891874E+02    0.150055606993321078E+02
    0.231617553445837433E-03    0.781324329184579547E+01    0.652697181701660156E+01    0.645107173919677734E+01    0.457717943191528320E+01    0.733458179354910556E+01    0.795247112573254977E+01    0.492566108703613281E+00    0.321035742390505074E+01    0.501392579078674294E+00    0.297860283273458482E+01    0.151754964791058260E+02    0.150318172559425260E+02    0.150304795408419309E+02
    0.394608424923202593E-67    0.301478522377096283E+03    0.556497287750244141E+01    0.486773347854614258E+01    0.419131639599800110E+01    0.540109357488539565E+01    0.726675178497266838E+01    0.460347199440002464E+00    0.292739056758984351E+01    0.562764257192611694E+00    0.281453368353843691E+01    0.152612078101997870E+02    0.150038775005931040E+02    0.150308938107662104E+02
    0.822302982274621363E-43    0.189486007963748023E+03    0.694176979011085926E+01    0.546937074463151340E+01    0.461161843639477276E+01    0.581209048514706694E+01    0.741830462016765679E+01    0.494167279012963978E+00    0.372252380119767556E+01    0.536073795543210996E+00    0.292808819343375903E+01    0.152613622044807240E+02    0.150879956748306086E+02    0.150180307780155982E+02
    0.188091498526854366E-57    0.256908751327568211E+03    0.442461680335236540E+01    0.732104310594793617E+01    0.675537615289212834E+01    0.631631405880065699E+01    0.769688340205232358E+01    0.388977031773299453E+00    0.294742402479636789E+01    0.507522143646822133E+00    0.276944228182393548E+01    0.152137423244992025E+02    0.150090796983941495E+02    0.150866548617339884E+02
    0.198268279691230208E-35    0.155489622190246365E+03    0.603120708465576172E+01    0.647554540634155273E+01    0.689548420906066895E+01    0.465830130377487350E+01    0.742001286693253181E+01    0.376065254211425781E+00    0.304047399079544522E+01    0.620406001806259155E+00    0.281294435292482348E+01    0.153571919656338114E+02    0.150708449275634901E+02    0.150298040617290916E+02
    0.733900658852314059E-48    0.212739329376540638E+03    0.720760820840430139E+00    0.647787873603127728E+01    0.735421483496927308E+01    0.406988563030948658E+01    0.778180176872208662E+01    0.423763505832229992E+00    0.287840041140630731E+01    0.269317109064204530E+00    0.295953337969292418E+01    0.152599939773407502E+02    0.150311294797090724E+02    0.150052844424027541E+02
    0.290654253903485635E-11    0.442005109898279613E+02    0.390480459003525393E+01    0.634011673808997056E+01    0.374122568466331007E+01    0.505599858822498138E+01    0.654766964925741046E+01    0.315971257283378160E+00    0.270420996521282442E+01    0.711269299506848141E+00    0.304155371366121186E+01    0.151482405270396114E+02    0.150352514517632656E+02    0.150024991119247932E+02
    0.205131861935891458E-28    0.123185367008740755E+03    0.139758850144540614E+01    0.586337103342752108E+01    0.645900050407528337E+01    0.613881741010738224E+01    0.750662992135350926E+01    0.266498993379335525E+00    0.177118571980016526E+01    0.467779897435108283E+00    0.291139532433828796E+01    0.152667582729743341E+02    0.149444983655354164E+02    0.148334063322571410E+02
    0.762723046265099187E-31    0.134374393598530929E+03    0.422872495651245117E+01    0.533589076995849609E+01    0.674049231410026550E+01    0.587448431722335762E+01    0.816799564334911921E+01    0.203951334953308111E+00    0.287206136371499898E+01    0.870587652921676614E+00    0.273669499337673194E+01    0.151382424508802682E+02    0.151028122387682906E+02    0.149227584541216061E+02
    0.804636689085782406E-30    0.129662231668062503E+03    0.237628564810344933E+01    0.781148530758949633E+01    0.602408003643366019E+01    0.562366037916063632E+01    0.690546499347461573E+01    0.226306523636857576E+00    0.191225331428106715E+01    0.760615696763666360E+00    0.298739373284255327E+01    0.150681008669038938E+02    0.148369877653989057E+02    0.149404159966079533E+02
    0.190792808676055124E-28    0.123330296875508935E+03    0.654041138018009516E+01    0.650554993077018207E+01    0.490039390378812367E+01    0.442939844082413714E+01    0.771377382037326242E+01    0.196553953686589677E+00    0.150676712300051507E+01    0.869418992930281465E+00    0.303597893730648005E+01    0.151854151062048697E+02    0.150410634609480596E+02    0.147690243625067108E+02
    0.129023895797463754E-38    0.170164379619349234E+03    0.340314197105874650E+01    0.449971010866889465E+01    0.656547621268839254E+01    0.413115324240043691E+01    0.575751312214970312E+01    0.389705488097146668E+00    0.184154031030973586E+01    0.462020715170014085E+00    0.269263474785167078E+01    0.149303649668936984E+02    0.148530652243677626E+02    0.148053161123524575E+02
    0.248233358197929656E-09    0.353057009491594016E+02    0.373789190935950888E+01    0.656140912587049385E+01    0.694482552571494516E+01    0.633646661568461322E+01    0.718035578865201529E+01    0.273417629998959244E+00    0.214765625499250357E+01    0.251518736378851582E+00    0.296380391852723069E+01    0.152304028096107498E+02    0.148999754702167930E+02    0.150031312447323923E+02
    0.522457653313864033E-78    0.351574094442236515E+03    0.437554408037536913E+01    0.461965831484427358E+01    0.720759870548187997E+01    0.427303204144410209E+01    0.633187524587256778E+01    0.335636300086509465E+00    0.211516895963932416E+01    0.332012079210399658E+00    0.296024670949732016E+01    0.150004672878661207E+02    0.149114610985059777E+02    0.149397085323373187E+02
    0.300893501665603480E-74    0.334256988792660479E+03    0.448997162435605457E+01    0.729977670818688384E+01    0.441294382890389514E+01    0.753242768565544729E+01    0.826415435530799058E+01    0.248379341140925941E+00    0.202309909610549310E+01    0.358012298759604053E+00    0.297199871912609215E+01    0.150935813452480190E+02    0.149044987968940070E+02    0.150255453169354674E+02
    0.287513299429533776E-82    0.371189324818613784E+03    0.339209413528442383E+01    0.590040063858032227E+01    0.600782233476638794E+01    0.633270931923534963E+01    0.807395761110571364E+01    0.393616807460784868E+00    0.300140904110951423E+01    0.793873417377471968E+00    0.281940622395276996E+01    0.151322126675018040E+02    0.150585240060598409E+02    0.149462602658089470E+02
    0.133236622479204690E-92    0.418779311586892732E+03    0.251736364850679495E+01    0.706210107991972613E+01    0.598248132526644305E+01    0.608926173691497841E+01    0.757917841193822106E+01    0.479964533738438615E+00    0.564881443194312638E+01    0.844144800193299849E+00    0.274371351350545289E+01    0.154543528224197555E+02    0.152777690427603652E+02    0.152569436790310089E+02
    0.800002564080162971E-83    0.373747803375181547E+03    0.239532756805419922E+01    0.568882274627685547E+01    0.437403652071952820E+01    0.479993750747204118E+01    0.720074689486973973E+01    0.539492392539978050E+00    0.501179168269262920E+01    0.865688544511795000E+00    0.277327398878335973E+01    0.155129811714104751E+02    0.152077451906901597E+02    0.152294910080631958E+02
    0.240730619490052150E-94    0.426806548192821822E+03    0.226813936233520508E+01    0.766615104675292969E+01    0.763243544101715088E+01    0.452486558839268405E+01    0.743598440800741844E+01    0.307399380207061756E+00    0.304937354135504357E+01    0.686160194873809859E+00    0.273277766054868687E+01    0.152417151045756718E+02    0.150195570469103128E+02    0.151742989839141895E+02
    0.167619177012383341E-26    0.114378943433751758E+03    0.227961545947683053E+01    0.766672649978728415E+01    0.638072534583644657E+01    0.552139615149216301E+01    0.828713367600548345E+01    0.354376513116139380E+00    0.380276546112163771E+01    0.896129688299290739E+00    0.281156482597098423E+01    0.154484913758195734E+02    0.151315833663794752E+02    0.150822227888075151E+02
    0.441173313692466101E-10    0.387607340639525617E+02    0.293889665603637695E+01    0.551910638809204102E+01    0.676258790493011475E+01    0.414925744297134536E+01    0.583618884185702935E+01    0.493111097812652610E+00    0.483935728702156531E+01    0.592320483922958441E+00    0.288618057805299744E+01    0.155223370432134207E+02    0.151813408286862703E+02    0.152193460566576082E+02
    0.285435051852289528E-36    0.159366005471102000E+03    0.245385802936348174E+01    0.775332647887244253E+01    0.385534368102233804E+01    0.486668820424590010E+01    0.659784877121866842E+01    0.271259411161579089E+00    0.261736431765237709E+01    0.787502382395640965E+00    0.282023441195246338E+01    0.151978012584854412E+02    0.149300272284683064E+02    0.150389038859695106E+02
    0.612351842889017408E-76    0.342046227890794512E+03    0.279373593512770979E+01    0.680552115921887246E+01    0.771087282477885960E+01    0.532260886491061136E+01    0.666662481703442644E+01    0.467960472350639423E+00    0.509943689709414372E+01    0.813457905849765517E+00    0.287497181022241843E+01    0.152152971315533758E+02    0.151794903151848288E+02    0.151383078784278045E+02
    0.866034593379652260E-37    0.161751354977394413E+03    0.336013126373291016E+01    0.732276678085327148E+01    0.430975738167762756E+01    0.502699649237201029E+01    0.738951450828158674E+01    0.322099566459655762E+00    0.229333654843332191E+01    0.855464768409728959E+00    0.274869338440895072E+01    0.150360639663271929E+02    0.148550214094310444E+02    0.148657864975811638E+02
    0.562587900570091441E-76    0.342215747159690466E+03    0.393665782343150417E+01    0.594253107502035594E+01    0.570507498317642714E+01    0.492782891727896200E+01    0.680015679780994553E+01    0.418966307294985629E+00    0.200906133306013768E+01    0.998286444284205432E+00    0.298476930586848699E+01    0.148946359240691013E+02    0.148541407348767116E+02    0.147858266931647790E+02
    0.377139476919004914E-26    0.112757102470726110E+03    0.435172636128194956E+00    0.767971276507237910E+01    0.560754471542844168E+01    0.559215154068269982E+01    0.761252427146689392E+01    0.258703286055655457E+00    0.155532197413261697E+01    0.808461255460910633E+00    0.270114572484139615E+01    0.150068813335036388E+02    0.148699896660120618E+02    0.147379845917510792E+02
    0.881484196645117054E-89    0.401184840208879791E+03    0.124635379028530235E+01    0.635278360417862142E+01    0.422959098452666815E+01    0.463755329129929805E+01    0.811491710457942261E+01    0.478994512372907688E+00    0.285854954421979279E+01    0.778437098204778022E+00    0.282539417115468128E+01    0.150873196400128169E+02    0.149731755051231463E+02    0.149531017094792631E+02
    0.108746327694534406E-23    0.101428786279277077E+03    0.730599585210550906E+01    0.429843430295450535E+01    0.628936670107535534E+01    0.479707747618526170E+01    0.789731653522801125E+01    0.339490558170848611E+00    0.326306614149619900E+01    0.540433038025051382E+00    0.271786838416591525E+01    0.152615558878085480E+02    0.150047265627008475E+02    0.151097174363023967E+02
    0.962148465844469125E-95    0.428640737934249330E+03    0.429245921110142614E+01    0.636070209385309759E+01    0.689154440842266158E+01    0.557967633042922895E+01    0.768482864545886812E+01    0.220080669316848027E+00    0.295436640571709797E+01    0.752132450588436807E+00    0.284531667437928615E+01    0.152584129076316639E+02    0.150166556140762513E+02    0.150929995771261289E+02
    0.297541889030744972E-74    0.334279391529737723E+03    0.755760383605957031E+01    0.551978349685668945E+01    0.679841327667236328E+01    0.510549659209374251E+01    0.607532311613934084E+01    0.457206654548645064E+00    0.243571014511655548E+01    0.742303496599197365E+00    0.284324724584817901E+01    0.152056583927155966E+02    0.149202759310117443E+02    0.148755922785536026E+02
    0.215140487500679721E-93    0.422426152610646852E+03    0.229035355440746802E+01    0.359857266384294583E+01    0.668467717823178731E+01    0.468785163887386780E+01    0.612463028731697712E+01    0.480736538318429663E+00    0.496122271809681248E+01    0.545559441375961796E+00    0.302465724205413844E+01    0.155558901608384321E+02    0.151879518372637374E+02    0.153298277458056660E+02
    0.116742191931307781E-21    0.920765456778862301E+02    0.785212498113389046E+01    0.703687948646270200E+01    0.522054697558403102E+01    0.562731230267964833E+01    0.640055318965091580E+01    0.305054703921147918E+00    0.183651996840066678E+01    0.592560627860892586E+00    0.276656949397814067E+01    0.149229845531648007E+02    0.149014175915323861E+02    0.148176026442792690E+02
    0.294223579208820803E-02    0.272956827202294727E+01    0.678975287070266642E+01    0.618318787084466770E+01    0.653430103146749186E+01    0.505703931506928139E+01    0.535650708380088414E+01    0.472258821496203907E+00    0.304615587400072751E+01    0.502245557071115734E+00    0.291681725575279360E+01    0.152690933623961094E+02    0.149980722457261013E+02    0.150239613471739055E+02
    0.466909901562165878E-91    0.411666122111048821E+03    0.545854729851043086E+01    0.518332396351384883E+01    0.639221524609017688E+01    0.430917338716384535E+01    0.598479655395247967E+01    0.250918621807301956E+00    0.303170683091606108E+01    0.644704056975932915E+00    0.291097608265124386E+01    0.153707045045088631E+02    0.152109852413940256E+02    0.149902028439633384E+02
    0.157110717427651492E-54    0.243453196320347786E+03    0.369908668625010950E+01    0.776920743263227731E+01    0.551932965514347629E+01    0.588455514986228145E+01    0.654879380417271317E+01    0.327097002584551100E+00    0.440744382480584207E+01    0.624121890962631820E+00    0.292039513918207660E+01    0.153731034501417430E+02    0.152098575162178449E+02    0.151449638313588508E+02
    0.152584974019034330E-93    0.423113291805493134E+03    0.228048022295338448E+01    0.601685612569520156E+01    0.592363126158114550E+01    0.467869937616455012E+01    0.536873632625252384E+01    0.250263312180896647E+00    0.264368629226416285E+01    0.588321446340745235E+00    0.281443665470853333E+01    0.153991874148229275E+02    0.149855348330353042E+02    0.151965208882685836E+02
    0.514429126017206857E-52    0.231870641889756143E+03    0.415630797445276912E+01    0.703830619396461632E+01    0.562089219528760609E+01    0.485630555399232300E+01    0.570958574235829364E+01    0.213820789879656858E+00    0.226772609891150623E+01    0.959059926591887324E+00    0.300184893022109422E+01    0.151010744298250046E+02    0.147869098212092052E+02    0.149114019976065908E+02
    0.460464283337077585E-11    0.432803092654190067E+02    0.191593078217996005E+01    0.477923150423582221E+01    0.462910837866054070E+01    0.594208456310095290E+01    0.697378633490753597E+01    0.346034790406406056E+00    0.241833593086118448E+01    0.153056125122626896E+00    0.268727180109180175E+01    0.151911101927173338E+02    0.149609499578566663E+02    0.149933720265654316E+02
    0.739644210656452457E-56    0.249565099670692348E+03    0.392258879095725899E+01    0.748290211180591136E+01    0.537464017468924382E+01    0.424142439304002750E+01    0.533388250044170054E+01    0.209896176716462102E+00    0.216058729086653045E+01    0.981290474005198421E+00    0.299743184261035500E+01    0.150109502354992586E+02    0.150869791423617770E+02    0.148299364288904787E+02
    0.247573159124527190E-04    0.122851762861438765E+02    0.732578270580357582E+01    0.724622825173236418E+01    0.576976395383624929E+01    0.659062573669395135E+01    0.678633380645198692E+01    0.304916039399387051E+00    0.188588352735010645E+01    0.868385116700821524E+00    0.288738091343096182E+01    0.151639114953643865E+02    0.148299129316952438E+02    0.148207149275416974E+02
    0.108495481924635769E-16    0.691972137177736641E+02    0.221992485165586562E+00    0.779751107193434745E+01    0.789544235678734996E+01    0.560235224732440784E+01    0.771282218946370701E+01    0.233324569157118633E+00    0.202941488098478873E+01    0.950015266787511248E+00    0.287265801015366540E+01    0.151267157293989776E+02    0.149749035531469605E+02    0.149388336378466882E+02
    0.104975075602245130E-04    0.140011426541226527E+02    0.259696841848327864E+01    0.626905448649465491E+01    0.487308314950686405E+01    0.451737140977529972E+01    0.805161823346170635E+01    0.505905639403859686E+00    0.443361617313404999E+01    0.761092428345486738E+00    0.288010251482516644E+01    0.152903463676370102E+02    0.151301477355617351E+02    0.151528733550069266E+02
    0.282198811277981932E-97    0.440304192190398794E+03    0.476660653024357739E+01    0.503982285966451027E+01    0.679487037365991497E+01    0.643281027554905283E+01    0.722535573997857838E+01    0.369955900822401929E+00    0.239278697398929641E+01    0.868994322520201812E+00    0.265045447262367428E+01    0.152459738131431060E+02    0.148928405923570306E+02    0.148945654937757226E+02
    0.195972755931106786E-71    0.321299039710415286E+03    0.371116286337749512E+01    0.782630826167937688E+01    0.502162103850161401E+01    0.647667065180964396E+01    0.661840426720317954E+01    0.411903487343917019E+00    0.387230180840443383E+01    0.404407763956686872E+00    0.278705500029480957E+01    0.154582045454362582E+02    0.151843214086917957E+02    0.151799686654183894E+02
    0.802656661099097301E-63    0.281637775416396096E+03    0.393390327394373851E+00    0.342064066813982937E+01    0.460538971157555377E+01    0.382698176150448477E+01    0.723035620352042407E+01    0.290883781844313349E+00    0.173172259330550804E+01    0.453201721421170767E+00    0.303190779320594395E+01    0.149918288100314587E+02    0.148892136178767505E+02    0.148491360741157763E+02
    0.729352516826158585E-22    0.930173375408221119E+02    0.262233288269362319E+01    0.179759325832362249E+01    0.445134163912385628E+01    0.368559583147363234E+01    0.728960307556218456E+01    0.402474846303214506E+00    0.325684057586137943E+01    0.492662819472239444E+00    0.292079496892736579E+01    0.151980085049872002E+02    0.150747502713894193E+02    0.150792937198996846E+02
    0.553474345035016338E-88    0.397510453369366189E+03    0.334845730136997632E+01    0.427583886994729045E+01    0.660653116538496032E+01    0.414800904681125360E+01    0.600587932537819569E+01    0.250644467779429836E+00    0.351835330872851548E+01    0.890831650242795536E+00    0.264971114234102512E+01    0.151361142610508939E+02    0.151387384585674578E+02    0.149927897091761348E+02
    0.259285967409868980E-17    0.720599378177344079E+02    0.359962081909179688E+01    0.367961263656616211E+01    0.652822631597518921E+01    0.522942646874148309E+01    0.743376881127904277E+01    0.418299424648284957E+00    0.311849075124198816E+01    0.684810614585876443E+00    0.286123754537105546E+01    0.152458781153755947E+02    0.149751215810519138E+02    0.150422237513221333E+02
    0.747111197771708115E-34    0.148231266060918045E+03    0.780413293838500977E+01    0.434235572814941406E+00    0.460212889313697815E+01    0.436542555297250701E+01    0.744511102337503772E+01    0.299648690223693837E+00    0.271135499173653116E+01    0.614362180233001709E+00    0.303661696773767487E+01    0.151442923853122906E+02    0.149970699729004036E+02    0.150305351031136532E+02
    0.413750107251812143E-89    0.402697529984815844E+03    0.553893613815307617E+01    0.283656644821166992E+01    0.762715595960617065E+01    0.533532748569831128E+01    0.723904436128274931E+01    0.291105031967163086E+00    0.206374778320536612E+01    0.678567075729370139E+00    0.282105607736110686E+01    0.149539218406782926E+02    0.149197653554327232E+02    0.148935595413401121E+02
    0.416974911019284596E-08    0.296632171824659068E+02    0.417753458023071289E+01    0.143460178375244141E+01    0.481768059730529785E+01    0.717887672091040052E+01    0.797649163685008933E+01    0.269387829303741444E+00    0.263742831017513879E+01    0.770814734697341963E+00    0.290325600165128694E+01    0.152004027346516217E+02    0.148990028433352304E+02    0.149638320740899164E+02
    0.310355400977799354E-10    0.394641734724391640E+02    0.216071510314941406E+01    0.515666007995605469E+00    0.745268362760543823E+01    0.465677989441855722E+01    0.652496792852194663E+01    0.367691469192504838E+00    0.368138252106899033E+01    0.892564332485198952E+00    0.286544231086969381E+01    0.154077276607620774E+02    0.151225230020648507E+02    0.151126171191770311E+02
    0.183613452221515725E-42    0.187879390125830440E+03    0.270362806320190430E+01    0.276781940460205078E+01    0.634087759256362915E+01    0.608773564809647372E+01    0.703535044980486557E+01    0.427468895912170410E+00    0.213314890775396204E+01    0.440300172567367532E+00    0.297346391105651886E+01    0.152340255768406063E+02    0.148391333803447356E+02    0.148425834881481702E+02
    0.119078631855255232E-59    0.267033380683411735E+03    0.281169151932905592E+01    0.145265485622254253E+01    0.598637774249384513E+01    0.606362871412522608E+01    0.816708403891968260E+01    0.399203552815764917E+00    0.431707215070207262E+01    0.536244888171768186E+00    0.286312858423851369E+01    0.155309956765919299E+02    0.151775490636935952E+02    0.152792870125580862E+02
    0.175909814891740505E-94    0.427433962389935175E+03    0.723444561048667367E+01    0.234951851849447024E+01    0.709508256946119520E+01    0.742763158803072088E+01    0.813296408745012300E+01    0.304035465860098997E+00    0.203062596175665755E+01    0.481947628494857838E+00    0.296805715540768933E+01    0.150461633724872730E+02    0.148594675511566656E+02    0.149412650907698108E+02
    0.102976316340524156E-55    0.248903269986344554E+03    0.158186769485473633E+01    0.288545465469360352E+01    0.727817687392234802E+01    0.553414597053355983E+01    0.803380897691174667E+01    0.349791765213012695E+00    0.325202883826674860E+01    0.816719508171081521E+00    0.269937069720029843E+01    0.152933528563163250E+02    0.151356853553115247E+02    0.150660364448300435E+02
    0.129451243359231770E-10    0.412130010413979591E+02    0.203894941961584575E+01    0.391784376981190885E+01    0.747067465778233863E+01    0.447095350671816849E+01    0.805138886693336886E+01    0.439166359304217657E+00    0.386460114820147460E+01    0.919382042092252827E+00    0.281444212606047595E+01    0.154083958135319765E+02    0.151174400963641471E+02    0.151320356687000359E+02
    0.192666888820282417E-76    0.344358916472690794E+03    0.205199956893920898E+01    0.186927843093872070E+01    0.747988614439964294E+01    0.437155598158266212E+01    0.772429683297932712E+01    0.421036958694458008E+00    0.475235345345055471E+01    0.889206689596176103E+00    0.273765288299322140E+01    0.154768735726164781E+02    0.152236386481473307E+02    0.151908864891382578E+02
    0.972007737989643595E-49    0.216782519386465594E+03    0.345959703373976524E+01    0.390449190171794136E+01    0.527613878365999067E+01    0.546150428499007035E+01    0.711072282663453947E+01    0.382349586503661132E+00    0.308414755732860568E+01    0.866656406779959476E+00    0.295123777473986815E+01    0.151056855717734138E+02    0.150316631365302040E+02    0.149404631959110095E+02
    0.619261152434693056E-30    0.130185959227756797E+03    0.850378236315776914E+00    0.133572579266568958E+01    0.527285399626602658E+01    0.431818844005227920E+01    0.768584091285579429E+01    0.493166655118847941E+00    0.355556334787681561E+01    0.895223404785405852E+00    0.287921157338351197E+01    0.152525963161090861E+02    0.150997998701760530E+02    0.150808022839770288E+02
    0.791198914837883749E-08    0.283821704740647682E+02    0.255049789712792441E+01    0.153538102985477831E+01    0.779747691159589706E+01    0.391985299561327949E+01    0.648248033790319944E+01    0.368059724575230285E+00    0.448041023538125760E+01    0.991643757881952137E+00    0.265860487947997726E+01    0.153848927664493029E+02    0.150949901985568005E+02    0.151137650494611613E+02
    0.436941309963126468E-60    0.269038521195116687E+03    0.143150576759496184E+01    0.199042585673075045E+01    0.500539655518846516E+01    0.387342758265642839E+01    0.632478482274978226E+01    0.466583633915786611E+00    0.268382474054300513E+01    0.942251331996111552E+00    0.301889626521098231E+01    0.151074861329297647E+02    0.149899825970176135E+02    0.149288000994558523E+02
    0.438695489729511189E-03    0.653580730740243521E+01    0.104776604663174178E+01    0.289505873373440448E+01    0.590302962741294479E+01    0.747608123636425326E+01    0.807391680356231234E+01    0.426085928546994563E+00    0.209700805952422353E+01    0.717641979458247592E+00    0.277365535159835819E+01    0.150028770578206245E+02    0.148137864849315104E+02    0.148360247774536820E+02
    0.272712843851143084E-54    0.242350259071906606E+03    0.271931409835815430E+01    0.342212915420532227E+01    0.355424705147743225E+01    0.436251021386517657E+01    0.775317661674894332E+01    0.317235863208770730E+00    0.377131302382138989E+01    0.990453642606735185E+00    0.278818081384897232E+01    0.152892481151551216E+02    0.151453495292148599E+02    0.150083566773142412E+02
    0.191495400075321568E-38    0.169374647295567883E+03    0.571087309300996826E+00    0.147181406958239669E+01    0.505531450342240340E+01    0.431148116193085329E+01    0.766486483348565883E+01    0.267362400224547492E+00    0.194667611566558807E+01    0.247669352465789194E+00    0.286520925754848177E+01    0.150356025578755492E+02    0.149402630090606632E+02    0.148775748580048486E+02
    0.100520994528066252E-20    0.877705783105394630E+02    0.508021386663138586E+01    0.390507516712769887E+01    0.334216032653550554E+01    0.440827541698344838E+01    0.827823152354082303E+01    0.279570944012598299E+00    0.173090993052449704E+01    0.549581497482184100E+00    0.268652305852944195E+01    0.149235882563409703E+02    0.149021169392819210E+02    0.148107053852301451E+02
    0.761900453348476005E-64    0.286347167889929040E+03    0.261352779327153684E+01    0.250512489160218355E+01    0.654370145643136691E+01    0.685147816254605946E+01    0.745056642207584829E+01    0.426713211974478202E+00    0.516700805871014168E+01    0.784611196822774470E+00    0.277537889925465997E+01    0.153910616184355540E+02    0.152078947329687395E+02    0.152675456465411834E+02
    0.540486864557818892E-06    0.199339882508380626E+02    0.614633703231811523E+01    0.166518068313598633E+01    0.515736851096153259E+01    0.425640892837856732E+01    0.809991820852494016E+01    0.467030441761016823E+00    0.359232083987517958E+01    0.568764734268188521E+00    0.278290080726146716E+01    0.151965024307062997E+02    0.150656848042234994E+02    0.149990845561089774E+02
    0.204293892215557823E-98    0.445555466820085314E+03    0.787768794451694010E+01    0.368691672417897631E+00    0.434695740185499524E+01    0.512731013192820484E+01    0.753111674630622385E+01    0.516920362908258935E+00    0.298441468718100555E+01    0.638371007600020968E+00    0.283042661560128561E+01    0.149444417998612504E+02    0.149585358889216913E+02    0.149132473472751350E+02
    0.457833769082096336E-18    0.755279588142223872E+02    0.329037296263886780E+01    0.202356334536685534E+01    0.470455740392498978E+01    0.441102589131240741E+01    0.740623193851674966E+01    0.396939503380296155E+00    0.307311863020981502E+01    0.876570905059233851E+00    0.265455447093769292E+01    0.150652564286601933E+02    0.150167482263795105E+02    0.149710058709014611E+02
    0.339385261855338445E-63    0.283359357665461346E+03    0.233603001664174181E+01    0.254962827987771723E+01    0.457495500760923157E+01    0.572348016931832149E+01    0.799362095690885610E+01    0.503063945253904965E+00    0.477847584113488111E+01    0.684444844064037938E+00    0.277291375952513075E+01    0.153288216360788923E+02    0.151332173958422285E+02    0.152338109092207947E+02
    0.383363943388415543E-07    0.252261295419751121E+02    0.257313869126439565E+01    0.276148857867346588E-01    0.504432882066698163E+01    0.543527115914894488E+01    0.769224096917177036E+01    0.537390256695393309E+00    0.312981160321436791E+01    0.970578682796825465E+00    0.267052900979921093E+01    0.152960819685819320E+02    0.149334646553947668E+02    0.149737811506878593E+02
    0.331037947162609220E-25    0.108412696427794799E+03    0.447569163479450349E+01    0.175051487695947894E+01    0.571565636871763338E+01    0.527980241953563656E+01    0.761420393797650163E+01    0.476682117972516695E+00    0.222774984966852818E+01    0.252814681411605457E+00    0.273720616994910682E+01    0.149402815985577551E+02    0.148610940070516460E+02    0.148901597472205243E+02
    0.102173755838123821E-13    0.555017705163366344E+02    0.302654698635085628E+01    0.300757802090185732E-01    0.585070624038759046E+01    0.361504677461761670E+01    0.822994354860819755E+01    0.386158811929791845E+00    0.264054744320002532E+01    0.393075239848156621E+00    0.275041681793239023E+01    0.151763300167338411E+02    0.149861505130206947E+02    0.149685052592180003E+02
    0.630405897828760645E-93    0.420276007312202978E+03    0.224225220147014737E+01    0.262114272042737229E+01    0.695726467747594945E+01    0.380729038155421096E+01    0.758633413787151945E+01    0.302899219460749436E+00    0.223948729867968055E+01    0.581267032769595793E+00    0.270672343761923440E+01    0.150123447107190664E+02    0.148777365539480755E+02    0.149833043230436562E+02
    0.262617433458108481E-89    0.403606657661539600E+03    0.934163988172053844E-01    0.324298958060664777E+01    0.652514631226220132E+01    0.447034043287666272E+01    0.762462911447612957E+01    0.399399719036750978E+00    0.168425119733858475E+01    0.390520263644465015E+00    0.289608643525476861E+01    0.150505191960358733E+02    0.147599111464020201E+02    0.147537820770520582E+02
    0.782234530893764736E-72    0.323135851980419204E+03    0.641401481628417969E+01    0.538078784942626953E+00    0.548327746987342834E+01    0.461249357612005717E+01    0.579074891430557592E+01    0.233400809764862049E+00    0.194576309636703737E+01    0.994770604372024581E+00    0.296808730077743554E+01    0.148331180748439646E+02    0.148354777924576791E+02    0.147799420531415304E+02
    0.710775785248329977E-71    0.318722276951247636E+03    0.598268260992042222E+01    0.141601688817739685E+00    0.644216321631287681E+01    0.579401519060432690E+01    0.718920869093139991E+01    0.297494890566896819E+00    0.155055062967971380E+01    0.624045484278499596E+00    0.294248923154597897E+01    0.147971609133856816E+02    0.147438762297237265E+02    0.147709314227909871E+02
    0.164764908632912699E-82    0.372302823731221054E+03    0.128698735676159148E+01    0.887294629277786684E+00    0.596224360726441294E+01    0.600771889861587738E+01    0.749688996657870899E+01    0.364464457393352426E+00    0.307531957156503921E+01    0.894415264910094598E+00    0.301558495713367058E+01    0.152903606301368793E+02    0.151293336949318764E+02    0.150475476602704088E+02
    0.298068624411082139E-34    0.150069046640785217E+03    0.238957138201277930E+01    0.219172592002846311E+01    0.696920378189982959E+01    0.675181897401429154E+01    0.728770272589973889E+01    0.458107033084289572E+00    0.517690087062597470E+01    0.762976156989813692E+00    0.304568794281557587E+01    0.154303890335697247E+02    0.152324055855643579E+02    0.152166002591381648E+02
    0.132127755753062871E-04    0.135410499453705029E+02    0.517178975699753085E+01    0.279432439422347256E+01    0.607143285318950543E+01    0.553893903507238683E+01    0.586422647431272548E+01    0.485784092887214913E+00    0.308436804597456060E+01    0.364344575526496683E+00    0.282888009962624754E+01    0.151768292587429769E+02    0.150071998468033705E+02    0.150223397798210865E+02
    0.164218008399003010E-96    0.436781855929417986E+03    0.107954508252201031E+01    0.780705471380822358E+00    0.755270389506129813E+01    0.337708125910195989E+01    0.682025589423331802E+01    0.405257545508128647E+00    0.287304118878794146E+01    0.996173736635974860E+00    0.265443828841592566E+01    0.151268273285925936E+02    0.150408602880756384E+02    0.149739985065993029E+02
    0.152577499031577831E-12    0.500946047208861458E+02    0.429084266637886547E+01    0.288088611988123056E+01    0.762978222800654748E+01    0.484379610208943134E+01    0.817472323617422347E+01    0.370755681650938973E+00    0.404425146299195770E+01    0.559892197576855932E+00    0.293826958373831104E+01    0.153811802484583602E+02    0.150361304253034671E+02    0.151562633339719017E+02
    0.102552294399513278E-02    0.483750246019275298E+01    0.548534179832479563E+01    0.238241528840045058E+01    0.414508358588412484E+01    0.277170494694356861E+01    0.622068164503522247E+01    0.369052180511861838E+00    0.254692491698404444E+01    0.552437091399611280E+00    0.276073029312449592E+01    0.150960632800280585E+02    0.149558512235246237E+02    0.149761352388119615E+02
    0.358269956171883102E-97    0.439826842305033097E+03    0.399670463011993427E+01    0.147860912022765589E+01    0.583404943499541417E+01    0.446629005979935023E+01    0.604571899188875150E+01    0.193993997655750428E+00    0.158108256918009649E+01    0.124369891648997755E+00    0.299358497334748863E+01    0.151423091549637103E+02    0.148267934512863668E+02    0.150175565604927197E+02
    0.160113233795242235E-74    0.335518739014525522E+03    0.187835162790822054E-02    0.140074416532545576E+01    0.594475704206352340E+01    0.377939096774981431E+01    0.390468484695559415E+01    0.211874940898974962E+00    0.179347042732364437E+01    0.374215971178896489E+00    0.281110181605174958E+01    0.151232382647922776E+02    0.148734463683360492E+02    0.150237833909006948E+02
    0.462057177785067998E-67    0.301162932975171145E+03    0.128767871856689453E+01    0.344031524658203125E+01    0.578296068310737610E+01    0.625510216494811999E+01    0.739131563238483658E+01    0.326171660423278831E+00    0.246461393849073662E+01    0.389652502536773748E+00    0.284604748779535299E+01    0.152863455351314030E+02    0.150488293375619087E+02    0.149686877717806919E+02
    0.468258907369826621E-59    0.264294906049347162E+03    0.998299576697438851E+00    0.598710585723314259E+00    0.619738554835613265E+01    0.586972086960918382E+01    0.744867804440615799E+01    0.216025511509160828E+00    0.153478513043269738E+01    0.638969662306881236E+00    0.285836669617783290E+01    0.152134487644956646E+02    0.150529006792946181E+02    0.147933096152341594E+02
    0.135632390363297849E-34    0.151643797699354934E+03    0.456805486327132559E+01    0.301150980524867773E+01    0.527205516594553192E+01    0.471567354413645123E+01    0.767672440061379469E+01    0.227122302312015023E+00    0.275622046421144606E+01    0.786159949325800134E+00    0.299565662631989582E+01    0.152660281611531268E+02    0.151248816824549817E+02    0.149841010480576955E+02
    0.190699789078909188E-07    0.266226982924733875E+02    0.468936222013145088E+01    0.147417554085411395E+01    0.628409712976958534E+01    0.716951115834043140E+01    0.773934702038380795E+01    0.319611798658541946E+00    0.176006897361366543E+01    0.588976395429018251E+00    0.295292674111534170E+01    0.151771171949802657E+02    0.147519943608710022E+02    0.147860323771747915E+02
    0.450678927636180098E-51    0.227530076941372641E+03    0.108999824523925781E+01    0.425490379333496094E+00    0.775952610373497009E+01    0.491355004634816339E+01    0.675831817093487963E+01    0.325812208652496327E+00    0.223973858358554256E+01    0.640066754817962602E+00    0.294345194250345221E+01    0.151731785996579749E+02    0.150019469787115014E+02    0.149159358951185066E+02
    0.189036968712687544E-04    0.128247033524752325E+02    0.536772541041813245E+01    0.122810850287058515E+01    0.687835943582920883E+01    0.382998252818358864E+01    0.715126532894863409E+01    0.251878501131151566E+00    0.197528136599772042E+01    0.564065408689593983E+00    0.301773095150867698E+01    0.152075526622484904E+02    0.148524495091743720E+02    0.149135705261066764E+02
    0.538393073870508053E-70    0.314672642994931039E+03    0.174988002461937042E+01    0.398458950519252086E+01    0.732816156035468858E+01    0.514564501043481304E+01    0.666971288714669264E+01    0.265936908510905234E+00    0.220534301685612322E+01    0.612037076896697396E+00    0.271831358534492251E+01    0.151424659325604374E+02    0.150888959617844520E+02    0.149402368885240335E+02
    0.640686862134001704E-46    0.203800654713254232E+03    0.207058379996048902E+01    0.407934327127142105E+01    0.659440160915535589E+01    0.473792950772232757E+01    0.674747672465123927E+01    0.261853134534193788E+00    0.237743718450854846E+01    0.120376311661424762E+00    0.302153191633340867E+01    0.153670805636685213E+02    0.150501428742716499E+02    0.151024547542339089E+02
    0.424622159392775666E-62    0.278306059861409608E+03    0.707394599914550781E+00    0.441424560546875000E+01    0.383317488431930542E+01    0.534269428544281144E+01    0.770608046641517674E+01    0.214646160602569580E+00    0.151689398971663714E+01    0.475211429595947310E+00    0.288279246544837964E+01    0.151809124091841330E+02    0.150524395647507632E+02    0.148208857736299944E+02
    0.559258250968343177E-18    0.751277484436960918E+02    0.468763353069961841E+01    0.412522460666750401E+01    0.475220366225858371E+01    0.456406387662576130E+01    0.788128837468864951E+01    0.193304324347413403E+00    0.222636495518527644E+01    0.928477374258041666E+00    0.279394483714465336E+01    0.152168300919408033E+02    0.149065907671119717E+02    0.148928044499349568E+02
    0.242683400733613619E-24    0.104428476834973992E+03    0.589329088902925857E+01    0.873855665431591322E+00    0.592001876610936062E+01    0.560602458309850338E+01    0.700413083125661551E+01    0.250930858187256245E+00    0.238216595219349703E+01    0.749683337918440995E+00    0.274090790324416833E+01    0.151423159179807154E+02    0.150342547329874190E+02    0.149508492450400574E+02
    0.424949896601146585E-06    0.204149863763754276E+02    0.493272072195110489E+01    0.348462360638694868E+01    0.726973900669393291E+01    0.505563546418553322E+01    0.675448381525019759E+01    0.231449568308127684E+00    0.211302976308530743E+01    0.876083950962252445E+00    0.279612363014155640E+01    0.151305385885147459E+02    0.149606492259022605E+02    0.149207560495160632E+02
    0.410684270456488152E-28    0.121797023569606679E+03    0.477692999446528166E+01    0.112941231059639380E+01    0.751137818460093065E+01    0.501079043058416751E+01    0.734134662417461747E+01    0.190882305043493183E+00    0.158273939152204335E+01    0.853955057680107932E+00    0.278261061201913051E+01    0.151093836825710461E+02    0.150138507301005095E+02    0.149150443405897200E+02
    0.331144488556421308E-91    0.412353285125716582E+03    0.363081598281860352E+01    0.122493600845336914E+01    0.737976822257041931E+01    0.465425286903564928E+01    0.720718805718634137E+01    0.186076486110687278E+00    0.298152007191695567E+01    0.900117111206054643E+00    0.284149532347917555E+01    0.152142443571860255E+02    0.149919236125013615E+02    0.150349559715228089E+02
    0.253529290084947933E-77    0.348415053406582786E+03    0.475613498687744141E+01    0.175545120239257812E+01    0.755490484833717346E+01    0.736744922399057778E+01    0.809074873880192236E+01    0.182706916332244895E+00    0.186833337751413575E+01    0.888915508985519409E+00    0.303779938882589340E+01    0.152413617289949244E+02    0.151575396320443208E+02    0.150104545402824918E+02
    0.132891748896478180E-44    0.197736326229694015E+03    0.129809522893352214E+01    0.196878062834465739E+00    0.620074525143331101E+01    0.636891360177463106E+01    0.745471278988669805E+01    0.186977995975297018E+00    0.170603476781181196E+01    0.970559592311900698E+00    0.296536570592678306E+01    0.152662278230241633E+02    0.150995307983463611E+02    0.149570597521516060E+02
    0.514193449373758321E-23    0.983216229708249045E+02    0.218826417430607512E+01    0.208880302693196818E+01    0.785216293742465599E+01    0.439273335745405547E+01    0.738543333706503713E+01    0.256563988024059775E+00    0.220727375387654723E+01    0.572906976193814033E+00    0.291846232777951364E+01    0.152234968378211111E+02    0.149591983794159216E+02    0.150447772250503284E+02
    0.113255392055224830E-16    0.691113400291126680E+02    0.311543771278844428E+01    0.341930524133907454E+00    0.721532414375103581E+01    0.573715991086296651E+01    0.599270469423225638E+01    0.216492797712611457E+00    0.179085588637181536E+01    0.919411413022020452E+00    0.300950584411536148E+01    0.150369359419937414E+02    0.150081874007121900E+02    0.148630741937495916E+02
    0.584896184364843690E-66    0.296086271341191377E+03    0.613832048725634127E+01    0.227311734285423755E+00    0.494783369839015386E+01    0.568123850819000076E+01    0.745545433238268629E+01    0.224335893874090531E+00    0.244095328476702900E+01    0.809987485642733929E+00    0.270036214390234353E+01    0.152390607242717255E+02    0.151827452645997258E+02    0.148566084574054234E+02
    0.444893904735315472E-04    0.111129168728175287E+02    0.694783020019531250E+01    0.927740573883056641E+00    0.794596332311630249E+01    0.492883069473367730E+01    0.592007131474662263E+01    0.318428051471710216E+00    0.328661092487396633E+01    0.592163091897964455E+00    0.279509281051158887E+01    0.153170411051069149E+02    0.150211001506886781E+02    0.149724930504008000E+02
    0.480732757282381377E-57    0.255031985369940429E+03    0.391340255737304688E+00    0.339632558822631836E+01    0.602853524684906006E+01    0.434556191091820310E+01    0.443518062333107288E+01    0.188880145549774170E+00    0.161037449308803682E+01    0.222797536849975608E+00    0.289242636853456503E+01    0.152694959219519326E+02    0.149728206198206681E+02    0.148766314058983600E+02
    0.155849538640837121E-42    0.188207273523331821E+03    0.246423482894897461E+01    0.117637157440185547E+01    0.634152936935424805E+01    0.684055824187419947E+01    0.711317465962732687E+01    0.380861330032348677E+00    0.288912185977455982E+01    0.701265430450439431E+00    0.275921250927448281E+01    0.152109136809325634E+02    0.149916830171226927E+02    0.150546822536869822E+02
    0.100045039589545657E-29    0.129226602236379136E+03    0.635767720249987800E+01    0.361200957942706069E+00    0.579215471159860851E+01    0.562272580126352306E+01    0.577010900572330332E+01    0.224451104492688625E+00    0.204935908354539498E+01    0.921701541993905971E+00    0.282234804730472444E+01    0.149247444316578868E+02    0.149091404717529095E+02    0.148025340174676110E+02
    0.569018217688825115E-01   -0.319474691159912760E+01    0.419327200444745163E+01    0.259807742475246117E+01    0.575321006631676113E+01    0.621369959151378737E+01    0.659251812576790730E+01    0.325541305755406296E+00    0.240230448482144121E+01    0.841191184034153494E+00    0.275210309214479976E+01    0.151769717516165663E+02    0.148954285545016702E+02    0.148936150758509864E+02
    0.578860752323169742E-13    0.520329963179455603E+02    0.354046303027636355E+01    0.309625232505818460E+01    0.471317137295377009E+01    0.551002339342729108E+01    0.672881617650426023E+01    0.248932551659317519E+00    0.179483427027196951E+01    0.871758926014654545E+00    0.268208954677481559E+01    0.151849365082347809E+02    0.149505533626544942E+02    0.148411392495935370E+02
    0.118923056078412649E-07    0.275671457127981085E+02    0.126493861348853365E+01    0.324947057280723106E+01    0.756756747467351421E+01    0.492681734607971755E+01    0.577643471053781532E+01    0.398156169232393276E+00    0.216045720077196135E+01    0.371470466706369296E+00    0.295739381868672568E+01    0.151528781749489880E+02    0.148962606454602220E+02    0.148797501887894210E+02
    0.215209573075188861E-94    0.427030680662879831E+03    0.526082792205134098E+01    0.379067234454885593E+01    0.676494215535763743E+01    0.627299803476757756E+01    0.677915066074420292E+01    0.294913320536114520E+00    0.294683217954620780E+01    0.692704388614245326E+00    0.286252943917025426E+01    0.151202293650441391E+02    0.151594015849779371E+02    0.149999202505865235E+02
    0.426848367289287422E-78    0.351978324633913417E+03    0.227648035248592828E+01    0.319432573001194253E+01    0.734561288951526592E+01    0.505589221644640574E+01    0.602451052962997124E+01    0.324252213575709991E+00    0.282182213404523097E+01    0.863499276978824781E+00    0.276102043957458587E+01    0.151549131499854326E+02    0.151100295171165033E+02    0.149858399928926822E+02
    0.574314951501939612E-28    0.121126317127687827E+03    0.736004592701361759E+00    0.402675174804085056E+01    0.282540633139103647E+01    0.510480375943594122E+01    0.549222896199277244E+01    0.304093406564015845E+00    0.242438411759393446E+01    0.580198170747008080E+00    0.284892415182267289E+01    0.152885752303806068E+02    0.150360305241325936E+02    0.150208351027674478E+02
    0.193074694335786200E-42    0.187778901352562087E+03    0.417019846595487476E+01    0.168288647243634948E+01    0.649530121088661527E+01    0.489923758472137472E+01    0.806843751247027363E+01    0.220867099169476111E+00    0.255904834840146123E+01    0.864570418430866461E+00    0.262975663356216893E+01    0.153230887168106538E+02    0.148372808753477354E+02    0.149921680592590825E+02
    0.209156442618847953E-41    0.183013720426741202E+03    0.663591337203979492E+01    0.676760673522949219E+00    0.260954979062080383E+01    0.324284407393508189E+01    0.724456944195063102E+01    0.214609253406524647E+00    0.168801981630805731E+01    0.149503922462463384E+00    0.274679516488313658E+01    0.150552019029712820E+02    0.148879515332432035E+02    0.148981726558104111E+02
    0.230912926912963136E-61    0.274919207749586690E+03    0.654417276382446289E+01    0.719115447998046875E+01    0.663410428166389465E+01    0.257208453934702685E+01    0.657415318624441269E+01    0.348352956771850575E+00    0.298102055288818502E+01    0.161790692806243919E+00    0.276893977737426766E+01    0.152461702507862054E+02    0.150258286023721634E+02    0.151385144976525083E+02
    0.664096416894083637E-66    0.295832285388708328E+03    0.680496630202178210E+01    0.695556997573864955E+01    0.503831702963776440E+00    0.263069673439999141E+01    0.460958396117576896E+01    0.365546731411807047E+00    0.268007995197767057E+01    0.324720345906209462E+00    0.280703823824472165E+01    0.151035501004815931E+02    0.150322510645565206E+02    0.150399905203471356E+02
    0.754864054170361385E-29    0.125184767852681375E+03    0.598130732903596041E+01    0.276256911989824694E+01    0.498208158793353473E+01    0.465591837641984085E+01    0.544544386685607407E+01    0.246683710629775566E+00    0.194784705165239735E+01    0.122591073617926302E+00    0.270969580322360315E+01    0.150950777662504763E+02    0.149623766385862709E+02    0.149623896957072962E+02
    0.600515204173613587E-96    0.434188669737773637E+03    0.300503768945740912E+01    0.230166150015090887E+01    0.795427643780771687E+00    0.592511557703833702E+01    0.616239197930058946E+01    0.316374912164028799E+00    0.258979249921089139E+01    0.122125087897222040E+00    0.271766855507142813E+01    0.151664609710835840E+02    0.150398949246153766E+02    0.150874251804993555E+02
    0.496914137414795415E-06    0.201020944207630556E+02    0.486744071782877530E+01    0.185795168488503237E+01    0.671178135633230077E+01    0.217560525870675825E+01    0.275420012256705604E+01    0.273901788518506550E+00    0.167701238470857383E+01    0.177987629326180313E+00    0.226785718097781075E+01    0.149371777835091883E+02    0.148178308362270155E+02    0.148402537781174573E+02
    0.180427095212657140E-80    0.362910869099658328E+03    0.424987009969796681E+01    0.293838803646929403E+01    0.749655672178503352E+01    0.212136218007170951E+01    0.228450100568240133E+01    0.369902184860004257E+00    0.199241737710593458E+01    0.242752517511265919E+00    0.241054287919814136E+01    0.149046470966592093E+02    0.149028571446167657E+02    0.148342746422277898E+02
    0.545205561471932286E-93    0.420566409299463260E+03    0.451841115951538086E+01    0.738486385345458984E+01    0.627676251530647278E+01    0.621862360075136866E+01    0.633574228546563045E+01    0.398293113708496072E+00    0.327887478401812915E+01    0.105601149797439578E+00    0.230437647050619132E+01    0.152091811830888570E+02    0.150417490577480102E+02    0.151474303044192791E+02
    0.211784478236637305E-43    0.192199087510223706E+03    0.635759193077485207E+01    0.659200334568464807E+01    0.230803686738704217E+01    0.286532361571901406E+01    0.510787673698484923E+01    0.269037083896928930E+00    0.232182436845270335E+01    0.165461232017595383E+00    0.233801260979706527E+01    0.151768514566425505E+02    0.149974827500621597E+02    0.150061092599846884E+02
    0.195836029371205989E-86    0.390377988350157125E+03    0.472894456932446428E+01    0.195538680676934362E+01    0.574028245411427029E+01    0.290448359393578004E+01    0.495636360845674062E+01    0.224387321564709613E+00    0.180599406067462498E+01    0.246817216549596680E+00    0.222824061963813413E+01    0.150420289063076105E+02    0.148732037567130533E+02    0.149727454866065184E+02
