    0.284581851959228516E+01    0.377170276641845703E+01    0.752851727604866028E+01    0.440318225238828376E+01    0.716670422583613043E+01    0.279018247127532981E+00    0.313295686408362393E+02    0.186051541566848777E+00    0.233132535815238962E+01    0.159250990810824860E+02    0.159249813321155766E+02    0.159243825266678201E+02   -0.744440071921381218E+03   -0.800636754913167081E+01    1
    0.290405082702636719E+01    0.100769519805908203E+01    0.307518038153648376E+01    0.437891151237042919E+01    0.803927796674861916E+01    0.190913259983062744E+00    0.133052527499586706E+02    0.403410357236862249E+00    0.231864507359266270E+01    0.155528775606876479E+02    0.155524382232273002E+02    0.155527023849659169E+02   -0.744440071921381218E+03   -0.800670088246508094E+01    1
    0.342840003967285156E+01    0.577909946441650391E+00    0.128947603702545166E+01    0.257426814671703674E+01    0.322346536074353773E+01    0.226167464256286616E+00    0.110149217132000157E+02    0.976048678159713745E+00    0.298057331526279468E+01    0.154728522293455484E+02    0.154712385063094544E+02    0.154703683460965404E+02   -0.744440071921381218E+03   -0.800703421579842356E+01    1
    0.383231973648071289E+01    0.742512464523315430E+01    0.139560613036155701E+01    0.346275298258897912E+01    0.521894715022190958E+01    0.141829943656921392E+00    0.588863543149556534E+01    0.585907375812530495E+00    0.230213940429687502E+01    0.152006799293050996E+02    0.152007000347555845E+02    0.152004315927181359E+02   -0.744440071921381218E+03   -0.800736754913181947E+01    1
    0.428302240371704102E+01    0.392546796798706055E+01    0.600175651907920837E+01    0.205082649121432503E+01    0.698229434445081942E+01    0.378497123718261719E+00    0.216698385051472808E+01    0.518967270851135254E+00    0.273296737623214714E+01    0.151869768664710314E+02    0.149303183326872979E+02    0.149319262093137937E+02   -0.744440071921381218E+03   -0.800770088246506440E+01    1
    0.335361242294311523E+01    0.253173255920410156E+01    0.141848403215408325E+01    0.227693932565337276E+01    0.334335305893672929E+01    0.117599368095397949E+00    0.236092885815112012E+02    0.241171151399612427E+00    0.283697463506460190E+01    0.158017447880155739E+02    0.158019541301090189E+02    0.158028443201908182E+02   -0.744440071921381218E+03   -0.800803421579830221E+01    1
    0.674161052703857422E+01    0.760868120193481445E+01    0.877910733222961426E+00    0.318834939081202506E+01    0.669545808450295432E+01    0.267513537406921409E+00    0.336749031360077300E+01    0.568769454956054688E+00    0.301608572292327892E+01    0.153541465536093327E+02    0.150215351642046819E+02    0.153433005300417893E+02   -0.744440071921381218E+03   -0.800836754913168924E+01    1
    0.149723196029663086E+01    0.319488048553466797E+01    0.244752871990203857E+01    0.235126219350914667E+01    0.421786287356798795E+01    0.467153215408325218E+00    0.231053293835956453E+02    0.338301718235015869E+00    0.279605317974090584E+01    0.157925294999775456E+02    0.157920680359738874E+02    0.157924660669725547E+02   -0.743746924740821328E+03   -0.800870088246505674E+01    1
    0.222635364532470703E+01    0.494034147262573242E+01    0.461817878484725952E+01    0.394406513344184573E+01    0.737366656791923614E+01    0.276464247703552268E+00    0.622887620038309731E+01    0.912905347347259477E+00    0.274815971100330358E+01    0.153785958321479796E+02    0.153999588722577414E+02    0.152632809674827712E+02   -0.743341459632713168E+03   -0.800903421579842245E+01    1
    0.348866319656372070E+01    0.798873901367187500E+00    0.820543646812438965E+00    0.257802407324032234E+01    0.525581566856938309E+01    0.500393974781036421E+00    0.689901940201996577E+01    0.731112033128738403E+00    0.285351582860946662E+01    0.152711474989604117E+02    0.152711282477687842E+02    0.152727618089113086E+02   -0.743341459632713168E+03   -0.800936754913180948E+01    1
    0.408428239822387695E+01    0.236118698120117188E+01    0.750430855154991150E+01    0.263552496440619599E+01    0.441535728864789068E+01    0.356871330738067649E+00    0.216595804243501213E+02    0.177840280532836903E+00    0.222416494268178910E+01    0.157655943469850097E+02    0.157653227599053096E+02    0.157644281235911894E+02   -0.743053777560261324E+03   -0.800970088246509171E+01    1
    0.778397560119628906E+00    0.418238449096679688E+01    0.207527834177017212E+01    0.205533548299485647E+01    0.262090825205658451E+01    0.508963704109191895E+00    0.484676041519155554E+01    0.730426245927810691E+00    0.264473526239395129E+01    0.154894529642050180E+02    0.153491177412304438E+02    0.152456428852872268E+02   -0.743053777560261324E+03   -0.801003421579831709E+01    1
    0.155036067962646484E+01    0.532434463500976562E+01    0.414058151841163635E+01    0.333940792631522587E+01    0.684420811930103490E+01    0.445778834819793746E+00    0.122881081949722297E+02    0.446298182010650635E+00    0.274967809432744970E+01    0.155186378969255649E+02    0.155179704858840903E+02    0.155198817181220967E+02   -0.742830634008947186E+03   -0.801036754913171656E+01    1
    0.547814559936523438E+01    0.786894321441650391E+01    0.733644518256187439E+01    0.576800967552352439E+01    0.708379281259887428E+01    0.161883032321929937E+00    0.396450094085019256E+01    0.622200292348861650E+00    0.231049979847669595E+01    0.150619362677156534E+02    0.150451770219371035E+02    0.150646141984347235E+02   -0.742648312452153164E+03   -0.801070088246503076E+01    1
    0.614531898498535156E+01    0.101603889465332031E+01    0.188517096638679504E+01    0.313400870962411959E+01    0.771261461499675427E+01    0.185889267921447776E+00    0.179724797726596597E+01    0.840636068582534812E+00    0.284411425006389607E+01    0.150932062258062381E+02    0.151562212396778797E+02    0.152628093363072406E+02   -0.742648312452153164E+03   -0.801103421579835029E+01    1
    0.312331390380859375E+01    0.139174461364746094E+00    0.132521870732307434E+01    0.439937464014955637E+01    0.483767238999739124E+01    0.355404484272003218E+00    0.327177256177005233E+02    0.109969019889831543E+00    0.303488371837139148E+01    0.159429935503290139E+02    0.159441481312458055E+02    0.159436881045433658E+02   -0.742648312452153164E+03   -0.801136754913177107E+01    1
    0.345274925231933594E+01    0.202566957473754883E+01    0.203937652707099915E+01    0.608726250662355195E+01    0.629542821371156425E+01    0.151137173175811768E+00    0.617143364677114548E+01    0.552885359525680520E+00    0.244609297275543192E+01    0.152221658107163798E+02    0.152252495017072533E+02    0.152215451103902168E+02   -0.742360630379701433E+03   -0.801170088246507284E+01    1
    0.432328462600708008E+01    0.469501972198486328E+00    0.132274526357650757E+01    0.285345070445412574E+01    0.810073781461360554E+01    0.233329391479492193E+00    0.361266889601542829E+02    0.374902015924453713E+00    0.224434114742279034E+01    0.159871276358458232E+02    0.159883116266426129E+02    0.159864807005916489E+02   -0.742360630379701433E+03   -0.801203421579838171E+01    1
    0.465991497039794922E+01    0.117811536788940430E+01    0.740826803445816040E+01    0.211951557200470653E+01    0.772146186833683679E+01    0.202742481231689475E+00    0.822234777467594213E+01    0.894276493787765525E+00    0.299246493113040923E+01    0.153471673904492434E+02    0.153477863350505945E+02    0.153439448800221090E+02   -0.742242847344045003E+03   -0.801236754913166571E+01    1
    0.241274833679199219E+01    0.284296321868896484E+01    0.691445681452751160E+01    0.664577373686864714E+01    0.755534973039744973E+01    0.381765198707580522E+00    0.199434080866229664E+02    0.375048196315765359E+00    0.272641446799039855E+01    0.157288350921845232E+02    0.157297891991999084E+02    0.157290438398701209E+02   -0.742042176648582881E+03   -0.801270088246507584E+01    1
    0.277381515502929688E+01    0.530964946746826172E+01    0.528932961821556091E+01    0.519555651448241562E+01    0.652991933423694437E+01    0.340750539302825950E+00    0.573310142963125102E+01    0.870090800523757979E+00    0.271110149246454224E+01    0.153439157583183441E+02    0.152310949777071247E+02    0.152744475781462903E+02   -0.741955165271593273E+03   -0.801303421579843800E+01    1
    0.238015222549438477E+01    0.479112052917480469E+01    0.674251246452331543E+01    0.318874904039242235E+01    0.680667846568222146E+01    0.494972443580627419E+00    0.148642900632933976E+02    0.312543606758117654E+00    0.247168444949388499E+01    0.156009070063337596E+02    0.156006528311545285E+02    0.156014689289571287E+02   -0.740913711396765052E+03   -0.801336754913176108E+01    1
    0.409111022949218750E+01    0.211960554122924805E+01    0.764580249786376953E+00    0.242577272216141449E+01    0.709492358377840127E+01    0.199393582344055187E+00    0.215183638332805351E+02    0.973147279024124123E+00    0.221745961415767656E+01    0.157627184708041010E+02    0.157613139257817370E+02    0.157627998036289956E+02   -0.740884723859891778E+03   -0.801370088246506107E+01    1
    0.257581806182861328E+01    0.496031761169433594E+00    0.612579751014709473E+01    0.406759132271127921E+01    0.514948922673067866E+01    0.289467096328735352E+00    0.689477562497211682E+01    0.944263213872909568E+00    0.251769179314374902E+01    0.155000335170633328E+02    0.152808979066003818E+02    0.152996497909597924E+02   -0.740726499854676945E+03   -0.801403421579837172E+01    1
    0.569700622558593750E+01    0.139541387557983398E+01    0.175468820333480835E+01    0.226369928889425953E+01    0.331178361546392264E+01    0.294985151290893532E+00    0.249853076729156918E+02    0.920810890197753862E+00    0.268678726935386658E+01    0.158259750185806460E+02    0.158268262912802644E+02    0.158267792096690982E+02   -0.740611430524892171E+03   -0.801436754913173566E+01    1
    0.283816051483154297E+01    0.644783878326416016E+01    0.399669352173805237E+01    0.515635175945486601E+01    0.819099043051876485E+01    0.386394762992858909E+00    0.189460508985210074E+01    0.240942627191543579E+00    0.298143085646629347E+01    0.149137778662056402E+02    0.148670050827152256E+02    0.148559924163131889E+02   -0.740451087874816949E+03   -0.801470088246504275E+01    1
    0.320183706283569336E+01    0.228812980651855469E+01    0.144827041029930115E+01    0.211770514037041480E+01    0.671593271824416949E+01    0.228283619880676275E+00    0.125896554514003522E+02    0.301741707324981734E+00    0.304107728517055520E+01    0.155302866148530061E+02    0.155288069459678173E+02    0.155298388117629909E+02   -0.739918283344332167E+03   -0.801503421579836051E+01    1
    0.269631385803222656E+01    0.243566703796386719E+01    0.646942424774169922E+01    0.366205902036983311E+01    0.676195920352615953E+01    0.110499024391174316E+00    0.268888594179396598E+02    0.198541945219039923E+00    0.294748870158195508E+01    0.158587795815768882E+02    0.158579582567444763E+02    0.158591959547473529E+02   -0.739520090995553119E+03   -0.801536754913177063E+01    1
    0.231168317794799805E+01    0.334469604492187500E+01    0.374594184756278992E+01    0.352560261932746855E+01    0.777926898456624283E+01    0.540536272525787398E+00    0.138847311131769136E+02    0.489384812116622991E+00    0.247556878829002347E+01    0.155724635667892706E+02    0.155726695369192232E+02    0.155736880881076107E+02   -0.739505597988250543E+03   -0.801570088246519674E+01    1
    0.237527608871459961E+01    0.171607780456542969E+01    0.127207699418067932E+01    0.570650933826830453E+01    0.591795826734475749E+01    0.257395386695861816E+00    0.298753641479455787E+02    0.189458805322647084E+00    0.303607975202798830E+01    0.159046528867756685E+02    0.159037461667003033E+02    0.159048067216126459E+02   -0.739390215914131659E+03   -0.801603421579841147E+01    1
    0.514933824539184570E+01    0.755344104766845703E+01    0.722947198152542114E+01    0.523244000266207188E+01    0.551689717432264093E+01    0.193855035305023182E+00    0.295990626778744481E+01    0.721440094709396407E+00    0.261004846459627160E+01    0.151378315717305387E+02    0.150899632483446258E+02    0.150888992321853177E+02   -0.739097737669416460E+03   -0.801636754913170080E+01    1
    0.288533544540405273E+01    0.397160625457763672E+01    0.302457648515701294E+01    0.415810391743587182E+01    0.785415508026920151E+01    0.131336069107055670E+00    0.298635656792617468E+02    0.183108729124069225E+00    0.234654355174303042E+01    0.159037638421877379E+02    0.159041103673316950E+02    0.159043280838736827E+02   -0.738989033467815489E+03   -0.801670088246502388E+01    1
    0.431519651412963867E+01    0.707671165466308594E+00    0.281974512338638306E+01    0.247970254544148139E+01    0.827071189926244976E+01    0.243765795230865473E+00    0.157463723578083172E+02    0.482193809747695989E+00    0.265757505184412013E+01    0.156274052681978350E+02    0.156273617736605068E+02    0.156268667206855092E+02   -0.738887112336459609E+03   -0.801703421579835762E+01    1
    0.208273601531982422E+01    0.379115724563598633E+01    0.167292106151580811E+01    0.343898457485700959E+01    0.479373042232179714E+01    0.276820337772369363E+00    0.295725702286422312E+02    0.188101285696029685E+00    0.295237647390365598E+01    0.158997858318272787E+02    0.159003841551739900E+02    0.159003612048097001E+02   -0.738770190998400722E+03   -0.801736754913168959E+01    1
    0.116861534118652344E+01    0.724510812759399414E+01    0.797895494103431702E+01    0.293063605813539141E+01    0.415753800521028793E+01    0.296536397933959972E+00    0.246258170722838621E+01    0.222062557935714722E+00    0.282125986105203630E+01    0.150837630143786505E+02    0.150866419202867448E+02    0.150948831151960743E+02   -0.738590747141434349E+03   -0.801770088246501977E+01    1
    0.228229904174804688E+01    0.276039075851440430E+01    0.874994277954101562E+00    0.334336348461724597E+01    0.550304712052444245E+01    0.486676478385925315E+00    0.251603143781152561E+02    0.467481249570846580E+00    0.300260057628154753E+01    0.158303211715237140E+02    0.158289360247358850E+02    0.158303003001738052E+02   -0.738534710073326664E+03   -0.801803421579835707E+01    1
    0.278112602233886719E+01    0.109506940841674805E+01    0.306177738308906555E+01    0.778754263334124897E+01    0.822640660815814506E+01    0.325559937953948997E+00    0.340123231074153551E+02    0.120175576210021978E+00    0.286361185055971124E+01    0.159602883344773154E+02    0.159601222503997136E+02    0.159609930120461829E+02   -0.738328604581878608E+03   -0.801836754913172634E+01    1
    0.265777873992919922E+01    0.875625133514404297E+00    0.949241399765014648E+00    0.395865660159108046E+01    0.695335963083081143E+01    0.469777774810790971E+00    0.138998340923587680E+02    0.782386213541030884E+00    0.281723190712928773E+01    0.155721111202466140E+02    0.155729021731884743E+02    0.155713891471473040E+02   -0.738268371323970314E+03   -0.801870088246516666E+01    1
    0.282504415512084961E+01    0.345239639282226562E-01    0.765813171863555908E+00    0.510347255347483397E+01    0.627504393858464127E+01    0.523881042003631614E+00    0.316957758604330451E+02    0.566876834630966164E+00    0.252482315963506698E+01    0.159293384611279532E+02    0.159299886484688393E+02    0.159304667593908125E+02   -0.738231481895284560E+03   -0.801903421579855546E+01    1
    0.277463483810424805E+01    0.509257411956787109E+01    0.698713439702987671E+01    0.586727700370539740E+01    0.614879208069028671E+01    0.308400845527648904E+00    0.197174611139722877E+02    0.289700412750244163E+00    0.235483573126792889E+01    0.157246376446395697E+02    0.157234466303539886E+02    0.157245960833118197E+02   -0.738080498052708890E+03   -0.801936754913178618E+01    1
    0.265587139129638672E+01    0.213824558258056641E+01    0.100938054919242859E+01    0.219368027655622022E+01    0.794540198570244183E+01    0.392631936073303267E+00    0.361480560025998354E+01    0.941601336002349854E+00    0.240962480086088160E+01    0.151141988313967719E+02    0.150712882953271556E+02    0.150918177462641570E+02   -0.737697191285589383E+03   -0.801970088246510038E+01    1
    0.523681497573852539E+01    0.661084222793579102E+01    0.299594971537590027E+01    0.490413578643290471E+01    0.497770609471872927E+01    0.257822000980377219E+00    0.873827621701166102E+01    0.253886431455612183E+00    0.285487035506963727E+01    0.153732031758250098E+02    0.153708801760216804E+02    0.153728503930951526E+02   -0.737591005638747788E+03   -0.802003421579841635E+01    1
    0.494407272338867188E+01    0.290252685546875000E+01    0.752847033739089966E+01    0.261703491982155345E+01    0.772241263947091916E+01    0.226857221126556402E+00    0.225710297414240202E+02    0.107558894157409671E+00    0.247653497701883296E+01    0.157818291951222065E+02    0.157827028647267298E+02    0.157824234706599711E+02   -0.737496949498561776E+03   -0.802036754913166483E+01    1
    0.291513967514038086E+01    0.157012844085693359E+01    0.311201113462448120E+01    0.410122117719069479E+01    0.756670049053987892E+01    0.457287156581878684E+00    0.931758166979686564E+01    0.682000517845153809E+00    0.226507430356740924E+01    0.153990908995375406E+02    0.154019324723430060E+02    0.153990921490671333E+02   -0.737447056798448330E+03   -0.802070088246512114E+01    1
    0.230582380294799805E+01    0.419051122665405273E+01    0.135453748703002930E+01    0.436905132760185211E+01    0.700975891780783655E+01    0.420352101325988770E+00    0.177846682934948888E+02    0.366180813312530495E+00    0.263744752848148334E+01    0.156802960730213741E+02    0.156786757959162433E+02    0.156800297281075647E+02   -0.737412757407341473E+03   -0.802103421579840514E+01    1
    0.236966085433959961E+01    0.686271190643310547E+01    0.276332843303680420E+01    0.628166669091278074E+01    0.673893161682030239E+01    0.426893472671508789E+00    0.261067983374976542E+02    0.296601521968841597E+00    0.304456483530998234E+01    0.158450169677176476E+02    0.158459966442879310E+02    0.158451546004015924E+02   -0.737360045421458608E+03   -0.802136754913165184E+01    1
    0.266489553451538086E+01    0.332825040817260742E+01    0.372523564100265503E+01    0.261347350602622708E+01    0.785055496165239219E+01    0.235630619525909413E+00    0.686874940275512991E+01    0.699164026975631736E+00    0.233844032883644104E+01    0.153189841449918216E+02    0.153114204304654216E+02    0.152966234384378605E+02   -0.737348329806286074E+03   -0.802170088246500690E+01    1
    0.244786310195922852E+01    0.349019002914428711E+01    0.113734829425811768E+01    0.504769846375238451E+01    0.611262692094599558E+01    0.402036726474761963E+00    0.286530667009035795E+02    0.269893693923950240E+00    0.256924729579687128E+01    0.158861458824072503E+02    0.158860506213576134E+02    0.158854738148753629E+02   -0.737170455171773142E+03   -0.802203421579829445E+01    1
    0.221101808547973633E+01    0.609407901763916016E+01    0.105866435170173645E+01    0.373108679140573329E+01    0.749385169186830602E+01    0.309760367870330788E+00    0.149387845741780936E+02    0.337015813589096047E+00    0.263712239557504668E+01    0.156038273757452384E+02    0.156040058324280402E+02    0.156028380482064399E+02   -0.737106395525723542E+03   -0.802236754913168681E+01    1
    0.173806667327880859E+01    0.594831514358520508E+01    0.256062495708465576E+01    0.367162032811973482E+01    0.432305120723081249E+01    0.282252848148345947E+00    0.114389920216594874E+02    0.642968368530273393E+00    0.297843831801414494E+01    0.154869660486462521E+02    0.154882650400321591E+02    0.154884206322639493E+02   -0.736779957602207332E+03   -0.802270088246503121E+01    1
    0.236367940902709961E+01    0.209142303466796875E+01    0.567277911305427551E+01    0.320983199068495662E+01    0.774712118197305788E+01    0.113328683376312259E+00    0.190822436851120081E+02    0.490537250041961692E+00    0.294470829653739941E+01    0.157089176190732758E+02    0.157092266457145424E+02    0.157104853700254470E+02   -0.736583365128285436E+03   -0.802303421579835430E+01    1
    0.461242866516113281E+01    0.746864795684814453E+01    0.781276553869247437E+00    0.571243244653234594E+01    0.585547649678147142E+01    0.276292657852172829E+00    0.143581833604934701E+02    0.180578011274337757E+00    0.239348909991979575E+01    0.155860463091710546E+02    0.155859610842514797E+02    0.155858477832230697E+02   -0.736426066926601834E+03   -0.802336754913169692E+01    1
    0.517573833465576172E+00    0.452844476699829102E+01    0.123391988873481750E+01    0.233406699962205222E+01    0.410899793808153735E+01    0.240853238105773915E+00    0.293117636588127972E+02    0.274295091629028320E+00    0.265975751596689225E+01    0.158955572677985728E+02    0.158954421365196996E+02    0.158962073634720600E+02   -0.736367292588211740E+03   -0.802370088246511237E+01    1
    0.411792135238647461E+01    0.280689907073974609E+01    0.540531504154205322E+01    0.256505522687209986E+01    0.456523751308390224E+01    0.439534473419189498E+00    0.226011289649525224E+02    0.123084002733230599E+00    0.281236478137969970E+01    0.157829887613365614E+02    0.157834792169346834E+02    0.157832794181552192E+02   -0.736349976138200304E+03   -0.802403421579849763E+01    1
    0.298269176483154297E+01    0.799513387680053711E+01    0.592741328477859497E+01    0.663550460374924000E+01    0.732301191967609455E+01    0.488476991653442383E+00    0.172217637154876613E+02    0.227183699607849121E+00    0.269955722481012339E+01    0.156656586393784920E+02    0.156645460070571936E+02    0.156652789166043327E+02   -0.736126464782063636E+03   -0.802436754913176031E+01    1
    0.854234695434570312E-01    0.638495397567749023E+01    0.472766745090484619E+01    0.229323266200161235E+01    0.652487326796785361E+01    0.450127804279327415E+00    0.246722074379247154E+02    0.153311854600906378E+00    0.267754888981580752E+01    0.158220485696973263E+02    0.158217136785976091E+02    0.158209202186248383E+02   -0.736030241248293464E+03   -0.802470088246515800E+01    1
    0.391009092330932617E+01    0.236322069168090820E+01    0.155052247643470764E+01    0.221691639605546387E+01    0.409934529335872888E+01    0.512054502964019775E+00    0.148338642311691586E+02    0.907951951026916504E+00    0.221057458961009967E+01    0.156001848961189928E+02    0.156020187801809094E+02    0.156003344253870591E+02   -0.736020712090313737E+03   -0.802503421579845622E+01    1
    0.559008502960205078E+01    0.970513820648193359E+00    0.694522577524185181E+01    0.218496857986311266E+01    0.819141430255404046E+01    0.216850006580352778E+00    0.225527930274804724E+02    0.101639688014984131E+00    0.270501525747776039E+01    0.157821651517806423E+02    0.157822668105415094E+02    0.157822540028944367E+02   -0.735660668323486902E+03   -0.802536754913176864E+01    1
    0.412802648544311523E+01    0.120072507858276367E+01    0.114609408378601074E+01    0.258948584444028418E+01    0.707992829580464011E+01    0.196908891201019287E+00    0.156150458165690544E+02    0.972969126701354936E+00    0.256565878999233243E+01    0.156221001120186305E+02    0.156221109998476049E+02    0.156219066528129193E+02   -0.735175148671634815E+03   -0.802570088246505264E+01    1
    0.307154989242553711E+01    0.720688438415527344E+01    0.791327613592147827E+01    0.369410875700440977E+01    0.669074587366526963E+01    0.492781221866607666E+00    0.211342016797051322E+02    0.169875031709671026E+00    0.277310658961534484E+01    0.157542939734523433E+02    0.157548696036752620E+02    0.157551196229639157E+02   -0.734732234355850437E+03   -0.802603421579827803E+01    1
    0.255137062072753906E+01    0.700598621368408203E+01    0.403213936090469360E+01    0.550206187213380993E+01    0.671864247367737022E+01    0.209662795066833496E+00    0.960115691467275667E+01    0.495356643199920677E+00    0.295957828164100656E+01    0.154147063438402814E+02    0.154126824169334284E+02    0.154114816746324710E+02   -0.734528864245829936E+03   -0.802636754913176631E+01    1
    0.260803270339965820E+01    0.392460107803344727E+01    0.693190547823905945E+01    0.327058480796362394E+01    0.517517856555516254E+01    0.300784087181091286E+00    0.147055348041025233E+02    0.304034191370010420E+00    0.267509361767768850E+01    0.155969772574155048E+02    0.155972963595934875E+02    0.155977101538014313E+02   -0.734179119736792131E+03   -0.802670088246517466E+01    1
    0.333755064010620117E+01    0.133209657669067383E+01    0.482349652051925659E+01    0.530481981113003975E+01    0.792847729105546328E+01    0.320895433425903320E+00    0.175392507522056640E+02    0.196785956621170044E+00    0.256898425441980338E+01    0.156743796340243993E+02    0.156723963953181258E+02    0.156727907983193191E+02   -0.734098974807410400E+03   -0.802703421579850662E+01    1
    0.216663885116577148E+01    0.202491998672485352E+01    0.441776680946350098E+01    0.510014241654689826E+01    0.519824367167734458E+01    0.486319708824157759E+00    0.629649912257713673E+01    0.687303942441940263E+00    0.262171802860498415E+01    0.156019413301484331E+02    0.152763669071164614E+02    0.155602631022428639E+02   -0.733953810245766590E+03   -0.802736754913178352E+01    1
    0.246147441864013672E+01    0.226383066177368164E+01    0.342094036936759949E+01    0.289267956300375673E+01    0.484163911316989992E+01    0.225303649902343750E+00    0.753355586263162547E+01    0.903160935640335061E+00    0.273583350503444667E+01    0.153378244273662343E+02    0.153615904555822880E+02    0.153961040110924650E+02   -0.733911154088455532E+03   -0.802770088246503732E+01    1
    0.312317276000976562E+01    0.230396461486816406E+01    0.319765272736549377E+01    0.231186165235490249E+01    0.432084174735422444E+01    0.108331584930419930E+00    0.784899359051364698E+01    0.592453145980834983E+00    0.273247853827476472E+01    0.153252295308083699E+02    0.153259061610286800E+02    0.153275355208620834E+02   -0.733883400176856640E+03   -0.802803421579847942E+01    1
    0.477282428741455078E+01    0.925898551940917969E-01    0.581577169895172119E+01    0.255711685579699433E+01    0.410394903652778709E+01    0.393129038810730025E+00    0.210329090495302662E+01    0.896422958374023415E+00    0.222285054546594596E+01    0.150556564377971931E+02    0.149902563649474789E+02    0.148268539099393859E+02   -0.733817525806500612E+03   -0.802836754913182737E+01    1
    0.352845954895019531E+01    0.144635343551635742E+01    0.585819217562675476E+01    0.328841231543526202E+01    0.362217999701966331E+01    0.359111046791076638E+00    0.427238397709622930E+01    0.636454355716705278E+00    0.286010932153463360E+01    0.154254026688109285E+02    0.152298401217051840E+02    0.152937876637767385E+02   -0.733758567686807396E+03   -0.802870088246514868E+01    1
    0.279268836975097656E+01    0.285102128982543945E+01    0.494167107343673706E+01    0.690064860258631274E+01    0.791884559170574320E+01    0.182753729820251454E+00    0.109566082033327703E+02    0.617577612400054932E+00    0.229788423687219590E+01    0.154697050608514246E+02    0.154706994263020334E+02    0.154693859693982514E+02   -0.733621594482704040E+03   -0.802903421579852683E+01    1
    0.195235300064086914E+01    0.270889425277709961E+01    0.435689765214920044E+01    0.415423322363625225E+01    0.593793870809996616E+01    0.371766352653503440E+00    0.334990468215199133E+01    0.951445364952087425E+00    0.226619220411777489E+01    0.154047545512804742E+02    0.152409685799006329E+02    0.151624280167327257E+02   -0.733545000652935528E+03   -0.802936754913188366E+01    1
    0.670223855972290039E+01    0.248702812194824219E+01    0.730869799852371216E+00    0.554618566366139909E+01    0.816824012550232403E+01    0.497891831398010298E+00    0.395328951376000060E+01    0.545934253931045554E+00    0.228993621748685827E+01    0.152860503730349624E+02    0.152334019216471699E+02    0.150453166302087116E+02   -0.733497934421349669E+03   -0.802970088246515346E+01    1
    0.352518033981323242E+01    0.318135738372802734E+01    0.767104986310005188E+01    0.303980568367428727E+01    0.395365963865434900E+01    0.474960017204284712E+00    0.114835965092926866E+02    0.346076476573944136E+00    0.232888891083002081E+01    0.154885930122898312E+02    0.154905048945346930E+02    0.154896176661160947E+02   -0.733447786753565424E+03   -0.803003421579845345E+01    1
    0.175780200958251953E+01    0.763387966156005859E+01    0.138902533054351807E+01    0.287460248619229652E+01    0.377795527561034161E+01    0.266145467758178711E+00    0.295091120997179885E+02    0.154872149229049683E+00    0.221476032787561383E+01    0.158987277360145658E+02    0.158989828296171289E+02    0.158987650992046134E+02   -0.733362849147079942E+03   -0.803036754913174633E+01    1
    0.232952499389648438E+01    0.780988693237304688E+01    0.266419532895088196E+01    0.470833747779004064E+01    0.477610635531824723E+01    0.536038422584533714E+00    0.179452850082117799E+02    0.382514768838882468E+00    0.284077820932865155E+01    0.156832586432699852E+02    0.156824482583024682E+02    0.156841178657662788E+02   -0.733156962217493287E+03   -0.803070088246500369E+01    1
    0.325851678848266602E+01    0.390120410919189453E+01    0.598908576369285583E+01    0.348024825181433339E+01    0.590208702262959939E+01    0.523115646839141801E+00    0.121706123536791502E+02    0.291832500696182273E+00    0.260309466874599460E+01    0.155164078625680819E+02    0.155165879668799409E+02    0.155166451670715162E+02   -0.732866192477074037E+03   -0.803103421579838006E+01    1
    0.328280115127563477E+01    0.689248180389404297E+01    0.520115378499031067E+01    0.336630865977346172E+01    0.767460466821100429E+01    0.226620721817016590E+00    0.270583543362491099E+02    0.141107964515686052E+00    0.258984564197063438E+01    0.158608373308399333E+02    0.158613508209997782E+02    0.158613595335872670E+02   -0.732822354102126269E+03   -0.803136754913170314E+01    1
    0.239416122436523438E+01    0.584589338302612305E+01    0.213043797016143799E+01    0.396609412038749465E+01    0.681405876108192388E+01    0.318825733661651622E+00    0.190013835086555360E+02    0.289733994007110640E+00    0.227013241010904299E+01    0.157080074129719289E+02    0.157088997615553918E+02    0.157086350410453033E+02   -0.732728344779203098E+03   -0.803170088246498182E+01    1
    0.420205211639404297E+01    0.335579204559326172E+01    0.513395729660987854E+01    0.466758869885245176E+01    0.684323887159289246E+01    0.464530301094055131E+00    0.488365437832936600E+01    0.566359597444534346E+00    0.273174457287788375E+01    0.151188497449543924E+02    0.151176217442762795E+02    0.151194200945989508E+02   -0.732694543783976314E+03   -0.803203421579840615E+01    1
    0.251912307739257812E+01    0.126582336425781250E+01    0.382639962434768677E+01    0.361305439317390054E+01    0.817118342948396403E+01    0.501076543331146262E+00    0.722783954354029934E+01    0.946108841896057151E+00    0.304673419290781045E+01    0.154225812680006165E+02    0.153363636093550397E+02    0.154772485020070043E+02   -0.732558891816686128E+03   -0.803236754913184292E+01    1
    0.538540649414062500E+01    0.515342569351196289E+01    0.197081926465034485E+01    0.245274970001652992E+01    0.559155277273152862E+01    0.437117481231689475E+00    0.210610157379000782E+02    0.107168203592300421E+00    0.294598676466941845E+01    0.157520677937144580E+02    0.157530608636670273E+02    0.157524265186528130E+02   -0.732443868817934685E+03   -0.803270088246516600E+01    1
    0.294830656051635742E+01    0.626103258132934570E+01    0.644515785574913025E+01    0.583913171484053528E+01    0.656578389274173357E+01    0.413175547122955344E+00    0.149920025630125355E+02    0.335399460792541515E+00    0.255546960544586188E+01    0.156061736758876410E+02    0.156052333944995212E+02    0.156053797876869424E+02   -0.732403726475559438E+03   -0.803303421579843402E+01    1
    0.496132373809814453E+00    0.527865505218505859E+01    0.765993702411651611E+01    0.223092747026937044E+01    0.719842813952090932E+01    0.238969969749450672E+00    0.828638654110371498E+01    0.454663133621215798E+00    0.295359300231933597E+01    0.153505506883207659E+02    0.153492998984306013E+02    0.153470638901044047E+02   -0.732354445228926920E+03   -0.803336754913171802E+01    1
    0.673802709579467773E+01    0.596985816955566406E-01    0.714035648107528687E+01    0.210399323412547012E+01    0.805605028550473001E+01    0.501940143108367876E+00    0.184379580646524985E+02    0.316461348533630393E+00    0.229052125430107090E+01    0.156944304986083196E+02    0.156951995767460772E+02    0.156948572990174782E+02   -0.732311047720806755E+03   -0.803370088246510328E+01    1
    0.489366102218627930E+01    0.119386529922485352E+01    0.239091220498085022E+01    0.296982959177208272E+01    0.387546811682877657E+01    0.300807297229766846E+00    0.344533629831098320E+01    0.551233601570129461E+00    0.266632094991207103E+01    0.153129255263268966E+02    0.151013530420512652E+02    0.154147036862073303E+02   -0.732164533849369150E+03   -0.803403421579851340E+01    1
    0.475502681732177734E+01    0.899587154388427734E+00    0.330089095234870911E+01    0.475696070168274510E+01    0.623195393251629426E+01    0.216022419929504383E+00    0.200004416416014452E+01    0.816766071319580123E+00    0.254272561001777664E+01    0.150196452921632559E+02    0.153150592040257827E+02    0.150194006846513961E+02   -0.732142053841367670E+03   -0.803436754913188445E+01    1
    0.116721534729003906E+01    0.388630962371826172E+01    0.331709238886833191E+01    0.758197245708844303E+01    0.778695026838906390E+01    0.221506679058074946E+00    0.278873774726194146E+01    0.920453137159347512E+00    0.291097427731752401E+01    0.153368209905618951E+02    0.153098251458486558E+02    0.151377663978788171E+02   -0.731921618493266578E+03   -0.803470088246516667E+01    1
    0.272359514236450195E+01    0.704914093017578125E+00    0.750455665588378906E+01    0.382836753495260806E+01    0.537581950134771702E+01    0.475209105014801070E+00    0.248429127292654179E+02    0.233527445793151878E+00    0.278496030282974250E+01    0.158235224144718263E+02    0.158244579555308711E+02    0.158241300538893537E+02   -0.731870617373922983E+03   -0.803503421579849508E+01    1
    0.322975587844848633E+01    0.684543895721435547E+01    0.684034603834152222E+01    0.344060983629538075E+01    0.354575691521411818E+01    0.222383153438568126E+00    0.123364889610750676E+02    0.293397355079650923E+00    0.288499238806962977E+01    0.155204009754690873E+02    0.155216692426597760E+02    0.155219535263127320E+02   -0.731858873107545946E+03   -0.803536754913184126E+01    1
    0.191637372970581055E+01    0.279975414276123047E+00    0.941798716783523560E+00    0.766797205922317726E+01    0.792791833489889264E+01    0.428948438167571999E+00    0.482108001384064000E+01    0.856619888544082664E+00    0.304732014060020440E+01    0.153664915243400078E+02    0.151237243782900705E+02    0.153813266177642554E+02   -0.731804352254643049E+03   -0.803570088246519276E+01    1
    0.277907752990722656E+01    0.342088699340820312E+00    0.421273070573806763E+01    0.403899752411481217E+01    0.725783778932467882E+01    0.381067967414855935E+00    0.163380078187566866E+02    0.676287895441055276E+00    0.285460442924499525E+01    0.156431630808479589E+02    0.156432786524376350E+02    0.156423814870315727E+02   -0.731535702875308516E+03   -0.803603421579854782E+01    1
    0.624050855636596680E+01    0.785852241516113281E+01    0.319364461302757263E+01    0.485114314239991629E+01    0.725854867734412856E+01    0.183147728443145752E+00    0.106755668434447060E+02    0.201856029033660900E+00    0.248725231909751887E+01    0.154581085824870463E+02    0.154592954020984923E+02    0.154589810712690365E+02   -0.731526618869930417E+03   -0.803636754913174478E+01    1
    0.278340816497802734E+01    0.210270977020263672E+01    0.218525516986846924E+01    0.334788181531574791E+01    0.380359095658628732E+01    0.183666789531707786E+00    0.738370228869705247E+01    0.834990394115447954E+00    0.279179355913400640E+01    0.153260058492191753E+02    0.153396714872628461E+02    0.153494543701414088E+02   -0.731217367404336869E+03   -0.803670088246498260E+01    1
    0.259843778610229492E+01    0.234354305267333984E+01    0.566159814596176147E+00    0.261028228055010025E+01    0.655324184406000931E+01    0.507885885238647417E+00    0.286069124234631680E+02    0.518531304597854681E+00    0.264244253140687935E+01    0.158856301752460372E+02    0.158853811466488892E+02    0.158848119272229358E+02   -0.731106384974224056E+03   -0.803703421579829325E+01    1
    0.408507061004638672E+01    0.384098052978515625E+00    0.246003004908561707E+01    0.384641699004196047E+01    0.486139107281862248E+01    0.190463149547576927E+00    0.146578264674614918E+02    0.167096477746963512E+00    0.304718199074268359E+01    0.155960614728440916E+02    0.155957628541459901E+02    0.155944720744259904E+02   -0.731016734699805738E+03   -0.803736754913172646E+01    1
    0.180342388153076172E+01    0.671706008911132812E+01    0.437734234333038330E+01    0.330718991091933834E+01    0.622820511633325680E+01    0.247496640682220465E+00    0.112923426274778436E+02    0.419895964860916182E+00    0.282055727034807191E+01    0.154844121074392120E+02    0.154821997269666394E+02    0.154841302663890286E+02   -0.730886410660502975E+03   -0.803770088246517211E+01    1
    0.177605247497558594E+01    0.190857744216918945E+01    0.525085601210594177E+01    0.315591739829493889E+01    0.746687968275774949E+01    0.199278390407562261E+00    0.231689079186690439E+01    0.623767077922821045E+00    0.301592636984586715E+01    0.152950326873729736E+02    0.152311096588737236E+02    0.150525216862528790E+02   -0.730690317692448275E+03   -0.803803421579853072E+01    1
    0.350502490997314453E+01    0.451545858383178711E+01    0.318436998128890991E+01    0.276177733359889155E+01    0.371194809631476463E+01    0.221276330947875965E+00    0.461778003852428220E+01    0.708859622478485107E+00    0.260997599917650236E+01    0.151014321434902303E+02    0.152261745117201173E+02    0.152212570023157792E+02   -0.730681603783984428E+03   -0.803836754913188578E+01    1
    0.236404085159301758E+01    0.605036020278930664E+01    0.246614280343055725E+01    0.714774982095216238E+01    0.787606811887363456E+01    0.204707431793212880E+00    0.333118928289400174E+02    0.261285251379013039E+00    0.293691826391220090E+01    0.159519696714564727E+02    0.159510778835791633E+02    0.159517975553373610E+02   -0.730646787545150119E+03   -0.803870088246516623E+01    1
    0.451799201965332031E+01    0.491004228591918945E+01    0.214140865206718445E+01    0.354926110292634167E+01    0.645236750336359854E+01    0.255521881580352772E+00    0.248986099641070968E+01    0.377284783124923750E+00    0.287468397969007494E+01    0.151348594419683984E+02    0.150016212125407584E+02    0.151773335559972065E+02   -0.730645448999121982E+03   -0.803903421579847866E+01    1
    0.342911100387573242E+01    0.109811973571777344E+01    0.603066563606262207E+00    0.307481781253902486E+01    0.759558368679362328E+01    0.157646679878234858E+00    0.155654077141074723E+02    0.862857526540756203E+00    0.235731225723028182E+01    0.156209256206750737E+02    0.156227935968164395E+02    0.156222853566860884E+02   -0.730580852659454536E+03   -0.803936754913177687E+01    1
    0.230972051620483398E+01    0.497031211853027344E+01    0.537075477838516235E+01    0.308800294784565654E+01    0.743523435841570635E+01    0.153208160400390619E+00    0.116040275585539696E+02    0.386180543899536155E+00    0.286107778745889663E+01    0.154954730102044351E+02    0.154948658399175176E+02    0.154939436344984394E+02   -0.730323981328451737E+03   -0.803970088246502002E+01    1
    0.601551675796508789E+01    0.413789749145507812E-01    0.349533456563949585E+01    0.215414327896925961E+01    0.732561419823483462E+01    0.182654881477355979E+00    0.874146331919095587E+01    0.401575458049774237E+00    0.226101112902164436E+01    0.153737141570249705E+02    0.153740587027413476E+02    0.153719283219966467E+02   -0.730282291678805905E+03   -0.804003421579835909E+01    1
    0.230538225173950195E+01    0.562670087814331055E+01    0.241505521535873413E+01    0.347591268284489274E+01    0.431141993219439623E+01    0.339459002017974854E+00    0.146114971448913398E+02    0.343605947494506847E+00    0.270067517596483242E+01    0.155944931623121281E+02    0.155934203764345831E+02    0.155948573249664886E+02   -0.730235557670675462E+03   -0.804036754913177987E+01    1
    0.305494308471679688E+01    0.389533138275146484E+01    0.510835471749305725E+01    0.430489764611446102E+01    0.524021557623657674E+01    0.169212937355041504E+00    0.114422154136827530E+02    0.362366282939910911E+00    0.278998389720916773E+01    0.154882873607821150E+02    0.154900573666919676E+02    0.154887130766234122E+02   -0.730231494800594760E+03   -0.804070088246510828E+01    1
    0.323571586608886719E+01    0.271977043151855469E+01    0.879719436168670654E+00    0.340721953393561527E+01    0.603486924495240729E+01    0.189529418945312500E+00    0.232461510557749627E+02    0.995986449718475386E+00    0.221476705825328812E+01    0.157954899506025725E+02    0.157961138226297209E+02    0.157956035853132839E+02   -0.730193934809548409E+03   -0.804103421579835853E+01    1
    0.427963447570800781E+01    0.454347991943359375E+01    0.231858867406845093E+01    0.276464624389808211E+01    0.567252740303763225E+01    0.435505580902099565E+00    0.282403849993607423E+02    0.102501428127288824E+00    0.248078817087411885E+01    0.158791130736137163E+02    0.158802173333400027E+02    0.158791471806131010E+02   -0.730181343927397961E+03   -0.804136754913172780E+01    1
    0.359796476364135742E+01    0.146813917160034180E+01    0.647959518432617188E+01    0.260790801079979140E+01    0.804009524004729315E+01    0.149020302295684803E+00    0.296872845601298039E+02    0.235259938240051286E+00    0.243443843823671324E+01    0.159021342639692840E+02    0.159010004870246959E+02    0.159008729968719589E+02   -0.730071591611534700E+03   -0.804170088246507753E+01    1
    0.267718315124511719E+01    0.106236982345581055E+01    0.106005999445915222E+01    0.642104938995638008E+01    0.780885241939840213E+01    0.280559051036834706E+00    0.149948737300796164E+02    0.270552122592926048E+00    0.302867152917385107E+01    0.156066479862732663E+02    0.156049075479966870E+02    0.156052111296911491E+02   -0.730045777323028005E+03   -0.804203421579846101E+01    1
    0.267455244064331055E+01    0.862045288085937500E+00    0.109229835867881775E+01    0.464120971968055152E+01    0.512310634450055069E+01    0.527722108364105269E+00    0.271255545884957279E+02    0.325548672676086448E+00    0.251892279440164568E+01    0.158630719207743240E+02    0.158628439084989896E+02    0.158630592349670305E+02   -0.730009963464579755E+03   -0.804236754913176277E+01    1
    0.230789279937744141E+01    0.680066347122192383E+01    0.438059586286544800E+01    0.325513932055860744E+01    0.809492425750257460E+01    0.355219268798828147E+00    0.108308980491221263E+02    0.398108005523681641E+00    0.277200078350305557E+01    0.154651294686778833E+02    0.154640985346947133E+02    0.154632535129071638E+02   -0.729747100029269973E+03   -0.804270088246506099E+01    1
    0.342839193344116211E+01    0.239778614044189453E+01    0.406917127966880798E+01    0.200103799311069608E+01    0.377351950315946105E+01    0.233754682540893544E+00    0.264420597221081266E+01    0.515462911128997781E+00    0.233852574896812415E+01    0.153153733676615254E+02    0.152818437304222456E+02    0.152085882374401038E+02   -0.729699180472511557E+03   -0.804303421579843913E+01    1
    0.231301116943359375E+01    0.144819450378417969E+01    0.398110184073448181E+01    0.265097447049049384E+01    0.373724886799973444E+01    0.326737034320831288E+00    0.125745204517679348E+02    0.525953406095504783E+00    0.275406093651056283E+01    0.155304965750489927E+02    0.155300923975203222E+02    0.155295672066715227E+02   -0.729629029968498003E+03   -0.804336754913182439E+01    1
    0.402029180526733398E+01    0.657507610321044922E+01    0.566530647873878479E+01    0.699477751844320661E+01    0.742096595405833703E+01    0.457491397857666016E+00    0.481284435395603261E+01    0.541175317764282293E+00    0.225458159416913961E+01    0.153518954856931131E+02    0.153633117640462054E+02    0.152672213991702588E+02   -0.729541420813894547E+03   -0.804370088246515635E+01    1
    0.282239341735839844E+01    0.318430852890014648E+01    0.319426956772804260E+01    0.647727341523964029E+01    0.768552643982810135E+01    0.488789093494415239E+00    0.156136326473509079E+02    0.421346396207809448E+00    0.229251288944482789E+01    0.156230621871374744E+02    0.156218206513828992E+02    0.156234675715460956E+02   -0.729532583366408971E+03   -0.804403421579838174E+01    1
    0.243842744827270508E+01    0.159698438644409180E+01    0.642721611261367798E+01    0.372832240435027629E+01    0.543758435255713746E+01    0.353910315036773726E+00    0.457423222575963706E+01    0.961502736806869485E+00    0.260565200984477974E+01    0.154354578629950829E+02    0.154121743188656737E+02    0.151245343721335122E+02   -0.729439172780944659E+03   -0.804436754913181140E+01    1
    0.236582994461059570E+01    0.500541877746582031E+01    0.699127125740051270E+01    0.495824927874119403E+01    0.800305908475852235E+01    0.337511968612670854E+00    0.409316338060267526E+01    0.969872516393661455E+00    0.285839515000581734E+01    0.152547168414573804E+02    0.154104566665018350E+02    0.151366234669723561E+02   -0.729238123262628164E+03   -0.804470088246524995E+01    1
    0.222027635574340820E+01    0.387624263763427734E+00    0.286895337700843811E+01    0.381232304649656761E+01    0.682857555394235050E+01    0.171227741241455067E+00    0.164000621803833235E+01    0.935707932710647561E+00    0.252937866383790944E+01    0.149844387764537945E+02    0.150472908002915755E+02    0.148616644958308672E+02   -0.729174664935120632E+03   -0.804503421579850730E+01    1
    0.418207693099975586E+01    0.439261960983276367E+01    0.226094755530357361E+01    0.207423260762486805E+01    0.228587183393176785E+01    0.509639549255371138E+00    0.917204445259808310E+01    0.551868963241577193E+00    0.224024573791027048E+01    0.153950624387343655E+02    0.153950542647604713E+02    0.153937661860624182E+02   -0.729059371516119654E+03   -0.804536754913176111E+01    1
    0.395344543457031250E+01    0.212047481536865234E+01    0.782402652502059937E+01    0.240124772089464456E+01    0.421079334804952676E+01    0.466927337646484419E+00    0.120583892132453201E+02    0.287106555700302135E+00    0.249026479566097247E+01    0.155120066136735346E+02    0.155102643503120508E+02    0.155121506854323705E+02   -0.728918164630933006E+03   -0.804570088246502024E+01    1
    0.250260829925537109E+01    0.662673234939575195E+01    0.499730411171913147E+01    0.464578456192600520E+01    0.478233615401785883E+01    0.199992001056671143E+00    0.194463375549717021E+02    0.304586029052734353E+00    0.282560232096910457E+01    0.157180088125431983E+02    0.157188080127233025E+02    0.157185783521064639E+02   -0.728840619539167506E+03   -0.804603421579830957E+01    1
    0.252497100830078125E+01    0.388007640838623047E+01    0.525405856966972351E+01    0.612985067466024081E+01    0.634204578273102371E+01    0.375618720054626487E+00    0.159745885130555045E+02    0.373044908046722412E+00    0.272974170356988921E+01    0.156334953144200579E+02    0.156319806668119661E+02    0.156336647711007934E+02   -0.728572298334117590E+03   -0.804636754913166818E+01    1
    0.370327520370483398E+01    0.176950979232788086E+01    0.703155490756034851E+01    0.304369127950458251E+01    0.399756791342175877E+01    0.302703440189361572E+00    0.121321152333165241E+02    0.289164561033248946E+00    0.249473958593606948E+01    0.155148129159519552E+02    0.155151192647113110E+02    0.155139483848546149E+02   -0.728562421638667843E+03   -0.804670088246497173E+01    1
    0.101738977432250977E+01    0.456083631515502930E+01    0.492173197865486145E+01    0.440330002909366769E+01    0.753993264017748999E+01    0.321332418918609641E+00    0.365955097787565586E+01    0.962572079896926835E+00    0.232272383427619911E+01    0.153154173868280026E+02    0.151721064480921104E+02    0.151662025882082503E+02   -0.728157905755257048E+03   -0.804703421579828060E+01    1
    0.169994688034057617E+01    0.247171068191528320E+01    0.186314734816551208E+01    0.332936907741621724E+01    0.641233914215527889E+01    0.323761034011840809E+00    0.355970694362918749E+01    0.715298157930374101E+00    0.241976064842939387E+01    0.152674273986600539E+02    0.152190276999075493E+02    0.151526646272881784E+02   -0.728131138165927382E+03   -0.804736754913166941E+01    1
    0.286830759048461914E+01    0.139203119277954102E+01    0.450490283966064453E+01    0.461486549634558685E+01    0.548760885767097850E+01    0.334090042114257801E+00    0.877265977682539244E+01    0.742471295595169112E+00    0.243851163244247449E+01    0.153746502135010470E+02    0.153741582257023133E+02    0.153722713892711216E+02   -0.728111493651525279E+03   -0.804770088246505289E+01    1
    0.657734155654907227E+01    0.534845685958862305E+01    0.187370854616165161E+01    0.404319384843256024E+01    0.521195233287508586E+01    0.398336708545684814E+00    0.177031450894971498E+01    0.526806670427322432E+00    0.236311328613758054E+01    0.147877476519363622E+02    0.148529082398216126E+02    0.147696907488163536E+02   -0.728050966105089969E+03   -0.804803421579835288E+01    1
    0.223897409439086914E+01    0.265307807922363281E+01    0.744636613130569458E+01    0.562428609367523791E+01    0.695675500637779098E+01    0.469587516784667924E+00    0.296647827221713669E+02    0.278019231557846080E+00    0.300552545672655125E+01    0.159012718337445360E+02    0.159005674726695556E+02    0.159011516099291583E+02   -0.728026283618507023E+03   -0.804836754913168306E+01    1
    0.376672887802124023E+01    0.320501470565795898E+01    0.678209382295608521E+01    0.385028707842262818E+01    0.553932378950986593E+01    0.187085497379302967E+00    0.215458339736032478E+01    0.740161967277526811E+00    0.268680776411294930E+01    0.152763412513075423E+02    0.153474560045780830E+02    0.153172426622028492E+02   -0.727913833350854247E+03   -0.804870088246499193E+01    1
    0.532388401031494141E+01    0.388441085815429688E-01    0.343219491839408875E+01    0.227358792245213914E+01    0.796484679206943902E+01    0.516600883007049538E+00    0.106091969882160004E+02    0.858184796571731523E+00    0.256152689474821083E+01    0.154542306057039092E+02    0.154555511090883222E+02    0.154553942681541372E+02   -0.727851448028810296E+03   -0.804903421579841805E+01    1
    0.504365730285644531E+01    0.710055065155029297E+01    0.560266974568367004E+01    0.553166278930338962E+01    0.673351240963481601E+01    0.432564413547515847E+00    0.580553168880303527E+01    0.378035908937454201E+00    0.303398964083194755E+01    0.151953808079403849E+02    0.151924031907486548E+02    0.151964098339260705E+02   -0.727739735734679584E+03   -0.804936754913176067E+01    1
    0.189898347854614258E+01    0.395342636108398438E+01    0.461719709634780884E+01    0.328067599659842291E+01    0.436235287032207975E+01    0.357133865356445312E+00    0.115429560205449651E+02    0.510527431964874268E+00    0.283277670115232461E+01    0.154928316208347958E+02    0.154920698761319695E+02    0.154932187033542661E+02   -0.727736962613422520E+03   -0.804970088246500559E+01    1
    0.148040866851806641E+01    0.574306774139404297E+01    0.684546726942062378E+01    0.345826963826601652E+01    0.746968178237461000E+01    0.253831911087036122E+00    0.305877901503352501E+01    0.441443973779678367E+00    0.267085833775997150E+01    0.154637503304474322E+02    0.152735769129249732E+02    0.153270274117156546E+02   -0.727698513575459856E+03   -0.805003421579832690E+01    1
    0.310684251785278320E+01    0.750161504745483398E+01    0.702873456478118896E+01    0.698601812571459568E+01    0.793098535145763694E+01    0.469170022010803267E+00    0.135483285289634416E+02    0.317963010072708108E+00    0.232577284717559785E+01    0.155606942046234291E+02    0.155617985096129647E+02    0.155612042488090587E+02   -0.727671049040234948E+03   -0.805036754913173702E+01    1
    0.786295175552368164E+01    0.500307035446166992E+01    0.249560239911079407E+01    0.275719964087609837E+01    0.514222433239549126E+01    0.237226247787475586E+00    0.194911640510621318E+02    0.105842548608779910E+00    0.235705007612705231E+01    0.157182600054585961E+02    0.157190704614619499E+02    0.157182754807403153E+02   -0.727445509656113927E+03   -0.805070088246508497E+01    1
    0.302567958831787109E+01    0.433044910430908203E+00    0.403684663772583008E+01    0.329756801873085426E+01    0.743731089567482062E+01    0.270390868186950684E+00    0.169351998952259635E+02    0.516654026508331365E+00    0.304267658483982117E+01    0.156587256413408991E+02    0.156572489880265771E+02    0.156574228345933832E+02   -0.727340151800304056E+03   -0.805103421579840806E+01    1
    0.372467088699340820E+01    0.272327804565429688E+01    0.267749908566474915E+01    0.249465910598422091E+01    0.768116977015172075E+01    0.144243717193603516E+00    0.934853904140043923E+01    0.329801046848297141E+00    0.262299249899387377E+01    0.153993242332521714E+02    0.154005084331289712E+02    0.153997894230363919E+02   -0.727024651056019252E+03   -0.805136754913175423E+01    1
    0.283536958694458008E+01    0.101246356964111328E+00    0.387168604135513306E+01    0.320565295430321662E+01    0.399285987618419647E+01    0.201341617107391346E+00    0.287106949731287919E+02    0.244976991415023826E+00    0.245434107589721684E+01    0.158874191032511280E+02    0.158866186393064623E+02    0.158865467447367923E+02   -0.726664579300998071E+03   -0.805170088246501159E+01    1
    0.189244556427001953E+01    0.450273180007934570E+01    0.707784268260002136E+01    0.301361832321322387E+01    0.691594087900531207E+01    0.186108636856079090E+00    0.217612816447291983E+02    0.252180653810501143E+00    0.233904095178842519E+01    0.157675608870427979E+02    0.157674840649727361E+02    0.157669324567362690E+02   -0.726301562501982403E+03   -0.805203421579842704E+01    1
    0.281521987915039062E+01    0.278184127807617188E+01    0.316149833798408508E+01    0.365578192140884184E+01    0.503874344231867966E+01    0.303455746173858620E+00    0.153438155227332604E+02    0.366430634260177635E+00    0.231523823738098145E+01    0.156142315078965588E+02    0.156167273054466360E+02    0.156164076833248320E+02   -0.726245864691921497E+03   -0.805236754913173591E+01    1
    0.288890266418457031E+01    0.281948089599609375E+00    0.553693595528602600E+01    0.372794414905340465E+01    0.769747500175625454E+01    0.524143505096435591E+00    0.889701866802231223E+01    0.406800562143325828E+00    0.298107105958461771E+01    0.153804129434971149E+02    0.153792829060379059E+02    0.153806423911275232E+02   -0.725907932739945522E+03   -0.805270088246503946E+01    1
    0.318073844909667969E+01    0.997713565826416016E+00    0.108235228061676025E+01    0.333704663907445109E+01    0.430926298900464033E+01    0.287081897258758545E+00    0.983637914450296158E+01    0.891550725698471047E+00    0.240784226286411274E+01    0.154242235386014990E+02    0.154228509715667528E+02    0.154224792589235449E+02   -0.725763735527014660E+03   -0.805303421579844603E+01    1
    0.229824590682983398E+01    0.674787378311157227E+01    0.108404520153999329E+01    0.316238889170456172E+01    0.389790300383691291E+01    0.204425692558288574E+00    0.723019838339838383E+01    0.734522837400436446E+00    0.238500229609012582E+01    0.152947741481719177E+02    0.152965026322925155E+02    0.153078032831332642E+02   -0.725289827842624732E+03   -0.805336754913173181E+01    1
    0.299462842941284180E+01    0.369466018676757812E+01    0.267806503176689148E+01    0.373793080325784910E+01    0.673331745074910248E+01    0.493719244003295921E+00    0.744010311031737981E+01    0.625941652059555098E+00    0.225859593552350990E+01    0.153001690480008588E+02    0.153053175266258457E+02    0.153009278434331257E+02   -0.725260032900265855E+03   -0.805370088246503002E+01    1
    0.295688533782958984E+01    0.566658687591552734E+01    0.483596387505531311E+01    0.391021246571850245E+01    0.465478876617213988E+01    0.505646383762359597E+00    0.785209957421818405E+01    0.540370547771453880E+00    0.287519457751512508E+01    0.153265144303562302E+02    0.153272971593287046E+02    0.153233919187803078E+02   -0.725189882795682138E+03   -0.805403421579848988E+01    1
    0.198624563217163086E+01    0.260408544540405273E+01    0.701316165924072266E+01    0.266673069963624076E+01    0.754965865974567052E+01    0.449708199501037575E+00    0.152643642461015290E+02    0.512250643968582220E+00    0.294015415865182872E+01    0.156124282295240935E+02    0.156122393238200470E+02    0.156134951848404775E+02   -0.724901615383960575E+03   -0.805436754913192132E+01    1
    0.272169733047485352E+01    0.845285415649414062E+00    0.610871228575706482E+01    0.694211748762399505E+01    0.801218311773179082E+01    0.423356711864471436E+00    0.235052690805114146E+02    0.262820440530777022E+00    0.235126427912712099E+01    0.158005961687397054E+02    0.158001370512950192E+02    0.158001558318031456E+02   -0.724797299877867204E+03   -0.805470088246514848E+01    1
    0.556386375427246094E+01    0.221073913574218750E+01    0.243268850445747375E+01    0.208790928919540653E+01    0.443978610551029451E+01    0.517616796493530318E+00    0.468723026109707419E+01    0.568616032600402832E+00    0.234426600205898250E+01    0.154206029493262076E+02    0.153244184216953521E+02    0.151398120760345574E+02   -0.724774723268552862E+03   -0.805503421579835610E+01    1
    0.329594612121582031E+01    0.103340911865234375E+01    0.131152334809303284E+01    0.378196425562632399E+01    0.591282474015862292E+01    0.284496712684631337E+00    0.183532532994318558E+02    0.252099543809890747E+00    0.234079555618762969E+01    0.156936852735344345E+02    0.156920180665424471E+02    0.156921756642522698E+02   -0.724688917221564111E+03   -0.805536754913174136E+01    1
    0.235996294021606445E+01    0.413958883285522461E+01    0.642607975006103516E+01    0.478362202277507365E+01    0.804214049210548154E+01    0.416012358665466264E+00    0.955679364776712781E+01    0.715941405296325661E+00    0.268311713874340052E+01    0.154277201537522028E+02    0.154107032983460197E+02    0.154562727407319098E+02   -0.724564507755009004E+03   -0.805570088246516391E+01    1
    0.245513868331909180E+01    0.637293815612792969E+00    0.788218173384666443E+01    0.699637711863059497E+01    0.708259927477123963E+01    0.506414961814880327E+00    0.588758089132371598E+01    0.503899478912353538E+00    0.237953029662370685E+01    0.154876329150246033E+02    0.152961013979647102E+02    0.154483755487218151E+02   -0.724468486108106504E+03   -0.805603421579849588E+01    1
    0.238239955902099609E+01    0.186027240753173828E+01    0.440920564532279968E+01    0.548200702439693632E+01    0.811695207030491162E+01    0.429093635082244851E+00    0.104183572375617626E+02    0.924636042118072488E+00    0.286958898258209238E+01    0.154560310747940726E+02    0.154576756485483564E+02    0.154564170865768169E+02   -0.724457611657859047E+03   -0.805636754913179765E+01    1
    0.316263675689697266E+00    0.283793210983276367E+01    0.258626776933670044E+01    0.373630877545197793E+01    0.618102876307327520E+01    0.430625247955322310E+00    0.349743570607244969E+01    0.343682175874710061E+00    0.257279643142223335E+01    0.152552927421437321E+02    0.152328173989656896E+02    0.151091772412727838E+02   -0.724333134735864860E+03   -0.805670088246514027E+01    1
    0.320500230789184570E+01    0.187783193588256836E+01    0.118847924470901489E+01    0.335165578022480126E+01    0.341263787368966920E+01    0.129114234447479242E+00    0.358811454717595169E+02    0.218319159746170055E+00    0.229477434694767002E+01    0.159841350886186060E+02    0.159840822539580554E+02    0.159832544452438281E+02   -0.724222238690034260E+03   -0.805703421579843493E+01    1
    0.666715335845947266E+01    0.155038022994995117E+01    0.684858399629592896E+01    0.485015827339867922E+01    0.759310348673017277E+01    0.294030034542083762E+00    0.196657310087406394E+02    0.104361379146575936E+00    0.267701273679733287E+01    0.157225334161529577E+02    0.157237380623283336E+02    0.157237900729894342E+02   -0.724072656398474237E+03   -0.805736754913177577E+01    1
    0.477330398559570312E+01    0.396141338348388672E+01    0.343636575341224670E+01    0.769987245216664196E+01    0.820257512381227016E+01    0.440532255172729537E+00    0.840910171583843891E+01    0.284849154949188277E+00    0.270759764772653577E+01    0.153555642849881320E+02    0.153575966236495560E+02    0.153558446973165932E+02   -0.724051822881322551E+03   -0.805770088246509886E+01    1
    0.251185941696166992E+01    0.369469976425170898E+01    0.564779746532440186E+01    0.801398217750941377E+01    0.821213209868730054E+01    0.439900398254394531E+00    0.190576092851461247E+02    0.390364414453506448E+00    0.277357559067010850E+01    0.157101911727480896E+02    0.157096305307949820E+02    0.157093267228650006E+02   -0.723968289987790058E+03   -0.805803421579834911E+01    1
    0.372314453125000000E-01    0.483503341674804688E-01    0.134363564848899841E+01    0.348631094623198923E+01    0.672744911804017498E+01    0.507397615909576438E+00    0.359905153858336213E+01    0.796291106939315818E+00    0.272419764351844762E+01    0.154698065432294811E+02    0.151978921522415718E+02    0.150941738043327742E+02   -0.723957957391491391E+03   -0.805836754913166153E+01    1
    0.262619686126708984E+01    0.608688449859619141E+01    0.752121388912200928E+00    0.283066848489696099E+01    0.342642707367961208E+01    0.145331263542175293E+00    0.304688333133628149E+02    0.187004584074020375E+00    0.250075436758995062E+01    0.159133388861791687E+02    0.159125281090122712E+02    0.159129083825765019E+02   -0.723883013748958092E+03   -0.805870088246500593E+01    1
    0.427564764022827148E+01    0.567956829071044922E+01    0.148760902881622314E+01    0.455883809981374633E+01    0.631550741042845587E+01    0.377609169483184792E+00    0.256489336455147949E+02    0.104593336582183838E+00    0.279654297918081296E+01    0.158373460029223416E+02    0.158382242000153113E+02    0.158373939331996354E+02   -0.723706395026069458E+03   -0.805903421579836632E+01    1
    0.241374492645263672E+00    0.505005693435668945E+01    0.584998309612274170E+00    0.245766787778138340E+01    0.758335736469956334E+01    0.403848898410797075E+00    0.111777948023331941E+02    0.417491954565048284E+00    0.299490314960479731E+01    0.154801259864152012E+02    0.154767676866873369E+02    0.154801688284832508E+02   -0.723636898329866995E+03   -0.805936754913173736E+01    1
    0.313720655441284180E+01    0.484544372558593750E+01    0.388648244738578796E+01    0.354080245742706179E+01    0.450569074203887876E+01    0.337993192672729481E+00    0.164392885038850487E+02    0.219426107406616222E+00    0.267752196830511080E+01    0.156449655292507313E+02    0.156451023370858184E+02    0.156455664224733368E+02   -0.723607815266405964E+03   -0.805970088246512972E+01    1
    0.239896631240844727E+01    0.396380043029785156E+01    0.469848769903182983E+01    0.467530966034230921E+01    0.792069509354595347E+01    0.502298271656036355E+00    0.463002038942587379E+01    0.487015885114669866E+00    0.283798302781581890E+01    0.152782974895875725E+02    0.151775825814474832E+02    0.152931805577044226E+02   -0.723603841941458199E+03   -0.806003421579838353E+01    1
    0.615290451049804688E+01    0.408666706085205078E+01    0.201488035917282104E+01    0.250032456690573301E+01    0.704840246009305726E+01    0.278739154338836670E+00    0.199378279894383219E+02    0.116074371337890628E+00    0.230281730008125285E+01    0.157294920723302294E+02    0.157287109124902909E+02    0.157290163219548962E+02   -0.723396290046424724E+03   -0.806036754913171016E+01    1
    0.885979175567626953E+00    0.320317077636718750E+01    0.519120994210243225E+01    0.458574728941286214E+01    0.822306058993809330E+01    0.290108752250671398E+00    0.254040421027485142E+01    0.122994041442871099E+00    0.267182300835847863E+01    0.153533595537244576E+02    0.152890495779697897E+02    0.150318928395170701E+02   -0.723349603911922031E+03   -0.806070088246515404E+01    1
    0.158403873443603516E+00    0.659694147109985352E+01    0.661011219024658203E+00    0.245093076756151484E+01    0.396459789219290659E+01    0.451047873497009255E+00    0.288209776742585504E+02    0.138131141662597656E+00    0.278655013948678976E+01    0.158879279891527592E+02    0.158888219509765580E+02    0.158881538423880802E+02   -0.723318863364007370E+03   -0.806103421579842205E+01    1
    0.117072057723999023E+01    0.633228588104248047E+01    0.224298480153083801E+01    0.249494171792832908E+01    0.359205488909119630E+01    0.298607742786407448E+00    0.128271084392863930E+02    0.384023725986480713E+00    0.225544662481546387E+01    0.155375412839790226E+02    0.155373564377096045E+02    0.155370359388209387E+02   -0.723200080681045165E+03   -0.806136754913175757E+01    1
    0.257689762115478516E+01    0.637253713607788086E+01    0.166397097706794739E+01    0.334823916011817513E+01    0.347594111700735819E+01    0.475272297859191895E+00    0.113877443578829762E+02    0.898622262477874800E+00    0.267697038096189477E+01    0.154858749848911419E+02    0.154878638578073957E+02    0.154878276897006728E+02   -0.723041360011171832E+03   -0.806170088246506822E+01    1
    0.872053623199462891E+00    0.400338172912597656E+00    0.645501765608787537E+01    0.383437176424895165E+01    0.809435057900849131E+01    0.312375950813293446E+00    0.239013223578626510E+01    0.322517508268356345E+00    0.300629676812887192E+01    0.153504546117030642E+02    0.152065323726725765E+02    0.150305260033973411E+02   -0.722870424449082179E+03   -0.806203421579827051E+01    1
    0.484701013565063477E+01    0.116570615768432617E+01    0.592342081665992737E+01    0.217991082840206030E+01    0.531008036592074983E+01    0.141994166374206532E+00    0.145511962323925328E+02    0.293604528903961159E+00    0.272488803857564932E+01    0.155919579095445222E+02    0.155914857430477749E+02    0.155935243637745575E+02   -0.722706888648279119E+03   -0.806236754913165043E+01    1
    0.403460597991943359E+01    0.183651781082153320E+01    0.327584448456764221E+01    0.241575538148642721E+01    0.675535499369454673E+01    0.300214886665344238E+00    0.156791763749551070E+02    0.312580460309982322E+00    0.249222009688615787E+01    0.156252714623251041E+02    0.156250213460688894E+02    0.156246454671506640E+02   -0.722479963191958859E+03   -0.806270088246514938E+01    1
    0.560667896270751953E+01    0.694673585891723633E+01    0.420374932885169983E+01    0.594897640104508074E+01    0.701615402988032777E+01    0.265206193923950173E+00    0.779462926954907775E+01    0.271936678886413596E+00    0.297543095248937606E+01    0.153243840659972186E+02    0.153226764210693638E+02    0.153205578293700562E+02   -0.722145443197273039E+03   -0.806303421579854529E+01    1
    0.252873945236206055E+01    0.648921442031860352E+01    0.297631102800369263E+01    0.658353468415355358E+01    0.727476949978809806E+01    0.477364385128021262E+00    0.275748792220990069E+01    0.786807084083557151E+00    0.242967849248647694E+01    0.151713375027466810E+02    0.150373277359853947E+02    0.149893389176666716E+02   -0.721948528939662197E+03   -0.806336754913180975E+01    1
    0.264614343643188477E+01    0.215850877761840820E+01    0.762233424186706543E+01    0.321952124145968099E+01    0.558439717964703775E+01    0.130643022060394298E+00    0.129179312452611281E+02    0.369783180952072188E+00    0.293747976970672608E+01    0.155421346301130860E+02    0.155399393973815521E+02    0.155410438163620679E+02   -0.721829066019121115E+03   -0.806370088246509553E+01    1
    0.234888362884521484E+01    0.419074630737304688E+01    0.157329219579696655E+01    0.583469532701301308E+01    0.641493875727895801E+01    0.165921938419342052E+00    0.167317590299271295E+02    0.488524091243743963E+00    0.287304374110698690E+01    0.156539626879183302E+02    0.156540349297152197E+02    0.156534611022020549E+02   -0.721742347558286042E+03   -0.806403421579839552E+01    1
    0.261740350723266602E+01    0.456275939941406250E-01    0.279539021849632263E+01    0.625437808413786200E+01    0.663372029292146692E+01    0.465879988670349077E+00    0.206252857160425442E+02    0.276046359539032005E+00    0.262112808316946033E+01    0.157431823371296211E+02    0.157433090237029383E+02    0.157426714081324413E+02   -0.721720863867861453E+03   -0.806436754913171683E+01    1
    0.320080709457397461E+01    0.102480411529541016E+00    0.543206650018692017E+01    0.575260045064779835E+01    0.675348494424917511E+01    0.117699325084686279E+00    0.266452179443082890E+02    0.134060084819793701E+00    0.261877862471342082E+01    0.158540866690691242E+02    0.158540546579844328E+02    0.158547880219175585E+02   -0.721444459979051999E+03   -0.806470088246507544E+01    1
    0.512550258636474609E+01    0.879863262176513672E+00    0.290512475371360779E+01    0.443178450358820264E+01    0.547322096522703383E+01    0.119278144836425792E+00    0.209810009013384544E+02    0.118870842456817630E+00    0.222432110768556601E+01    0.157510387282246853E+02    0.157511278306911500E+02    0.157503822604385793E+02   -0.721325960606877629E+03   -0.806503421579849977E+01    1
    0.625975513458251953E+01    0.279209947586059570E+01    0.172457057237625122E+01    0.200848546468902045E+01    0.609043781756367153E+01    0.344641458988189653E+00    0.379432505429211853E+01    0.618016690015792847E+00    0.228928762161731703E+01    0.150631624070044357E+02    0.151634703468069887E+02    0.150442794845602794E+02   -0.721035276824432458E+03   -0.806536754913185661E+01    1
    0.329358339309692383E+01    0.140940666198730469E+00    0.224434334039688110E+01    0.408380344036537757E+01    0.694395047603399274E+01    0.220241105556488043E+00    0.307591243140699575E+02    0.513778483867645241E+00    0.235650410586595527E+01    0.159174318738971845E+02    0.159163759142158519E+02    0.159171099741600894E+02   -0.721028180523151036E+03   -0.806570088246520100E+01    1
    0.298623752593994141E+01    0.179239416122436523E+01    0.496491822600364685E+01    0.347330424139855420E+01    0.573938585285797043E+01    0.329903900623321533E+00    0.168388033961566919E+02    0.210888689756393438E+00    0.288709019112586951E+01    0.156551212147341090E+02    0.156551764781000635E+02    0.156548042213054703E+02   -0.720966656418660932E+03   -0.806603421579841928E+01    1
    0.283692884445190430E+01    0.243994808197021484E+01    0.775050181150436401E+01    0.539071380349215801E+01    0.565939177711261010E+01    0.279436993598937977E+00    0.229655409046211361E+02    0.256616812944412243E+00    0.245261121702194185E+01    0.157898763257349692E+02    0.157894284348560348E+02    0.157896969835303516E+02   -0.720589975440361854E+03   -0.806636754913159315E+01    1
    0.302979707717895508E+01    0.215630578994750977E+01    0.545597034692764282E+01    0.596226875446892279E+01    0.729951337415614887E+01    0.316586804389953624E+00    0.234097905010249328E+02    0.166138231754302979E+00    0.297594387811422356E+01    0.157983959533659437E+02    0.157988442190801255E+02    0.157991253494378689E+02   -0.720392531697124582E+03   -0.806670088246499084E+01    1
    0.268431520462036133E+01    0.100698280334472656E+01    0.150822940468788147E+01    0.420357180026716826E+01    0.571806897787906898E+01    0.168643200397491477E+00    0.205387707280167824E+02    0.331415575742721569E+00    0.264372828656435033E+01    0.157424103238985396E+02    0.157424633988328289E+02    0.157411260377988516E+02   -0.719712036154682096E+03   -0.806703421579836011E+01    1
    0.456248569488525391E+01    0.745454120635986328E+01    0.924525737762451172E+00    0.702330157841325686E+01    0.803842409287859638E+01    0.155833828449249256E+00    0.939433895918796225E+01    0.291865009069442793E+00    0.246732928788661932E+01    0.154031757695953857E+02    0.154023893461201293E+02    0.154033997258359392E+02   -0.719630364610961351E+03   -0.806736754913164411E+01    1
    0.277708959579467773E+01    0.160164022445678711E+01    0.797280400991439819E+00    0.442976102155738438E+01    0.820238343498964539E+01    0.226355004310607899E+00    0.698967143225836818E+01    0.793437021970748946E+00    0.243996296501159637E+01    0.153209060408004838E+02    0.153008206927207606E+02    0.153024809544425082E+02   -0.719411777036700414E+03   -0.806770088246496719E+01    1
    0.301893854141235352E+01    0.124119234085083008E+01    0.501466515660285950E+01    0.359332709996672950E+01    0.616123928696515311E+01    0.165630507469177235E+00    0.173576307566166470E+02    0.204599606990814198E+00    0.285438829809427252E+01    0.156699701666151707E+02    0.156685320647153716E+02    0.156685901633380240E+02   -0.719354663419500639E+03   -0.806803421579829561E+01    1
    0.185363626480102539E+01    0.504594945907592773E+01    0.690240520238876343E+01    0.698741058177367247E+01    0.737359520363605991E+01    0.389048290252685502E+00    0.464285418601121869E+01    0.876017302274703979E+00    0.294219290643930442E+01    0.155658313964987389E+02    0.154069579793585767E+02    0.151972602835470720E+02   -0.719228439723668657E+03   -0.806836754913160625E+01    1
    0.146031856536865234E+01    0.334191274642944336E+01    0.485581490397453308E+01    0.226725636501536609E+01    0.763225719585402018E+01    0.417415690422058061E+00    0.152262044078181571E+02    0.415286159515380837E+00    0.249727202969789497E+01    0.156130419779374741E+02    0.156118948075431234E+02    0.156131293393256723E+02   -0.719154498549388677E+03   -0.806870088246506256E+01    1
    0.311503171920776367E+01    0.942931652069091797E+00    0.692104074358940125E+01    0.308726269486875271E+01    0.743607440660547780E+01    0.568058061599731379E+00    0.192668223703329744E+02    0.561087232828140325E+00    0.292004707944393171E+01    0.157150476612594883E+02    0.157137212649307578E+02    0.157140134025292539E+02   -0.719059527645978278E+03   -0.806903421579848867E+01    1
    0.380959606170654297E+01    0.730718898773193359E+01    0.792633402347564697E+01    0.308386958772853781E+01    0.733013837423564851E+01    0.383050298690795876E+00    0.506919367706720259E+01    0.574143260717391968E+00    0.258772380185127249E+01    0.151377949988774922E+02    0.151375301680047638E+02    0.151367298255852472E+02   -0.719042941439675133E+03   -0.806936754913172116E+01    1
    0.340331220626831055E+01    0.219019603729248047E+01    0.654055911302566528E+01    0.495649585495791101E+01    0.577441361700189848E+01    0.367260706424713090E+00    0.966599192297117682E+01    0.374241012334823653E+00    0.236528390884399409E+01    0.154146809005104526E+02    0.154138155912763573E+02    0.154175607762495623E+02   -0.719035017360921302E+03   -0.806970088246496253E+01    1
    0.275698709487915039E+01    0.500918626785278320E+01    0.128290641307830811E+01    0.306346653596391594E+01    0.471760426607835370E+01    0.132153320312499989E+00    0.125184590469235673E+02    0.326197874546051036E+00    0.239259679353237154E+01    0.155288303221482646E+02    0.155275228427471514E+02    0.155282148689584147E+02   -0.718846782290206534E+03   -0.807003421579842950E+01    1
    0.320670986175537109E+01    0.209001541137695312E+00    0.319226282835006714E+01    0.288237682215209734E+01    0.668462293599677970E+01    0.131766116619110113E+00    0.234591212071611181E+02    0.295566725730896041E+00    0.290956216311454785E+01    0.157990521981909176E+02    0.157985977091640635E+02    0.157999590396020171E+02   -0.718732262617565993E+03   -0.807036754913181476E+01    1
    0.268316221237182617E+01    0.561175489425659180E+01    0.623050647974014282E+01    0.590950418372541364E+01    0.816563013204657473E+01    0.178657209873199468E+00    0.402190506992146979E+01    0.872311186790466264E+00    0.305071903192996974E+01    0.152455900050125823E+02    0.152818266568749053E+02    0.150771576195654493E+02   -0.718621918016398013E+03   -0.807070088246500639E+01    1
    0.255622577667236328E+01    0.534754896163940430E+01    0.708599928021430969E+01    0.490909533331211012E+01    0.546648481149497378E+01    0.426557981967926048E+00    0.928216491677832778E+01    0.637137567996978738E+00    0.259783475208282466E+01    0.153980404703019040E+02    0.153985962032986183E+02    0.154003709805529887E+02   -0.718596773410048172E+03   -0.807103421579843250E+01    1
    0.405654287338256836E+01    0.317682361602783203E+01    0.462164375185966492E+01    0.306390703017173038E+01    0.393464681368935976E+01    0.248030972480773937E+00    0.232059022125519521E+01    0.906454366445541337E+00    0.264695618581771841E+01    0.149764623127822727E+02    0.152814790707962871E+02    0.149190006811781632E+02   -0.718591855628955500E+03   -0.807136754913182486E+01    1
    0.525607776641845703E+01    0.605398464202880859E+01    0.227836850285530090E+01    0.509134333736998546E+01    0.801341080663833694E+01    0.218962478637695301E+00    0.216224644527550751E+02    0.103082931041717535E+00    0.278190714037418374E+01    0.157632979914587832E+02    0.157635694720076263E+02    0.157638505873033026E+02   -0.718568364241433073E+03   -0.807170088246510886E+01    1
    0.249112939834594727E+01    0.433441209793090820E+01    0.148101839423179626E+01    0.699891020439073674E+01    0.722620061589591156E+01    0.310926985740661632E+00    0.159432639736188175E+02    0.388221222162246749E+00    0.275046929323673250E+01    0.156314531252408031E+02    0.156311926152729157E+02    0.156318028370893281E+02   -0.718548500304024401E+03   -0.807203421579839286E+01    1
    0.567164802551269531E+01    0.591064929962158203E+00    0.193074929714202881E+01    0.241342460761317845E+01    0.788989198993368213E+01    0.503847372531890825E+00    0.282525292889106474E+02    0.741164577007293657E+00    0.239021423983573911E+01    0.158793412369471163E+02    0.158799166676322816E+02    0.158802257520957326E+02   -0.717987858411173761E+03   -0.807236754913162535E+01    1
    0.158298587799072266E+01    0.715512609481811523E+01    0.932239323854446411E+00    0.456382747417790924E+01    0.591078261421063900E+01    0.310162734985351574E+00    0.303107278651037237E+01    0.168134117126464866E+00    0.230409794420003866E+01    0.153614479538553841E+02    0.152813043270700373E+02    0.151061985655973690E+02   -0.717947108205186510E+03   -0.807270088246494133E+01    1
    0.559016466140747070E+01    0.201985454559326172E+01    0.134939166903495789E+01    0.576253949064532289E+01    0.632155040697217974E+01    0.110698544979095467E+00    0.375122979722875360E+01    0.600604808330535866E+00    0.251704436117410646E+01    0.150129691418484210E+02    0.150067248959025488E+02    0.150107779135460913E+02   -0.717466694797873856E+03   -0.807303421579831593E+01    1
    0.258601522445678711E+01    0.234314155578613281E+01    0.642994391918182373E+01    0.331019224553439217E+01    0.712909335007460143E+01    0.144586181640625006E+00    0.315330308531021153E+02    0.235305535793304460E+00    0.256503721684217467E+01    0.159276717043030036E+02    0.159279153921220527E+02    0.159275191635761537E+02   -0.717365080836023026E+03   -0.807336754913172960E+01    1
    0.258235120773315430E+01    0.479904556274414062E+01    0.707332181930541992E+01    0.568762770752728031E+01    0.679313993672386651E+01    0.148728585243225103E+00    0.110340528650626002E+02    0.433241188526153564E+00    0.290889084589481328E+01    0.154742808184720193E+02    0.154729826582545567E+02    0.154744796502606707E+02   -0.717308608516091681E+03   -0.807370088246518058E+01    1
    0.241301965713500977E+01    0.532853269577026367E+01    0.211584809422492981E+01    0.600768220955840704E+01    0.739251385420207541E+01    0.251244509220123313E+00    0.371767876912963979E+01    0.871700018644332886E+00    0.239799582153558699E+01    0.155018640841066286E+02    0.150833184091378651E+02    0.154729316505599304E+02   -0.717062846321927395E+03   -0.807403421579849834E+01    1
    0.156125593185424805E+01    0.373509740829467773E+01    0.143645796179771423E+01    0.233630507314905378E+01    0.735676014313902726E+01    0.380196070671081521E+00    0.124319995610121143E+02    0.393033212423324563E+00    0.264763944566249831E+01    0.155239076155739593E+02    0.155245017705013897E+02    0.155253575852594441E+02   -0.716688220447318031E+03   -0.807436754913170240E+01    1
    0.605663299560546875E+01    0.754659128189086914E+01    0.752523380517959595E+01    0.476692151873090886E+01    0.566647463688749298E+01    0.162154221534728998E+00    0.153968401173013447E+01    0.210870826244354270E+00    0.258138884651660927E+01    0.151234195744082474E+02    0.150690944010473373E+02    0.150768412263707301E+02   -0.716609676027164255E+03   -0.807470088246500595E+01    1
    0.710383272171020508E+01    0.361622810363769531E+00    0.560940209031105042E+01    0.306321626140406611E+01    0.679159690452703835E+01    0.109223544597625732E+00    0.932585788891885414E+01    0.220538473129272466E+00    0.245568285006284714E+01    0.153991124326116395E+02    0.154004924711223410E+02    0.154002060084153367E+02   -0.716456474816957439E+03   -0.807503421579845337E+01    1
    0.255668163299560547E+01    0.468251895904541016E+01    0.482675674557685852E+01    0.246485972920597307E+01    0.427901928901629969E+01    0.533710801601409934E+00    0.667321331935176243E+01    0.593026763200759865E+00    0.240117250919342018E+01    0.152563227173328801E+02    0.152537487891791219E+02    0.152546757160559761E+02   -0.716426320047130162E+03   -0.807536754913174448E+01    1
    0.678306961059570312E+01    0.109946060180664062E+01    0.232411938905715942E+01    0.395516013336272909E+01    0.824702455740455953E+01    0.261537396907806419E+00    0.301142290334867813E+01    0.618619865179061867E+00    0.282772714674472825E+01    0.153518590393199403E+02    0.149086108335534515E+02    0.149395065285311315E+02   -0.716396115669097071E+03   -0.807570088246495388E+01    1
    0.321858835220336914E+01    0.963651657104492188E+00    0.402053433656692505E+01    0.407396452743336113E+01    0.669660908107018571E+01    0.358404302597045921E+00    0.269499757845794505E+02    0.159000551700592047E+00    0.248400164788961408E+01    0.158601393716841805E+02    0.158597960877943578E+02    0.158598441180753174E+02   -0.716377614965516841E+03   -0.807603421579833913E+01    1
    0.711859226226806641E+00    0.679300403594970703E+01    0.329593691229820251E+01    0.234242847143597155E+01    0.454979020803168410E+01    0.276684117317199718E+00    0.276058536712762148E+01    0.512357825040817283E+00    0.239060313421487791E+01    0.152169667891644558E+02    0.150832884549344737E+02    0.152788214915805476E+02   -0.716323134672553351E+03   -0.807636754913181676E+01    1
    0.765251827239990234E+01    0.267650842666625977E+01    0.755011487007141113E+01    0.740813028881141467E+01    0.781531473631521401E+01    0.434240221977233887E+00    0.199637837666640721E+02    0.106687498092651378E+00    0.220995863354206090E+01    0.157293085118209692E+02    0.157296664907991701E+02    0.157304410006834932E+02   -0.716226981112006001E+03   -0.807670088246513806E+01    1
    0.244451713562011719E+01    0.210901117324829102E+01    0.542416453361511230E+00    0.431022523813039626E+01    0.684583083924107605E+01    0.212736606597900391E+00    0.327646996186753299E+02    0.688818049430847124E+00    0.291946831756830205E+01    0.159444285920523701E+02    0.159437580080189516E+02    0.159444071673581753E+02   -0.716212784565816037E+03   -0.807703421579842207E+01    1
    0.269631242752075195E+01    0.729521989822387695E+01    0.742008718848228455E+01    0.677001959981569712E+01    0.787953730689007337E+01    0.171236824989318859E+00    0.560678075216321936E+01    0.879589253664016746E+00    0.261370214879512774E+01    0.153143304203362369E+02    0.153455957142021138E+02    0.152753594554428691E+02   -0.716125187416365520E+03   -0.807736754913180199E+01    1
    0.457928895950317383E+01    0.103006029129028320E+01    0.176781806349754333E+01    0.228646163370044730E+01    0.543362292486448339E+01    0.309483742713928200E+00    0.238228180234338431E+02    0.920960986614227317E+00    0.299424094116687778E+01    0.158052695025375378E+02    0.158059976454713986E+02    0.158056506689497152E+02   -0.716072830932857073E+03   -0.807770088246506290E+01    1
    0.234673833847045898E+01    0.234457731246948242E+01    0.728773653507232666E+00    0.274145488307243035E+01    0.628253749582040921E+01    0.119519615173339852E+00    0.198666870870758423E+02    0.620483195781707741E+00    0.286748530942201629E+01    0.157283219811340871E+02    0.157267667352914255E+02    0.157272853531659553E+02   -0.716072539075922691E+03   -0.807803421579836289E+01    1
    0.262254619598388672E+01    0.605103826522827148E+01    0.249825063347816467E+01    0.562797019302713153E+01    0.613958460855956645E+01    0.482382869720458962E+00    0.331819239548045957E+02    0.195226252079010010E+00    0.247336041474342316E+01    0.159498498733591045E+02    0.159500927388060880E+02    0.159502646934301566E+02   -0.715993843414072785E+03   -0.807836754913169308E+01    1
    0.538898468017578125E+00    0.568062353134155273E+01    0.654048401117324829E+01    0.276853314840964426E+01    0.769521110793655971E+01    0.202881526947021495E+00    0.122135923371204917E+02    0.417516899108886785E+00    0.274542064970731747E+01    0.155171503863330784E+02    0.155169594286699351E+02    0.155160437431356257E+02   -0.715930554017736654E+03   -0.807870088246505524E+01    1
    0.222473478317260742E+01    0.489736509323120117E+01    0.791268676519393921E+00    0.325523873561563004E+01    0.440223284727430997E+01    0.217145478725433355E+00    0.181751726309783166E+02    0.672617453336715743E+00    0.240047680068016023E+01    0.156898889090121649E+02    0.156884312011485889E+02    0.156888484201905900E+02   -0.715830264718641502E+03   -0.807903421579846359E+01    1
    0.691451215744018555E+01    0.237263488769531250E+01    0.726093786954879761E+01    0.694032768146641121E+01    0.803310260475257110E+01    0.173643016815185569E+00    0.305835634508610354E+01    0.625448232889175393E+00    0.302247553336620323E+01    0.151204514852109639E+02    0.150480818432607002E+02    0.152354847186732592E+02   -0.715536252393861787E+03   -0.807936754913176891E+01    1
    0.392122554779052734E+01    0.174827337265014648E+01    0.748337882757186890E+01    0.293857967168328260E+01    0.778019179351193202E+01    0.171207284927368170E+00    0.783497503725749844E+01    0.346618229150772117E+00    0.275339741235971447E+01    0.153261917869891064E+02    0.153273686096454949E+02    0.153268357163204492E+02   -0.715376208528969414E+03   -0.807970088246500850E+01    1
    0.269287109375000000E+01    0.356483936309814453E+00    0.635210156440734863E+00    0.568810680251973544E+01    0.606883752694823286E+01    0.517760670185089089E+00    0.265306423681064842E+02    0.478935569524765015E+00    0.233943136429786680E+01    0.158526770581420973E+02    0.158529188013699134E+02    0.158522282443768496E+02   -0.715295422670884705E+03   -0.808003421579841508E+01    1
    0.288367938995361328E+01    0.581829071044921875E+00    0.271254706382751465E+01    0.440520802198848127E+01    0.606210738909148628E+01    0.418056595325470015E+00    0.752786476121836312E+01    0.917290651798248313E+00    0.256708269500732422E+01    0.153069235138919613E+02    0.153139270699091323E+02    0.153236072704209274E+02   -0.715044812135464326E+03   -0.808036754913187494E+01    1
    0.369075965881347656E+01    0.547729492187500000E+01    0.606430742144584656E+01    0.607524814462487317E+01    0.638555294143605234E+01    0.185588395595550543E+00    0.135184811996460272E+02    0.268152242898941018E+00    0.231294940292835216E+01    0.155617082423625703E+02    0.155620105613683446E+02    0.155613066412175343E+02   -0.714734166978489498E+03   -0.808070088246510387E+01    1
    0.508225870132446289E+01    0.253821611404418945E+01    0.376547592878341675E+01    0.671918283890741908E+01    0.758136762245729834E+01    0.351734006404876731E+00    0.738278650381097190E+01    0.309084576368331920E+00    0.276632024353742612E+01    0.152985861108536074E+02    0.152967485632305067E+02    0.152989631911447930E+02   -0.714407088758583996E+03   -0.808103421579837367E+01    1
    0.581287431716918945E+01    0.230818796157836914E+01    0.589549276232719421E+01    0.593611802943601230E+01    0.715061963599292749E+01    0.301987934112548817E+00    0.763163023331035451E+01    0.274911946058273293E+00    0.290343888574838616E+01    0.153114107299383768E+02    0.153111420661158935E+02    0.153140495403829853E+02   -0.714279692593079972E+03   -0.808136754913178201E+01    1
    0.201590394973754883E+01    0.522107410430908203E+01    0.730006369948387146E+01    0.311734485784598458E+01    0.741576305613206710E+01    0.298810839653015137E+00    0.141392253848521783E+02    0.364676737785339378E+00    0.223229478347301491E+01    0.155811628138561726E+02    0.155789568712560502E+02    0.155789396698591958E+02   -0.714191631921802127E+03   -0.808170088246508733E+01    1
    0.410286998748779297E+01    0.132251834869384766E+01    0.456860396265983582E+01    0.229917274485779677E+01    0.615976958031632815E+01    0.135419070720672607E+00    0.224019809747257348E+02    0.432764077186584495E+00    0.272963553565740558E+01    0.157791036924444175E+02    0.157787777882344216E+02    0.157793522670642812E+02   -0.714162073566441563E+03   -0.808203421579841574E+01    1
    0.418326616287231445E+01    0.172961521148681641E+01    0.275341409444808960E+01    0.396318593220154369E+01    0.595231737264397864E+01    0.476371538639068559E+00    0.485128597220435154E+01    0.231136846542358415E+00    0.263292623281478866E+01    0.154330777781291033E+02    0.152789928520126601E+02    0.152943490278476801E+02   -0.714128823395646691E+03   -0.808236754913172462E+01    1
    0.328023719787597656E+01    0.165484285354614258E+01    0.271316307783126831E+01    0.250400951475945188E+01    0.328263106242703850E+01    0.451899027824401833E+00    0.865653868020978479E+01    0.582029438018798806E+00    0.255487586468458172E+01    0.153661408066563592E+02    0.153703094094976098E+02    0.153695962355888991E+02   -0.714036575151586703E+03   -0.808270088246498730E+01    1
    0.427930641174316406E+01    0.509148597717285156E+01    0.399571764469146729E+01    0.256716105232506653E+01    0.581046139757661528E+01    0.240252029895782482E+00    0.104335157188579259E+02    0.237483006715774547E+00    0.287648448222875608E+01    0.154498274047525008E+02    0.154492941754212225E+02    0.154493407687467297E+02   -0.713743239599165918E+03   -0.808303421579836723E+01    1
    0.252343511581420898E+01    0.785680723190307617E+01    0.324588733911514282E+01    0.641962341800718939E+01    0.758500634951264807E+01    0.448806655406951860E+00    0.787275916892094063E+01    0.643946731090545677E+00    0.292157027018070226E+01    0.153296333521599539E+02    0.153293123933021267E+02    0.153281753061233914E+02   -0.713692346656090308E+03   -0.808336754913167965E+01    1
    0.231449842453002930E+01    0.449086999893188477E+01    0.545356664061546326E+01    0.650199201212786093E+01    0.761458936029795197E+01    0.394040632247924849E+00    0.241897339623364225E+02    0.342565035820007302E+00    0.288695872104167961E+01    0.158133446127059631E+02    0.158132907431776051E+02    0.158120769049823462E+02   -0.713690121375293074E+03   -0.808370088246493346E+01    1
    0.258792257308959961E+01    0.311030578613281250E+01    0.555973160266876221E+01    0.549873504378393374E+01    0.802713405857970308E+01    0.159986674785614014E+00    0.303875205812050666E+02    0.202830582857131958E+00    0.286360441172122959E+01    0.159118903925315731E+02    0.159117476679213201E+02    0.159110921709736601E+02   -0.713687201024013007E+03   -0.808403421579832937E+01    1
    0.384103727340698242E+01    0.304141759872436523E+01    0.982523590326309204E+00    0.248983461550760854E+01    0.276205105589659627E+01    0.415419769287109331E+00    0.298115153695244750E+02    0.621698933839798018E+00    0.286082810562849055E+01    0.159030034494824086E+02    0.159031792168209716E+02    0.159030544511106893E+02   -0.713611452152292713E+03   -0.808436754913172173E+01    1
    0.454155111312866211E+01    0.455256462097167969E+01    0.516922056674957275E+00    0.307109525860953969E+01    0.557855296821738467E+01    0.317987382411956787E+00    0.132230904085126699E+02    0.184548860788345342E+00    0.273306605470180486E+01    0.155497272367048094E+02    0.155508797566400236E+02    0.155520870979561838E+02   -0.713446538159656598E+03   -0.808470088246515672E+01    1
    0.477263736724853516E+01    0.113779163360595703E+01    0.462313416600227356E+01    0.432912588544901134E+01    0.587942871812330914E+01    0.355182504653930642E+00    0.835814437081369199E+01    0.302649474143981911E+00    0.244861666196584693E+01    0.153551101657590703E+02    0.153541211110758447E+02    0.153510700949649213E+02   -0.713426437964913703E+03   -0.808503421579851178E+01    1
    0.281980133056640625E+01    0.246411609649658203E+01    0.133841428160667419E+01    0.228657906387129195E+01    0.485663555855907880E+01    0.259425854682922341E+00    0.815064331238356843E+01    0.881085067987442017E+00    0.255595464807748796E+01    0.153500508593097429E+02    0.153787680553807320E+02    0.153462060298377807E+02   -0.713360289188258321E+03   -0.808536754913167499E+01    1
    0.196155023574829102E+01    0.627816343307495117E+01    0.136761236190795898E+01    0.327481195798109459E+01    0.706098885069494742E+01    0.326806914806365922E+00    0.103476005806060325E+02    0.470841842889785811E+00    0.243628114479780189E+01    0.154466448558340979E+02    0.154451375047749604E+02    0.154460213331372120E+02   -0.713354793733752444E+03   -0.808570088246509222E+01    1
    0.449828958511352539E+01    0.179997253417968750E+01    0.511726170778274536E+00    0.234453403063121835E+01    0.780020308509971372E+01    0.306383824348449685E+00    0.482077261751524233E+01    0.508119291067123391E+00    0.274994346350431451E+01    0.151146482486207248E+02    0.151153540220037126E+02    0.151155257583264078E+02   -0.713241210238660983E+03   -0.808603421579849702E+01    1
    0.495786905288696289E+01    0.658247995376586914E+01    0.676753389835357666E+01    0.228828491211049068E+01    0.437281929552788107E+01    0.362728309631347612E+00    0.833026736655420663E+01    0.313747167587280273E+00    0.226997756081819535E+01    0.153524775935584845E+02    0.153511729079245391E+02    0.153538117856373013E+02   -0.713184119860931673E+03   -0.808636754913181655E+01    1
    0.330155229568481445E+01    0.127474784851074219E+00    0.204590189456939697E+01    0.383703539405889327E+01    0.716283120152173325E+01    0.437134826183319114E+00    0.265735711188269264E+02    0.615639984607696533E+00    0.246106452077627180E+01    0.158527131898675844E+02    0.158531458610089544E+02    0.158534020639628981E+02   -0.713091463922253979E+03   -0.808670088246516983E+01    1
    0.524439764022827148E+01    0.119676685333251953E+01    0.450983631610870361E+01    0.543221659956622460E+01    0.723068490793128138E+01    0.255376076698303200E+00    0.261482827616831059E+01    0.581846350431442283E+00    0.296586339169740665E+01    0.152052357178542010E+02    0.153453671414324884E+02    0.151857698919567063E+02   -0.713029115733445337E+03   -0.808703421579851067E+01    1
    0.527885198593139648E+01    0.266432332992553711E+01    0.787421333789825439E+01    0.227752360697725820E+01    0.428124179230684465E+01    0.131865251064300526E+00    0.414542716001036204E+01    0.559249061346054122E+00    0.252903652787208566E+01    0.150527567345465858E+02    0.150558972933774058E+02    0.150525207352474499E+02   -0.712984747035849978E+03   -0.808736754913180178E+01    1
    0.333002567291259766E+01    0.189426183700561523E+01    0.216344478726387024E+01    0.216874533049734985E+01    0.599964002191841850E+01    0.587155818939208984E+00    0.138856554368498095E+02    0.749835139513015725E+00    0.296584613561630261E+01    0.155728581599152669E+02    0.155713677880065671E+02    0.155732605960110373E+02   -0.712944437600859487E+03   -0.808770088246502006E+01    1
    0.494360399246215820E+01    0.690606880187988281E+01    0.446046802401542664E+01    0.553824902166154498E+01    0.706249765746031155E+01    0.223883867263793945E+00    0.173181738858708734E+01    0.567030417919158980E+00    0.248305843353271483E+01    0.149234379819278828E+02    0.150240527238895467E+02    0.148393119609764739E+02   -0.712647953532960059E+03   -0.808803421579833604E+01    1
    0.414512109756469727E+01    0.696772050857543945E+01    0.505924838781356812E+01    0.382034748132298008E+01    0.465591327508218988E+01    0.134147524833679199E+00    0.508467449756569323E+01    0.572480934858322188E+00    0.228780192869901633E+01    0.151363309874256640E+02    0.151398310771565114E+02    0.151395855007318296E+02   -0.712584729210094679E+03   -0.808836754913174971E+01    1
    0.421849822998046875E+01    0.502159738540649414E+01    0.790116220712661743E+00    0.515006834342710107E+01    0.675252592259027562E+01    0.156117641925811762E+00    0.331148441087071310E+01    0.714243566989898659E+00    0.299274877089262015E+01    0.150669358409588412E+02    0.149913674922578259E+02    0.151974602438228068E+02   -0.712563512934086475E+03   -0.808870088246509411E+01    1
    0.220896244049072266E+00    0.255998611450195312E+01    0.467711853981018066E+01    0.460104498042007393E+01    0.826527211660420313E+01    0.265400493144989036E+00    0.256811897758482122E+01    0.671147656440734819E+00    0.286483829742670082E+01    0.153640629720235555E+02    0.153574649406613322E+02    0.151850739013110072E+02   -0.712472199219049912E+03   -0.808903421579839410E+01    1
    0.656079816818237305E+01    0.447374629974365234E+01    0.245070177316665649E+01    0.235149603535874974E+01    0.312277628444102850E+01    0.475998425483703635E+00    0.236644777585372923E+01    0.288580483198165871E+00    0.249394707131385784E+01    0.151761793749830485E+02    0.149936999107754243E+02    0.149033976265201371E+02   -0.712459514363710241E+03   -0.808936754913169054E+01    1
    0.244852018356323242E+01    0.459279346466064453E+01    0.686493992805480957E+00    0.661379827372663431E+01    0.709881327682235064E+01    0.261044085025787354E+00    0.368930856361812403E+02    0.215698480606079102E+00    0.282788462746143354E+01    0.159954513012911583E+02    0.159957159203843755E+02    0.159960996820155561E+02   -0.712340066875591333E+03   -0.808970088246503138E+01    1
    0.334506988525390625E+01    0.621524333953857422E+00    0.169637116789817810E+01    0.327450808505962065E+01    0.822508977239894179E+01    0.201011705398559559E+00    0.258956448130067294E+02    0.629295271635055498E+00    0.289647294485568985E+01    0.158422415400871888E+02    0.158417348247736012E+02    0.158415633562633431E+02   -0.711904839214978892E+03   -0.809003421579848059E+01    1
    0.557803153991699219E+01    0.772584533691406250E+01    0.196466717123985291E+01    0.636675262501814831E+01    0.643444802223778201E+01    0.282428586483001731E+00    0.182726181292630430E+01    0.206045156717300421E+00    0.224617601031064984E+01    0.151715579206718694E+02    0.149691841130952774E+02    0.148127941124693248E+02   -0.711780331931695855E+03   -0.809036754913175216E+01    1
    0.402907991409301758E+01    0.666922092437744141E+00    0.111509266495704651E+01    0.273787845280970021E+01    0.763200466519182452E+01    0.271699357032775868E+00    0.100216238550956263E+02    0.546745032072067261E+00    0.247099617981910713E+01    0.154329134894230933E+02    0.154298021989594840E+02    0.154301634699171402E+02   -0.711432826551505286E+03   -0.809070088246511432E+01    1
    0.238069343566894531E+01    0.143798923492431641E+01    0.339821669459342957E+01    0.500725435951688969E+01    0.541026420141136999E+01    0.398527359962463357E+00    0.121290049802185784E+02    0.523383635282516524E+00    0.296079066050052653E+01    0.155122891758487800E+02    0.155138876977609552E+02    0.155148666526618406E+02   -0.711314806611143126E+03   -0.809103421579848714E+01    1
    0.255223941802978516E+01    0.749938154220581055E+01    0.780319917201995850E+01    0.468523690895120470E+01    0.807270721784498946E+01    0.393241155147552535E+00    0.900194328042465486E+01    0.495400041341781616E+00    0.305466293203830741E+01    0.153838984305098165E+02    0.153851342912018030E+02    0.153871136289372554E+02   -0.711292289566394970E+03   -0.809136754913179956E+01    1
    0.362403297424316406E+01    0.593076038360595703E+01    0.337084743380546570E+01    0.415394078490654195E+01    0.764636365794619799E+01    0.339217460155487038E+00    0.286999711200208640E+01    0.818652200698852583E+00    0.278961423248052576E+01    0.151343324403308248E+02    0.150313695370701534E+02    0.148997653807267962E+02   -0.711103391458465921E+03   -0.809170088246517771E+01    1
    0.425285482406616211E+01    0.149538993835449219E+01    0.178005519509315491E+01    0.248910908898497185E+01    0.672217449211955831E+01    0.366717362403869651E+00    0.191076188248342298E+02    0.678093022108077981E+00    0.233152807915210714E+01    0.157102759008636603E+02    0.157104748791191327E+02    0.157096384965396503E+02   -0.710973715822947725E+03   -0.809203421579839599E+01    1
    0.198161172866821289E+01    0.178585100173950195E+01    0.354269388318061829E+01    0.631867425533883154E+01    0.645614380267586263E+01    0.317958807945251443E+00    0.367898952606363894E+01    0.466732323169708252E+00    0.249543235939741148E+01    0.153532412651694692E+02    0.152354909720817826E+02    0.153011822945847200E+02   -0.710920290659194961E+03   -0.809236754913160539E+01    1
    0.337763738632202148E+01    0.279505443572998047E+01    0.588680732250213623E+01    0.378516729276667263E+01    0.414173249383549091E+01    0.262915408611297585E+00    0.274471603182897583E+01    0.754236537218093916E+00    0.228032397305965429E+01    0.152779569829081794E+02    0.153341621202198350E+02    0.152190254529001177E+02   -0.710881240989321327E+03   -0.809270088246496577E+01    1
    0.650205183029174805E+01    0.555995512008666992E+01    0.723666968941688538E+01    0.691059579771823440E+01    0.764973101479868944E+01    0.102811205387115481E+00    0.157025641120457653E+02    0.136936002969741843E+00    0.237913011747598624E+01    0.156265975894969174E+02    0.156265717288581687E+02    0.156255313640085287E+02   -0.710859337381395903E+03   -0.809303421579847182E+01    1
    0.352867174148559570E+01    0.341487884521484375E+01    0.341683569550514221E+01    0.334546133984933380E+01    0.592170647166929509E+01    0.252921497821807839E+00    0.503745073707650270E+01    0.638851392269134566E+00    0.239854214602708815E+01    0.154550618535133228E+02    0.151872475123072448E+02    0.151382472652095128E+02   -0.710494468243225242E+03   -0.809336754913176470E+01    1
    0.460328340530395508E+01    0.145225191116333008E+01    0.370540919899940491E+01    0.236797421160602317E+01    0.792386483563512023E+01    0.299787843227386497E+00    0.165042259776252678E+02    0.326045632362365723E+00    0.231749731647968282E+01    0.156470580851029197E+02    0.156465117753016223E+02    0.156462696188011936E+02   -0.710233859572192728E+03   -0.809370088246504338E+01    1
    0.395493268966674805E+01    0.189583158493041992E+01    0.485068607330322266E+01    0.209229849447241012E+01    0.516303206524661107E+01    0.307722854614257801E+00    0.696079112054793292E+01    0.832322078943252608E+00    0.290071065378189097E+01    0.152720244032555392E+02    0.152720629827273378E+02    0.152742304114168181E+02   -0.710211025826685727E+03   -0.809403421579851923E+01    1
    0.305862045288085938E+01    0.432025337219238281E+01    0.234761822223663330E+01    0.567712373812615478E+01    0.762161805580660534E+01    0.391430556774139404E+00    0.202884241720376792E+02    0.205741745233535778E+00    0.276387327051162712E+01    0.157355698458856779E+02    0.157365453786975529E+02    0.157356413376673885E+02   -0.710103219438988390E+03   -0.809436754913187428E+01    1
    0.257874536514282227E+01    0.507906293869018555E+01    0.184868174791336060E+01    0.515465938535199797E+01    0.518222711506481382E+01    0.499022936820983865E+00    0.141770628839332229E+02    0.542756050825119019E+00    0.267518748873472223E+01    0.155818980681384929E+02    0.155801960553147207E+02    0.155803791084942311E+02   -0.710016647920812829E+03   -0.809470088246515829E+01    1
    0.357349538803100586E+01    0.361836910247802734E+00    0.118540409207344055E+01    0.274639167693968078E+01    0.635022760198572733E+01    0.409519124031066939E+00    0.178875606746348801E+02    0.966704881191253640E+00    0.303366835385561018E+01    0.156823351287895214E+02    0.156830473540724196E+02    0.156811536218731522E+02   -0.709970308191580671E+03   -0.809503421579844229E+01    1
    0.710880279541015625E+01    0.444575309753417969E+00    0.131451848149299622E+01    0.395125165872202544E+01    0.701125075195917802E+01    0.442539191246032693E+00    0.161074947298558371E+02    0.126747685670852678E+00    0.281905224657058717E+01    0.156370967689769724E+02    0.156372885715300178E+02    0.156362627830363401E+02   -0.709803314459413627E+03   -0.809536754913180445E+01    1
    0.299359083175659180E+01    0.543472290039062500E+01    0.368043157458305359E+01    0.387407466432755898E+01    0.450700101088589289E+01    0.314764332771301281E+00    0.337638764315029434E+02    0.137446105480194092E+00    0.248042999333143221E+01    0.159572413691610020E+02    0.159578132810843343E+02    0.159569082052652078E+02   -0.709710999570902459E+03   -0.809570088246515418E+01    1
    0.220856618881225586E+01    0.311833906173706055E+01    0.731757181882858276E+01    0.262567452314836114E+01    0.426358399523937237E+01    0.204753208160400380E+00    0.148987333946148457E+02    0.330567836761474609E+00    0.277434993833303434E+01    0.156032481524916022E+02    0.156026143210231734E+02    0.156032178748931010E+02   -0.709611613741681367E+03   -0.809603421579841331E+01    1
    0.271063613891601562E+01    0.178173255920410156E+01    0.145921069383621216E+01    0.381908866573912409E+01    0.386640110651044422E+01    0.212104427814483631E+00    0.172998530556221439E+02    0.525200027227401778E+00    0.263258774036169063E+01    0.156684236283658436E+02    0.156682322736690445E+02    0.156675519619123982E+02   -0.709476909500936131E+03   -0.809636754913170087E+01    1
    0.262841129302978516E+01    0.663476085662841797E+01    0.119378376007080078E+01    0.405146974522450698E+01    0.418153356909173990E+01    0.262270212173461914E+00    0.328249949902177462E+01    0.797339153289794877E+00    0.296020623093843449E+01    0.152396443760907871E+02    0.154365766632937760E+02    0.150638037000102702E+02   -0.709403160509719896E+03   -0.809670088246514119E+01    1
    0.291225099563598633E+01    0.115204334259033203E+01    0.293955001235008240E+01    0.644790885118446422E+01    0.721202841414401163E+01    0.339961683750152566E+00    0.233318036263322490E+02    0.165291994810104370E+00    0.281577682983875288E+01    0.157969785423976017E+02    0.157978986888206681E+02    0.157964344992412133E+02   -0.709351657322916594E+03   -0.809703421579851579E+01    1
    0.287258911132812500E+01    0.507996463775634766E+01    0.242836791276931763E+01    0.214841438081728908E+01    0.631157807423404016E+01    0.394438922405242920E+00    0.242532113035310033E+02    0.129915535449981689E+00    0.231301534038782108E+01    0.158132386273341190E+02    0.158132775819580580E+02    0.158143035021266822E+02   -0.709247962283695756E+03   -0.809736754913179269E+01    1
    0.424459981918334961E+01    0.746913433074951172E+00    0.192099097371101379E+01    0.220929387979914660E+01    0.800757907846768546E+01    0.469835209846496626E+00    0.176537686915964542E+02    0.303058671951293990E+00    0.292560323393344879E+01    0.156772868708851760E+02    0.156753602598295796E+02    0.156761694391812298E+02   -0.709225656013261869E+03   -0.809770088246514064E+01    1
    0.249576330184936523E+01    0.646525859832763672E+00    0.250272098183631897E+01    0.579074065580660857E+01    0.651373755205928173E+01    0.410492765903472945E+00    0.137301427819525372E+02    0.625253719091415361E+00    0.261151361215114575E+01    0.155661369153227351E+02    0.155681008885233236E+02    0.155675955132698451E+02   -0.709018968534721580E+03   -0.809803421579837313E+01    1
    0.270220804214477539E+01    0.142415571212768555E+01    0.716439068317413330E+00    0.335316626800332518E+01    0.744074689852578164E+01    0.133460736274719244E+00    0.139986705497608792E+02    0.830970460176467918E+00    0.288336986100673665E+01    0.155772850681011015E+02    0.155754647772621269E+02    0.155759610129359025E+02   -0.708965278438687960E+03   -0.809836754913167844E+01    1
    0.237407970428466797E+01    0.518109703063964844E+01    0.746221843361854553E+01    0.392009132622536249E+01    0.613924398217286704E+01    0.429372406005859353E+00    0.175455011441554127E+02    0.299137389659881570E+00    0.266476329761743536E+01    0.156731861004974427E+02    0.156739686982148552E+02    0.156735698220072415E+02   -0.708805584254823430E+03   -0.809870088246507969E+01    1
    0.246842432022094727E+01    0.560928153991699219E+01    0.200344654917716980E+01    0.341252579086064500E+01    0.405388687507704848E+01    0.392642557621002197E+00    0.118756570406734419E+02    0.427989262342453047E+00    0.240856367838382690E+01    0.155060101287354257E+02    0.155035036064516589E+02    0.155050609575448721E+02   -0.708385271506615595E+03   -0.809903421579842586E+01    1
    0.443386793136596680E+01    0.579971837997436523E+01    0.300187918543815613E+01    0.293042127296393895E+01    0.462421942476107439E+01    0.136063158512115479E+00    0.640631219043198286E+01    0.408292621374130249E+00    0.249598045504093147E+01    0.152395813526943886E+02    0.152410322218147058E+02    0.152386084662679675E+02   -0.708226677211669198E+03   -0.809936754913176493E+01    1
    0.231848621368408203E+01    0.193740224838256836E+01    0.766524466872215271E+01    0.263820851602869011E+01    0.489423413366486848E+01    0.418422091007232710E+00    0.430622532394710777E+01    0.394230228662490911E+00    0.248351787036657345E+01    0.155123050653027619E+02    0.153250313821658679E+02    0.152746353260676120E+02   -0.708191724554008715E+03   -0.809970088246515196E+01    1
    0.307745552062988281E+01    0.176575803756713867E+01    0.987546473741531372E+00    0.384263544498091569E+01    0.414137066991871272E+01    0.356593525409698464E+00    0.364312418695418501E+02    0.741733205318450883E+00    0.263524527806043629E+01    0.159904730159430457E+02    0.159899398326646693E+02    0.159897029741278107E+02   -0.708122982949181505E+03   -0.810003421579847682E+01    1
    0.175087213516235352E+01    0.509052038192749023E+01    0.352598014473915100E+01    0.259003436742968773E+01    0.503243808370529067E+01    0.107057464122772228E+00    0.203066929064317883E+02    0.218435782194137562E+00    0.247892572861909866E+01    0.157359000405241964E+02    0.157363799610601180E+02    0.157366085893646712E+02   -0.708078884077530347E+03   -0.810036754913182122E+01    1
    0.211637830734252930E+01    0.335278367996215820E+01    0.265478077530860901E+01    0.314031333801819779E+01    0.625950228680790488E+01    0.200715696811676031E+00    0.199517675589164156E+02    0.330609732866287254E+00    0.261394515085220336E+01    0.157294884068614280E+02    0.157297141565089973E+02    0.157294713394257446E+02   -0.707869176310593502E+03   -0.810070088246509634E+01    1
    0.330412626266479492E+01    0.501358795166015625E+01    0.479826587438583374E+01    0.385428585110502642E+01    0.753757129699539874E+01    0.147885763645172114E+00    0.800986646883503894E+01    0.454162955284118652E+00    0.246516610401868830E+01    0.153353930353672236E+02    0.153341838287116534E+02    0.153357281759552393E+02   -0.707731353370967327E+03   -0.810103421579841054E+01    1
    0.238399744033813477E+01    0.277816152572631836E+01    0.488482254743576050E+01    0.485836954412005007E+01    0.574087740496852916E+01    0.216109001636505121E+00    0.344660358143086469E+02    0.183124178647995017E+00    0.290716726195812214E+01    0.159660738055133340E+02    0.159659895214879022E+02    0.159660318541797555E+02   -0.707509323740230457E+03   -0.810136754913188462E+01    1
    0.243788433074951172E+01    0.694320774078369141E+01    0.182615074515342712E+01    0.664727960212430968E+01    0.793464257248530025E+01    0.142330443859100347E+00    0.251965743363319348E+02    0.212119394540786765E+00    0.299885524761676781E+01    0.158299155491070724E+02    0.158307619768408134E+02    0.158308188787615212E+02   -0.707367537145754113E+03   -0.810170088246509934E+01    1
    0.252941942214965820E+01    0.612033891677856445E+01    0.538813799619674683E+00    0.710938934349830287E+01    0.759466619164392132E+01    0.127781784534454351E+00    0.357797922069432133E+02    0.673512721061706565E+00    0.297247955536842356E+01    0.159826114806407151E+02    0.159825172656509196E+02    0.159822411024371842E+02   -0.707119984142072440E+03   -0.810203421579838334E+01    1
    0.158827447891235352E+01    0.595498132705688477E+01    0.676551043987274170E+00    0.217379058142059378E+01    0.563853897151360961E+01    0.123180866241455078E+00    0.194005290983973637E+02    0.166962742805480957E+00    0.255062135511636745E+01    0.157177869246528310E+02    0.157179584481267050E+02    0.157172524590257332E+02   -0.707084414967361113E+03   -0.810236754913170998E+01    1
    0.200624465942382812E+00    0.539228248596191406E+01    0.587465021014213562E+01    0.202076270024631377E+01    0.751926659572438716E+01    0.220250296592712391E+00    0.481991446944017454E+01    0.694540703296661399E+00    0.288086271941661831E+01    0.151263252401273274E+02    0.151528104873397886E+02    0.152705347762642116E+02   -0.706930830371333627E+03   -0.810270088246506504E+01    1
    0.133781719207763672E+01    0.602199840545654297E+01    0.665256190299987793E+01    0.376942042246057429E+01    0.741532748956179955E+01    0.282621383666992188E+00    0.366823492406813534E+01    0.771816807985305831E+00    0.285228791421651851E+01    0.154653020300640804E+02    0.152741759350163306E+02    0.154560343621365188E+02   -0.706861143852573605E+03   -0.810303421579844851E+01    1
    0.209812688827514648E+01    0.553194093704223633E+01    0.753296348452568054E+01    0.458322591374658650E+01    0.463732391971006486E+01    0.280035305023193348E+00    0.107128493213826719E+02    0.566813802719116189E+00    0.294348817521333705E+01    0.154602855140826350E+02    0.154617008973313155E+02    0.154608119947040770E+02   -0.706847484477201192E+03   -0.810336754913168633E+01    1
    0.246748352050781250E+01    0.196639871597290039E+01    0.282814714312553406E+01    0.378031883534541358E+01    0.666859255888914149E+01    0.351011061668396018E+00    0.110647199179144096E+02    0.575021791458129927E+00    0.291498578482866311E+01    0.154723526963381417E+02    0.154748264634473092E+02    0.154738436953854279E+02   -0.706465752978983801E+03   -0.810370088246498455E+01    1
    0.309840679168701172E+00    0.626257371902465820E+01    0.399897071719169617E+01    0.277463525836813707E+01    0.500497829818004281E+01    0.330043053627014138E+00    0.911995358362343467E+01    0.537171262502670332E+00    0.282999872511625306E+01    0.153895612046411667E+02    0.153895097221408754E+02    0.153916822301392724E+02   -0.706438769435879976E+03   -0.810403421579838046E+01    1
    0.122816944122314453E+01    0.730529594421386719E+01    0.146387192606925964E+01    0.331740556208995230E+01    0.685521856989561051E+01    0.106755089759826671E+00    0.154804745363394858E+02    0.316723132133483909E+00    0.281064357584714886E+01    0.156187523312866290E+02    0.156207001461446069E+02    0.156182668424244362E+02   -0.706318406004805865E+03   -0.810436754913173729E+01    1
    0.199856281280517578E+00    0.778463697433471680E+01    0.609013977646827698E+01    0.225573419707821410E+01    0.311274399596879370E+01    0.220345175266265875E+00    0.123160620483130643E+02    0.262667983770370483E+00    0.294921258914470652E+01    0.155220772582968536E+02    0.155191074543321914E+02    0.155200428703827402E+02   -0.706233065359854436E+03   -0.810470088246511544E+01    1
    0.489393329620361328E+01    0.347675371170043945E+01    0.257405388355255127E+01    0.526081808084579983E+01    0.799162002692008144E+01    0.115663993358612063E+00    0.895697375965504605E+01    0.278266638517379761E+00    0.266255806154012653E+01    0.153811556238566691E+02    0.153842092105652348E+02    0.153819538069315307E+02   -0.706209122854673183E+03   -0.810503421579840477E+01    1
    0.653675127029418945E+01    0.633257532119750977E+01    0.250402587652206421E+01    0.324167612661673399E+01    0.327827214777729248E+01    0.241363322734832769E+00    0.147390687546280041E+02    0.141335791349411016E+00    0.292003022819757474E+01    0.155972714342387775E+02    0.155974171604261098E+02    0.155986720203743126E+02   -0.706115467257387991E+03   -0.810536754913168700E+01    1
    0.280726623535156250E+01    0.166833353042602539E+01    0.591349485516548157E+01    0.318899180747780031E+01    0.513703768975028030E+01    0.532996475696563721E+00    0.268401050799135952E+02    0.250434696674346924E+00    0.279886926084756826E+01    0.158583279855254187E+02    0.158584344753578819E+02    0.158576317159386022E+02   -0.706049229937919449E+03   -0.810570088246506337E+01    1
    0.274936103820800781E+01    0.609930801391601562E+01    0.622727754712104797E+01    0.450849555594895790E+01    0.466110452644262629E+01    0.190927278995513927E+00    0.130987635377663150E+02    0.404485976696014382E+00    0.241168029868602751E+01    0.155468402255277542E+02    0.155476309311431464E+02    0.155473209051919117E+02   -0.706044963835009526E+03   -0.810603421579845573E+01    1
    0.329091644287109375E+01    0.478844976425170898E+01    0.406564685702323914E+01    0.621373170710973088E+01    0.696580501846393485E+01    0.293809843063354503E+00    0.271300938168224715E+01    0.687990373373031594E+00    0.239848025691509248E+01    0.152411087173115103E+02    0.154164051724559314E+02    0.150984304952427433E+02   -0.706021574223568905E+03   -0.810636754913180546E+01    1
    0.610310602188110352E+01    0.692891550064086914E+01    0.155931878089904785E+01    0.339500656644578269E+01    0.814798253681233753E+01    0.490121364593505859E+00    0.463890072771513484E+01    0.167326182126998901E+00    0.271708758145570739E+01    0.155847928569096279E+02    0.152471465865297162E+02    0.153309873800108374E+02   -0.705563403999087086E+03   -0.810670088246506104E+01    1
    0.333458614349365234E+01    0.651751518249511719E+00    0.158754813671112061E+01    0.271598689451934039E+01    0.279982755683605467E+01    0.156700825691223150E+00    0.175322489470160541E+02    0.433869254589080877E+00    0.253116089820861800E+01    0.156725754789748173E+02    0.156740071351031833E+02    0.156743353177850580E+02   -0.705440262163527564E+03   -0.810703421579836991E+01    1
    0.273770189285278320E+01    0.423204278945922852E+01    0.709285366535186768E+01    0.632140921521764909E+01    0.776455814822023971E+01    0.388196563720703103E+00    0.773339549459055675E+01    0.534215629100799561E+00    0.291111672854423542E+01    0.153169447871055731E+02    0.153217006404294072E+02    0.153185894355688745E+02   -0.705248241378566490E+03   -0.810736754913170898E+01    1
    0.421578454971313477E+01    0.236827993392944336E+01    0.332299414277076721E+01    0.671293826520925752E+01    0.816447185668370601E+01    0.111428678035736084E+00    0.552505388884486592E+01    0.465945577621459939E+00    0.301602626281976693E+01    0.151764291965792530E+02    0.151770217164993397E+02    0.151740977101774313E+02   -0.705182151367994265E+03   -0.810770088246506226E+01    1
    0.365892362594604492E+01    0.752307462692260742E+01    0.748111057281494141E+01    0.379851066022512551E+01    0.534065270328381114E+01    0.332377541065216053E+00    0.201930886172303730E+02    0.147964763641357439E+00    0.265041924345493296E+01    0.157340516164605120E+02    0.157348755210029854E+02    0.157341543127037848E+02   -0.705144137135974802E+03   -0.810803421579843153E+01    1
    0.167020559310913086E+01    0.402113819122314453E+01    0.112638297677040100E+01    0.244451956243071855E+01    0.406487107020436156E+01    0.150574409961700434E+00    0.202993773008266700E+02    0.651570105552673362E+00    0.264394355744123466E+01    0.157369056495971424E+02    0.157357484367899367E+02    0.157375923747080417E+02   -0.704917306792640147E+03   -0.810836754913182922E+01    1
    0.153654575347900391E+01    0.387409496307373047E+01    0.317105773091316223E+01    0.257917872807791815E+01    0.745925878442525914E+01    0.155856609344482422E+00    0.135190191432154716E+02    0.415786123275756814E+00    0.251738639593124391E+01    0.155606474669832870E+02    0.155618537472902023E+02    0.155605095331041507E+02   -0.704134120063433556E+03   -0.810870088246509368E+01    1
    0.704790115356445312E+00    0.405482149124145508E+01    0.336336049437522888E+01    0.256457797542747912E+01    0.492621023269904512E+01    0.384495329856872514E+00    0.119066784531781380E+02    0.490170592069625877E+00    0.303005586159229257E+01    0.155067769877343249E+02    0.155046007358394977E+02    0.155056955554929328E+02   -0.704097616594896749E+03   -0.810903421579844874E+01    1
    0.125384330749511719E+01    0.565019512176513672E+01    0.294044855237007141E+01    0.314744746251633911E+01    0.444887328049857445E+01    0.275905847549438477E+00    0.190270412914764275E+01    0.562216496467590310E+00    0.230320604264736151E+01    0.149495101623542084E+02    0.151577109631942140E+02    0.148695184113489915E+02   -0.703997660414960933E+03   -0.810936754913175584E+01    1
    0.256902790069580078E+01    0.227314472198486328E+01    0.102845552563667297E+01    0.456824151872832118E+01    0.532613507039189127E+01    0.425082409381866477E+00    0.150574374210848223E+02    0.772583276033401489E+00    0.277667875021696098E+01    0.156067493803115784E+02    0.156083943329234316E+02    0.156060820459647758E+02   -0.703914557999809062E+03   -0.810970088246508070E+01    1
    0.215162563323974609E+01    0.684096288681030273E+01    0.231939154863357544E+01    0.313844919080973295E+01    0.511889200227973351E+01    0.399546170234680198E+00    0.262807611760088875E+02    0.171383559703826904E+00    0.221404508608579631E+01    0.158480197865796057E+02    0.158481249107673570E+02    0.158490481824905007E+02   -0.703805435734588968E+03   -0.811003421579849260E+01    1
    0.395003080368041992E+01    0.768699645996093750E+01    0.458897355198860168E+01    0.782813839647223286E+01    0.829539945781615806E+01    0.258279085159301758E+00    0.575001249692152161E+01    0.506041008234024092E+00    0.275291211670637104E+01    0.151936882786350331E+02    0.151914052207482708E+02    0.151904345525817668E+02   -0.703791507098082093E+03   -0.811036754913171265E+01    1
    0.651530170440673828E+01    0.471777534484863281E+01    0.297516751289367676E+01    0.271473406836552522E+01    0.814640366882052191E+01    0.511608469486236617E+00    0.303254786193293935E+01    0.589600455760955877E+00    0.290304655027389513E+01    0.150067139922548396E+02    0.150111578535236898E+02    0.150163979165365475E+02   -0.703789775198358257E+03   -0.811070088246502152E+01    1
    0.202219438552856445E+01    0.437435102462768555E+01    0.263756993412971497E+01    0.263496117917860140E+01    0.307726005109947431E+01    0.271310508251190186E+00    0.130780932695800374E+02    0.555966198444366455E+00    0.259229838389158251E+01    0.155475773733473588E+02    0.155466795188730167E+02    0.155461067994510298E+02   -0.703718958565363096E+03   -0.811103421579834638E+01    1
    0.343636941909790039E+01    0.954810619354248047E+00    0.180533322691917419E+01    0.277115973899670553E+01    0.367660648510314081E+01    0.252298009395599376E+00    0.198078591153028967E+02    0.446046698093414351E+00    0.250223899781703940E+01    0.157268124256908006E+02    0.157253743895130231E+02    0.157259127652679016E+02   -0.703592912632056823E+03   -0.811136754913162505E+01    1
    0.468058586120605469E+00    0.359098196029663086E+01    0.539394944906234741E+00    0.213199558807110634E+01    0.498703016819383294E+01    0.104790210723876953E+00    0.255934400699937292E+02    0.327542948722839400E+00    0.269910401231050479E+01    0.158368545281143778E+02    0.158367018388768432E+02    0.158368118345791995E+02   -0.703555865443208859E+03   -0.811170088246499610E+01    1
    0.517198085784912109E+01    0.521008253097534180E+01    0.242744120955467224E+01    0.690319523507874422E+01    0.765592585462714581E+01    0.262783694267272938E+00    0.107326400945268396E+02    0.216611450910568243E+00    0.286089439731836315E+01    0.154599484249705270E+02    0.154619881339203094E+02    0.154593938714969017E+02   -0.703522987766080405E+03   -0.811203421579841866E+01    1
    0.263189554214477539E+01    0.204880762100219727E+01    0.133939060568809509E+01    0.275177991563077518E+01    0.652437582266907334E+01    0.228942084312438954E+00    0.289945733449366720E+02    0.442892420291900679E+00    0.294693387556076036E+01    0.158906617321794936E+02    0.158919275945109089E+02    0.158909239297324039E+02   -0.703437294670390088E+03   -0.811236754913187141E+01    1
    0.129954767227172852E+01    0.560929346084594727E+01    0.743974867463111877E+01    0.309982811680013892E+01    0.752855666882437813E+01    0.213965094089508062E+00    0.276709674617091537E+02    0.184654486179351818E+00    0.301181102222204222E+01    0.158713557825243505E+02    0.158714609529763422E+02    0.158708333356815618E+02   -0.703409165887204153E+03   -0.811270088246515542E+01    1
    0.768170356750488281E+01    0.700817489624023438E+01    0.438186410069465637E+01    0.553043634108121651E+01    0.622697453196227269E+01    0.425926697254180864E+00    0.172713813341159228E+01    0.193821471929550182E+00    0.266464538949727991E+01    0.148901901948711899E+02    0.147283168015526531E+02    0.147876526960525077E+02   -0.703346861300331398E+03   -0.811303421579845896E+01    1
    0.278879833221435547E+01    0.467916822433471680E+01    0.298217478394508362E+01    0.404534513392865058E+01    0.515441010212125228E+01    0.479233026504516602E+00    0.800747774322309525E+01    0.675744265317916870E+00    0.223320647132396699E+01    0.155088500397725912E+02    0.153756787834767028E+02    0.153973940898673192E+02   -0.703340765592967841E+03   -0.811336754913178915E+01    1
    0.322481775283813477E+01    0.386871385574340820E+01    0.403759765625000000E+01    0.396299583152433055E+01    0.794866013714942454E+01    0.204813754558563238E+00    0.640043963979886765E+01    0.563079094886779763E+00    0.257812992680072783E+01    0.152385429679703499E+02    0.152387757903574848E+02    0.152389129350732162E+02   -0.703048672738568712E+03   -0.811370088246499144E+01    1
    0.243593692779541016E+01    0.100252962112426758E+01    0.198102864623069763E+01    0.500894533174848533E+01    0.808823021454030666E+01    0.243896937370300299E+00    0.182569443229274597E+02    0.747050309181213401E+00    0.299463140428066232E+01    0.156917352013254181E+02    0.156899714809855180E+02    0.156896967860346663E+02   -0.702997780262148353E+03   -0.811403421579828432E+01    1
    0.329917287826538086E+01    0.114861011505126953E+00    0.350511658191680908E+01    0.381221392641502810E+01    0.711754177394056420E+01    0.486965978145599387E+00    0.336728252129808681E+02    0.321585226058960005E+00    0.250519525295495971E+01    0.159557119924602819E+02    0.159556305760606403E+02    0.159563727722426627E+02   -0.702956595893620261E+03   -0.811436754913171931E+01    1
    0.168262720108032227E+01    0.442453145980834961E+01    0.527709919214248657E+01    0.202630771954803990E+01    0.707937889194458947E+01    0.193791949748992942E+00    0.153116371046149151E+02    0.267347365617752075E+00    0.222451942610740661E+01    0.156152986701995058E+02    0.156136696605225271E+02    0.156142624922720756E+02   -0.702588754869108129E+03   -0.811470088246517385E+01    1
    0.355872297286987305E+01    0.828546047210693359E+00    0.791058588027954102E+01    0.278281649230738459E+01    0.528318192929849673E+01    0.331086325645446766E+00    0.218076237754795734E+02    0.293926662206649758E+00    0.282747275871038450E+01    0.157674104934752393E+02    0.157674338790902446E+02    0.157677286223236059E+02   -0.702566050802361815E+03   -0.811503421579853423E+01    1
    0.392652416229248047E+01    0.340358877182006836E+01    0.615486729145050049E+01    0.267837901039869664E+01    0.760132564460948945E+01    0.239317190647125255E+00    0.427312471685256945E+01    0.613106799125671342E+00    0.287659920227527621E+01    0.151050071768430865E+02    0.150959752887419256E+02    0.152093922910079105E+02   -0.702507335387587773E+03   -0.811536754913188929E+01    1
    0.656039619445800781E+01    0.346365976333618164E+01    0.302956047654151917E+01    0.272675160118437088E+01    0.506934174613539845E+01    0.349083769321441639E+00    0.670325063667584686E+01    0.327794647216796853E+00    0.223256688302755357E+01    0.152598903995977047E+02    0.152565576623758101E+02    0.152601975195780852E+02   -0.702492353608531857E+03   -0.811570088246515198E+01    1
    0.258844947814941406E+01    0.631601095199584961E+01    0.417966890335083008E+01    0.754381525699542088E+01    0.817343175448064763E+01    0.172073388099670432E+00    0.321628069400635184E+02    0.231149667501449607E+00    0.244432308584451663E+01    0.159359979079354179E+02    0.159363435494964261E+02    0.159355488675379089E+02   -0.702405125974720818E+03   -0.811603421579843420E+01    1
    0.282979726791381836E+01    0.193959093093872070E+01    0.187256145477294922E+01    0.404166303998413490E+01    0.517864619842676710E+01    0.508094954490661666E+00    0.137507938378684766E+02    0.644644266366958596E+00    0.228877140671014789E+01    0.155691541452613400E+02    0.155687132028688957E+02    0.155689691684420453E+02   -0.702212649769584687E+03   -0.811636754913185854E+01    1
    0.248689699172973633E+01    0.610220623016357422E+01    0.549118685722351074E+01    0.673983943788898010E+01    0.766442004697132173E+01    0.125067675113677973E+00    0.240179164940128587E+02    0.325705206394195534E+00    0.260236176604032510E+01    0.158097208835217113E+02    0.158097357619079570E+02    0.158091754660747412E+02   -0.702184051381425888E+03   -0.811670088246519050E+01    1
    0.316129350662231445E+01    0.514121770858764648E+01    0.419300216436386108E+01    0.365856834486636240E+01    0.550049472175384668E+01    0.166451120376586936E+00    0.192904726751182451E+02    0.210145556926727317E+00    0.268897287094593063E+01    0.157145413300467798E+02    0.157142394085779014E+02    0.157156497007319569E+02   -0.702120986800774858E+03   -0.811703421579839279E+01    1
    0.244379901885986328E+01    0.393245220184326172E+00    0.781286835670471191E+00    0.440618545607152434E+01    0.778270073730607415E+01    0.451502025127410889E+00    0.964436958005484968E+01    0.695152997970581055E+00    0.303384000378847141E+01    0.154137420663624969E+02    0.154135327100978348E+02    0.154163652082971172E+02   -0.701842536002950055E+03   -0.811736754913162528E+01    1
    0.446200799942016602E+01    0.117766237258911133E+01    0.367032545804977417E+01    0.225714554424403602E+01    0.779208151634169610E+01    0.537490999698638894E+00    0.294230176469429452E+02    0.489848244190216109E+00    0.301996646881103503E+01    0.158975368739989662E+02    0.158977079868643365E+02    0.158978423411574656E+02   -0.701811271672866383E+03   -0.811770088246506383E+01    1
    0.267682981491088867E+01    0.258992815017700195E+01    0.105678099393844604E+01    0.343866581673116478E+01    0.547225768432020132E+01    0.399873077869415283E+00    0.349566040597990693E+02    0.279642343521118164E+00    0.238706487852334970E+01    0.159717855067527168E+02    0.159720088971266136E+02    0.159727463196934103E+02   -0.701582089998950778E+03   -0.811803421579852014E+01    1
    0.272005319595336914E+01    0.229632949829101562E+01    0.340428519248962402E+01    0.533221386082798166E+01    0.817944295733327920E+01    0.518256843090057373E+00    0.692743861924230497E+01    0.756908714771270752E+00    0.269848947316408161E+01    0.155635009681964078E+02    0.153128552453576212E+02    0.153699392021781165E+02   -0.701281610325404699E+03   -0.811836754913182190E+01    1
    0.261139678955078125E+01    0.330339860916137695E+01    0.750466528534889221E+01    0.542567662115595795E+01    0.793301220550074504E+01    0.386404776573181175E+00    0.325296737809419056E+02    0.184346568584442150E+00    0.258559533256292351E+01    0.159411708381934059E+02    0.159411436467945560E+02    0.159405378188415661E+02   -0.701226614588156849E+03   -0.811870088246517696E+01    1
    0.312845563888549805E+01    0.174145746231079102E+01    0.627187910676002502E+01    0.261309556447976998E+01    0.451514519334356557E+01    0.356746661663055464E+00    0.311388164127468734E+02    0.190678673982620228E+00    0.234731714034080508E+01    0.159219033560540950E+02    0.159218251758384923E+02    0.159223733258909554E+02   -0.701115877308512381E+03   -0.811903421579843965E+01    1
    0.130984497070312500E+01    0.745563316345214844E+01    0.125519114732742310E+01    0.238576676120070186E+01    0.548130433846048515E+01    0.328288924694061235E+00    0.216159587603345527E+01    0.925321882963180520E+00    0.298903744834661467E+01    0.148890555179178818E+02    0.149413745692222530E+02    0.148666913739743158E+02   -0.701109141445849218E+03   -0.811936754913165615E+01    1
    0.774956798553466797E+01    0.660304021835327148E+01    0.654580819606781006E+01    0.570691984794656193E+01    0.821765233390734195E+01    0.294107389450073253E+00    0.421685838112460409E+01    0.448341757059097290E+00    0.221739099466800660E+01    0.155607082981026590E+02    0.152418220038591414E+02    0.152731582739416574E+02   -0.701057281281781115E+03   -0.811970088246507515E+01    1
    0.722688961029052734E+01    0.147767448425292969E+01    0.118969249725341797E+01    0.238720714576589410E+01    0.554418729839635027E+01    0.270151042938232444E+00    0.293227902304234522E+01    0.228861957788467407E+00    0.276226663321256627E+01    0.153309296331528255E+02    0.150908375789632689E+02    0.153805430211081049E+02   -0.701035233378409089E+03   -0.812003421579839824E+01    1
    0.184147739410400391E+01    0.784800863265991211E+01    0.411876353621482849E+01    0.323418653204545237E+01    0.481106153585393059E+01    0.337299323081970193E+00    0.249497350870377481E+02    0.173454922437667858E+00    0.261661351788043994E+01    0.158256753163538395E+02    0.158258527921600063E+02    0.158268264775856942E+02   -0.700788235605552586E+03   -0.812036754913171066E+01    1
    0.278978347778320312E+01    0.783799934387207031E+01    0.154109987616539001E+01    0.476897440357418922E+01    0.489907366869842775E+01    0.370401680469512939E+00    0.113492728538807999E+02    0.492727971076965310E+00    0.255352396965026873E+01    0.154868637342395896E+02    0.154846527542826742E+02    0.154855720126800609E+02   -0.700742232691611775E+03   -0.812070088246511368E+01    1
    0.384228229522705078E+01    0.908577919006347656E+00    0.125142756104469299E+01    0.229644509350121995E+01    0.689142140644237422E+01    0.191840159893035878E+00    0.117685144783954865E+02    0.555201393365860052E+00    0.296995642280578620E+01    0.155016282689467548E+02    0.154993822668854122E+02    0.155022638182400243E+02   -0.700667581477044905E+03   -0.812103421579852913E+01    1
    0.240026521682739258E+01    0.749257707595825195E+01    0.306993532180786133E+01    0.610789458223910398E+01    0.638685571030309784E+01    0.493566429615020730E+00    0.233575083724806287E+01    0.830616730451583907E+00    0.274669228625297546E+01    0.150828807855348668E+02    0.149741792667466971E+02    0.148701948536380257E+02   -0.700479657509609183E+03   -0.812136754913189307E+01    1
    0.614692783355712891E+01    0.521206665039062500E+01    0.701099801063537598E+01    0.202725106584666648E+01    0.374540019668360369E+01    0.228518295288085926E+00    0.154445078947049974E+01    0.134600174427032482E+00    0.285150046002864865E+01    0.150119727413560113E+02    0.151646852688971308E+02    0.148855910441390211E+02   -0.700358178866864023E+03   -0.812170088246515753E+01    1
    0.687295436859130859E+01    0.474083900451660156E+01    0.794466602802276611E+01    0.279803441009470966E+01    0.687621543190853846E+01    0.207651209831237804E+00    0.631954317349842842E+01    0.323804432153701804E+00    0.262562797319889052E+01    0.152319815370691565E+02    0.152304457541901108E+02    0.152313634213492435E+02   -0.700308257719056883E+03   -0.812203421579846818E+01    1
    0.397208929061889648E+01    0.712893342971801758E+01    0.174449625611305237E+01    0.607506153306966290E+01    0.621289189168334666E+01    0.277452909946441673E+00    0.166200033880715097E+02    0.188317310810089122E+00    0.221554793387651427E+01    0.156507091903903159E+02    0.156491631698520433E+02    0.156512622446762304E+02   -0.699959754075920614E+03   -0.812236754913180015E+01    1
    0.255562257766723633E+01    0.577671527862548828E+00    0.604699108004570007E+01    0.336616049628817660E+01    0.574186347321892754E+01    0.393346977233886674E+00    0.531927126126158267E+01    0.910702073574066184E+00    0.240844551724195455E+01    0.154984188622423318E+02    0.152953370208222434E+02    0.155015452721189089E+02   -0.699931556326660711E+03   -0.812270088246513744E+01    1
    0.291291522979736328E+01    0.795008659362792969E+01    0.161444845795631409E+01    0.244731339422779337E+01    0.271740458366985971E+01    0.497019898891448930E+00    0.118570339466264425E+02    0.860841578245162942E+00    0.226822715657949425E+01    0.155051516298327758E+02    0.155029655568601736E+02    0.155025089345081035E+02   -0.699922520138543632E+03   -0.812303421579848184E+01    1
    0.334739589691162109E+01    0.654849100112915039E+01    0.721444132924079895E+01    0.472354303918168839E+01    0.560106556368239694E+01    0.178543198108673085E+00    0.795574763799144691E+01    0.509016168117523260E+00    0.243025108063220951E+01    0.153325708065813746E+02    0.153334602254962338E+02    0.153333388196614298E+02   -0.699904280448776944E+03   -0.812336754913184045E+01    1
    0.205260801315307617E+01    0.285061931610107422E+01    0.542498707771301270E+00    0.324877286485014505E+01    0.611543215432848886E+01    0.177741003036499035E+00    0.237457362601437154E+02    0.441436570882797308E+00    0.300470040351152434E+01    0.158049249193792818E+02    0.158051704562772475E+02    0.158049029015609257E+02   -0.699802473894731520E+03   -0.812370088246505162E+01    1
    0.196398067474365234E+01    0.315770196914672852E+01    0.449960324168205261E+01    0.208065674606756934E+01    0.657192562265223046E+01    0.440901219844818115E+00    0.918815287392759394E+01    0.522097247838974043E+00    0.299218063592910788E+01    0.153918308456744075E+02    0.153949773311527700E+02    0.153940611647398153E+02   -0.699800454240898716E+03   -0.812403421579833740E+01    1
    0.454430913925170898E+01    0.112636518478393555E+01    0.168005260825157166E+01    0.244444077982183794E+01    0.664108038700404180E+01    0.175108611583709717E+00    0.367040988022662091E+02    0.559616309404373236E+00    0.254999462032318114E+01    0.159938787580523147E+02    0.159939154781071764E+02    0.159930108436315415E+02   -0.699799135514257614E+03   -0.812436754913174575E+01    1
    0.609206676483154297E+00    0.511321449279785156E+01    0.242291721701622009E+01    0.276163936257001774E+01    0.345405493313549350E+01    0.450626337528228782E+00    0.441588682833595847E+01    0.810867410898208574E+00    0.254568712800741181E+01    0.153276506248914721E+02    0.152187683820046065E+02    0.153069800198228538E+02   -0.699598249117864270E+03   -0.812470088246514699E+01    1
    0.497002983093261719E+01    0.699225091934204102E+01    0.619216966629028320E+01    0.334549929989915906E+01    0.716311339111674350E+01    0.283907592296600342E+00    0.174263252965561719E+02    0.129933613538742082E+00    0.286267364603281038E+01    0.156695988721401172E+02    0.156704752455316285E+02    0.156714903932783223E+02   -0.699559113462272762E+03   -0.812503421579843099E+01    1
    0.310411405563354492E+01    0.433286952972412109E+01    0.550242245197296143E+00    0.459404074135105667E+01    0.517387795098889391E+01    0.303681302070617665E+00    0.522032593432756098E+01    0.622308707237243630E+00    0.296221244013309493E+01    0.151529908835785267E+02    0.151519734502090930E+02    0.151475787000809383E+02   -0.699511360848190975E+03   -0.812536754913167947E+01    1
    0.246380901336669922E+01    0.229799652099609375E+01    0.317213150858879089E+01    0.512445330595669812E+01    0.609611757851017799E+01    0.391385066509246871E+00    0.134863177244046106E+02    0.589415490627288818E+00    0.265932596212625505E+01    0.155592317266363462E+02    0.155587435569754966E+02    0.155586498605042145E+02   -0.699504684858393375E+03   -0.812570088246499012E+01    1
    0.247686052322387695E+01    0.190925788879394531E+01    0.734864118695259094E+01    0.689332559695514391E+01    0.692052955996444918E+01    0.417862975597381614E+00    0.965293611792860062E+01    0.695877087116241411E+00    0.270896705186367015E+01    0.154141982287734685E+02    0.154153527301721649E+02    0.154157433396544494E+02   -0.699168589938389005E+03   -0.812603421579828478E+01    1
    0.662952327728271484E+01    0.269064140319824219E+01    0.719924974441528320E+01    0.377567949483580767E+01    0.527996608746277296E+01    0.436131215095519997E+00    0.607798729854701225E+01    0.345778644084930420E+00    0.283917491191625615E+01    0.152178670664743212E+02    0.152156595153166059E+02    0.152182865569574961E+02   -0.699053034640057376E+03   -0.812636754913168424E+01    1
    0.279787397384643555E+01    0.496794795989990234E+01    0.365948665142059326E+01    0.417184238627204351E+01    0.619721563095501082E+01    0.181063723564147960E+00    0.285315618992001063E+02    0.177368479967117298E+00    0.236516858154535292E+01    0.158841814361675038E+02    0.158843028904231183E+02    0.158840448902816469E+02   -0.698960154793284573E+03   -0.812670088246513878E+01    1
    0.247500085830688477E+01    0.799547767639160156E+01    0.175942319631576538E+01    0.531281654237265943E+01    0.620187347361722008E+01    0.422034668922424361E+00    0.205402650157096858E+02    0.238877433538436906E+00    0.305595243191719046E+01    0.157417747829084167E+02    0.157417079736028107E+02    0.157414471974363330E+02   -0.698709025235643708E+03   -0.812703421579841745E+01    1
    0.197520542144775391E+01    0.297665739059448242E+01    0.464567634463310242E+01    0.220479791291904137E+01    0.558128204655926830E+01    0.389537382125854537E+00    0.299388222768698249E+02    0.214148700237274170E+00    0.248583372753858534E+01    0.159052471252574179E+02    0.159051663621300499E+02    0.159052625296036165E+02   -0.698468659335172561E+03   -0.812736754913168014E+01    1
    0.348181581497192383E+01    0.194249200820922852E+01    0.705717089772224426E+01    0.377024812898717165E+01    0.717089376130650713E+01    0.189056134223937994E+00    0.165625309487056995E+02    0.175961232185363775E+00    0.290325812703371033E+01    0.156492880496445732E+02    0.156480644348837679E+02    0.156479251576988183E+02   -0.698458170099474046E+03   -0.812770088246509737E+01    1
    0.457035112380981445E+01    0.260169124603271484E+01    0.644763800501823425E+01    0.214696626488719078E+01    0.777510973992595034E+01    0.447561144828796387E+00    0.212460158215054884E+01    0.455900168418884255E+00    0.264161570703983317E+01    0.149635962553153483E+02    0.149009820621451023E+02    0.148268948828335372E+02   -0.698454656499560429E+03   -0.812803421579847729E+01    1
    0.518651008605957031E-01    0.528804636001586914E+01    0.581919196248054504E+01    0.234262106452375063E+01    0.434302719378635516E+01    0.410854506492614791E+00    0.149421018928563427E+02    0.319192910194396995E+00    0.239339613974094378E+01    0.156042510977213400E+02    0.156041889633165702E+02    0.156032743600454662E+02   -0.698438233625748467E+03   -0.812836754913182880E+01    1
    0.314391469955444336E+01    0.310264015197753906E+01    0.517935037612915039E+00    0.311302414956869011E+01    0.422768586931330592E+01    0.417418587207794234E+00    0.360649556661669948E+02    0.138856410980224609E+00    0.233695959514379492E+01    0.159859978254005526E+02    0.159855918459694717E+02    0.159859258567027389E+02   -0.698151571392698202E+03   -0.812870088246517319E+01    1
    0.774425697326660156E+01    0.264786624908447266E+01    0.543718594312667847E+01    0.522515693373013868E+01    0.634661970470021775E+01    0.506954693794250510E+00    0.801043429815834074E+01    0.253417795896530129E+00    0.247107901912927641E+01    0.153371036919712669E+02    0.153353620031618316E+02    0.153326394850962444E+02   -0.698113466166665944E+03   -0.812903421579854246E+01    1
    0.284692335128784180E+01    0.312888050079345703E+01    0.273400831222534180E+01    0.264787947483232688E+01    0.757639336024524201E+01    0.330137860774993852E+00    0.117952814403688144E+02    0.397192728519439764E+00    0.268014322268962868E+01    0.155026310007174288E+02    0.155007775136933201E+02    0.155028810951117624E+02   -0.698050182388581447E+03   -0.812936754913179449E+01    1
    0.498080158233642578E+01    0.677597045898437500E+00    0.422990399599075317E+01    0.471231967867479362E+01    0.477852143999422196E+01    0.239553582668304454E+00    0.607277436919547942E+01    0.374843758344650335E+00    0.285458661651611312E+01    0.152168596999279355E+02    0.152169636621024793E+02    0.152122668665506016E+02   -0.698045854446395083E+03   -0.812970088246498790E+01    1
    0.493308925628662109E+01    0.617078208923339844E+01    0.267370063066482544E+01    0.378816024387680006E+01    0.471620552257856396E+01    0.456531381607055642E+00    0.125007346601890159E+02    0.205815935134887718E+00    0.247986681759357452E+01    0.155272540232451171E+02    0.155264929364471680E+02    0.155263420932477505E+02   -0.697989822005715382E+03   -0.813003421579837848E+01    1
    0.268593120574951172E+01    0.496385431289672852E+01    0.419663119316101074E+01    0.232194491096771438E+01    0.416904572650636318E+01    0.290949392318725575E+00    0.229069242678219034E+02    0.140714645385742188E+00    0.297553474199771895E+01    0.157897591335368013E+02    0.157890054933780419E+02    0.157882820226210576E+02   -0.697981473813732578E+03   -0.813036754913186321E+01    1
    0.552808284759521484E+01    0.583619117736816406E+00    0.120225596427917480E+01    0.220640457950928814E+01    0.391250506658311492E+01    0.484625267982482955E+00    0.694260777402198936E+01    0.996866804361343339E+00    0.249823624485731122E+01    0.152746055551899911E+02    0.152717605174056530E+02    0.152706779882690231E+02   -0.697884140518499635E+03   -0.813070088246515965E+01    1
    0.419835805892944336E+01    0.272111892700195312E+00    0.270414325594902039E+01    0.458546832580209429E+01    0.759185713361661918E+01    0.423226428031921342E+00    0.112043696416031491E+02    0.259918129444122292E+00    0.225734899389743804E+01    0.154784338813971072E+02    0.154800932681778836E+02    0.154799254457147484E+02   -0.697509780454038719E+03   -0.813103421579837260E+01    1
    0.252798986434936523E+01    0.300908851623535156E+01    0.757462400197982788E+01    0.347341427683589909E+01    0.687977795878385656E+01    0.194747781753540045E+00    0.941432185503550301E+01    0.679044777154922508E+00    0.243406502878665920E+01    0.154076282899278016E+02    0.154049668464754195E+02    0.154050269544856828E+02   -0.697444465264066707E+03   -0.813136754913162463E+01    1
    0.251476383209228516E+01    0.128992605209350586E+01    0.235478508472442627E+01    0.599942187326703014E+01    0.634092696584244742E+01    0.217293214797973644E+00    0.913211922014038002E+01    0.861224383115768433E+00    0.260502436417341210E+01    0.153913410505190260E+02    0.154037109894047628E+02    0.154413349647783580E+02   -0.697342582897585771E+03   -0.813170088246504541E+01    1
    0.330030918121337891E+01    0.140501117706298828E+01    0.387663561105728149E+01    0.300487896530090204E+01    0.635199401703083844E+01    0.149900674819946289E+00    0.184859054873243949E+02    0.251763087511062633E+00    0.248893466049432766E+01    0.156953184561874970E+02    0.156958069578787285E+02    0.156970043488535058E+02   -0.697269107046046315E+03   -0.813203421579840402E+01    1
    0.348307847976684570E+01    0.462168121337890625E+01    0.564195337891578674E+01    0.494570820703177372E+01    0.677121297728137250E+01    0.381969046592712358E+00    0.142124390777143841E+02    0.229613673686981212E+00    0.257572045159339913E+01    0.155827698273272528E+02    0.155835809387775512E+02    0.155838346830450014E+02   -0.697116835876128221E+03   -0.813236754913166848E+01    1
    0.162290668487548828E+01    0.403066444396972656E+01    0.718053194880485535E+01    0.305197617649815101E+01    0.738075369297003814E+01    0.508727455139160178E+00    0.158888868444740243E+02    0.367857354879379317E+00    0.305341239750385274E+01    0.156318968748680618E+02    0.156312559170854666E+02    0.156302324376337936E+02   -0.696690254731664822E+03   -0.813270088246500578E+01    1
    0.187371349334716797E+01    0.396401548385620117E+01    0.301299783587455750E+01    0.320601704053645520E+01    0.517566549759867822E+01    0.113783514499664312E+00    0.281228678111006225E+02    0.208094418048858643E+00    0.276675027924776096E+01    0.158776424303870716E+02    0.158777148387332616E+02    0.158786028178647136E+02   -0.696400698031584852E+03   -0.813303421579841235E+01    1
    0.287379503250122070E+01    0.120165538787841797E+01    0.348065662384033203E+01    0.301407681703039732E+01    0.558403078366229799E+01    0.475364100933074907E+00    0.128999891194627523E+02    0.724470132589340232E+00    0.289290088546276092E+01    0.155409495630776817E+02    0.155389527143581656E+02    0.155406893767938197E+02   -0.696328388723115722E+03   -0.813336754913188820E+01    1
    0.319762754440307617E+01    0.250508308410644531E+00    0.265045034885406494E+01    0.356439899908807512E+01    0.578190643742088461E+01    0.370582389831543013E+00    0.202859329809839366E+02    0.540190947055816717E+00    0.254375014555454237E+01    0.157372583554756797E+02    0.157372515116961686E+02    0.157354827020711241E+02   -0.695780315565395654E+03   -0.813370088246526635E+01    1
    0.229685640335083008E+01    0.635470247268676758E+01    0.165094438195228577E+01    0.781370207730971789E+01    0.792667774342631848E+01    0.122702682018280038E+00    0.198507302292123278E+02    0.459375667572021529E+00    0.298280349928140653E+01    0.157267206058002103E+02    0.157260250710647949E+02    0.157267674664217605E+02   -0.695627018263743594E+03   -0.813403421579857522E+01    1
    0.282829093933105469E+01    0.606746673583984375E+00    0.223575580120086670E+01    0.463698222179767150E+01    0.591217807595128342E+01    0.449308586120605424E+00    0.130559521953646005E+02    0.507226866483688421E+00    0.258661207503080348E+01    0.155463053125350115E+02    0.155462935588662816E+02    0.155470422404745019E+02   -0.695495988491540743E+03   -0.813436754913185567E+01    1
    0.318063354492187500E+01    0.293271541595458984E+00    0.773465979099273682E+01    0.586778273174138398E+01    0.685679098576961010E+01    0.374543583393096902E+00    0.190429353800018006E+02    0.213697177171707164E+00    0.236104635173082356E+01    0.157084121714307390E+02    0.157086450719303965E+02    0.157091112475601609E+02   -0.695304075194708616E+03   -0.813470088246516276E+01    1
    0.426711988449096680E+01    0.219837188720703125E+01    0.552047970890998840E+01    0.459144004827535213E+01    0.822984265036356000E+01    0.170555222034454335E+00    0.993006244406125660E+01    0.276272201538085960E+00    0.271954553562402701E+01    0.154269071276795486E+02    0.154271266011957611E+02    0.154293235355076011E+02   -0.695197957643381869E+03   -0.813503421579837571E+01    1
    0.173476409912109375E+01    0.698609018325805664E+01    0.119328084588050842E+01    0.387635521102748637E+01    0.428099919720100530E+01    0.425214195251464866E+00    0.482947577597805910E+01    0.442278891801834106E+00    0.255059392756223691E+01    0.155251237802582072E+02    0.152377642154996309E+02    0.154691249666220099E+02   -0.694985517509472857E+03   -0.813536754913176097E+01    1
    0.314062595367431641E+01    0.124236726760864258E+01    0.565638276934623718E+01    0.331069174343484018E+01    0.652054331113177987E+01    0.238117992877960205E+00    0.242977773666235279E+02    0.374029064178466819E+00    0.256507957267761233E+01    0.158144858486752753E+02    0.158144801236712809E+02    0.158137824132494220E+02   -0.694955550793427506E+03   -0.813570088246522083E+01    1
    0.379258871078491211E+01    0.739457321166992188E+01    0.223641607165336609E+01    0.559204605568814017E+01    0.809354719693302371E+01    0.256434762477874778E+00    0.180554481663261051E+02    0.157988446950912492E+00    0.268726932632923132E+01    0.156856896134112187E+02    0.156859740147968143E+02    0.156854709353270554E+02   -0.694857934483011945E+03   -0.813603421579848174E+01    1
    0.289952182769775391E+01    0.171072292327880859E+01    0.220295774936676025E+01    0.247936336585263106E+01    0.349746207336093562E+01    0.367097306251525923E+00    0.136530460757854826E+02    0.718406677246093750E+00    0.284532349145412455E+01    0.155662345601286312E+02    0.155639321255838716E+02    0.155656509395246516E+02   -0.694816542471998787E+03   -0.813636754913184923E+01    1
    0.522444486618041992E+01    0.274441766738891602E+01    0.730714026093482971E+01    0.386384231076547779E+01    0.680308774281314932E+01    0.390076041221618652E+00    0.626946745821249518E+01    0.362572437524795510E+00    0.268654290097951876E+01    0.152257046612074785E+02    0.152276749057289678E+02    0.152308938037371480E+02   -0.694507202738715932E+03   -0.813670088246507284E+01    1
    0.373615503311157227E+01    0.411911964416503906E+00    0.306476938724517822E+01    0.305100145354738927E+01    0.783194221637031962E+01    0.372429144382476762E+00    0.844845271488272687E+01    0.635989689826965354E+00    0.244368805193901073E+01    0.153588949041739848E+02    0.153574409838823378E+02    0.153593224864044959E+02   -0.694454292305350009E+03   -0.813703421579829111E+01    1
    0.346207332611083984E+01    0.234509372711181641E+01    0.106637346744537354E+01    0.326386928698199075E+01    0.363645771434200960E+01    0.163457739353179921E+00    0.365455655515325617E+02    0.710208773612976074E+00    0.230263310027122481E+01    0.159910812101265716E+02    0.159919869699793509E+02    0.159913712990157784E+02   -0.694432420482812631E+03   -0.813736754913166216E+01    1
    0.441166925430297852E+01    0.379677772521972656E+00    0.799252718687057495E+00    0.270244183803975258E+01    0.443204035219174308E+01    0.464223456382751420E+00    0.206687822960862881E+02    0.687603437900543235E+00    0.241110411763191212E+01    0.157435727957308362E+02    0.157441987648003163E+02    0.157438572998515696E+02   -0.694326013236301264E+03   -0.813770088246496748E+01    1
    0.272880935668945312E+01    0.843347072601318359E+00    0.280165362358093262E+01    0.462581369348242077E+01    0.687665887337226245E+01    0.409812057018280052E+00    0.270554255323710144E+02    0.220348411798477195E+00    0.276555647218227385E+01    0.158619427586019022E+02    0.158618444994147652E+02    0.158611723361814203E+02   -0.694325994004097083E+03   -0.813803421579839004E+01    1
    0.710617542266845703E+01    0.458907318115234375E+01    0.385982978343963623E+01    0.356685846325831379E+01    0.483717221381147411E+01    0.128731393814086909E+00    0.489196475259861963E+01    0.416182070970535278E+00    0.255535883253812779E+01    0.151214020588511566E+02    0.151210524067152683E+02    0.151259542785070202E+02   -0.694171235382157761E+03   -0.813836754913173799E+01    1
    0.768468046188354492E+01    0.345700597763061523E+01    0.707453283667564392E+01    0.456498670893471648E+01    0.743226786970000042E+01    0.136962413787841797E+00    0.119286124618132714E+02    0.167874640226364141E+00    0.274617318689823176E+01    0.155076900023199737E+02    0.155050098547507549E+02    0.155075385112008473E+02   -0.694012870169972643E+03   -0.813870088246502554E+01    1
    0.241444921493530273E+01    0.348781347274780273E+01    0.381432700157165527E+01    0.434418350398160147E+01    0.561984563104800117E+01    0.426847124099731468E+00    0.217263153127152329E+02    0.256241303682327282E+00    0.291429660427570347E+01    0.157652547194139245E+02    0.157665288203444867E+02    0.157669900205900131E+02   -0.694003885170126409E+03   -0.813903421579846764E+01    1
    0.718609619140625000E+01    0.596484422683715820E+01    0.123062568902969360E+01    0.387052345778207663E+01    0.795357831286517758E+01    0.158671391010284435E+00    0.523573204044140539E+01    0.369302314519882269E+00    0.302495003515481953E+01    0.151492277216743840E+02    0.151537331804181186E+02    0.151532376206472037E+02   -0.693574776065180117E+03   -0.813936754913172145E+01    1
    0.248589420318603516E+01    0.105115032196044922E+01    0.295296284556388855E+01    0.537627744785013384E+01    0.700103591440722450E+01    0.248861134052276611E+00    0.569259129027661093E+01    0.877741211652755760E+00    0.297426502841711038E+01    0.152482996207205446E+02    0.154117126917816218E+02    0.152062910787071139E+02   -0.693563891296010752E+03   -0.813970088246502854E+01    1
    0.525959396362304688E+01    0.107365703582763672E+01    0.690455588698387146E+01    0.544223591421600617E+01    0.737616593956173094E+01    0.274185621738433860E+00    0.226535677894899514E+02    0.100221496820449840E+00    0.267636242038011529E+01    0.157835827723492681E+02    0.157844001994652441E+02    0.157844234861360153E+02   -0.693480081111436220E+03   -0.814003421579845110E+01    1
    0.285548734664916992E+01    0.189209890365600586E+01    0.283310386538505554E+01    0.269878156066665209E+01    0.316581440255608015E+01    0.347213554382324208E+00    0.915002292139807949E+01    0.693300020694732622E+00    0.233493516838550574E+01    0.153927497560564035E+02    0.153926032120161818E+02    0.153899732240072300E+02   -0.693471873678337374E+03   -0.814036754913168181E+01    1
    0.163766431808471680E+01    0.651252937316894531E+01    0.924407720565795898E+00    0.227026309937851734E+01    0.321509492933687424E+01    0.175772082805633556E+00    0.330522027054868488E+02    0.879036396741867065E+00    0.227823548120260222E+01    0.159483823720715687E+02    0.159486053227295272E+02    0.159474280493152403E+02   -0.693369781322644144E+03   -0.814070088246500134E+01    1
    0.587625551223754883E+01    0.298404979705810547E+01    0.621709257364273071E+00    0.652051433455149265E+01    0.749746006999245118E+01    0.294737565517425526E+00    0.947996164399138763E+01    0.248033744096755993E+00    0.234110398966073996E+01    0.154085156929383071E+02    0.154053379717960954E+02    0.154062420549971222E+02   -0.693290855833250930E+03   -0.814103421579831732E+01    1
    0.387905979156494141E+01    0.246001243591308594E+01    0.676351282000541687E+01    0.221038833125678824E+01    0.357682014211815869E+01    0.393557441234588579E+00    0.431056729704334707E+01    0.834628027677535966E+00    0.221179643148183791E+01    0.153601002832888351E+02    0.153501342380979970E+02    0.151711791465939108E+02   -0.693234137373437306E+03   -0.814136754913174343E+01    1
    0.748094463348388672E+01    0.735650396347045898E+01    0.572435039281845093E+01    0.523206367917804016E+01    0.585812510654530971E+01    0.184412837028503418E+00    0.136510053057363159E+02    0.145833426713943504E+00    0.287028914427757265E+01    0.155654893271362464E+02    0.155637831723146345E+02    0.155637484678488160E+02   -0.693180542721435017E+03   -0.814170088246521040E+01    1
    0.296299457550048828E+01    0.803058624267578125E+00    0.300962987542152405E+01    0.703964673285819131E+01    0.726203773733846170E+01    0.454488861560821578E+00    0.234490988061351366E+02    0.221574127674102783E+00    0.245560755079984672E+01    0.157999998433023130E+02    0.157990779965459467E+02    0.157993184549195131E+02   -0.692868789970982448E+03   -0.814203421579847664E+01    1
    0.343657541275024414E+01    0.747226238250732422E+00    0.129986110329627991E+01    0.467103331149101564E+01    0.819545370772538107E+01    0.116649079322814944E+00    0.337144603374985934E+02    0.932589542865753129E+00    0.228339833873510356E+01    0.159560905322121940E+02    0.159560144905976387E+02    0.159567729000499234E+02   -0.692822345245400811E+03   -0.814236754913168959E+01    1
    0.633719730377197266E+01    0.347748279571533203E+00    0.345135393738746643E+01    0.203811741306137462E+01    0.769302584755729235E+01    0.109887623786926278E+00    0.519888717532779054E+01    0.951343977451324485E+00    0.263678430795669527E+01    0.151448216108662148E+02    0.151456651399496049E+02    0.151475217069769883E+02   -0.692762492660535145E+03   -0.814270088246501267E+01    1
    0.644479751586914062E+00    0.617035055160522461E+01    0.254615578055381775E+01    0.329641944819570609E+01    0.494228487865199106E+01    0.341615355014801003E+00    0.349201571114061515E+01    0.417213755846023604E+00    0.298822398352622987E+01    0.153911827930699943E+02    0.152029044825047936E+02    0.153324436856687338E+02   -0.692754861102350560E+03   -0.814303421579842812E+01    1
    0.298776197433471680E+01    0.268930387496948242E+01    0.214486244320869446E+01    0.566983122206363976E+01    0.601820409072886253E+01    0.192227041721344000E+00    0.284177975077458811E+02    0.152377694845199585E+00    0.249163678061962113E+01    0.158828189094704868E+02    0.158825622719686681E+02    0.158831331877601922E+02   -0.692529143754411621E+03   -0.814336754913174055E+01    1
    0.529678773880004883E+01    0.648682880401611328E+01    0.647161203622817993E+01    0.388103091952988599E+01    0.628969074264710848E+01    0.200294589996337896E+00    0.336817341654610036E+01    0.639914727210998513E+00    0.270378294050693491E+01    0.152073586282589943E+02    0.150972433009464986E+02    0.150276443277977965E+02   -0.692528208803012490E+03   -0.814370088246514889E+01    1
    0.305314636230468750E+01    0.492920684814453125E+01    0.119489017128944397E+01    0.209273790965197026E+01    0.255235686629454417E+01    0.540981197357177757E+00    0.253792125822488330E+02    0.609398430585861184E+00    0.273802740573883074E+01    0.158333805434860597E+02    0.158339726906617368E+02    0.158340341780484692E+02   -0.692392939315693866E+03   -0.814403421579848263E+01    1
    0.424819803237915039E+01    0.295377969741821289E+01    0.736397314071655273E+01    0.498008862304192856E+01    0.498602587871976244E+01    0.448183667659759477E+00    0.157755814128111904E+02    0.173737466335296631E+00    0.245772999817132920E+01    0.156269664197896194E+02    0.156273253960310488E+02    0.156276589680815814E+02   -0.692316336700006218E+03   -0.814436754913177374E+01    1
    0.258319854736328125E+01    0.308975028991699219E+01    0.159733149409294128E+01    0.457131358518347586E+01    0.523883031501739360E+01    0.372076773643493675E+00    0.217285439360743666E+02    0.328220742940902754E+00    0.268202828508615498E+01    0.157661548038608945E+02    0.157654987921919627E+02    0.157671164475947059E+02   -0.692142400362486569E+03   -0.814470088246506840E+01    1
    0.611405706405639648E+01    0.575732660293579102E+01    0.451568487286567688E+01    0.219131844190085401E+01    0.405321857025666610E+01    0.527370989322662354E+00    0.221338148337941165E+01    0.888356000185012817E+00    0.288646305149793614E+01    0.150278618559922581E+02    0.148549459357111253E+02    0.147816803516792756E+02   -0.692030681007114254E+03   -0.814503421579842346E+01    1
    0.272794818878173828E+01    0.115007066726684570E+01    0.351348328590393066E+01    0.511959270039090431E+01    0.818123946748489139E+01    0.532713556289672874E+00    0.176266260230031975E+02    0.528197932243347212E+00    0.233415510243177415E+01    0.156763929407147788E+02    0.156764528321858521E+02    0.156752750012240849E+02   -0.691991210602786396E+03   -0.814536754913190819E+01    1
    0.489929294586181641E+01    0.373137569427490234E+01    0.153655666112899780E+01    0.431225628782957848E+01    0.447761396091474762E+01    0.175685787200927757E+00    0.335435979417355057E+01    0.729044210910797075E+00    0.233971014362573593E+01    0.150714163967614567E+02    0.152423783589890665E+02    0.150149086557930538E+02   -0.691890564474961366E+03   -0.814570088246522239E+01    1
    0.279453086853027344E+01    0.587884664535522461E+01    0.560420441627502441E+01    0.493412216121461711E+01    0.616822543443304028E+01    0.335835266113281239E+00    0.155551846515913024E+02    0.381363296508789085E+00    0.240022038847208030E+01    0.156222214668505117E+02    0.156209905315117634E+02    0.156216858117859196E+02   -0.691836450347041136E+03   -0.814603421579846021E+01    1
    0.250786209106445312E+01    0.337273120880126953E+01    0.753761041164398193E+01    0.345071798267217034E+01    0.698567274958888085E+01    0.342659986019134499E+00    0.255348639924318732E+02    0.221762901544570928E+00    0.249628489077091231E+01    0.158360789506479964E+02    0.158367423068582855E+02    0.158363211124297170E+02   -0.691733230003641665E+03   -0.814636754913173000E+01    1
    0.271264314651489258E+01    0.321594285964965820E+01    0.669812771677970886E+01    0.310150571016557564E+01    0.767212559582657505E+01    0.243437421321868908E+00    0.159750410687567843E+02    0.258041870594024669E+00    0.287114805179834365E+01    0.156326003744294173E+02    0.156326195566294075E+02    0.156319626477150333E+02   -0.691563213999796972E+03   -0.814670088246514901E+01    1
    0.343127012252807617E+01    0.273369884490966797E+01    0.224793481826782227E+01    0.523625983076377111E+01    0.763049346340278767E+01    0.357861423492431663E+00    0.512088749245488017E+01    0.625489860773086548E+00    0.266161429053545007E+01    0.151694486047755088E+02    0.151625724351152407E+02    0.152073896689034207E+02   -0.691494825656973489E+03   -0.814703421579846498E+01    1
    0.268478870391845703E+01    0.174682664871215820E+01    0.575154843926429749E+01    0.358170534511954042E+01    0.392200652446973397E+01    0.354428124427795366E+00    0.108173448597474824E+02    0.438678401708602950E+00    0.266365556854009622E+01    0.154635417642975970E+02    0.154644988094921327E+02    0.154629553150723105E+02   -0.691478718299328079E+03   -0.814736754913163352E+01    1
    0.267586183547973633E+01    0.271659612655639648E+01    0.295976626873016357E+01    0.583664984903776940E+01    0.643641290152539902E+01    0.231303107738494884E+00    0.122682320339598956E+02    0.498873180150985696E+00    0.244875961923599217E+01    0.155176709339674819E+02    0.155199382644453312E+02    0.155189121432809145E+02   -0.691457526923754926E+03   -0.814770088246499924E+01    1
    0.244668388366699219E+01    0.217189693450927734E+01    0.690467166900634766E+01    0.567971271602091221E+01    0.701631565554397074E+01    0.323421823978424061E+00    0.208046450678218662E+02    0.406512492895126365E+00    0.272846495598554606E+01    0.157482523550436042E+02    0.157470873575058778E+02    0.157470004842927906E+02   -0.691293988728312115E+03   -0.814803421579835074E+01    1
    0.373878860473632812E+01    0.110787868499755859E+01    0.204256790876388550E+01    0.258532350958320478E+01    0.680764253565014688E+01    0.407569265365600564E+00    0.222049164484821979E+02    0.490948110818862915E+00    0.266180314594507195E+01    0.157765110631952457E+02    0.157747292747029757E+02    0.157761834976629949E+02   -0.690996150748868899E+03   -0.814836754913167560E+01    1
    0.281046438217163086E+01    0.167205333709716797E+00    0.776958885788917542E+01    0.484492555764040489E+01    0.728790852043433013E+01    0.477229380607605003E+00    0.776048906515961878E+01    0.568822509050369240E+00    0.300920221650600439E+01    0.153212783005434172E+02    0.153183525095162665E+02    0.153194811510833482E+02   -0.690961455209843734E+03   -0.814870088246516566E+01    1
    0.347463560104370117E+01    0.128304243087768555E+01    0.204612049460411072E+01    0.615969497371178942E+01    0.790189665381280459E+01    0.225586283206939686E+00    0.544103222656955143E+01    0.674653625488281228E+00    0.220855527389049522E+01    0.153292795903501613E+02    0.152419680409996126E+02    0.151832098510293889E+02   -0.690953411589640496E+03   -0.814903421579845499E+01    1
    0.245824432373046875E+01    0.730621337890625000E+00    0.349486562609672546E+01    0.545538209881079883E+01    0.765459846940668953E+01    0.186344134807586659E+00    0.111166720316032883E+02    0.800993663072586015E+00    0.298276089042425152E+01    0.154766249677521621E+02    0.154764821099620526E+02    0.154766096082856741E+02   -0.690864841455180567E+03   -0.814936754913175854E+01    1
    0.267654895782470703E+01    0.550525808334350586E+01    0.337164181470870972E+01    0.537078246506282575E+01    0.619931329551049615E+01    0.117974948883056652E+00    0.115387698803081271E+02    0.361920768022537254E+00    0.298227544295787794E+01    0.154907708047509871E+02    0.154908818499509113E+02    0.154935572068035032E+02   -0.690699277836428678E+03   -0.814970088246511715E+01    1
    0.381661605834960938E+01    0.442203378677368164E+01    0.201127859950065613E+01    0.549903486240994166E+01    0.705377688466410735E+01    0.380454099178314187E+00    0.182516331975275357E+02    0.158148252964019798E+00    0.289866188633441935E+01    0.156905085397548731E+02    0.156900112723319918E+02    0.156896387841662417E+02   -0.690645451159345726E+03   -0.815003421579838871E+01    1
    0.276702976226806641E+01    0.632709026336669922E+00    0.495544153451919556E+01    0.447694886573131612E+01    0.587074741226390540E+01    0.175651848316192627E+00    0.405419235757172736E+01    0.870279896259307906E+00    0.304855063581466679E+01    0.151252612354921023E+02    0.151639337776117209E+02    0.151611309634951503E+02   -0.690482736839532208E+03   -0.815036754913182904E+01    1
    0.510404682159423828E+01    0.541249322891235352E+01    0.868188619613647461E+00    0.497231241790394485E+01    0.645851785712260895E+01    0.444539725780487061E+00    0.640348371729898513E+01    0.345619320869445801E+00    0.299550357013940793E+01    0.152396337190656261E+02    0.152380693340530975E+02    0.152361784193428100E+02   -0.690433760798039202E+03   -0.815070088246513080E+01    1
    0.839934349060058594E-01    0.593536949157714844E+01    0.799051481485366821E+01    0.269629886863789769E+01    0.273463080384333601E+01    0.393473935127258256E+00    0.987740374576330282E+01    0.444319945573806829E+00    0.231464930403232572E+01    0.154234627432777156E+02    0.154265709920140495E+02    0.154258957906377194E+02   -0.690301962691216090E+03   -0.815103421579838106E+01    1
    0.448848819732666016E+01    0.749547958374023438E+01    0.787610027194023132E+01    0.278468890340415420E+01    0.729758629353675392E+01    0.144648087024688732E+00    0.340956732033625842E+01    0.792508924007415794E+00    0.244607227557897566E+01    0.149984638877486365E+02    0.151583930613254658E+02    0.151058304762355338E+02   -0.690242082950356917E+03   -0.815136754913167927E+01    1
    0.347029352188110352E+01    0.421468973159790039E+01    0.792824804782867432E+00    0.250915873638524456E+01    0.309003680271766124E+01    0.317261254787445046E+00    0.226259277365646270E+02    0.988445419073104903E+00    0.257710584670305254E+01    0.157832829847344787E+02    0.157833185463944012E+02    0.157829260814270977E+02   -0.690160222318925435E+03   -0.815170088246494728E+01    1
    0.499131774902343750E+01    0.665020942687988281E-01    0.324056047201156616E+01    0.247125860523283958E+01    0.561253663983444984E+01    0.270842480659484852E+00    0.151308432366504029E+02    0.726661550998687789E+00    0.274719387650489821E+01    0.156108216407612712E+02    0.156099219958191338E+02    0.156101325222264382E+02   -0.690140390842923921E+03   -0.815203421579831122E+01    1
    0.237259054183959961E+01    0.335767412185668945E+01    0.931516915559768677E+00    0.474886733406051320E+01    0.670042508737187070E+01    0.471003150939941384E+00    0.152579366743253360E+02    0.409812736511230513E+00    0.289320390427112573E+01    0.156118807904446655E+02    0.156124387969683696E+02    0.156143305798212939E+02   -0.689990527738810783E+03   -0.815236754913171424E+01    1
    0.293977928161621094E+01    0.962567806243896484E+00    0.264074879884719849E+01    0.460859567260792247E+01    0.768658921797242201E+01    0.417673718929290727E+00    0.153717224127466032E+02    0.318438619375228882E+00    0.262442272955179190E+01    0.156164587206125542E+02    0.156167039036888031E+02    0.156175615683800775E+02   -0.689848586743131364E+03   -0.815270088246511548E+01    1
    0.331474065780639648E+01    0.173618936538696289E+01    0.298533084988594055E+01    0.257826594224736372E+01    0.746528488024186476E+01    0.179791033267974854E+00    0.317222204832040440E+02    0.105587953329086312E+00    0.295392800307273884E+01    0.159302353854429359E+02    0.159307195229979826E+02    0.159305589098833646E+02   -0.689846319602269659E+03   -0.815303421579848475E+01    1
    0.301062726974487305E+01    0.676714515686035156E+01    0.641237545013427734E+01    0.445587581385687237E+01    0.517089845283367477E+01    0.446561861038208052E+00    0.793036182478570417E+01    0.448076164722442605E+00    0.286957744479179366E+01    0.153289377303984296E+02    0.153324720659569458E+02    0.153309002129512262E+02   -0.689824311301554644E+03   -0.815336754913180251E+01    1
    0.338259172439575195E+01    0.551635885238647461E+01    0.527399408817291260E+01    0.580817071194522505E+01    0.612145424388586967E+01    0.369669294357299782E+00    0.404606129782562274E+01    0.784430378675460838E+00    0.255292597812414179E+01    0.153213664473077991E+02    0.151317074918928345E+02    0.151719886038669856E+02   -0.689809730533363108E+03   -0.815370088246506519E+01    1
    0.811301231384277344E+00    0.618514394760131836E+01    0.381769049167633057E+01    0.471443828981058566E+01    0.493199532819197994E+01    0.236897838115692150E+00    0.267939431268200856E+01    0.458466774225234963E+00    0.262944328767061242E+01    0.154229471586783315E+02    0.153396236826788819E+02    0.151509007338608281E+02   -0.689723867567506431E+03   -0.815403421579847176E+01    1
    0.581445121765136719E+01    0.246235036849975586E+01    0.260610494017601013E+01    0.223872569858429493E+01    0.297429306932716919E+01    0.268099081516265880E+00    0.121787732991791131E+02    0.176578086614608776E+00    0.276525036650896094E+01    0.155163761071654829E+02    0.155156928322819745E+02    0.155166505113498303E+02   -0.689649780948405351E+03   -0.815436754913184814E+01    1
    0.329558610916137695E+01    0.572460079193115234E+01    0.564295294880867004E+01    0.684435056066494152E+01    0.755273193426377709E+01    0.165411925315856939E+00    0.116965666606788403E+02    0.283023375272750899E+00    0.302704783821105972E+01    0.154982899221187598E+02    0.154974922188864763E+02    0.154996692869710877E+02   -0.689394651017394267E+03   -0.815470088246503266E+01    1
    0.139039421081542969E+01    0.447122478485107422E+01    0.777422773838043213E+01    0.251347028918243742E+01    0.724425491766466223E+01    0.310266482830047596E+00    0.521588789987963430E+01    0.759117406606674150E+00    0.277713181090354944E+01    0.154036135786008774E+02    0.152406314506711382E+02    0.154955162587744706E+02   -0.689377455106317939E+03   -0.815503421579845700E+01    1
    0.435535907745361328E+01    0.514657020568847656E+00    0.676868277788162231E+01    0.397299164479001998E+01    0.525635543182567933E+01    0.289935874938964833E+00    0.371496770431537060E+01    0.743922746181488015E+00    0.239482798963785148E+01    0.150872612541881317E+02    0.152797960348810733E+02    0.150439098741329662E+02   -0.689339267358477969E+03   -0.815536754913178896E+01    1
    0.270121002197265625E+01    0.213826274871826172E+01    0.526063758134841919E+01    0.451590971281258291E+01    0.452958025936252451E+01    0.326681816577911399E+00    0.347117906376771259E+02    0.169877123832702648E+00    0.222088613545894598E+01    0.159697534572555107E+02    0.159693717265978865E+02    0.159689877705118040E+02   -0.689279561280742087E+03   -0.815570088246509783E+01    1
    0.197817182540893555E+01    0.517678546905517578E+01    0.553662303090095520E+01    0.212572359427923319E+01    0.253571684011568843E+01    0.344220781326293968E+00    0.494957381255349560E+01    0.647186839580535911E+00    0.230210560059547431E+01    0.154359904015395824E+02    0.151764625064778080E+02    0.154698052890106084E+02   -0.689227486354717598E+03   -0.815603421579846533E+01    1
    0.231810760498046875E+01    0.260114336013793945E+01    0.519367936253547668E+01    0.443568373787222825E+01    0.792632172009375680E+01    0.507650494575500488E+00    0.542437732288377905E+01    0.382381033897399969E+00    0.247013990372419334E+01    0.156193671220798205E+02    0.153294432563584451E+02    0.153866392765991868E+02   -0.689148681593678020E+03   -0.815636754913179196E+01    1
    0.208241510391235352E+01    0.401495933532714844E+01    0.718247118592262268E+01    0.622031101052031676E+01    0.635249395410933282E+01    0.452206873893737815E+00    0.643958997735296546E+01    0.746206057071685747E+00    0.272146465474367139E+01    0.156448434321647980E+02    0.153171857427845257E+02    0.154879713129803118E+02   -0.688992719092576976E+03   -0.815670088246518077E+01    1
    0.286840820312500000E+01    0.697255849838256836E+01    0.534458938241004944E+01    0.505969168252448753E+01    0.827788692352169519E+01    0.472306239604949996E+00    0.299149478289306181E+02    0.199777853488922130E+00    0.227536626553535459E+01    0.159045791169922790E+02    0.159047197852354643E+02    0.159046947596438262E+02   -0.688978862207899965E+03   -0.815703421579836530E+01    1
    0.195965576171875000E+01    0.237367343902587891E+01    0.447239536046981812E+01    0.211665999672307770E+01    0.377071698096805852E+01    0.353629648685455322E+00    0.658174156557896772E+01    0.808371347188949541E+00    0.302286630010604851E+01    0.152661427329128507E+02    0.153328832728461908E+02    0.152660130404923571E+02   -0.688883831625317612E+03   -0.815736754913166884E+01    1
    0.255014467239379883E+01    0.865204334259033203E+00    0.323740127682685852E+01    0.456249801099951391E+01    0.765008780418800072E+01    0.327289533615112260E+00    0.128989196364139751E+02    0.960699307918548628E+00    0.304296796464920050E+01    0.155411661610482348E+02    0.155404790036040357E+02    0.155403649311379617E+02   -0.688787062618864866E+03   -0.815770088246503988E+01    1
    0.579227161407470703E+01    0.682085657119750977E+01    0.789410236477851868E+01    0.486883604282636284E+01    0.739173880732605326E+01    0.126523327827453624E+00    0.665436394745412496E+01    0.330775225162506126E+00    0.284767477166652672E+01    0.152519694936788195E+02    0.152554540393216396E+02    0.152539778006846714E+02   -0.688757032251808482E+03   -0.815803421579844290E+01    1
    0.488515949249267578E+01    0.744570398330688477E+01    0.293730634450912476E+01    0.667692137766464455E+01    0.819568615638712394E+01    0.522256910800933838E+00    0.114523616271175754E+02    0.236998653411865240E+00    0.229784193164110162E+01    0.154899277865468203E+02    0.154890065109164716E+02    0.154902883976565260E+02   -0.688554574807339122E+03   -0.815836754913184770E+01    1
    0.335319042205810547E+01    0.176710700988769531E+01    0.142395126819610596E+01    0.404076981332372664E+01    0.474593027807964418E+01    0.343561959266662553E+00    0.316361068181586624E+02    0.105382066965103161E+00    0.294422780829668040E+01    0.159293665983290751E+02    0.159293020267495180E+02    0.159293365777669553E+02   -0.688540827610696624E+03   -0.815870088246504999E+01    1
    0.252541208267211914E+01    0.552676630020141602E+01    0.197969782352447510E+01    0.245265603939503540E+01    0.436410506289121169E+01    0.479007649421691939E+00    0.767021914563126028E+01    0.466106885671615623E+00    0.251630002188682544E+01    0.153175695949241835E+02    0.153163219018894630E+02    0.153173028684359984E+02   -0.688518614512472254E+03   -0.815903421579843524E+01    1
    0.319224977493286133E+01    0.187681055068969727E+01    0.470818164944648743E+01    0.415070878488809925E+01    0.595385965074785695E+01    0.177992308139801048E+00    0.181502030836298829E+02    0.188695448637008656E+00    0.304721098703145987E+01    0.156872696519738444E+02    0.156875356111716293E+02    0.156877254465032863E+02   -0.688463013000235833E+03   -0.815936754913182050E+01    1
    0.532536029815673828E+01    0.447129249572753906E+00    0.795061919093132019E+01    0.224240870167509732E+01    0.741744013306941596E+01    0.168375623226165783E+00    0.118830900545972895E+02    0.356886583566665694E+00    0.228320690250396696E+01    0.155056389921895228E+02    0.155064059917689985E+02    0.155036463041563870E+02   -0.688456837209625519E+03   -0.815970088246503344E+01    1
    0.292675638198852539E+01    0.585805654525756836E+01    0.441335189342498779E+01    0.555209722868282718E+01    0.656310441889932683E+01    0.464426875114440918E+00    0.221613686357175546E+02    0.193272048234939597E+00    0.261247317171096816E+01    0.157750878023942249E+02    0.157741196889886037E+02    0.157755085000934869E+02   -0.688167596772596880E+03   -0.816003421579830501E+01    1
    0.526081514358520508E+01    0.538719224929809570E+01    0.512048009037971497E+01    0.258648129579376373E+01    0.451472220626938370E+01    0.208897793292999290E+00    0.203411392355836629E+01    0.724372285604476973E+00    0.275759539687633515E+01    0.152181586418242443E+02    0.151640500993661114E+02    0.152791943122504374E+02   -0.688020389113285205E+03   -0.816036754913168494E+01    1
    0.289360809326171875E+01    0.522834491729736328E+01    0.765233340859413147E+01    0.322616058005490913E+01    0.475656290647804525E+01    0.254358088970184304E+00    0.348111381507252471E+01    0.822209131717681840E+00    0.270741182857751816E+01    0.152132648823570076E+02    0.152589800115465835E+02    0.151273052727250015E+02   -0.687887577341386304E+03   -0.816070088246503644E+01    1
    0.599212074279785156E+01    0.705889606475830078E+01    0.444433677196502686E+01    0.630763421979783345E+01    0.813222315783321470E+01    0.385190916061401323E+00    0.115884826971543564E+02    0.185220003128051758E+00    0.265142748439311982E+01    0.154925456295065622E+02    0.154936144464333161E+02    0.154948462233483593E+02   -0.687785122481033000E+03   -0.816103421579843591E+01    1
    0.445712709426879883E+01    0.277469825744628906E+01    0.244832041859626770E+01    0.310202110892841443E+01    0.671240735816776279E+01    0.454929959774017290E+00    0.140307144819868626E+02    0.173386633396148682E+00    0.286603114300966277E+01    0.155773051923432337E+02    0.155762123346532366E+02    0.155774608451990755E+02   -0.687719892001921949E+03   -0.816136754913176965E+01    1
    0.296607923507690430E+01    0.684358453750610352E+01    0.875899076461791992E+00    0.505093771267203984E+01    0.589061051595944640E+01    0.135670840740203857E+00    0.357519941864617863E+02    0.108022165298461925E+00    0.274964692205190664E+01    0.159825973141712083E+02    0.159821349981232075E+02    0.159817084567676044E+02   -0.687625066087510390E+03   -0.816170088246494352E+01    1
    0.316464710235595703E+01    0.126214790344238281E+01    0.187731522321701050E+01    0.391349216088413154E+01    0.746806977043383391E+01    0.184176194667816151E+00    0.113273046900983996E+02    0.702903884649276778E+00    0.222493792402744273E+01    0.154855463160151459E+02    0.154835104377012271E+02    0.154847600558072642E+02   -0.687480479686776221E+03   -0.816203421579826127E+01    1
    0.245047044754028320E+01    0.309111213684082031E+01    0.230721744894981384E+01    0.303677712153362922E+01    0.539337121645301121E+01    0.172041916847229026E+00    0.226894029430625039E+02    0.253391617536544822E+00    0.254436377382278422E+01    0.157853042359946780E+02    0.157849016143555776E+02    0.157846106912463089E+02   -0.687420084150614571E+03   -0.816236754913165186E+01    1
    0.209175109863281250E+01    0.503460931777954102E+01    0.223728778958320618E+01    0.223308889162421043E+01    0.247320196973928752E+01    0.317330741882324241E+00    0.962033502986283295E+01    0.711933648586273171E+00    0.302663779121637333E+01    0.154117370069746222E+02    0.154134052640297554E+02    0.154125340457164661E+02   -0.687335331086914834E+03   -0.816270088246505310E+01    1
    0.550349807739257812E+01    0.493003845214843750E+00    0.214402738213539124E+01    0.613213020839237988E+01    0.750196722932408822E+01    0.284066057205200173E+00    0.479297886642721949E+01    0.461047488451004073E+00    0.301253112202882756E+01    0.151115056893886646E+02    0.151101445032265520E+02    0.151170910346869878E+02   -0.687269298319666404E+03   -0.816303421579841881E+01    1
    0.356882381439208984E+01    0.306231260299682617E+01    0.475766572356224060E+01    0.427965077684957507E+01    0.688761177411092440E+01    0.372430896759033181E+00    0.119781310212594221E+02    0.281951993703842163E+00    0.237910699129104586E+01    0.155075689049924570E+02    0.155089264312332826E+02    0.155073195887222699E+02   -0.687237493840464595E+03   -0.816336754913171347E+01    1
    0.281649732589721680E+01    0.338705587387084961E+01    0.242612513899803162E+01    0.399089721871420000E+01    0.656011113110565702E+01    0.230267095565795887E+00    0.238849120811641349E+02    0.172168052196502691E+00    0.282868827503919595E+01    0.158073750526167398E+02    0.158066119452813858E+02    0.158066533345908642E+02   -0.687234158546661092E+03   -0.816370088246510761E+01    1
    0.360863685607910156E+00    0.671569347381591797E+01    0.745497155189514160E+01    0.324850287215729772E+01    0.660458378528161916E+01    0.397350692749023460E+00    0.499447288833186676E+01    0.871114814281463645E+00    0.284502872115373595E+01    0.154439547729109012E+02    0.151951956400968342E+02    0.154430733451564937E+02   -0.687208599893567111E+03   -0.816403421579839872E+01    1
    0.567723703384399414E+01    0.128891324996948242E+01    0.144485729932785034E+01    0.203419580596926108E+01    0.806916352990488406E+01    0.446873784065246582E+00    0.281859993314291302E+02    0.802423924207687378E+00    0.298677361243963269E+01    0.158788031426952436E+02    0.158789957682383438E+02    0.158795161974833512E+02   -0.686962679182894249E+03   -0.816436754913158502E+01    1
    0.320433855056762695E+01    0.119827747344970703E+00    0.337135973572731018E+01    0.640101628849723703E+01    0.646776407839130840E+01    0.345369946956634477E+00    0.487972653639373188E+01    0.761059540510177657E+00    0.237645744907855994E+01    0.152259175993542666E+02    0.151827260783135429E+02    0.152823710308376999E+02   -0.686862101351014189E+03   -0.816470088246507331E+01    1
    0.386699438095092773E+01    0.763578844070434570E+01    0.699238929152488708E+01    0.573530730507271613E+01    0.796824108480448157E+01    0.242781066894531244E+00    0.148514178421673790E+02    0.209500002861022938E+00    0.259522412461042418E+01    0.156023848851407667E+02    0.156025933358831708E+02    0.156009085393821110E+02   -0.686820729077678493E+03   -0.816503421579849942E+01    1
    0.408054161071777344E+01    0.405173444747924805E+01    0.733939650654792786E+01    0.230973539093254399E+01    0.548129062448941795E+01    0.173084795475006104E+00    0.447178172683740272E+01    0.660812944173812866E+00    0.256498544859886168E+01    0.151201292424639337E+02    0.151112661579513556E+02    0.151101617428133199E+02   -0.686524492704531895E+03   -0.816536754913170526E+01    1
    0.658130645751953125E-01    0.656357908248901367E+01    0.162451165914535522E+01    0.243997574031695752E+01    0.616106873511162334E+01    0.393892824649810791E+00    0.176293456266042838E+02    0.242781656980514543E+00    0.247585050266981099E+01    0.156753073051647149E+02    0.156756953564964761E+02    0.156751834383728479E+02   -0.686330350617211707E+03   -0.816570088246493953E+01    1
    0.321903705596923828E+01    0.483209753036499023E+01    0.379028725624084473E+01    0.364518753115792826E+01    0.385761953890766618E+01    0.541127932071685747E+00    0.623030004308476482E+01    0.583223825693130471E+00    0.256982823365926727E+01    0.152231695250708032E+02    0.152234501618885414E+02    0.152256370029515153E+02   -0.686255018940251375E+03   -0.816603421579826261E+01    1
    0.236189270019531250E+01    0.895548820495605469E+00    0.247885021567344666E+01    0.349352598848764639E+01    0.387070743997893141E+01    0.330947923660278309E+00    0.124586768657238665E+02    0.708059251308441162E+00    0.299134045201539989E+01    0.155261899061152686E+02    0.155241563250972128E+02    0.155257416598414757E+02   -0.685928263412015212E+03   -0.816636754913175444E+01    1
    0.461071205139160156E+01    0.269472074508666992E+01    0.797922092676162720E+01    0.560715148736040891E+01    0.590156831549109029E+01    0.451798927783966020E+00    0.699742038129442978E+01    0.369400429725647017E+00    0.269976151454448710E+01    0.152781025038513611E+02    0.152746586135298283E+02    0.152759274052581198E+02   -0.685735382471871389E+03   -0.816670088246510950E+01    1
    0.361155796051025391E+01    0.113401985168457031E+01    0.729110020399093628E+01    0.580110637433992871E+01    0.694069801266468112E+01    0.320965921878814675E+00    0.133093428288438211E+02    0.242218714952468883E+00    0.246496409147977813E+01    0.155530034699126336E+02    0.155533099048301899E+02    0.155549098198578797E+02   -0.685701997377400630E+03   -0.816703421579842903E+01    1
    0.308970880508422852E+01    0.559315395355224609E+01    0.415525498986244202E+01    0.257319627398203954E+01    0.415500498096817239E+01    0.438109505176544234E+00    0.330270226862984284E+01    0.894931006431579634E+00    0.305569728481769554E+01    0.150743529053106791E+02    0.150770273263484533E+02    0.149704105195138286E+02   -0.685660400958858304E+03   -0.816736754913182672E+01    1
    0.228870248794555664E+01    0.289844799041748047E+01    0.392722430825233459E+01    0.383017486374251881E+01    0.553058640527739165E+01    0.396631932258605935E+00    0.344795527138393183E+02    0.204066544771194458E+00    0.277651312220096580E+01    0.159660646141897971E+02    0.159665779369232848E+02    0.159659468389115329E+02   -0.685621994734007217E+03   -0.816770088246503612E+01    1
    0.989666461944580078E+00    0.647991132736206055E+01    0.670956465601921082E+01    0.272778614441283862E+01    0.580935277755953905E+01    0.311116349697113048E+00    0.168809081539493349E+02    0.266666299104690530E+00    0.231050612401962274E+01    0.156573816563756338E+02    0.156572391466942076E+02    0.156564153746721981E+02   -0.685390212482264928E+03   -0.816803421579839117E+01    1
    0.298733186721801758E+01    0.225370359420776367E+01    0.540802657604217529E+00    0.336216080448463961E+01    0.600126634135977621E+01    0.131038057804107655E+00    0.210546884968689803E+02    0.176753610372543335E+00    0.280364889168739317E+01    0.157533208013150627E+02    0.157518026013476380E+02    0.157523980910733616E+02   -0.685219993083411168E+03   -0.816836754913184571E+01    1
    0.311468744277954102E+01    0.471629619598388672E+00    0.121967735886573792E+01    0.350798965000432883E+01    0.813126639638781867E+01    0.514024317264556885E+00    0.140377162871764725E+02    0.608108502626419023E+00    0.250983723998069763E+01    0.155780605917997743E+02    0.155761771515409464E+02    0.155762216322786085E+02   -0.684983021448539716E+03   -0.816870088246517234E+01    1
    0.347978925704956055E+01    0.558283424377441406E+01    0.190027314424514771E+01    0.280368503503324096E+01    0.573838361082178139E+01    0.344965863227844227E+00    0.222234135954236507E+02    0.133764129877090465E+00    0.285279193347692495E+01    0.157761320735164272E+02    0.157763831250643030E+02    0.157752672476254130E+02   -0.684858251930260394E+03   -0.816903421579854339E+01    1
    0.381427097320556641E+01    0.126073360443115234E+01    0.745256069302558899E+01    0.308779710974907928E+01    0.601850149879911278E+01    0.306817734241485618E+00    0.263406650349207254E+02    0.123756271600723278E+00    0.249861618226766602E+01    0.158503141347421952E+02    0.158492946617929054E+02    0.158497132625302708E+02   -0.684429022261742148E+03   -0.816936754913175633E+01    1
    0.529216003417968750E+01    0.324280929565429688E+01    0.413058760762214661E+01    0.365192185612883025E+01    0.558864638637207900E+01    0.210769796371459983E+00    0.156819322684001641E+02    0.149577039480209367E+00    0.274039057797193530E+01    0.156251303547296967E+02    0.156237722680096152E+02    0.156252241060312684E+02   -0.684411107147647499E+03   -0.816970088246501014E+01    1
    0.734958648681640625E+00    0.741188955307006836E+01    0.188690769672393799E+01    0.306619322561596253E+01    0.775236031500520983E+01    0.367606711387634233E+00    0.261061237733391422E+02    0.180353456735610984E+00    0.301423198461532582E+01    0.158465170725126594E+02    0.158450660539085746E+02    0.158451804986506399E+02   -0.684238565455767571E+03   -0.817003421579851619E+01    1
    0.712831926345825195E+01    0.556428718566894531E+01    0.789682525396347046E+01    0.570330457929576617E+01    0.648441430855507139E+01    0.283339893817901589E+00    0.213704899863244302E+01    0.228964471817016624E+00    0.251434360736608475E+01    0.153068777138840098E+02    0.151948812692885422E+02    0.149145874776171148E+02   -0.684201186117659290E+03   -0.817036754913191388E+01    1
    0.275973129272460938E+01    0.243939113616943359E+01    0.674247536063194275E+01    0.225480470033948110E+01    0.685450925277452505E+01    0.107119798660278320E+00    0.246377961270538286E+02    0.258165144920349143E+00    0.261495657986402508E+01    0.158213894618328652E+02    0.158205236187707801E+02    0.158206915462963682E+02   -0.683978272772217110E+03   -0.817070088246524229E+01    1
    0.280077600479125977E+01    0.176554918289184570E+01    0.607767957448959351E+01    0.716271363026956376E+01    0.790060965140188198E+01    0.217856192588806147E+00    0.229089159398468745E+02    0.255788707733154319E+00    0.229765975600481021E+01    0.157891270838892197E+02    0.157897380879556763E+02    0.157883657000028990E+02   -0.683969112544744689E+03   -0.817103421579855294E+01    1
    0.605299139022827148E+01    0.464778375625610352E+01    0.169041085243225098E+01    0.396044814108549481E+01    0.688944316880324692E+01    0.374283695220947288E+00    0.243262550837906000E+01    0.275214982032775890E+00    0.301608779770135893E+01    0.150978400461571987E+02    0.150607032340249312E+02    0.149960307189431781E+02   -0.683905581325465164E+03   -0.817136754913171615E+01    1
    0.168132114410400391E+01    0.491162157058715820E+01    0.127120661735534668E+01    0.233043563501491535E+01    0.320432882638482663E+01    0.286188399791717507E+00    0.160034901717329809E+02    0.834017771482467696E+00    0.278570322519540792E+01    0.156334038333867742E+02    0.156326141419336899E+02    0.156344512867624452E+02   -0.683707787152865535E+03   -0.817170088246500903E+01    1
    0.249921464920043945E+01    0.362066507339477539E+01    0.563662248849868774E+01    0.317027978480508610E+01    0.464566641094845423E+01    0.253877651691436779E+00    0.513790102518695058E+01    0.779581266641616866E+00    0.298435639476776116E+01    0.153584880266764667E+02    0.154049805120612113E+02    0.154301349157544081E+02   -0.683303007551210044E+03   -0.817203421579851685E+01    1
    0.432890939712524414E+01    0.421254920959472656E+01    0.693747419118881226E+01    0.355014856194373252E+01    0.705795602828642288E+01    0.426438283920288042E+00    0.112532520614314624E+02    0.237344712018966675E+00    0.251854887890815737E+01    0.154813279226519658E+02    0.154824117374449042E+02    0.154802392361541781E+02   -0.683255305105404886E+03   -0.817236754913175822E+01    1
    0.458945512771606445E+01    0.298804950714111328E+01    0.411500844359397888E+01    0.379823896474480716E+01    0.419290579844022293E+01    0.221054065227508534E+00    0.177233000326440049E+02    0.143363434076309221E+00    0.279550887942314130E+01    0.156783385139745448E+02    0.156782119469096006E+02    0.156782537333967227E+02   -0.683198599643895591E+03   -0.817270088246504045E+01    1
    0.315041637420654297E+01    0.310291051864624023E+01    0.735800343751907349E+01    0.233384672783402802E+01    0.552057328756609866E+01    0.232470870018005371E+00    0.127914291185732427E+02    0.296031337976455700E+00    0.288410109376907364E+01    0.155382199141513642E+02    0.155380109226755909E+02    0.155376930543325216E+02   -0.683045874217198048E+03   -0.817303421579849321E+01    1
    0.293853378295898438E+01    0.586914491653442383E+01    0.310327160358428955E+01    0.390649393244654686E+01    0.643797586266839517E+01    0.401433122158050493E+00    0.246901346208461590E+02    0.138231295347213762E+00    0.303682085263729107E+01    0.158207414410225393E+02    0.158212751552873261E+02    0.158210681622319917E+02   -0.683002162194741913E+03   -0.817336754913186248E+01    1
    0.645249176025390625E+01    0.186470127105712891E+01    0.505140382051467896E+01    0.659724369470130956E+01    0.673815351561002895E+01    0.329126632213592507E+00    0.697958285563455849E+01    0.303887152671813987E+00    0.276371776336431507E+01    0.152736026245879710E+02    0.152771650447790392E+02    0.152723720115235153E+02   -0.682732406324123190E+03   -0.817370088246510385E+01    1
    0.439023113250732422E+01    0.524716377258300781E+01    0.315589833259582520E+01    0.553321211160764470E+01    0.556097643844983747E+01    0.321323370933532693E+00    0.842464017314794233E+01    0.335710597038269054E+00    0.247513672840595245E+01    0.153575245366404154E+02    0.153549858022729513E+02    0.153562496004650377E+02   -0.682712247224183898E+03   -0.817403421579838252E+01    1
    0.486646699905395508E+01    0.260490894317626953E+01    0.714388090372085571E+01    0.718939650764102556E+01    0.787250127300429270E+01    0.449358975887298562E+00    0.957373673550795878E+01    0.275652772188186623E+00    0.239450811958312970E+01    0.154124277351996515E+02    0.154106759680525833E+02    0.154107960452617618E+02   -0.682653970672630180E+03   -0.817436754913167718E+01    1
    0.300249958038330078E+01    0.175194549560546875E+01    0.291947814822196960E+01    0.327650960638623623E+01    0.523178277569863326E+01    0.158026874065399170E+00    0.246495454977134649E+02    0.213115620613098133E+00    0.251988078522682191E+01    0.158201381542743871E+02    0.158214458282178789E+02    0.158211039661851132E+02   -0.682461354900080778E+03   -0.817470088246498072E+01    1
    0.265432024002075195E+01    0.106048107147216797E+00    0.511398422718048096E+01    0.223198917620095960E+01    0.286419275083005642E+01    0.246766793727874745E+00    0.112255586410885346E+02    0.403125774860382147E+00    0.279005853861570330E+01    0.154807489823537274E+02    0.154801777910244223E+02    0.154819423080513356E+02   -0.682301736721330144E+03   -0.817503421579849565E+01    1
    0.342707872390747070E+01    0.510650873184204102E+01    0.461708086729049683E+01    0.458855178299779354E+01    0.483222711113697212E+01    0.274639415740966786E+00    0.740783076554405095E+01    0.439464879035949774E+00    0.264066561049222948E+01    0.153032073160824496E+02    0.153020083532093576E+02    0.153016289200537461E+02   -0.682296573266602536E+03   -0.817536754913184538E+01    1
    0.359781980514526367E+01    0.821598529815673828E+00    0.485539424419403076E+01    0.266238795976472087E+01    0.825842528867327808E+01    0.358872222900390669E+00    0.103479698831358498E+02    0.799673962593078658E+00    0.295605723142623900E+01    0.154448715796345244E+02    0.154433274818358619E+02    0.154432729596952392E+02   -0.682208919980577434E+03   -0.817570088246506010E+01    1
    0.636492443084716797E+01    0.682895469665527344E+01    0.290323603153228760E+01    0.511633301239939264E+01    0.571970462056444617E+01    0.498485922813415527E+00    0.880489369705804670E+01    0.245695394277572643E+00    0.267824606585502600E+01    0.153774528075523804E+02    0.153752387112579463E+02    0.153752254974096534E+02   -0.682151686289751638E+03   -0.817603421579837608E+01    1
    0.239427566528320312E+01    0.620515298843383789E+01    0.219527322053909302E+01    0.332074567382490216E+01    0.586360538715831758E+01    0.524412584304809526E+00    0.218738676836027324E+02    0.199922478199005133E+00    0.288091929507255529E+01    0.157699627102494748E+02    0.157696343888575718E+02    0.157691198129045507E+02   -0.682061348605432613E+03   -0.817636754913165298E+01    1
    0.400467061996459961E+01    0.628246021270751953E+01    0.653556439280509949E+01    0.345687779403394924E+01    0.591511503681217121E+01    0.353806638717651389E+00    0.396372604594658640E+01    0.557131832838058449E+00    0.300922934043407420E+01    0.152537974027934471E+02    0.153500394315689679E+02    0.151246051160532424E+02   -0.681973857708003607E+03   -0.817670088246495474E+01    1
    0.264910602569580078E+01    0.320596837997436523E+01    0.111569124460220337E+01    0.245249522174094325E+01    0.356591418063289289E+01    0.342501270771026600E+00    0.249199027005972624E+02    0.555722332000732400E+00    0.297202517896890628E+01    0.158258550211120781E+02    0.158258220907063993E+02    0.158260777175571388E+02   -0.681930181210026490E+03   -0.817703421579836309E+01    1
    0.244749546051025391E+01    0.442757558822631836E+01    0.466392564773559570E+01    0.534025703016948938E+01    0.782952424216892418E+01    0.332763743400573686E+00    0.289988064485010000E+02    0.202840721607208258E+00    0.290003093624115005E+01    0.158919283663703368E+02    0.158912940810295282E+02    0.158913360071743579E+02   -0.681917471128053080E+03   -0.817736754913177144E+01    1
    0.294607019424438477E+01    0.786634635925292969E+01    0.560357096791267395E+01    0.437044357488069579E+01    0.617562838734243780E+01    0.210784780979156483E+00    0.943994035018199718E+01    0.421322953701019354E+00    0.271701354730129241E+01    0.154043820361300590E+02    0.154040505557770135E+02    0.154057907279540878E+02   -0.681808453178833361E+03   -0.817770088246508564E+01    1
    0.509626770019531250E+01    0.688288688659667969E+00    0.607488873600959778E+01    0.218202193797594557E+01    0.412938170199432353E+01    0.463745307922363237E+00    0.172640947511309406E+02    0.325431942939758301E+00    0.230727807295322407E+01    0.156666819741645895E+02    0.156667396426063661E+02    0.156659541885737159E+02   -0.681772583245555779E+03   -0.817803421579842116E+01    1
    0.291848659515380859E+01    0.150528001785278320E+01    0.695340365171432495E+00    0.373676548762810956E+01    0.643908296122656942E+01    0.509159970283508345E+00    0.195764793395401604E+02    0.733850783109664895E+00    0.260481997323036207E+01    0.157218836589535886E+02    0.157206778462886554E+02    0.157206708354680202E+02   -0.681743570149853326E+03   -0.817836754913171049E+01    1
    0.298776102066040039E+01    0.404333925247192383E+01    0.105495128035545349E+01    0.770820457080979970E+01    0.772050361252670125E+01    0.243805384635925299E+00    0.176670473682299844E+01    0.332187408208847068E+00    0.299131353050470361E+01    0.152067039181036812E+02    0.149213279725573020E+02    0.149833409858675921E+02   -0.681686961120340698E+03   -0.817870088246509219E+01    1
    0.793258953094482422E+01    0.779818820953369141E+01    0.239895659685134888E+01    0.222667977588844757E+01    0.342586108980657844E+01    0.428251779079437234E+00    0.420715618460424601E+01    0.330302780866622903E+00    0.286688777333498024E+01    0.154909566103082543E+02    0.153111057898486820E+02    0.152322804386139801E+02   -0.681551703133972637E+03   -0.817903421579852363E+01    1
    0.418569421768188477E+01    0.182598161697387695E+01    0.547455224394798279E+01    0.219422791881240808E+01    0.424497885094002037E+01    0.347966146469116167E+00    0.505197307875483048E+01    0.916581904888153054E+00    0.263583319932222349E+01    0.152596926237067390E+02    0.152816077820842029E+02    0.151778581303509341E+02   -0.681481159136730753E+03   -0.817936754913177388E+01    1
    0.245215034484863281E+01    0.494505310058593750E+01    0.113757136464118958E+01    0.704132684713033985E+01    0.741705241359123590E+01    0.165160083770751975E+00    0.232396701165811663E+02    0.322951650619506814E+00    0.287857155716419211E+01    0.157949867883621895E+02    0.157950036092520474E+02    0.157960855453158047E+02   -0.681404312993163444E+03   -0.817970088246502236E+01    1
    0.383569002151489258E+01    0.181661605834960938E+01    0.135127994418144226E+01    0.683824209554195495E+01    0.686595920226121592E+01    0.112612497806549083E+00    0.291081456136875225E+02    0.109875088930130010E+00    0.226318129628896703E+01    0.158923647743677172E+02    0.158935829155658350E+02    0.158928497111158116E+02   -0.681376831571495927E+03   -0.818003421579825840E+01    1
    0.595523834228515625E+00    0.542832899093627930E+01    0.251977670192718506E+01    0.314172960486289021E+01    0.756308121392294641E+01    0.200752139091491699E+00    0.208862126920211333E+01    0.745453429222106889E+00    0.227681972348690032E+01    0.151341793157859108E+02    0.149424060790855346E+02    0.150255845507489347E+02   -0.681364818850809343E+03   -0.818036754913168984E+01    1
    0.414452552795410156E+01    0.931650161743164062E+00    0.203205096721649170E+01    0.259143367114557233E+01    0.763705435678654254E+01    0.307995009422302235E+00    0.120859780334497451E+02    0.834153383970260620E+00    0.234411712408065798E+01    0.155120587390667879E+02    0.155127104721565949E+02    0.155128556350213032E+02   -0.681299621425686610E+03   -0.818070088246513016E+01    1
    0.607297229766845703E+01    0.162669372558593750E+01    0.523358973860740662E+01    0.200517213461375565E+01    0.457703902179786581E+01    0.423221814632415816E+00    0.261040061542086264E+02    0.184053671360015880E+00    0.230908510345220552E+01    0.158454181564818626E+02    0.158452596950382958E+02    0.158464876126654008E+02   -0.680951664477182590E+03   -0.818103421579841594E+01    1
    0.239150381088256836E+01    0.391848802566528320E+01    0.380305635929107666E+01    0.441979021453031251E+01    0.449377390218587447E+01    0.347601938247680653E+00    0.361903443443090334E+01    0.641672754287719749E+00    0.280946682244539270E+01    0.152431610370624053E+02    0.152575290421252223E+02    0.151154336100115270E+02   -0.680913706601674221E+03   -0.818136754913178343E+01    1
    0.262206888198852539E+01    0.203891134262084961E+01    0.171543541550636292E+01    0.320472079852052083E+01    0.512169431480155879E+01    0.419828927516937234E+00    0.237490962727560486E+02    0.455380785465240523E+00    0.278740439140796648E+01    0.158045052280909530E+02    0.158040073885139414E+02    0.158043346011207131E+02   -0.680910885464185753E+03   -0.818170088246509053E+01    1
    0.371832513809204102E+01    0.153535699844360352E+01    0.113252076506614685E+01    0.290240389268982879E+01    0.375212842931815072E+01    0.267935323715209950E+00    0.341592329345949040E+02    0.541575503349304266E+00    0.228278749370574952E+01    0.159624584254597295E+02    0.159628002988506985E+02    0.159621420730783505E+02   -0.680676511924992042E+03   -0.818203421579840473E+01    1
    0.344559431076049805E+01    0.269352912902832031E+00    0.377770143747329712E+01    0.339929590217536637E+01    0.698500527727877252E+01    0.578977012634277366E+00    0.116401999942057799E+02    0.946007668972015381E+00    0.268996760052442552E+01    0.154951473908142408E+02    0.154976453972234456E+02    0.154973127765850407E+02   -0.680543134976071087E+03   -0.818236754913180242E+01    1
    0.696648025512695312E+01    0.192660617828369141E+01    0.141364845633506775E+01    0.570005781989932814E+01    0.604746618487867416E+01    0.344859576225280740E+00    0.540392479376132506E+01    0.377400439977645941E+00    0.292924689847230901E+01    0.151680131350772971E+02    0.151628532253957307E+02    0.151687293748656131E+02   -0.680508532812631074E+03   -0.818270088246517702E+01    1
    0.356334447860717773E+01    0.181066226959228516E+01    0.778086128830909729E+01    0.261844711922228868E+01    0.696402359367078194E+01    0.408503854274749778E+00    0.362983271139546986E+02    0.246274054050445557E+00    0.235867827087640736E+01    0.159888110241282071E+02    0.159884260227793167E+02    0.159882609236530993E+02   -0.680300529603880136E+03   -0.818303421579843615E+01    1
    0.548861646652221680E+01    0.925984382629394531E+00    0.442053440213203430E+01    0.354890133582388856E+01    0.467711571354903288E+01    0.230703580379486073E+00    0.181074899372765614E+02    0.129550862312316911E+00    0.260560641533136383E+01    0.156881921365727184E+02    0.156868391571530541E+02    0.156873164914856620E+02   -0.680181117484224274E+03   -0.818336754913169351E+01    1
    0.240669155120849609E+01    0.598459863662719727E+01    0.194150853157043457E+01    0.299519043345154756E+01    0.504633123526508953E+01    0.197470045089721685E+00    0.193254291967824110E+01    0.551396358013153121E+00    0.298720886039733902E+01    0.151062957998636378E+02    0.152092886584560727E+02    0.151324087337448265E+02   -0.680120376674692579E+03   -0.818370088246507876E+01    1
    0.470650672912597656E+01    0.157944822311401367E+01    0.587983608245849609E+00    0.228484636558262411E+01    0.279012997517807548E+01    0.444700908660888627E+00    0.224740846253017850E+02    0.941725683212280229E+00    0.273419680875539761E+01    0.157804517310622838E+02    0.157809674717855106E+02    0.157810192370428535E+02   -0.680082099426037871E+03   -0.818403421579833434E+01    1
    0.181782770156860352E+01    0.287276983261108398E+01    0.663376095890998840E+01    0.220852176404969480E+01    0.789194628720733427E+01    0.558802974224090532E+00    0.101625800131673039E+02    0.661517453193664506E+00    0.268702182048559202E+01    0.154359482995037478E+02    0.154390054860872006E+02    0.154380166598716180E+02   -0.679791188334286971E+03   -0.818436754913161302E+01    1
    0.523280429840087891E+01    0.439629650115966797E+01    0.263848188519477844E+01    0.402738274797669060E+01    0.515882583764168334E+01    0.129873228073120128E+00    0.195966863785416372E+02    0.122611826658248907E+00    0.237004102075099921E+01    0.157216464554414728E+02    0.157211410357920141E+02    0.157221781248643016E+02   -0.679777959786993506E+03   -0.818470088246508354E+01    1
    0.282262277603149414E+01    0.153113460540771484E+01    0.178155723214149475E+01    0.311890483858636314E+01    0.620501808456916404E+01    0.302901637554168712E+00    0.242712110661403919E+02    0.555743950605392500E+00    0.302413631731271737E+01    0.158146346849158945E+02    0.158148271008848518E+02    0.158148250896674423E+02   -0.679655219719478282E+03   -0.818503421579852386E+01    1
    0.355429220199584961E+01    0.401426506042480469E+01    0.690855684876441956E+01    0.249916440122228778E+01    0.479333439800293704E+01    0.193315804004669189E+00    0.535425040145577213E+01    0.620860797166824296E+00    0.231575364261865602E+01    0.151605654723708909E+02    0.151640913940360598E+02    0.151633671056914903E+02   -0.679647012557821540E+03   -0.818536754913172615E+01    1
    0.101082801818847656E+01    0.183976602554321289E+01    0.328148785233497620E+01    0.253196035565880395E+01    0.747872142273678797E+01    0.318234145641326904E+00    0.283387377437447308E+01    0.108467841148376473E+00    0.291792933827638645E+01    0.151340604766672673E+02    0.150908786288281345E+02    0.150773423937245035E+02   -0.679627148808796619E+03   -0.818570088246509187E+01    1
    0.246656513214111328E+01    0.675433874130249023E+01    0.266668486595153809E+01    0.607765423052062292E+01    0.744635416037959441E+01    0.328705489635467529E+00    0.231562278202464000E+01    0.569647610187530518E+00    0.224768331128358811E+01    0.149686643050225960E+02    0.149936457559797898E+02    0.149575060515364129E+02   -0.679343838388005793E+03   -0.818603421579843982E+01    1
    0.329977846145629883E+01    0.324034166336059570E+01    0.141064885258674622E+01    0.280857825873651423E+01    0.465412128378290202E+01    0.486621510982513383E+00    0.317343775809341757E+02    0.102963572740554815E+00    0.277525287163257595E+01    0.159306287702872211E+02    0.159304572018497304E+02    0.159301186020028052E+02   -0.679306356148725968E+03   -0.818636754913159770E+01    1
    0.325947332382202148E+01    0.292347812652587891E+01    0.720387521386146545E+01    0.664450643899165794E+01    0.687992619673386230E+01    0.496784150600433350E+00    0.587323146007842478E+01    0.603764182329177834E+00    0.287172281593084344E+01    0.151995322992676254E+02    0.152018155225982117E+02    0.151993038562090490E+02   -0.679200687290613246E+03   -0.818670088246500605E+01    1
    0.664848661422729492E+01    0.339449405670166016E+00    0.338574129343032837E+01    0.220573065183195949E+01    0.826684828447934628E+01    0.248557364940643316E+00    0.226403689597681961E+02    0.802183115482330344E+00    0.272313282692432423E+01    0.157840838065832383E+02    0.157837717322089546E+02    0.157837110255751156E+02   -0.679080160267024326E+03   -0.818703421579851920E+01    1
    0.226756143569946289E+01    0.366239023208618164E+01    0.651393684744834900E+01    0.623083590592293213E+01    0.662641645835472382E+01    0.134352910518646229E+00    0.150464117126078918E+02    0.528069883584976196E+00    0.300507467323541633E+01    0.156063435604760503E+02    0.156080924072377591E+02    0.156076443168220713E+02   -0.679078195961190545E+03   -0.818736754913180143E+01    1
    0.299085283279418945E+01    0.591789150238037109E+01    0.603826969861984253E+00    0.319490601920581208E+01    0.360859009876831838E+01    0.473468136787414506E+00    0.850193540610848153E+01    0.838410854339599609E+00    0.237551742279529554E+01    0.153589819759504262E+02    0.153618232980410756E+02    0.153580684765079685E+02   -0.678835277492550517E+03   -0.818770088246513339E+01    1
    0.596257495880126953E+01    0.415198993682861328E+01    0.539914417266845703E+01    0.746202825232051037E+01    0.765057106642805707E+01    0.308998799324035622E+00    0.627718865619140320E+01    0.352663981914520308E+00    0.245406614249944699E+01    0.152274834000191976E+02    0.152300717804103272E+02    0.152311429769924551E+02   -0.678813833029143098E+03   -0.818803421579860213E+01    1
    0.254954576492309570E+01    0.278946733474731445E+01    0.125142666697502136E+01    0.458756966656247478E+01    0.792180055878950728E+01    0.534615743160247847E+00    0.173143647238169507E+02    0.396452814340591431E+00    0.271605874454975105E+01    0.156686736454102835E+02    0.156685663807588345E+02    0.156675809509633499E+02   -0.678778204714363255E+03   -0.818836754913191456E+01    1
    0.441187286376953125E+01    0.260881185531616211E+01    0.295492309331893921E+01    0.285127982174658623E+01    0.634745513618958768E+01    0.298855686187744163E+00    0.237033177019355676E+02    0.112883508205413818E+00    0.268345391064882266E+01    0.158036465296548450E+02    0.158044275782081431E+02    0.158034016505858119E+02   -0.678717687686817158E+03   -0.818870088246518257E+01    1
    0.497457122802734375E+01    0.498004913330078125E+00    0.180181953310966492E+01    0.241486372181989495E+01    0.467116477172481925E+01    0.543308603763580367E+00    0.172446583376396632E+02    0.826627159118652366E+00    0.242964580208063108E+01    0.156670025078386175E+02    0.156665827426068418E+02    0.156663612446021911E+02   -0.678405100431142273E+03   -0.818903421579853408E+01    1
    0.410305213928222656E+01    0.785593795776367188E+01    0.710497528314590454E+00    0.256226817767674220E+01    0.261250867977354861E+01    0.281126141548156738E+00    0.585719561843685543E+01    0.621817487478256270E+00    0.230165000969171496E+01    0.152002409764457074E+02    0.151970313102298498E+02    0.151984808245716465E+02   -0.678313438698668506E+03   -0.818936754913191223E+01    1
    0.596726369857788086E+01    0.439538145065307617E+01    0.224351498484611511E+01    0.243428649405143105E+01    0.383896292180794596E+01    0.479963696002960183E+00    0.111060497808034420E+02    0.200021076202392567E+00    0.243814171469211560E+01    0.154745909817934990E+02    0.154763033957949965E+02    0.154766862387937341E+02   -0.678083239030850450E+03   -0.818970088246526551E+01    1
    0.566487503051757812E+01    0.794182825088500977E+01    0.752516943216323853E+01    0.529970878345595509E+01    0.752323519485506509E+01    0.322895646095275879E+00    0.692259926181399887E+01    0.326691776514053345E+00    0.250175355035066582E+01    0.152720409818339284E+02    0.152692718531001113E+02    0.152694748342267133E+02   -0.677892956411074579E+03   -0.819003421579855839E+01    1
    0.436978197097778320E+01    0.687586116790771484E+01    0.732828098535537720E+01    0.640680801284685586E+01    0.674190183996301950E+01    0.237209117412567144E+00    0.814297761651896934E+01    0.335048091411590587E+00    0.265831468492746348E+01    0.153408331604986543E+02    0.153421507744493262E+02    0.153436312412043794E+02   -0.677841558183575899E+03   -0.819036754913177134E+01    1
    0.525762081146240234E+01    0.135060596466064453E+01    0.751223295927047729E+00    0.210494764616830521E+01    0.750192527960381206E+01    0.459810400009155296E+00    0.343743847460127014E+02    0.225260126590728776E+00    0.231361758267879480E+01    0.159646102591015335E+02    0.159650345757085397E+02    0.159651771275299854E+02   -0.677832566588235181E+03   -0.819070088246509265E+01    1
    0.249440813064575195E+01    0.541414356231689453E+01    0.932366281747817993E+00    0.700648069987375965E+01    0.769995532484716261E+01    0.145611858367919927E+00    0.237411018335990072E+02    0.328394335508346569E+00    0.262752153712511038E+01    0.158044891574923909E+02    0.158044429384980951E+02    0.158040592590395850E+02   -0.677750033686813026E+03   -0.819103421579852231E+01    1
    0.315429496765136719E+01    0.327766656875610352E+01    0.764339360594749451E+01    0.761797551030628739E+01    0.822754307711772448E+01    0.248336815834045405E+00    0.175121358346695608E+02    0.221669882535934448E+00    0.251730947732925392E+01    0.156736669276042182E+02    0.156724213195322832E+02    0.156738326766397371E+02   -0.677662620640635168E+03   -0.819136754913187382E+01    1
    0.764982223510742188E+01    0.354706287384033203E+00    0.330936136841773987E+01    0.208026135453451388E+01    0.714876333121665564E+01    0.322508049011230480E+00    0.345815250406998231E+02    0.562085229158401534E+00    0.273590946215391151E+01    0.159681323463955742E+02    0.159674529639118212E+02    0.159676851060866429E+02   -0.677639170465015354E+03   -0.819170088246517736E+01    1
    0.309222936630249023E+01    0.236972808837890625E+01    0.840433567762374878E+00    0.350794497238635739E+01    0.442732132623655961E+01    0.297950387001037598E+00    0.151700063823847238E+02    0.964896643161773704E+00    0.223685889041423769E+01    0.156098741950152924E+02    0.156109883512931074E+02    0.156117729638850005E+02   -0.677614700844813910E+03   -0.819203421579846669E+01    1
    0.247597789764404297E+01    0.572483539581298828E+01    0.156231436133384705E+01    0.683879650252778060E+01    0.727961058621491119E+01    0.158434641361236583E+00    0.251250876131033856E+02    0.297628110647201516E+00    0.265531986927986141E+01    0.158285155605586922E+02    0.158288436999536852E+02    0.158287217268204383E+02   -0.677453861797867035E+03   -0.819236754913179688E+01    1
    0.258894348144531250E+01    0.237310409545898438E+01    0.317884731292724609E+01    0.342865940863202834E+01    0.406420917069806897E+01    0.322968673706054699E+00    0.398694941139102577E+01    0.768702065944671609E+00    0.267952797508239726E+01    0.154179984910466530E+02    0.152080836066242036E+02    0.154286397870525587E+02   -0.677198368070832203E+03   -0.819270088246523009E+01    1
    0.236884832382202148E+01    0.103857326507568359E+01    0.546870708465576172E+00    0.678944455571677974E+01    0.778872556704142216E+01    0.422560167312622026E+00    0.345975587476446904E+02    0.251946067810058572E+00    0.285228143686056157E+01    0.159677482688739723E+02    0.159677112887906709E+02    0.159674717035849394E+02   -0.676452532607667877E+03   -0.819303421579843949E+01    1
    0.592369031906127930E+01    0.470994377136230469E+01    0.736800718307495117E+01    0.514552860518404387E+01    0.634760288778117410E+01    0.366391956806182861E+00    0.273714639731606280E+01    0.623224037885665938E+00    0.226045534151792493E+01    0.153396714356977419E+02    0.151603313872804133E+02    0.150452087926623133E+02   -0.676340576930819111E+03   -0.819336754913171461E+01    1
    0.367937374114990234E+01    0.799781322479248047E+00    0.108009698987007141E+01    0.732466188021363518E+01    0.771148127700761954E+01    0.297622764110565208E+00    0.225915270991772594E+02    0.137143981456756603E+00    0.253786531585454922E+01    0.157837772185124372E+02    0.157822630633532519E+02    0.157836876076768160E+02   -0.676325891207775953E+03   -0.819370088246515671E+01    1
    0.284434461593627930E+01    0.758064603805541992E+01    0.128727662563323975E+01    0.748683533308593496E+01    0.809860506213708931E+01    0.462538206577301048E+00    0.110855524230502009E+02    0.403359180688858010E+00    0.264839886504411703E+01    0.154750835783285599E+02    0.154751931500647686E+02    0.154746055046220370E+02   -0.676280621746317479E+03   -0.819403421579847802E+01    1
    0.432587003707885742E+01    0.284135723114013672E+01    0.110144603252410889E+01    0.228216845042208050E+01    0.561339365552220393E+01    0.253479540348052979E+00    0.507090356912722662E+01    0.607188612222671509E+00    0.233371646398305899E+01    0.151347503457642585E+02    0.151375778836644610E+02    0.151414154573407558E+02   -0.676208894060083480E+03   -0.819436754913180110E+01    1
    0.273728656768798828E+01    0.121600246429443359E+01    0.680895659327507019E+01    0.507441302224157909E+01    0.749218668413089706E+01    0.430116629600524880E+00    0.327240528587316248E+02    0.242161744832992576E+00    0.232228089445829378E+01    0.159438876349521834E+02    0.159436117327462163E+02    0.159439548112314959E+02   -0.676143470393776852E+03   -0.819470088246506556E+01    1
    0.239012050628662109E+01    0.675263118743896484E+01    0.107479426264762878E+01    0.384055648460707832E+01    0.497308532519986635E+01    0.131219410896301264E+00    0.257974316870422307E+02    0.197662556171417259E+00    0.233892395454645152E+01    0.158407921805967788E+02    0.158409091188514708E+02    0.158401241034606350E+02   -0.676094850357057453E+03   -0.819503421579842062E+01    1
    0.233852052688598633E+01    0.151912212371826172E+00    0.293410199880599976E+01    0.656846359260196877E+01    0.782990470309416509E+01    0.441641187667846657E+00    0.267431791760616981E+02    0.303416800498962413E+00    0.288681910365819938E+01    0.158557991922336683E+02    0.158556450317693205E+02    0.158564998189126598E+02   -0.676094250519883190E+03   -0.819536754913182719E+01    1
    0.600855588912963867E+01    0.531186103820800781E+00    0.742498070001602173E+00    0.201688355249220264E+01    0.468294927033259967E+01    0.479820394515991233E+00    0.260817177859206026E+02    0.236492574214935303E+00    0.283664100062847124E+01    0.158445887149996594E+02    0.158448428007995883E+02    0.158459465172863894E+02   -0.676035403688312499E+03   -0.819570088246505790E+01    1
    0.311868906021118164E+01    0.404942560195922852E+01    0.159144985675811768E+01    0.402077264178010907E+01    0.779168958132563905E+01    0.350256752967834428E+00    0.546526957294846216E+01    0.685522687435150102E+00    0.270507259219884855E+01    0.152181185538082033E+02    0.152218729131599897E+02    0.153146096932500910E+02   -0.675997630570764841E+03   -0.819603421579829927E+01    1
    0.391263294219970703E+01    0.707201147079467773E+01    0.322404074668884277E+01    0.326303531986195416E+01    0.693978845803751554E+01    0.103431832790374767E+00    0.137424514431486617E+02    0.224393022060394298E+00    0.231533069151639914E+01    0.155687298738525790E+02    0.155687007039388039E+02    0.155691315441232536E+02   -0.675959099668542990E+03   -0.819636754913175203E+01    1
    0.333854675292968750E+01    0.919349193572998047E+00    0.322052839398384094E+01    0.368540535897347965E+01    0.567005295694397216E+01    0.196536958217620850E+00    0.122233201500012996E+02    0.379822528362274148E+00    0.233828117817640280E+01    0.155160772307369381E+02    0.155158939504854523E+02    0.155179580985305563E+02   -0.675865304104803386E+03   -0.819670088246522788E+01    1
    0.299622249603271484E+01    0.335824489593505859E+01    0.142164278030395508E+01    0.219382924123501954E+01    0.324692031540209758E+01    0.523850357532501198E+00    0.133384088591675170E+02    0.315892022848129284E+00    0.256076777899265284E+01    0.155542759808230819E+02    0.155559821123890902E+02    0.155534045145168704E+02   -0.675841713159653978E+03   -0.819703421579854385E+01    1
    0.428264665603637695E+01    0.558652162551879883E+01    0.499088558554649353E+01    0.266914090556483785E+01    0.641450910696280019E+01    0.387395942211151145E+00    0.323874462067682778E+01    0.629824793338775613E+00    0.243971267592906926E+01    0.154232870073895878E+02    0.152506975570116516E+02    0.150923922504403940E+02   -0.675759355181968999E+03   -0.819736754913173904E+01    1
    0.193987321853637695E+01    0.388523674011230469E+01    0.693634274601936340E+01    0.284721049884498090E+01    0.534429462831694391E+01    0.369028639793395952E+00    0.932589417876282312E+01    0.567690885066986062E+00    0.264081423544883709E+01    0.153984309511645812E+02    0.154002624529265812E+02    0.153990894194610384E+02   -0.675664713707335068E+03   -0.819770088246506212E+01    1
    0.223470497131347656E+01    0.568267726898193359E+01    0.607625889778137207E+01    0.306321242154459972E+01    0.349311665065395571E+01    0.150944197177886957E+00    0.239755043398948189E+02    0.191795063018798839E+00    0.221443382865190497E+01    0.158091493260300062E+02    0.158092061805649333E+02    0.158096172948367517E+02   -0.675655926818710554E+03   -0.819803421579837099E+01    1
    0.437618732452392578E+01    0.637556886672973633E+01    0.245655435323715210E+01    0.466852959129803935E+01    0.776863204732537405E+01    0.382709372043609664E+00    0.685758707368913356E+01    0.357868057489395208E+00    0.285839580786228176E+01    0.152669061892072779E+02    0.152674093516615486E+02    0.152667295104922864E+02   -0.675185844982003005E+03   -0.819836754913173849E+01    1
    0.260646247863769531E+01    0.595032453536987305E+01    0.233110207319259644E+01    0.390294559617023573E+01    0.808114865366375490E+01    0.302535176277160645E+00    0.225205505684610010E+02    0.211726987361907981E+00    0.297586969214677799E+01    0.157821711184896163E+02    0.157813001575520371E+02    0.157825118518140233E+02   -0.675066363598309181E+03   -0.819870088246524986E+01    1
    0.217480039596557617E+01    0.285485506057739258E+01    0.562183457612991333E+01    0.743756982733558303E+01    0.793523991378977822E+01    0.370949923992156982E+00    0.568694928688754420E+01    0.767309784889221191E+00    0.302454322683811183E+01    0.154941782652286104E+02    0.153623016477497956E+02    0.154146178638414018E+02   -0.674850415604580462E+03   -0.819903421579859959E+01    1
    0.717533636093139648E+01    0.353762149810791016E+00    0.262634935975074768E+01    0.207369153018054497E+01    0.603538007375526142E+01    0.139166080951690668E+00    0.348419324222455842E+02    0.348870962858200073E+00    0.260234688836336137E+01    0.159705363027958871E+02    0.159715193707282452E+02    0.159706011207095777E+02   -0.674821354844254415E+03   -0.819936754913189603E+01    1
    0.258487176895141602E+01    0.749090194702148438E+00    0.212830874323844910E+01    0.417741205077935351E+01    0.487488243867321991E+01    0.211656105518341076E+00    0.102006971575165934E+02    0.749370634555816650E+00    0.276071824151277534E+01    0.154380498483154938E+02    0.154383843200091047E+02    0.154409672790535168E+02   -0.674496412416648923E+03   -0.819970088246505924E+01    1
    0.264911794662475586E+01    0.749576568603515625E+00    0.221474069356918335E+01    0.528130072138731066E+01    0.697955891029502951E+01    0.409421420097351052E+00    0.923316935802469274E+01    0.476331466436386131E+00    0.296739225012064001E+01    0.153979533227059235E+02    0.153973231423659715E+02    0.153951117121736516E+02   -0.674443140137443038E+03   -0.820003421579842495E+01    1
    0.440497541427612305E+01    0.164549303054809570E+01    0.136658328771591187E+01    0.232931739533631044E+01    0.303582080539008103E+01    0.290326726436615001E+00    0.220791657350341737E+02    0.254525172710418746E+00    0.246862116616964311E+01    0.157728623185259771E+02    0.157736295263908808E+02    0.157726620491986864E+02   -0.674131468949297982E+03   -0.820036754913194166E+01    1
    0.272458362579345703E+01    0.131901264190673828E+01    0.576430904865264893E+01    0.523667373836229721E+01    0.525128282472799057E+01    0.212125849723815929E+00    0.103127431181239793E+02    0.476655584573745794E+00    0.266432708817720432E+01    0.154451014680186347E+02    0.154428888591412434E+02    0.154433542760608375E+02   -0.674073885459500161E+03   -0.820070088246515816E+01    1
    0.224919414520263672E+01    0.209023523330688477E+01    0.487946081161499023E+01    0.282085040556856237E+01    0.375365896046150072E+01    0.246493172645568859E+00    0.252772402553883282E+02    0.224867558479309088E+00    0.268828834599256528E+01    0.158310872465231522E+02    0.158322877407131148E+02    0.158317221539001469E+02   -0.674008679687220933E+03   -0.820103421579845104E+01    1
    0.277300500869750977E+01    0.741363668441772461E+01    0.774979639053344727E+01    0.672480099266376818E+01    0.700826838004075192E+01    0.515024673938751176E+00    0.756210743104962102E+01    0.587413597106933638E+00    0.304936222827434555E+01    0.153111617401225288E+02    0.153110380743117425E+02    0.153086510602422550E+02   -0.673957052526232360E+03   -0.820136754913180077E+01    1
    0.283095502853393555E+01    0.287960433959960938E+01    0.170619162917137146E+01    0.406817127393366107E+01    0.721993276286917851E+01    0.503684186935424827E+00    0.137624855717171020E+02    0.352378165721893288E+00    0.280134634345769884E+01    0.155682792645923591E+02    0.155689242748230967E+02    0.155677748731326453E+02   -0.673665891164405252E+03   -0.820170088246499951E+01    1
    0.559572792053222656E+01    0.422731637954711914E+01    0.408345493674278259E+01    0.490725191136892569E+01    0.784948800504996846E+01    0.416183948516845703E+00    0.934594538490489768E+01    0.254051816463470470E+00    0.251171233332157140E+01    0.154006671109402404E+02    0.154029311783355567E+02    0.154024054669175445E+02   -0.673565989607978395E+03   -0.820203421579825687E+01    1
    0.381880331039428711E+01    0.227085876464843750E+01    0.727684202790260315E+01    0.216405429636641822E+01    0.783192264525389170E+01    0.339111888408660911E+00    0.929980818503812046E+01    0.847437238693237282E+00    0.222318787401914575E+01    0.154186388016890881E+02    0.153968834988724339E+02    0.154103657090897777E+02   -0.673503341570027942E+03   -0.820236754913158883E+01    1
    0.328875732421875000E+01    0.367176532745361328E+00    0.301522630453109741E+01    0.428095319124993168E+01    0.800701317563442139E+01    0.321696841716766380E+00    0.434705566780737040E+01    0.546551430225372337E+00    0.297376956129074088E+01    0.153599894065350657E+02    0.150824021799709396E+02    0.152937287494416587E+02   -0.673181588764481603E+03   -0.820270088246503093E+01    1
    0.252579116821289062E+01    0.585810613632202148E+01    0.458588901162147522E+01    0.566941480914143447E+01    0.724625181613396485E+01    0.513724195957183882E+00    0.725912138904290227E+01    0.834943026304244995E+00    0.290450496745109543E+01    0.155363979129582876E+02    0.153979808852604823E+02    0.152963074593566244E+02   -0.673160061196067772E+03   -0.820303421579841974E+01    1
    0.274819564819335938E+01    0.636708688735961914E+01    0.309792953729629517E+01    0.506037110010119751E+01    0.679707349384666415E+01    0.304786801338195801E+00    0.784406030643035823E+01    0.705285847187042236E+00    0.245463604861497853E+01    0.153344085238424128E+02    0.153232147033513115E+02    0.153419629202319374E+02   -0.672923439358861287E+03   -0.820336754913181565E+01    1
    0.248953723907470703E+01    0.462288188934326172E+01    0.483776676654815674E+01    0.596247874718398307E+01    0.706316762401836851E+01    0.264907717704772949E+00    0.780444673969146052E+01    0.837112987041473411E+00    0.275399423998594273E+01    0.153218866770951365E+02    0.153615221459022884E+02    0.153671229314064650E+02   -0.672894447492694326E+03   -0.820370088246508011E+01    1
    0.290685844421386719E+01    0.239835739135742188E+01    0.751057642698287964E+01    0.278286644646791448E+01    0.608992039431199927E+01    0.347109627723693803E+00    0.319404932212033046E+02    0.175254201889038091E+00    0.250283643269538869E+01    0.159326359805143518E+02    0.159330107920315687E+02    0.159330876186087274E+02   -0.672814251948212359E+03   -0.820403421579829661E+01    1
    0.510506629943847656E+01    0.868223667144775391E+00    0.285878691077232361E+01    0.669271932950982595E+01    0.800389379597343087E+01    0.322106075286865245E+00    0.662526376198316225E+01    0.384819805622100830E+00    0.240399208199977865E+01    0.152530115303278233E+02    0.152528430218183111E+02    0.152537619443086090E+02   -0.672792756581591561E+03   -0.820436754913176003E+01    1
    0.212538433074951172E+01    0.669390964508056641E+01    0.225243869423866272E+01    0.344071694059352939E+01    0.801633789859377188E+01    0.403660428524017290E+00    0.202014907834579063E+02    0.230527609586715698E+00    0.288914953488111514E+01    0.157340915322748476E+02    0.157352374536558237E+02    0.157346640497338921E+02   -0.672594015784260137E+03   -0.820470088246516838E+01    1
    0.195160150527954102E+01    0.405754232406616211E+01    0.675433903932571411E+00    0.309881417918454449E+01    0.466801037041740408E+01    0.397705137729644775E+00    0.164455303570479821E+02    0.399411934614181563E+00    0.293536126947402964E+01    0.156460319844381814E+02    0.156449558614796711E+02    0.156443627060679198E+02   -0.672581986652360683E+03   -0.820503421579843994E+01    1
    0.477299022674560547E+01    0.521347951889038086E+01    0.509472283720970154E+01    0.426052481156839491E+01    0.752898566402446612E+01    0.128847301006317139E+00    0.224151947473244206E+02    0.121833395957946788E+00    0.229862776648998235E+01    0.157796378690045103E+02    0.157801440268991247E+02    0.157796072983879050E+02   -0.672538439664345333E+03   -0.820536754913170086E+01    1
    0.318577289581298828E+01    0.273551130294799805E+01    0.607247161865234375E+01    0.461312138321415866E+01    0.596195109749819885E+01    0.394809782505035400E+00    0.110724923486142171E+02    0.287102854251861550E+00    0.294921132403612152E+01    0.154732244411491706E+02    0.154761569016819180E+02    0.154742556874790367E+02   -0.672490708852757393E+03   -0.820570088246509677E+01    1
    0.250900077819824219E+01    0.648353481292724609E+01    0.140163707733154297E+01    0.762150010043168180E+01    0.767240849319337670E+01    0.155664634704589855E+00    0.220299716494870559E+02    0.340857219696044933E+00    0.260707323282957049E+01    0.157724784146922872E+02    0.157719783223360679E+02    0.157719669115239860E+02   -0.672371359508491764E+03   -0.820603421579837544E+01    1
    0.566391944885253906E+00    0.716916084289550781E+01    0.130039888620376587E+01    0.282119885149319805E+01    0.708167197468186238E+01    0.205812323093414296E+00    0.243477591552544794E+02    0.187021106481552124E+00    0.263459283626079532E+01    0.158154354802146884E+02    0.158159182557322389E+02    0.158158557742253372E+02   -0.672131522805357804E+03   -0.820636754913170208E+01    1
    0.428039407730102539E+01    0.460093927383422852E+01    0.315193670988082886E+01    0.418810250302792753E+01    0.590967081697992569E+01    0.305692887306213357E+00    0.456738198403602258E+01    0.550684392452239990E+00    0.280051870942115766E+01    0.150961227797560724E+02    0.150963929047960939E+02    0.150936049842506623E+02   -0.672081520131365664E+03   -0.820670088246505536E+01    1
    0.257281589508056641E+01    0.288700866699218750E+01    0.262827116250991821E+01    0.520586038441885801E+01    0.690446233190315350E+01    0.220838415622711171E+00    0.262549322090224013E+01    0.559187102317810103E+00    0.295075809639692288E+01    0.153251726146258420E+02    0.150705494365219188E+02    0.152370875836706823E+02   -0.671751834216122234E+03   -0.820703421579842463E+01    1
    0.457537412643432617E+01    0.619245481491088867E+01    0.649584937095642090E+01    0.531470555113974186E+01    0.597124372303202655E+01    0.383777248859405562E+00    0.441063120505034334E+01    0.486882257461547896E+00    0.260802449327707286E+01    0.155276863959927294E+02    0.152312026573361088E+02    0.151523934825246958E+02   -0.671647819790528388E+03   -0.820736754913180988E+01    1
    0.350130319595336914E+01    0.340918159484863281E+01    0.473274576663970947E+01    0.424354247277288898E+01    0.640434898163449429E+01    0.180455756187438976E+00    0.244058365769212848E+01    0.867673325538635298E+00    0.275086203354597103E+01    0.152560335282158537E+02    0.150130706384140549E+02    0.152780327903520288E+02   -0.671441114050576402E+03   -0.820770088246501928E+01    1
    0.329981708526611328E+01    0.522841787338256836E+01    0.697954508662223816E+01    0.489440507197097485E+01    0.497643791011854386E+01    0.374802505970001198E+00    0.109377908518856941E+02    0.320406126976013228E+00    0.260389543187618244E+01    0.154707174753847365E+02    0.154688449882957570E+02    0.154672567756051578E+02   -0.671289877965728124E+03   -0.820803421579828552E+01    1
    0.351034212112426758E+01    0.666769409179687500E+01    0.353896561264991760E+01    0.348002075463179050E+01    0.671660850688029676E+01    0.516524028778076127E+00    0.795724619507775977E+01    0.428551238775253363E+00    0.268330908101797094E+01    0.153312262677234585E+02    0.153311886703096185E+02    0.153298554832758445E+02   -0.671285729599095134E+03   -0.820836754913164413E+01    1
    0.262044525146484375E+01    0.175680541992187500E+01    0.249170291423797607E+01    0.334909631947628394E+01    0.435802951641871950E+01    0.263123548030853249E+00    0.101471781764468680E+02    0.744005304574966386E+00    0.269385204052925120E+01    0.154356017896542870E+02    0.154373216217440401E+02    0.154385209437218105E+02   -0.671176927458595401E+03   -0.820870088246514662E+01    1
    0.713902950286865234E+00    0.730558395385742188E+01    0.712933868169784546E+00    0.221905844290545362E+01    0.321818483615596573E+01    0.520724403858184859E+00    0.248431411418127617E+02    0.908521920442581177E+00    0.221729666817188242E+01    0.158244180412074087E+02    0.158238137728688795E+02    0.158246596433232813E+02   -0.671107946531500829E+03   -0.820903421579844839E+01    1
    0.274925518035888672E+01    0.472422838211059570E+01    0.628113228082656860E+01    0.543876615222625404E+01    0.680489367038187520E+01    0.444273686408996560E+00    0.244231459693615101E+02    0.233010369539260881E+00    0.243763481098413459E+01    0.158172994338920194E+02    0.158161171332994677E+02    0.158168079231213010E+02   -0.670733559244785965E+03   -0.820936754913162581E+01    1
    0.382034778594970703E+00    0.340605163574218750E+01    0.415151867270469666E+01    0.800094609431355508E+01    0.801534272440619056E+01    0.311637270450592030E+00    0.303691972078303696E+01    0.855050903558731035E+00    0.268899665498733498E+01    0.153568613745889895E+02    0.153591254306677154E+02    0.151746745367494587E+02   -0.670667714421785263E+03   -0.820970088246496665E+01    1
    0.263528823852539062E+01    0.598436784744262695E+01    0.771801802515983582E+01    0.445543643699106173E+01    0.510366821003499638E+01    0.253128099441528309E+00    0.266487837509379411E+01    0.993028348684310891E+00    0.247547016042470913E+01    0.150560216708618793E+02    0.149651414357392785E+02    0.150548061433013434E+02   -0.670666003628990438E+03   -0.821003421579837145E+01    1
    0.173909091949462891E+01    0.454371309280395508E+01    0.710992842912673950E+00    0.237557248213368721E+01    0.365788042302691974E+01    0.424269127845764205E+00    0.172514893670929368E+02    0.255945402383804366E+00    0.262584531885385530E+01    0.156661964645358616E+02    0.156673109062506448E+02    0.156655367896493178E+02   -0.670564363127210754E+03   -0.821036754913174427E+01    1
    0.341122817993164062E+01    0.457970619201660156E+00    0.134695219993591309E+01    0.315531359913018683E+01    0.446205908029985299E+01    0.432441139221191428E+00    0.263426951314863693E+02    0.999241256713867210E+00    0.291799912166595465E+01    0.158491757629028651E+02    0.158499225851688124E+02    0.158489697868171131E+02   -0.670504774754296477E+03   -0.821070088246500873E+01    1
    0.301272153854370117E+01    0.259548902511596680E+01    0.788976281881332397E+00    0.225435781004932245E+01    0.728522299700259612E+01    0.145188248157501226E+00    0.279511741551858961E+02    0.983439290523529075E+00    0.266226313942670822E+01    0.158760102424955001E+02    0.158752884586725731E+02    0.158748841118707436E+02   -0.670222767532249009E+03   -0.821103421579829984E+01    1
    0.671085548400878906E+01    0.473479652404785156E+01    0.394009757041931152E+01    0.218704679961039927E+01    0.779856757632357045E+01    0.403176379203796342E+00    0.176469056416926158E+02    0.111853539943695068E+00    0.301885256600379925E+01    0.156749731188614199E+02    0.156754466209928509E+02    0.156761751979358159E+02   -0.670116835397921591E+03   -0.821136754913177036E+01    1
    0.497531414031982422E+01    0.180680894851684570E+01    0.631929814815521240E+00    0.203110606172431485E+01    0.780688574278842395E+01    0.137521064281463629E+00    0.286384803183241274E+02    0.432947111129760809E+00    0.226392042332887655E+01    0.158852099897531822E+02    0.158855093355074430E+02    0.158852839303913171E+02   -0.670116596331656183E+03   -0.821170088246516983E+01    1
    0.463878059387207031E+01    0.376784563064575195E+01    0.249058935046195984E+01    0.237042396469240080E+01    0.249683042250303977E+01    0.337072908878326416E+00    0.215314110995362959E+02    0.144199746847152727E+00    0.226186998593807198E+01    0.157630874708325326E+02    0.157631779260620100E+02    0.157621047079428074E+02   -0.670087850609369639E+03   -0.821203421579846982E+01    1
    0.205377769470214844E+01    0.742529582977294922E+01    0.210931512713432312E+01    0.367687057684851748E+01    0.688224827575423781E+01    0.359583044052124046E+00    0.146898618609006597E+02    0.340133452415466331E+00    0.249700964617729193E+01    0.155976976997734127E+02    0.155978842123636099E+02    0.155971501081112596E+02   -0.669954389460716015E+03   -0.821236754913185685E+01    1
    0.246404695510864258E+01    0.388055467605590820E+01    0.617696779966354370E+01    0.207431734521933420E+01    0.632179801376888229E+01    0.457742130756378152E+00    0.160025829256337175E+02    0.208472394943237327E+00    0.284401891148090336E+01    0.156327810429525833E+02    0.156332694275178419E+02    0.156328021886777524E+02   -0.669884949483946684E+03   -0.821270088246511953E+01    1
    0.427781391143798828E+01    0.233144760131835938E+01    0.728091987967491150E+01    0.546572784707156067E+01    0.743780327942728370E+01    0.294165289402008034E+00    0.104675235720517286E+02    0.272449141740798928E+00    0.227044980055093770E+01    0.154484861098917108E+02    0.154483833125030809E+02    0.154482091704278908E+02   -0.669817990500632391E+03   -0.821303421579847281E+01    1
    0.105372524261474609E+01    0.706681632995605469E+01    0.529749470949172974E+01    0.300724224294339226E+01    0.507423738967323512E+01    0.516907978057861373E+00    0.103596915027383325E+02    0.440348720550537087E+00    0.276647033601999270E+01    0.154464094383471195E+02    0.154452097222490838E+02    0.154445637738875554E+02   -0.669632727589832712E+03   -0.821336754913193268E+01    1
    0.390703439712524414E+01    0.242785406112670898E+01    0.624779242277145386E+01    0.325845718409149043E+01    0.627155233369211551E+01    0.364752054214477539E+00    0.318974692722648978E+01    0.432599335908889771E+00    0.285677171206474290E+01    0.151740830330774408E+02    0.150920552133012560E+02    0.151922408158698516E+02   -0.669523801663272820E+03   -0.821370088246512253E+01    1
    0.338655424118041992E+01    0.252510547637939453E+00    0.740060183405876160E+01    0.348879121806227843E+01    0.724000630445431970E+01    0.107870137691497808E+00    0.102129545859918185E+02    0.561075109243392989E+00    0.244945952790975552E+01    0.154413608471778456E+02    0.154379104878412310E+02    0.154402679129854139E+02   -0.669350668996425497E+03   -0.821403421579829107E+01    1
    0.552546644210815430E+01    0.560843944549560547E+01    0.313278350234031677E+01    0.264948526976950749E+01    0.465525509706547425E+01    0.394315254688262895E+00    0.576663964955014041E+01    0.430379647016525313E+00    0.223739762425422661E+01    0.151957808812805375E+02    0.151961506668148942E+02    0.151920436121406173E+02   -0.669322939780591241E+03   -0.821436754913169942E+01    1
    0.300382089614868164E+01    0.322800254821777344E+01    0.476615670323371887E+01    0.330064099665503141E+01    0.547459694950455589E+01    0.402379512786865234E+00    0.226012613161481823E+02    0.147889661788940446E+00    0.303135563415288933E+01    0.157832571456460826E+02    0.157824754875294460E+02    0.157838461251629454E+02   -0.669298263786672692E+03   -0.821470088246500652E+01    1
    0.440877962112426758E+01    0.112964105606079102E+01    0.170775714516639709E+01    0.234140326621426764E+01    0.772824383110591029E+01    0.117203080654144295E+00    0.330378767559053088E+02    0.551976358890533425E+00    0.279202198714017857E+01    0.159475132930901804E+02    0.159472957324162650E+02    0.159482537204321595E+02   -0.669281024281122768E+03   -0.821503421579829229E+01    1
    0.364046382904052734E+01    0.224810075759887695E+01    0.252258363366127014E+01    0.284149748017289872E+01    0.438884931072221640E+01    0.171769332885742199E+00    0.124506141162722948E+02    0.252748745679855391E+00    0.280193229115009323E+01    0.155251604415053048E+02    0.155240846592282367E+02    0.155238560501273088E+02   -0.669263333629457634E+03   -0.821536754913165268E+01    1
    0.477801275253295898E+01    0.664169311523437500E+00    0.641118168830871582E+00    0.232805437716648145E+01    0.279932655025190469E+01    0.450267958641052291E+00    0.763113711837169539E+01    0.910804587602615401E+00    0.261029551500082002E+01    0.153127953012553597E+02    0.153157376565701000E+02    0.153114552267585946E+02   -0.669120160060391186E+03   -0.821570088246498464E+01    1
    0.518740367889404297E+01    0.571345138549804688E+01    0.187300893664360046E+01    0.589679646353704889E+01    0.716854030371404249E+01    0.394954049587249778E+00    0.159409136725475502E+02    0.149395024776458746E+00    0.249297971868515011E+01    0.156327420316966350E+02    0.156316478358753166E+02    0.156312380494550034E+02   -0.669038677110024537E+03   -0.821603421579840898E+01    1
    0.510335588455200195E+01    0.444462680816650391E+01    0.567191231250762939E+01    0.332334141750655876E+01    0.761037606146728329E+01    0.240880095958709711E+00    0.528734473735432609E+01    0.460029107332229681E+00    0.239450214827060703E+01    0.151558527731974557E+02    0.151533081808265973E+02    0.151521538658053316E+02   -0.668925234389246043E+03   -0.821636754913185108E+01    1
    0.292313528060913086E+01    0.146000909805297852E+01    0.215870890021324158E+01    0.295763036285832337E+01    0.475825323265263478E+01    0.215400040149688721E+00    0.341582198167941575E+01    0.882863909006118774E+00    0.274437420248985298E+01    0.152433924881702207E+02    0.152963739475071936E+02    0.154007733572966625E+02   -0.668878475808522353E+03   -0.821670088246524877E+01    1
    0.242057561874389648E+01    0.332981967926025391E+01    0.153947758674621582E+01    0.679391382107113273E+01    0.784101463318569714E+01    0.217159783840179449E+00    0.182674811858591397E+02    0.379788357019424483E+00    0.304695761108398422E+01    0.156910900872724817E+02    0.156903445890342930E+02    0.156921443139947083E+02   -0.668851661559414083E+03   -0.821703421579854876E+01    1
    0.426930809020996094E+01    0.894626617431640625E+00    0.827982753515243530E+00    0.224926219209587153E+01    0.495245662789322871E+01    0.493617784976959184E+00    0.670288133414602871E+01    0.901482409238815285E+00    0.279686112868785841E+01    0.152607225446977690E+02    0.152600609740372555E+02    0.152582112287056813E+02   -0.668845904598679795E+03   -0.821736754913171730E+01    1
    0.394807767868041992E+01    0.578566360473632812E+01    0.116983789205551147E+01    0.261214655727260414E+01    0.270511974425905777E+01    0.460741126537323020E+00    0.303962642989052618E+02    0.713982480764389082E+00    0.239205360651016230E+01    0.159110654971408820E+02    0.159119811991294675E+02    0.159116840893351092E+02   -0.668838646401744199E+03   -0.821770088246493202E+01    1
    0.477559280395507812E+01    0.711931705474853516E+01    0.316440093517303467E+01    0.269464463288141687E+01    0.449222223708395951E+01    0.468303775787353493E+00    0.112327034709573219E+02    0.245704835653305059E+00    0.225389727163314824E+01    0.154807779499895286E+02    0.154811095277558657E+02    0.154797898281412802E+02   -0.668726752222058963E+03   -0.821803421579838478E+01    1
    0.269070625305175781E+01    0.219144964218139648E+01    0.647856208682060242E+01    0.514420746294349662E+01    0.658031591300962582E+01    0.303075587749481179E+00    0.127536599297867301E+02    0.386728197336196899E+00    0.271612012761831290E+01    0.155357502409909305E+02    0.155358454331987090E+02    0.155361368773258413E+02   -0.668669180383905655E+03   -0.821836754913187306E+01    1
    0.343280649185180664E+01    0.272062063217163086E+01    0.580426859855651855E+01    0.348782388043035407E+01    0.815696917817061617E+01    0.285091841220855735E+00    0.272829167538725148E+01    0.933864986896514870E+00    0.241121625685691843E+01    0.149947603379785637E+02    0.149450281746988409E+02    0.149667642674819028E+02   -0.668512441842679095E+03   -0.821870088246519792E+01    1
    0.341551589965820312E+01    0.315816879272460938E+01    0.467716726660728455E+01    0.294060184483761855E+01    0.776852142590043915E+01    0.227323174476623535E+00    0.617959459227110752E+01    0.572973066568374656E+00    0.244370444774627682E+01    0.152234319580686535E+02    0.152217531769396484E+02    0.152242100919554506E+02   -0.668408570627962490E+03   -0.821903421579838600E+01    1
    0.243951892852783203E+01    0.309204435348510742E+01    0.571487101912498474E+01    0.672444059054518828E+01    0.767626258908349790E+01    0.350132620334625222E+00    0.984214922969427697E+01    0.675450241565704323E+00    0.305242991417646437E+01    0.154231535177143275E+02    0.154237325493935753E+02    0.154216197017887087E+02   -0.668374868481273211E+03   -0.821936754913167889E+01    1
    0.690985012054443359E+01    0.324968338012695312E+01    0.247235614061355591E+01    0.355035625727146265E+01    0.753192961802611904E+01    0.108302724361419689E+00    0.327381128343588745E+01    0.625484549999237083E+00    0.258242132693529136E+01    0.149852578144237718E+02    0.149958310130473489E+02    0.149931352471709793E+02   -0.668366621919122849E+03   -0.821970088246512631E+01    1
    0.359557580947875977E+01    0.393573093414306641E+01    0.109880629181861877E+01    0.358313201692526162E+01    0.800336098416578068E+01    0.420096755027770996E+00    0.104927919769387437E+02    0.298352253437042247E+00    0.257341795396804818E+01    0.154495809634991925E+02    0.154505041010117008E+02    0.154515125997996599E+02   -0.668171725917594358E+03   -0.822003421579837479E+01    1
    0.168217468261718750E+01    0.403174591064453125E+01    0.125740218162536621E+01    0.263917631021000743E+01    0.643373275293235913E+01    0.286452472209930420E+00    0.296180563460142459E+02    0.179432976245880116E+00    0.252290282601118099E+01    0.159002333194921501E+02    0.159000422907246595E+02    0.158999335926817551E+02   -0.668135754413836707E+03   -0.822036754913170675E+01    1
    0.179253339767456055E+01    0.762142610549926758E+01    0.641548636555671692E+01    0.579787074724619700E+01    0.704935847961935380E+01    0.336767745018005327E+00    0.455869163375343156E+01    0.976161170005798384E+00    0.273410997170209891E+01    0.155481721414744243E+02    0.152966693546344548E+02    0.154667018950183408E+02   -0.667742344474862193E+03   -0.822070088246520569E+01    1
    0.257447147369384766E+01    0.739875078201293945E+01    0.189546975493431091E+01    0.368527796524631501E+01    0.369044164536812014E+01    0.138218474388122570E+00    0.170577186778639032E+02    0.579777348041534468E+00    0.276558420336246513E+01    0.156613153446109550E+02    0.156617408095002304E+02    0.156620420226170296E+02   -0.667148799099724101E+03   -0.822103421579855720E+01    1
    0.307540988922119141E+01    0.209781169891357422E+01    0.809716910123825073E+00    0.228891181638867858E+01    0.615929514690009050E+01    0.416617250442504861E+00    0.327180009935753588E+02    0.732365429401397705E+00    0.286410665982961632E+01    0.159438833273509317E+02    0.159441330340682423E+02    0.159430536498307163E+02   -0.667116806797807271E+03   -0.822136754913187318E+01    1
    0.281090307235717773E+01    0.177300548553466797E+01    0.384832534193992615E+01    0.615593854578107980E+01    0.655204908716104484E+01    0.232970404624938954E+00    0.293902039523404834E+01    0.963738894462585427E+00    0.269847464609146126E+01    0.152076159192925715E+02    0.151195007479235439E+02    0.149465322941168353E+02   -0.666981269613276027E+03   -0.822170088246506836E+01    1
    0.305299425125122070E+01    0.231602191925048828E+01    0.688421580195426941E+01    0.293694951342031185E+01    0.815225700580541357E+01    0.322736251354217518E+00    0.180135333965401365E+02    0.363134253025054976E+00    0.243680813843011856E+01    0.156839212130458154E+02    0.156854165461110782E+02    0.156841388766479319E+02   -0.666894681291904135E+03   -0.822203421579827953E+01    1
    0.282096958160400391E+01    0.203294563293457031E+01    0.151400330662727356E+01    0.392780249042142193E+01    0.623650544586884514E+01    0.499948692321777299E+00    0.282202910992845837E+02    0.250683552026748635E+00    0.232532196247577660E+01    0.158788935753702347E+02    0.158796817489134110E+02    0.158791925952754980E+02   -0.666827702813524411E+03   -0.822236754913165235E+01    1
    0.331396245956420898E+01    0.254326486587524414E+01    0.550143897533416748E+00    0.222846386638320748E+01    0.505165020255543062E+01    0.206081295013427757E+00    0.215922029922770555E+02    0.795135718584060625E+00    0.244083558630943287E+01    0.157625316768769999E+02    0.157637754684148135E+02    0.157641325291422465E+02   -0.666801618558806354E+03   -0.822270088246514419E+01    1
    0.555896711349487305E+01    0.231188774108886719E+00    0.502528089284896851E+01    0.265074623909025586E+01    0.527764639598160201E+01    0.239664340019226069E+00    0.167365450199378323E+02    0.140204113721847545E+00    0.257141786789894100E+01    0.156539405402999812E+02    0.156522591740591839E+02    0.156539990250877139E+02   -0.666640931024359134E+03   -0.822303421579850990E+01    1
    0.372997570037841797E+01    0.265339851379394531E+01    0.364966976642608643E+01    0.222233073146045124E+01    0.346381698922238268E+01    0.193996441364288341E+00    0.279270200619784497E+02    0.139840942621231090E+00    0.241294166254997222E+01    0.158756544525596315E+02    0.158749984342396058E+02    0.158756221962825208E+02   -0.666618362583401677E+03   -0.822336754913172996E+01    1
    0.230966663360595703E+01    0.396062040328979492E+01    0.688194575905799866E+01    0.230638222701026230E+01    0.829206267597196955E+01    0.303463864326477040E+00    0.173666455807982700E+02    0.261615538597106956E+00    0.233823016899824143E+01    0.156685457671159867E+02    0.156690854002500313E+02    0.156686584876149411E+02   -0.666604474441692105E+03   -0.822370088246499975E+01    1
    0.181160259246826172E+01    0.326817655563354492E+01    0.643387335538864136E+01    0.253882404414287688E+01    0.660919680891844141E+01    0.322755527496337902E+00    0.104171938278580019E+02    0.588206511735916204E+00    0.266710941618680941E+01    0.154470538763435794E+02    0.154465532214278962E+02    0.154473234593983548E+02   -0.666595153402177061E+03   -0.822403421579832461E+01    1
    0.100351285934448242E+01    0.509906005859375000E+01    0.146805036067962646E+01    0.257109979249822107E+01    0.687286147126945313E+01    0.450421488285064675E+00    0.143870145741797089E+02    0.338576698303222678E+00    0.255328587621450431E+01    0.155878207881150974E+02    0.155866972061978242E+02    0.155886493313895844E+02   -0.666322259289540625E+03   -0.822436754913171697E+01    1
    0.371792507171630859E+01    0.614855098724365234E+01    0.384526494145393372E+01    0.216358664312782212E+01    0.600299232950687234E+01    0.159946942329406733E+00    0.900620413504613637E+01    0.289503216743469238E+00    0.266049522608518618E+01    0.153858370702742260E+02    0.153867358977052078E+02    0.153855268268267782E+02   -0.666309086906908760E+03   -0.822470088246499920E+01    1
    0.440685510635375977E+01    0.726367950439453125E+00    0.209386560320854187E+01    0.234731431839917271E+01    0.471917409274458777E+01    0.228941690921783458E+00    0.334123153659933081E+02    0.177825528383254994E+00    0.256195829677581788E+01    0.159531583787321303E+02    0.159522374020243731E+02    0.159521911171508499E+02   -0.665908026869474384E+03   -0.822503421579841820E+01    1
    0.258399391174316406E+01    0.204949378967285156E+01    0.738376739621162415E+01    0.746430679789351625E+01    0.790377957743228077E+01    0.301656842231750488E+00    0.114733200793589116E+02    0.644363760948181152E+00    0.253761143386363974E+01    0.154904633424979377E+02    0.154891173709793435E+02    0.154906880109357026E+02   -0.665886422067201579E+03   -0.822536754913181767E+01    1
    0.318952989578247070E+01    0.704206705093383789E+01    0.162490102648735046E+01    0.206645989336528579E+01    0.228881759042521127E+01    0.162856602668762229E+00    0.158122320205247284E+02    0.417250984907150291E+00    0.241041610097885117E+01    0.156282073563736894E+02    0.156294837704840859E+02    0.156286641517315754E+02   -0.665826134330389891E+03   -0.822570088246505726E+01    1
    0.254708099365234375E+01    0.126314163208007812E+00    0.400635975599288940E+01    0.419404998921434213E+01    0.692409739502445554E+01    0.474620091915130660E+00    0.170930222919571229E+02    0.353691482543945335E+00    0.300001798361539862E+01    0.156631368792369852E+02    0.156634739648971557E+02    0.156622030053274894E+02   -0.665710158262152504E+03   -0.822603421579841765E+01    1
    0.331795024871826172E+01    0.552538824081420898E+01    0.230238276720046997E+01    0.248080130600491255E+01    0.680366453994375675E+01    0.264685273170471191E+00    0.237123773547479750E+02    0.141991215944290178E+00    0.225937539422512046E+01    0.158048007609638503E+02    0.158042388677189738E+02    0.158045547699223192E+02   -0.665689329898018855E+03   -0.822636754913178336E+01    1
    0.173339653015136719E+01    0.467137384414672852E+01    0.630467805266380310E+01    0.275104124325700816E+01    0.431350233807687999E+01    0.473146951198577859E+00    0.124801583186577201E+02    0.366388201713562012E+00    0.300358164268732075E+01    0.155257657584159716E+02    0.155260955194775594E+02    0.155245832948306450E+02   -0.665578773600755881E+03   -0.822670088246504783E+01    1
    0.258435583114624023E+01    0.314041042327880859E+01    0.248267459869384766E+01    0.291142858114270187E+01    0.456592385828966574E+01    0.568907463550567649E+00    0.983200088156275243E+01    0.645130443572998091E+00    0.229371646314859357E+01    0.154228283442147021E+02    0.154247164136741883E+02    0.154216305736176622E+02   -0.665564851409002813E+03   -0.822703421579832472E+01    1
    0.611040258407592773E+01    0.534471511840820312E+00    0.130874860286712646E+01    0.218305175722979783E+01    0.373306400659615978E+01    0.192916977405548085E+00    0.256856803145800185E+02    0.614128613471984885E+00    0.226990362787246713E+01    0.158386797256389045E+02    0.158390842685594535E+02    0.158386784726539567E+02   -0.665340471849235655E+03   -0.822736754913174195E+01    1
    0.487183094024658203E+01    0.536472415924072266E+01    0.196320939064025879E+01    0.240748076041274972E+01    0.397664928411709884E+01    0.133340322971343989E+00    0.553720885187829204E+01    0.444116955995559670E+00    0.274370065867900870E+01    0.151758663462884726E+02    0.151784060506197047E+02    0.151786456080048744E+02   -0.665332186930776288E+03   -0.822770088246502240E+01    1
    0.214907646179199219E+01    0.644907474517822266E+01    0.133533778786659241E+01    0.548071658683843133E+01    0.669388263115685156E+01    0.292530429363250744E+00    0.262887458048161271E+01    0.729886746406555154E+00    0.280894843155145635E+01    0.153868537754201320E+02    0.152623723585281379E+02    0.149650263489505324E+02   -0.665286209496476204E+03   -0.822803421579831529E+01    1
    0.315918540954589844E+01    0.449721765518188477E+01    0.192071157693862915E+01    0.436448889895812542E+01    0.482417892031942497E+01    0.112042760848999029E+00    0.826693731943221088E+01    0.508165639638900823E+00    0.232719543647766081E+01    0.153497613631412531E+02    0.153459836823669047E+02    0.153465415491730877E+02   -0.665160000159121182E+03   -0.822836754913178758E+01    1
    0.270987701416015625E+01    0.223094654083251953E+01    0.338768813014030457E+01    0.286799456738161096E+01    0.442202122562949640E+01    0.390615200996398904E+00    0.100100239132052788E+02    0.671081781387329102E+00    0.258806538116931906E+01    0.154327056334535158E+02    0.154293429777968267E+02    0.154298935741981271E+02   -0.664920417412395977E+03   -0.822870088246519593E+01    1
    0.410388946533203125E+01    0.490208435058593750E+01    0.799566984176635742E+00    0.647284324170798797E+01    0.721337793475426992E+01    0.220424997806549061E+00    0.401511033031216336E+01    0.668739300966262773E+00    0.266399193561077130E+01    0.150692838382677561E+02    0.150552184287471604E+02    0.152641058325246597E+02   -0.664896033124546875E+03   -0.822903421579852434E+01    1
    0.404407405853271484E+01    0.407233095169067383E+01    0.779865953326225281E+01    0.283426927371069581E+01    0.513015448860080170E+01    0.354212117195129350E+00    0.345359543985933648E+01    0.563162887096405052E+00    0.290172658658027638E+01    0.153062890138159755E+02    0.153605420568687769E+02    0.150849721079876922E+02   -0.664895383563007613E+03   -0.822936754913176394E+01    1
    0.650401735305786133E+01    0.682458925247192383E+01    0.444171446561813354E+01    0.352285537317494235E+01    0.727289950877778235E+01    0.226182663440704340E+00    0.858701160855564538E+01    0.255348503589630127E+00    0.250536923068761830E+01    0.153664814018291569E+02    0.153652048841913302E+02    0.153665599310507250E+02   -0.664828461425237720E+03   -0.822970088246512788E+01    1
    0.275706338882446289E+01    0.521201038360595703E+01    0.762151035666465759E+01    0.469347675621508209E+01    0.653938840047477488E+01    0.410386049747467063E+00    0.172749496838715402E+02    0.309829211235046365E+00    0.250090400463342677E+01    0.156674477603126867E+02    0.156672226738220086E+02    0.156661662793693122E+02   -0.664818511474294723E+03   -0.823003421579842431E+01    1
    0.279869222640991211E+01    0.318291187286376953E+01    0.628130465745925903E+00    0.510130557322059097E+01    0.668285056634254282E+01    0.144572484493255604E+00    0.359623770854425118E+02    0.985919797420501731E+00    0.255900371158123008E+01    0.159841414273770308E+02    0.159843170221606989E+02    0.159845833620366946E+02   -0.664711508514338675E+03   -0.823036754913168522E+01    1
    0.225090265274047852E+01    0.149021768569946289E+01    0.527516666054725647E+01    0.498818308738843097E+01    0.569663076533879309E+01    0.270663130283355702E+00    0.276470746646333332E+01    0.803050220012664795E+00    0.268156733012199400E+01    0.154111050789844555E+02    0.153521064554777986E+02    0.149948994487813625E+02   -0.664604130732142494E+03   -0.823070088246516107E+01    1
    0.929009437561035156E+00    0.136401224136352539E+01    0.212417232990264893E+01    0.407390295056670659E+01    0.761609294761003497E+01    0.373678624629974365E+00    0.430392839029344287E+01    0.699256294965744041E+00    0.263632335299253473E+01    0.154875038289582907E+02    0.152704393489955734E+02    0.154051383211667794E+02   -0.664443106483013594E+03   -0.823103421579848948E+01    1
    0.386227130889892578E+00    0.479464340209960938E+01    0.307840350270271301E+01    0.213294608625917048E+01    0.340107961522393154E+01    0.292085504531860329E+00    0.309210133080225233E+02    0.146829277276992798E+00    0.259588810420036298E+01    0.159193172233290490E+02    0.159195628623884904E+02    0.159186848412888331E+02   -0.664246040981915257E+03   -0.823136754913173618E+01    1
    0.703667736053466797E+01    0.643183708190917969E+00    0.546592625975608826E+01    0.204716307132621234E+01    0.705146389358051628E+01    0.336837804317474343E+00    0.204647095605630298E+02    0.417843109369277932E+00    0.223405201929807662E+01    0.157409059853168856E+02    0.157404288510117176E+02    0.157403989684951569E+02   -0.664231881872478766E+03   -0.823170088246497933E+01    1
    0.330926513671875000E+01    0.210350799560546875E+01    0.228729355335235596E+01    0.236851940005371198E+01    0.273555159704011519E+01    0.281477832794189475E+00    0.177321953138101946E+02    0.461032789945602484E+00    0.232785678464174239E+01    0.156793277015958363E+02    0.156791991732179170E+02    0.156781387095298594E+02   -0.663919661866307820E+03   -0.823203421579831485E+01    1
    0.438463115692138672E+01    0.626193237304687500E+01    0.140109840035438538E+01    0.542587950984091094E+01    0.565413111051882744E+01    0.377087497711181663E+00    0.677573639796193827E+01    0.411319118738174505E+00    0.253255864077806470E+01    0.152599994269859440E+02    0.152635192621936930E+02    0.152607839998387469E+02   -0.663898452003474063E+03   -0.823236754913184399E+01    1
    0.157559776306152344E+01    0.703982400894165039E+01    0.717613133788108826E+01    0.279107514920529232E+01    0.703816346662802417E+01    0.304786229133605979E+00    0.113893432457143842E+02    0.355051791667938210E+00    0.267733508646488172E+01    0.154878604585532269E+02    0.154883375376290431E+02    0.154859431999241988E+02   -0.663550166930208093E+03   -0.823270088246526655E+01    1
    0.481858730316162109E+01    0.463789129257202148E+01    0.374450731277465820E+01    0.437441235054608057E+01    0.700526534444863902E+01    0.305425381660461404E+00    0.212915395002844541E+02    0.116838210821151742E+00    0.246550859421491619E+01    0.157567326567290404E+02    0.157575986297907633E+02    0.157567006059917478E+02   -0.663534383223068289E+03   -0.823303421579850081E+01    1
    0.272950077056884766E+01    0.130070543289184570E+01    0.258775728940963745E+01    0.335472577222835966E+01    0.663775517671081161E+01    0.285083436965942405E+00    0.775920611244042568E+01    0.893552029132843040E+00    0.287925218558311480E+01    0.153197471537348555E+02    0.153226424565602670E+02    0.153233512448521410E+02   -0.663506358740217934E+03   -0.823336754913169067E+01    1
    0.198911476135253906E+01    0.138883304595947266E+01    0.411838981509208679E+01    0.439871513298860517E+01    0.669568614290332675E+01    0.162929129600524913E+00    0.158321047752773758E+01    0.172784423828125006E+00    0.274884727221727365E+01    0.152431712392956893E+02    0.150005129036633882E+02    0.149371143915076807E+02   -0.663424040969440398E+03   -0.823370088246498888E+01    1
    0.306991100311279297E+01    0.137152671813964844E+00    0.137878510355949402E+01    0.670303269483237774E+01    0.799512385763089561E+01    0.206376659870147694E+00    0.186475349114127753E+01    0.413470947742462180E+00    0.261674605065584176E+01    0.150702528699262093E+02    0.152347729671867445E+02    0.150459433045858546E+02   -0.663344583419651258E+03   -0.823403421579835104E+01    1
    0.227082395553588867E+01    0.727052354812622070E+01    0.781032669544219971E+01    0.334011307367699128E+01    0.358426573740228882E+01    0.286242938041686990E+00    0.171339444277756634E+02    0.255145943164825417E+00    0.263140197938680664E+01    0.156627779921826669E+02    0.156621652971267604E+02    0.156634954988822166E+02   -0.663018664521158826E+03   -0.823436754913174696E+01    1
    0.264762639999389648E+01    0.261883306503295898E+01    0.538990306854248047E+01    0.471840514650072329E+01    0.500321629830701653E+01    0.429378914833068892E+00    0.299730307915538141E+02    0.174106162786483776E+00    0.271728053581714635E+01    0.159062960382866461E+02    0.159055849743271853E+02    0.159060930363038242E+02   -0.662788694081021958E+03   -0.823470088246516063E+01    1
    0.306592130661010742E+01    0.365907192230224609E+01    0.218853595852851868E+01    0.567377872743299871E+01    0.684155069907599156E+01    0.411513578891754106E+00    0.235094573554449582E+02    0.201889503002166737E+00    0.222679186475276936E+01    0.158003793107184212E+02    0.158009177509070753E+02    0.158003736294214345E+02   -0.662745205904658519E+03   -0.823503421579837536E+01    1
    0.237668514251708984E+01    0.321901559829711914E+01    0.417184937000274658E+01    0.461661139872388837E+01    0.702184636150632890E+01    0.246445965766906749E+00    0.366480267239383153E+02    0.197021883726120006E+00    0.277866912025213253E+01    0.159927944073102566E+02    0.159933022034807752E+02    0.159931702328649639E+02   -0.662428331309813530E+03   -0.823536754913160429E+01    1
    0.240232849121093750E+01    0.181942796707153320E+01    0.908578217029571533E+00    0.384909234610613638E+01    0.747608411513523308E+01    0.311120498180389393E+00    0.224970262107812786E+02    0.319820708036422707E+00    0.301906115710735312E+01    0.157817914969541846E+02    0.157819845495034112E+02    0.157808538688870694E+02   -0.662332669127004124E+03   -0.823570088246508014E+01    1
    0.782893180847167969E+01    0.678243589401245117E+01    0.594222623109817505E+01    0.203425942491880152E+01    0.784049001452722827E+01    0.258165073394775402E+00    0.126659431075165330E+02    0.153068578243255621E+00    0.281373499518632908E+01    0.155337492065168394E+02    0.155314911201423183E+02    0.155316258938159457E+02   -0.662288641683418859E+03   -0.823603421579841211E+01    1
    0.324977731704711914E+01    0.696628761291503906E+01    0.278464215993881226E+01    0.405398179038107731E+01    0.583953916529059924E+01    0.187199115753173828E+00    0.933715043448380300E+01    0.421225804090499922E+00    0.262384067839384061E+01    0.153987050505610199E+02    0.154008232963695146E+02    0.154001404602557628E+02   -0.662038130432457024E+03   -0.823636754913164459E+01    1
    0.506040000915527344E+01    0.602314233779907227E+01    0.644339743256568909E+01    0.583907067109510880E+01    0.685132161387581462E+01    0.214832413196563710E+00    0.165825574016210431E+01    0.759422266483306907E+00    0.299746170520782496E+01    0.150410205206870184E+02    0.152075339467503170E+02    0.149448568228419418E+02   -0.661911229136407428E+03   -0.823670088246504228E+01    1
    0.759259939193725586E+01    0.697360467910766602E+01    0.518414992094039917E+01    0.557242282291741642E+01    0.599044981770520479E+01    0.311502194404602029E+00    0.652396813397787234E+01    0.320929372310638450E+00    0.233664589881896978E+01    0.152448338028706054E+02    0.152457677671350496E+02    0.152448594402518509E+02   -0.661854023513138259E+03   -0.823703421579846484E+01    1
    0.273924922943115234E+01    0.534557342529296875E+00    0.121326598525047302E+01    0.375383659091004507E+01    0.827959252246228594E+01    0.380949807167053178E+00    0.189532802531242375E+02    0.719810974597930864E+00    0.296088518941402423E+01    0.157079192208006386E+02    0.157062329370504443E+02    0.157063506690444949E+02   -0.661456269174067074E+03   -0.823736754913178260E+01    1
    0.383476591110229492E+01    0.315219116210937500E+01    0.149522203207015991E+01    0.398703123007451943E+01    0.823964466483388414E+01    0.320395648479461670E+00    0.883981946983463196E+01    0.387446546554565452E+00    0.230082267928123452E+01    0.153777285734580254E+02    0.153786158256012797E+02    0.153751221993688638E+02   -0.661317399389116986E+03   -0.823770088246508791E+01    1
    0.270213937759399414E+01    0.485418510437011719E+01    0.239805045723915100E+01    0.752713974732721791E+01    0.820967205562891778E+01    0.187314808368682861E+00    0.723979811447694299E+01    0.623166638612747237E+00    0.283396595382690419E+01    0.152905025510724872E+02    0.152889862561650407E+02    0.152902648967438068E+02   -0.661307718554840562E+03   -0.823803421579848560E+01    1
    0.613362312316894531E+00    0.571246480941772461E+01    0.690406817197799683E+01    0.256442185641470299E+01    0.447211786613673024E+01    0.108776974678039554E+00    0.150272378668112232E+02    0.298896259069442727E+00    0.268930362093448627E+01    0.156074462887635477E+02    0.156078551637411547E+02    0.156068237150913696E+02   -0.661253015990505673E+03   -0.823836754913188507E+01    1
    0.204168939590454102E+01    0.318178415298461914E+01    0.754723775386810303E+01    0.274179515947227248E+01    0.430604840102350117E+01    0.316941785812377919E+00    0.215883071707919854E+02    0.246783727407455467E+00    0.259425717681646351E+01    0.157624785722785994E+02    0.157643457313548598E+02    0.157625501747790402E+02   -0.661221705269034715E+03   -0.823870088246520638E+01    1
    0.145330286026000977E+01    0.394958114624023438E+01    0.181624355912208557E+01    0.235850561624920996E+01    0.567768932665734205E+01    0.264836049079894997E+00    0.262371237059826683E+02    0.184846371412277222E+00    0.262119194585084925E+01    0.158482827954042449E+02    0.158477412665195203E+02    0.158484773005491579E+02   -0.661119789001897743E+03   -0.823903421579838025E+01    1
    0.297422552108764648E+01    0.432394075393676758E+01    0.538180994987487793E+01    0.437766070815472297E+01    0.565058989078462837E+01    0.147028529644012446E+00    0.265842083125037014E+02    0.148653823137283342E+00    0.270196447342634194E+01    0.158533601710665391E+02    0.158538924298430413E+02    0.158535716638142805E+02   -0.661116345167534291E+03   -0.823936754913177261E+01    1
    0.440100526809692383E+01    0.383269596099853516E+01    0.746469143033027649E+01    0.402237312313324047E+01    0.691482143610005373E+01    0.408607530593872115E+00    0.157296470091313072E+02    0.173687791824340826E+00    0.263335191655158996E+01    0.156270269290420973E+02    0.156255905009683662E+02    0.156271941183108716E+02   -0.661108816478541030E+03   -0.823970088246513122E+01    1
    0.331710433959960938E+01    0.691898584365844727E+01    0.622503638267517090E+00    0.648718317794854737E+01    0.693033527773925506E+01    0.229419732093811030E+00    0.126197162503881817E+02    0.256370157003402710E+00    0.277090889358520531E+01    0.155307334139674005E+02    0.155317826028654071E+02    0.155300192102327124E+02   -0.661079280082429477E+03   -0.824003421579842410E+01    1
    0.341392898559570312E+01    0.688124179840087891E+00    0.329997900128364563E+01    0.570772737328961188E+01    0.606324363106212161E+01    0.206523108482360829E+00    0.283375692015138405E+02    0.108194202184677124E+00    0.282071191722154602E+01    0.158813317741646980E+02    0.158809837381998058E+02    0.158819252304682319E+02   -0.660994541103228471E+03   -0.824036754913184311E+01    1
    0.792625617980957031E+01    0.782117176055908203E+01    0.679513025283813477E+01    0.676865951805416088E+01    0.800985245695454395E+01    0.191056597232818592E+00    0.181141382459470046E+01    0.432214117050170876E+00    0.229531424468755718E+01    0.151842303697671923E+02    0.152457220587103865E+02    0.153047933186542284E+02   -0.660941414823770060E+03   -0.824070088246517329E+01    1
    0.231260919570922852E+01    0.546027755737304688E+01    0.268150988221168518E+01    0.362678487019239615E+01    0.621585617110150856E+01    0.533955097198486328E+00    0.101352281442970398E+02    0.507522284984588623E+00    0.246530010432004909E+01    0.154374230066604010E+02    0.154373410939238092E+02    0.154374248407185863E+02   -0.660734992429583826E+03   -0.824103421579841999E+01    1
    0.281973838806152344E+01    0.208331108093261719E+01    0.342505264282226562E+01    0.668145337866915767E+01    0.776645577811063514E+01    0.297548806667327859E+00    0.692843765729984629E+01    0.758355873823165938E+00    0.255384773623943317E+01    0.153004280521726486E+02    0.153666881813913445E+02    0.153644276364656704E+02   -0.660645875705486674E+03   -0.824136754913160274E+01    1
    0.388324260711669922E+01    0.144036769866943359E+00    0.216746094822883606E+01    0.280291614853328319E+01    0.686683920869720499E+01    0.141544270515441883E+00    0.133742055881993949E+02    0.664563530683517478E+00    0.266461037129163714E+01    0.155564301660714328E+02    0.155551949442730120E+02    0.155556804047852122E+02   -0.660568356064626187E+03   -0.824170088246496313E+01    1
    0.272722768783569336E+01    0.111282348632812500E+00    0.295304778218269348E+01    0.413314322935492662E+01    0.667812633778715004E+01    0.130113804340362543E+00    0.204452069714739224E+02    0.410653555393219016E+00    0.274865487450361234E+01    0.157399556248043115E+02    0.157390683184153346E+02    0.157393184587604829E+02   -0.660254008599588246E+03   -0.824203421579833240E+01    1
    0.227242612838745117E+01    0.757990694046020508E+01    0.495396363735198975E+01    0.515382049503121031E+01    0.682152226268810935E+01    0.299268424510955811E+00    0.710283597393872768E+01    0.869692438840866111E+00    0.296002633249759661E+01    0.153650480489308734E+02    0.153196295451070892E+02    0.153372578488107099E+02   -0.660115721552467676E+03   -0.824236754913176917E+01    1
    0.656657075881958008E+01    0.135848569869995117E+01    0.636515426635742188E+01    0.584175658635618689E+01    0.703730656675671895E+01    0.477599239349365212E+00    0.939368147260308284E+01    0.215802335739135764E+00    0.284915990793704976E+01    0.154014784211356073E+02    0.154020082859844170E+02    0.154044709384006477E+02   -0.660084668681534481E+03   -0.824270088246512778E+01    1
    0.285057830810546875E+01    0.376024580001831055E+01    0.326572316884994507E+01    0.246785252890674656E+01    0.631035741114062620E+01    0.204881882667541509E+00    0.850274018676594423E+01    0.429357886314392090E+00    0.266302220457792282E+01    0.153579672633011644E+02    0.153597786526017579E+02    0.153615107951834506E+02   -0.660042297597723405E+03   -0.824303421579849172E+01    1
    0.534341287612915039E+01    0.788147449493408203E+01    0.528694558143615723E+01    0.444748187702488451E+01    0.541322595188302635E+01    0.195035243034362815E+00    0.210230693692871213E+02    0.103207439184188843E+00    0.292952041494846327E+01    0.157513305918566999E+02    0.157526210654869576E+02    0.157516903973242179E+02   -0.660031271398681156E+03   -0.824336754913195158E+01    1
    0.359257221221923828E+01    0.552143239974975586E+01    0.131653818488121033E+01    0.498258074430371423E+01    0.734494910264122591E+01    0.316173064708709706E+00    0.417701853653506650E+01    0.510471695661544822E+00    0.252080203729867947E+01    0.154582375342518983E+02    0.152224153781901812E+02    0.153514185349594960E+02   -0.659952076029334080E+03   -0.824370088246519117E+01    1
    0.296973323822021484E+01    0.558558082580566406E+01    0.322753700613975525E+01    0.611245568701804576E+01    0.765907784800094493E+01    0.183395779132843023E+00    0.152678736874831511E+02    0.271706920862197887E+00    0.289483705824613580E+01    0.156133682159476290E+02    0.156140976186372473E+02    0.156142420744615986E+02   -0.659883633983355708E+03   -0.824403421579832951E+01    1
    0.262882804870605469E+01    0.320462989807128906E+01    0.432307231426239014E+01    0.353453689468714582E+01    0.615098843833657760E+01    0.127014064788818354E+00    0.190819981949910300E+02    0.282316666841506969E+00    0.253037435489892948E+01    0.157097036562664059E+02    0.157094435969188151E+02    0.157108837289177448E+02   -0.659661937793953143E+03   -0.824436754913170766E+01    1
    0.371355104446411133E+01    0.524219512939453125E+01    0.503110915422439575E+00    0.416731907266163670E+01    0.460671024001146456E+01    0.202430093288421653E+00    0.742264983006425538E+01    0.417218101024627752E+00    0.249245085269212696E+01    0.153001607615176649E+02    0.153029903173407913E+02    0.153035361892721138E+02   -0.659366431800735540E+03   -0.824470088246504318E+01    1
    0.352534294128417969E+01    0.426976490020751953E+01    0.297633427381515503E+01    0.570993269698495265E+01    0.724935597507281315E+01    0.328900647163391069E+00    0.157296982418522067E+02    0.255123090744018566E+00    0.221920156747102704E+01    0.156259890307842202E+02    0.156264991813708374E+02    0.156265364555793926E+02   -0.659225697690684456E+03   -0.824503421579828277E+01    1
    0.328364801406860352E+01    0.166242265701293945E+01    0.105520609021186829E+01    0.435277580347147097E+01    0.786772016801758589E+01    0.105763173103332525E+00    0.111412039661273727E+02    0.325278306007385276E+00    0.251496123337745647E+01    0.154770093142205560E+02    0.154781755743323952E+02    0.154767846655195900E+02   -0.659174795760764141E+03   -0.824536754913180303E+01    1
    0.356846189498901367E+01    0.719279766082763672E+01    0.674109938740730286E+01    0.515350432413947868E+01    0.709620961407622985E+01    0.501318156719207764E+00    0.258194617570290532E+02    0.147484433650970470E+00    0.232643019759655001E+01    0.158402539264845910E+02    0.158404485400410326E+02    0.158415679223664654E+02   -0.659031104866283727E+03   -0.824570088246515098E+01    1
    0.327096843719482422E+01    0.668064355850219727E+01    0.334581169486045837E+01    0.476425488490070137E+01    0.756150390315655763E+01    0.452922701835632324E+00    0.974613270663834896E+01    0.378711986541748091E+00    0.277591816693544402E+01    0.154210644488920021E+02    0.154196791819477603E+02    0.154206931580817983E+02   -0.659013839493732803E+03   -0.824603421579830531E+01    1
    0.235373592376708984E+01    0.668255519866943359E+01    0.639560449123382568E+01    0.580186337749292136E+01    0.718743909338851772E+01    0.380030381679534957E+00    0.950452132957262386E+01    0.671770840883255005E+00    0.299810579729080207E+01    0.154079487334787029E+02    0.154068847136981280E+02    0.154105774500417922E+02   -0.658522595782337021E+03   -0.824636754913168346E+01    1
    0.243603181838989258E+01    0.443390560150146484E+01    0.761404174566268921E+01    0.662087432232582707E+01    0.810181277669575550E+01    0.575025260448455811E+00    0.109898432963196697E+02    0.699077230691909746E+00    0.285428248441219345E+01    0.154693569217797187E+02    0.154728951150041176E+02    0.154723240944910234E+02   -0.658412046033620300E+03   -0.824670088246507760E+01    1
    0.362734794616699219E+01    0.174886226654052734E+00    0.276502716541290283E+01    0.298608782071488665E+01    0.635054339190405059E+01    0.478869104385375999E+00    0.170630660931077962E+02    0.701845109462738037E+00    0.279643468588590594E+01    0.156617781673341270E+02    0.156622288841929382E+02    0.156613694386624580E+02   -0.658184579285225141E+03   -0.824703421579829410E+01    1
    0.216626214981079102E+01    0.575743389129638672E+01    0.123207765817642212E+01    0.208730876001356425E+01    0.272282811893638454E+01    0.576109445095062234E+00    0.290302185105025536E+02    0.862545156478881858E+00    0.283361956709623364E+01    0.158912682879119433E+02    0.158922087736825723E+02    0.158918710980666464E+02   -0.657998451531137675E+03   -0.824736754913157633E+01    1
    0.330237054824829102E+01    0.200847625732421875E+00    0.785953897237777710E+01    0.620590235066336060E+01    0.654999884297899904E+01    0.241952478885650635E+00    0.845399438752669852E+01    0.411528706550598145E+00    0.259809081006050091E+01    0.153577729934091884E+02    0.153596169380494363E+02    0.153592562923743650E+02   -0.657996909923778617E+03   -0.824770088246496513E+01    1
    0.347211360931396484E+00    0.210623455047607422E+01    0.639989960193634033E+01    0.212580999646319713E+01    0.256113097295558401E+01    0.515268111228942893E+00    0.107984421204322398E+02    0.381728774309158303E+00    0.244631613790988922E+01    0.154649200748631994E+02    0.154650497629376087E+02    0.154624260074645790E+02   -0.657980094191146350E+03   -0.824803421579830420E+01    1
    0.277993392944335938E+01    0.922122001647949219E+00    0.310904908180236816E+01    0.498505618417029339E+01    0.781837037311743543E+01    0.413687169551849365E+00    0.241862010392910562E+02    0.322938936948776290E+00    0.230747654318809481E+01    0.158128324182542581E+02    0.158131585924047737E+02    0.158134365844273450E+02   -0.657852027070574195E+03   -0.824836754913165926E+01    1
    0.482308578491210938E+01    0.305289363861083984E+01    0.106989610195159912E+01    0.297437794114538701E+01    0.357220203232784428E+01    0.174312567710876470E+00    0.180538544110218302E+01    0.517595320940017700E+00    0.260596631342172635E+01    0.153072413485726937E+02    0.152461326636602692E+02    0.152580756966328597E+02   -0.657654148592350225E+03   -0.824870088246511024E+01    1
    0.228052806854248047E+01    0.352420568466186523E+01    0.266122433543205261E+01    0.272750042657353209E+01    0.318050755410926866E+01    0.490601372718810991E+00    0.315846136642611768E+02    0.206318956613540661E+00    0.278178057891130459E+01    0.159280253872529993E+02    0.159288171589657992E+02    0.159281200405446111E+02   -0.657636137297278424E+03   -0.824903421579853813E+01    1
    0.363256025314331055E+01    0.730320882797241211E+01    0.677060279250144958E+01    0.445419580688302474E+01    0.488965526032157261E+01    0.281766688823699929E+00    0.337532038111159238E+01    0.547425401210784979E+00    0.274516621106863035E+01    0.153390678104668332E+02    0.150684179166642522E+02    0.151313854145600590E+02   -0.657586414112627381E+03   -0.824936754913183101E+01    1
    0.336028146743774414E+01    0.982035160064697266E+00    0.761827695369720459E+01    0.612609086097674016E+01    0.644408936253157982E+01    0.104514265060424813E+00    0.176733780155207718E+02    0.219510918855667120E+00    0.225979237401485422E+01    0.156773077354632395E+02    0.156765172324674253E+02    0.156776383276527085E+02   -0.657505369548701083E+03   -0.824970088246510969E+01    1
    0.235725927352905273E+01    0.696335792541503906E+00    0.259544271230697632E+01    0.643221705988710735E+01    0.798683471332624073E+01    0.220066404342651373E+00    0.747762253958950662E+01    0.855560308694839455E+00    0.296989438188076038E+01    0.153782198236611780E+02    0.153643701894162135E+02    0.153326822843060278E+02   -0.657419619906780781E+03   -0.825003421579850205E+01    1
    0.261379146575927734E+01    0.795710754394531250E+01    0.452384191751480103E+01    0.751619768417692846E+01    0.767233865388873859E+01    0.102443671226501470E+00    0.264223961676324848E+02    0.268084758520126365E+00    0.255708894443511969E+01    0.158515297517614133E+02    0.158509539484262429E+02    0.158512956473689961E+02   -0.657400001480766036E+03   -0.825036754913172388E+01    1
    0.331838130950927734E+01    0.159478664398193359E+01    0.603321480751037598E+01    0.355090741612049765E+01    0.808264682040532279E+01    0.441405868530273415E+00    0.410310466315389899E+01    0.571345394849777199E+00    0.276239810329675661E+01    0.153694509148680218E+02    0.152447492649704994E+02    0.151096399327614570E+02   -0.657360415786055682E+03   -0.825070088246492794E+01    1
    0.234537982940673828E+01    0.486043834686279297E+01    0.408446031808853149E+01    0.594337175013046437E+01    0.792229229140128588E+01    0.503896975517272971E+00    0.141060308511026573E+02    0.463187086582183882E+00    0.300871651601791390E+01    0.155802500430960968E+02    0.155793212435207984E+02    0.155781533696717176E+02   -0.657351682760047197E+03   -0.825103421579828122E+01    1
    0.318903923034667969E+01    0.510168218612670898E+01    0.225017803907394409E+01    0.652937580388064198E+01    0.801188778662272583E+01    0.427015423774719238E+00    0.143940334569429531E+02    0.322584831714630149E+00    0.232727458167076096E+01    0.155866945333993314E+02    0.155868630265156636E+02    0.155882935603435229E+02   -0.657146328161755036E+03   -0.825136754913174997E+01    1
    0.268383598327636719E+01    0.384280586242675781E+01    0.472351896762847900E+01    0.380103237729075882E+01    0.761040029916587102E+01    0.321643161773681630E+00    0.110219683470204117E+02    0.487344241142272927E+00    0.237418885636329646E+01    0.154738004159976423E+02    0.154731849725318700E+02    0.154722506487723876E+02   -0.657009326832075658E+03   -0.825170088246509970E+01    1
    0.242311096191406250E+01    0.299292755126953125E+01    0.464711892604827881E+01    0.222110181151325126E+01    0.783513640429609470E+01    0.295335698127746571E+00    0.164874515309240621E+02    0.319890981912612893E+00    0.274258088576793657E+01    0.156458557915228891E+02    0.156473800614630569E+02    0.156455169782381542E+02   -0.656812638511775390E+03   -0.825203421579831975E+01    1
    0.484798049926757812E+01    0.426587104797363281E+01    0.439675036072731018E+01    0.225013902489936424E+01    0.567638429125078225E+01    0.296665680408477794E+00    0.111341936221509457E+02    0.244105219841003418E+00    0.233868444418907151E+01    0.154784028757502217E+02    0.154762854690715841E+02    0.154758504435759825E+02   -0.656803463969778136E+03   -0.825236754913162862E+01    1
    0.273288249969482422E+01    0.301584339141845703E+01    0.982964366674423218E+00    0.242927950509397439E+01    0.418017616766471356E+01    0.363447999954223611E+00    0.225485065564985412E+02    0.648930704593658425E+00    0.263596932500600811E+01    0.157824753283086636E+02    0.157826138466758188E+02    0.157824524272685878E+02   -0.656799614431376085E+03   -0.825270088246503875E+01    1
    0.419238042831420898E+01    0.159707403182983398E+01    0.533581811189651489E+01    0.230885911530129206E+01    0.622859676076602398E+01    0.444913053512573264E+00    0.955491938406088437E+01    0.522189998626709007E+00    0.265066710352897639E+01    0.154086243439931554E+02    0.154126781615457311E+02    0.154117569923967110E+02   -0.656622628417254418E+03   -0.825303421579836538E+01    1
    0.485679101943969727E+01    0.478717660903930664E+01    0.372361379861831665E+01    0.550267536303884341E+01    0.616776512183497339E+01    0.431102323532104537E+00    0.113810606225022859E+02    0.219070017337799072E+00    0.244605132538080206E+01    0.154855695283555317E+02    0.154858738644690064E+02    0.154876724996084096E+02   -0.656590060731226799E+03   -0.825336754913164761E+01    1
    0.260149812698364258E+01    0.732633113861083984E+01    0.662806063890457153E+00    0.525510335916792659E+01    0.752830985696224086E+01    0.421740770339965820E+00    0.168800009078500679E+02    0.334264779090881370E+00    0.295048134124279038E+01    0.156566983627916887E+02    0.156561784934814394E+02    0.156569741021648099E+02   -0.656312964509435460E+03   -0.825370088246515365E+01    1
    0.296898698806762695E+01    0.112620878219604492E+01    0.651398333907127380E+01    0.614884563277916474E+01    0.819767153120467107E+01    0.369109714031219505E+00    0.126961746822406951E+02    0.371079224348068282E+00    0.237554738056659698E+01    0.155329016680249996E+02    0.155329646144899556E+02    0.155327127912081568E+02   -0.656298391931556012E+03   -0.825403421579851937E+01    1
    0.299599838256835938E+01    0.519838619232177734E+01    0.215347859263420105E+01    0.429071708347873759E+01    0.597315729094959558E+01    0.213997709751129139E+00    0.908897699974952289E+01    0.532255256175994895E+00    0.252415857279300671E+01    0.153894598059734751E+02    0.153911268547005822E+02    0.153874517661365928E+02   -0.656245666020317685E+03   -0.825436754913182291E+01    1
    0.175920867919921875E+01    0.749209976196289062E+01    0.156406182050704956E+01    0.652448646291029544E+01    0.814115978026184273E+01    0.278994250297546376E+00    0.341886605917953279E+01    0.600741600990295388E+00    0.303209663355350489E+01    0.153744188904439056E+02    0.151533257178252452E+02    0.154538315996039763E+02   -0.656164547739371642E+03   -0.825470088246515310E+01    1
    0.238879919052124023E+01    0.348194456100463867E+01    0.556260424852371216E+01    0.280507287521759530E+01    0.624596556519737867E+01    0.442477035522460982E+00    0.332133723066501219E+02    0.170385134220123302E+00    0.242401166629791254E+01    0.159498985543668450E+02    0.159500432999813029E+02    0.159495406392757335E+02   -0.655875969382912672E+03   -0.825503421579839802E+01    1
    0.129451799392700195E+01    0.188000726699829102E+01    0.746747019886970520E+01    0.261595290129953550E+01    0.336358739934023898E+01    0.207935917377471913E+00    0.130880196092543315E+02    0.366388416290283181E+00    0.279799886614084237E+01    0.155465003496349361E+02    0.155454876746628816E+02    0.155462621573749988E+02   -0.655835974992240381E+03   -0.825536754913167137E+01    1
    0.252791118621826172E+01    0.302673816680908203E+00    0.394915226101875305E+01    0.462262372310282910E+01    0.628048315123060341E+01    0.104679560661315924E+00    0.289464273954712894E+02    0.335795891284942638E+00    0.296061855512857441E+01    0.158903679594547214E+02    0.158900980599782748E+02    0.158898206729026956E+02   -0.655781795397578890E+03   -0.825570088246510281E+01    1
    0.245513296127319336E+01    0.127807521820068359E+01    0.126208040118217468E+01    0.594567169582597277E+01    0.789738599509180883E+01    0.283629965782165538E+00    0.236939314405274217E+02    0.325506293773651145E+00    0.287306216108799006E+01    0.158034707258593272E+02    0.158028902182268496E+02    0.158040042366047526E+02   -0.655724254261578722E+03   -0.825603421579840102E+01    1
    0.283126068115234375E+01    0.325991582870483398E+01    0.117905306816101074E+01    0.276287994385795876E+01    0.539749599981436212E+01    0.152948880195617670E+00    0.160647025997244626E+02    0.319621956348419167E+00    0.239484747231006612E+01    0.156354641948456052E+02    0.156356163554943919E+02    0.156362568914236579E+02   -0.655576253082983271E+03   -0.825636754913171700E+01    1
    0.252855157852172852E+01    0.765380716323852539E+01    0.460082802176475525E+01    0.288875375995647676E+01    0.595845710845505039E+01    0.214301621913909918E+00    0.367391321730117193E+01    0.867720156908035278E+00    0.292724109411239652E+01    0.153571755493886233E+02    0.153714752595607944E+02    0.151332414054102014E+02   -0.655565325955309504E+03   -0.825670088246521594E+01    1
    0.282021284103393555E+01    0.220670747756958008E+01    0.505681115388870239E+01    0.493827505438061554E+01    0.613179547600834773E+01    0.235790228843688970E+00    0.344780520220563034E+02    0.200141185522079490E+00    0.224422389715909931E+01    0.159668056421580182E+02    0.159660244196749481E+02    0.159665046504378552E+02   -0.655537304248331566E+03   -0.825703421579843244E+01    1
    0.261745595932006836E+01    0.676649570465087891E+01    0.423452097177505493E+01    0.786666356479092244E+01    0.790169393615383964E+01    0.241749095916748036E+00    0.185059865792203269E+02    0.321691280603408791E+00    0.283251001626253140E+01    0.156977561360121420E+02    0.156961615908573098E+02    0.156968085475832240E+02   -0.655522001629499641E+03   -0.825736754913176796E+01    1
    0.283907413482666016E+01    0.709938287734985352E+01    0.718588474392890930E+01    0.463107758241577194E+01    0.635367232234106893E+01    0.194975519180297874E+00    0.957007786535704774E+01    0.524702745676040694E+00    0.271203701496124250E+01    0.154126239304273245E+02    0.154123057547159785E+02    0.154111902468895980E+02   -0.655508904214393510E+03   -0.825770088246521006E+01    1
    0.270552587509155273E+01    0.640396595001220703E+00    0.467073264718055725E+01    0.608149883886603693E+01    0.707242351986086426E+01    0.166749846935272228E+00    0.142716491601973718E+02    0.388150465488433905E+00    0.253862387496232955E+01    0.155854092359990126E+02    0.155838082626504271E+02    0.155845453723801910E+02   -0.655479012048399568E+03   -0.825803421579854557E+01    1
    0.272084903717041016E+01    0.433833408355712891E+01    0.939244806766510010E+00    0.388094205182558616E+01    0.581902973105877752E+01    0.396072173118591331E+00    0.199345640381776761E+02    0.274393206834793069E+00    0.235584037929773338E+01    0.157282697858125378E+02    0.157286969771404070E+02    0.157293505735737238E+02   -0.655401692449815414E+03   -0.825836754913178339E+01    1
    0.542633485794067383E+01    0.720638656616210938E+01    0.158934432268142700E+01    0.350210171831555650E+01    0.614262651740009691E+01    0.384963893890380882E+00    0.832580585044253496E+01    0.279708755016326915E+00    0.250532004326581959E+01    0.153534392449836226E+02    0.153521952268151782E+02    0.153496425431756833E+02   -0.655375152972160663E+03   -0.825870088246494838E+01    1
    0.551715517044067383E+01    0.509828472137451172E+01    0.604634556174278259E+01    0.238630218884474576E+01    0.760069705338553092E+01    0.292536330223083507E+00    0.284265164722193475E+01    0.814770293235778764E+00    0.236971684932708726E+01    0.150515872566120343E+02    0.150862386256665744E+02    0.149350836627509782E+02   -0.655321714236019488E+03   -0.825903421579829100E+01    1
    0.224991416931152344E+01    0.646336269378662109E+01    0.243826884031295776E+01    0.312854792684740746E+01    0.336202656503514419E+01    0.338911187648773149E+00    0.773745568772184900E+01    0.800847536325454690E+00    0.269651635921001454E+01    0.153807338816047263E+02    0.153543882145254980E+02    0.154339475379382112E+02   -0.655130710620666036E+03   -0.825936754913164606E+01    1
    0.881966590881347656E+00    0.108477020263671875E+01    0.321860122680664062E+01    0.411110490879479507E+01    0.817181876396008988E+01    0.275150716304779053E+00    0.207917737098295685E+01    0.213959068059921265E+00    0.244582239133119561E+01    0.153234877099934081E+02    0.152165751392517166E+02    0.149759354165042282E+02   -0.654959660921481259E+03   -0.825970088246507395E+01    1
    0.492170667648315430E+01    0.273759555816650391E+01    0.701545226573944092E+01    0.346336067892185628E+01    0.520823923694024327E+01    0.371550381183624268E+00    0.871742876899893915E+01    0.257897675037384033E+00    0.300108360987901701E+01    0.153718215227247601E+02    0.153706509520231993E+02    0.153716370196474479E+02   -0.654891075494683037E+03   -0.826003421579843433E+01    1
    0.414663791656494141E+01    0.332356405258178711E+01    0.304680484533309937E+01    0.614605245951483514E+01    0.761775703783814340E+01    0.322763252258300770E+00    0.753574606145008197E+01    0.365455436706543013E+00    0.279361612516641600E+01    0.153067756405380049E+02    0.153065938112167554E+02    0.153082310645669715E+02   -0.654887208445194688E+03   -0.826036754913181426E+01    1
    0.140171146392822266E+01    0.597058343887329102E+01    0.606725382804870605E+01    0.261425754963432944E+01    0.325469428898533586E+01    0.402828764915466264E+00    0.462999904245883265E+01    0.815327334403991744E+00    0.267045775377750383E+01    0.152465854963023375E+02    0.153022118873083564E+02    0.151484467962040785E+02   -0.654822224695730256E+03   -0.826070088246509471E+01    1
    0.420543241500854492E+01    0.416806173324584961E+01    0.244915458559989929E+01    0.215010460093528000E+01    0.524192956329621307E+01    0.316706430912017833E+00    0.180111339974446736E+02    0.175545114278793324E+00    0.222400574141740792E+01    0.156848190442943540E+02    0.156841026977248816E+02    0.156852152794381841E+02   -0.654493497565839107E+03   -0.826103421579838759E+01    1
    0.394050359725952148E+01    0.378131866455078125E+00    0.273280265927314758E+01    0.371823354700825615E+01    0.738165317371888108E+01    0.404034006595611617E+00    0.293933069382145966E+02    0.114130467176437378E+00    0.226883825463056565E+01    0.158975478435002877E+02    0.158974233083917529E+02    0.158973201472158792E+02   -0.654275075183261151E+03   -0.826136754913181548E+01    1
    0.262390613555908203E+01    0.302663755416870117E+01    0.825299650430679321E+00    0.215252564219757270E+01    0.427148297539506139E+01    0.558666682243347146E+00    0.167237944765239490E+02    0.840380239486694380E+00    0.246259515035152443E+01    0.156520562229341227E+02    0.156524169642877045E+02    0.156516551922118925E+02   -0.654243488242231820E+03   -0.826170088246508527E+01    1
    0.337011289596557617E+01    0.114741992950439453E+01    0.651743355393409729E+01    0.273033554042746118E+01    0.717002600372386034E+01    0.504467570781707786E+00    0.122793431303049925E+02    0.808787411451339699E+00    0.284777324771881091E+01    0.155179734729138037E+02    0.155190713811507983E+02    0.155199288411444254E+02   -0.654184125433268150E+03   -0.826203421579834085E+01    1
    0.530126476287841797E+01    0.391964149475097656E+01    0.645093533396720886E+01    0.453927074005676801E+01    0.582916297397004080E+01    0.151724505424499501E+00    0.237024753598711513E+01    0.916872280836105391E+00    0.271507317435741413E+01    0.151299125174138709E+02    0.150713207325579308E+02    0.151766961152657629E+02   -0.654122227300407303E+03   -0.826236754913174742E+01    1
    0.599260234832763672E+01    0.102035522460937500E+00    0.369795936346054077E+01    0.223454684334367970E+01    0.432877801357612668E+01    0.136472034454345692E+00    0.655602487438408144E+01    0.342244297266006470E+00    0.258026047086715682E+01    0.152456045135812008E+02    0.152512263465652769E+02    0.152459876348872641E+02   -0.654071166948490031E+03   -0.826270088246504386E+01    1
    0.234028434753417969E+01    0.790713071823120117E+01    0.254875886440277100E+01    0.482188739418942625E+01    0.584372929272039787E+01    0.313741230964660667E+00    0.611670642736687054E+01    0.963883572816848777E+00    0.289735507977008844E+01    0.154597676023748640E+02    0.153086710674567001E+02    0.152962297221303221E+02   -0.653996510689765955E+03   -0.826303421579841668E+01    1
    0.993297100067138672E+00    0.550119876861572266E+01    0.571697878837585449E+01    0.222923734942138108E+01    0.790551514725768012E+01    0.285599315166473411E+00    0.326589796275360600E+01    0.712076127529144287E+00    0.221174415719509110E+01    0.154963825443948711E+02    0.152519121187778701E+02    0.153732813948164804E+02   -0.653869737320068793E+03   -0.826336754913184812E+01    1
    0.279746246337890625E+01    0.356586122512817383E+01    0.341436269879341125E+01    0.404880448004173843E+01    0.483000715572182049E+01    0.241755640506744390E+00    0.269415501366881749E+02    0.204221737384796154E+00    0.228354458528757087E+01    0.158591465086794052E+02    0.158594326379977826E+02    0.158590493824132857E+02   -0.653731699837037013E+03   -0.826370088246511614E+01    1
    0.191952180862426758E+01    0.597821426391601562E+01    0.113275724649429321E+01    0.338975826638280875E+01    0.630404711493941328E+01    0.309493863582611106E+00    0.409490742780996619E+01    0.858182114362716630E+00    0.298058454942703266E+01    0.153880974933291590E+02    0.153388053522914500E+02    0.151694987397430765E+02   -0.653656917709376557E+03   -0.826403421579844277E+01    1
    0.131563138961791992E+01    0.364173746109008789E+01    0.207837316393852234E+01    0.240749802393009693E+01    0.317786012329652712E+01    0.477912628650665305E+00    0.593956929485656637E+01    0.791739398241043113E+00    0.223324973803758597E+01    0.156140341947729535E+02    0.152630393367861696E+02    0.154971566157820444E+02   -0.653572675528565469E+03   -0.826436754913184934E+01    1
    0.312854146957397461E+01    0.120956134796142578E+01    0.237543138861656189E+01    0.374277413540343851E+01    0.609146454832363382E+01    0.262953424453735374E+00    0.104891331067878308E+02    0.353433454036712669E+00    0.291607124799489981E+01    0.154509906472046961E+02    0.154497955438399472E+02    0.154493506519595076E+02   -0.653525375843859933E+03   -0.826470088246514933E+01    1
    0.129022789001464844E+01    0.695237016677856445E+01    0.170912507176399231E+01    0.348966211120102976E+01    0.539205672320294838E+01    0.384883356094360307E+00    0.428455388300658502E+01    0.957545566558837935E+00    0.275069124388694775E+01    0.155239346770818081E+02    0.153321783818863651E+02    0.152776161581039833E+02   -0.653332049999236460E+03   -0.826503421579838893E+01    1
    0.259098052978515625E+01    0.875265598297119141E+00    0.783438414335250854E+00    0.493796261784383717E+01    0.804307307253938042E+01    0.229759478569030756E+00    0.149234489130554859E+02    0.996850764751434304E+00    0.270633668869733812E+01    0.156040790652148011E+02    0.156038730882242991E+02    0.156045399463749455E+02   -0.653140907329872903E+03   -0.826536754913183636E+01    1
    0.175274896621704102E+01    0.315161180496215820E+01    0.674222457408905029E+01    0.254317158101114194E+01    0.774349030332595234E+01    0.244256103038787836E+00    0.209968326752301460E+01    0.912213605642318681E+00    0.294925322443246829E+01    0.150689916301360824E+02    0.149606574285831062E+02    0.150364869849001614E+02   -0.653084517849121198E+03   -0.826570088246513279E+01    1
    0.335646915435791016E+01    0.216718864440917969E+01    0.494787546992301941E+01    0.545093461886944297E+01    0.652572572898694503E+01    0.431079399585723833E+00    0.763387806893982290E+01    0.516715019941329956E+00    0.222801532596349716E+01    0.153135694169090613E+02    0.153118262926129205E+02    0.153142219356076517E+02   -0.653011588090020837E+03   -0.826603421579835818E+01    1
    0.230110788345336914E+01    0.639266443252563477E+01    0.548840343952178955E+00    0.650875380740733522E+01    0.750843835155120942E+01    0.382318377494812012E+00    0.148848535966444686E+02    0.543839716911315940E+00    0.298468856167793284E+01    0.156020598407956843E+02    0.156024510676021855E+02    0.156016700237380910E+02   -0.652889718433809890E+03   -0.826636754913181981E+01    1
    0.279883527755737305E+01    0.226198196411132812E+01    0.516162517666816711E+01    0.396017148608556813E+01    0.671917217724317695E+01    0.124182188510894784E+00    0.165948801425603776E+02    0.370985829830169700E+00    0.238213733118772497E+01    0.156485906497007825E+02    0.156506114609415672E+02    0.156502431127035173E+02   -0.652860819773101070E+03   -0.826670088246519441E+01    1
    0.276503419876098633E+01    0.978099822998046875E+00    0.294920685887336731E+01    0.503590114407405043E+01    0.653113100628552790E+01    0.126587057113647455E+00    0.137842253229521585E+02    0.401042503118515081E+00    0.266877171826362591E+01    0.155703046958405462E+02    0.155682916924521191E+02    0.155689004128716437E+02   -0.652687973338253641E+03   -0.826703421579838071E+01    1
    0.401700973510742188E+01    0.195457792282104492E+01    0.745231705904006958E+01    0.209574757739440720E+01    0.413221646003430632E+01    0.487914264202117920E+00    0.513783484958912151E+01    0.169710934162139893E+00    0.233831321072578424E+01    0.155641763312396453E+02    0.152616723752733296E+02    0.152979877733395870E+02   -0.652587421925927742E+03   -0.826736754913172689E+01    1
    0.987786293029785156E+00    0.449591159820556641E+01    0.333365324139595032E+01    0.241273321033518062E+01    0.558379177245690350E+01    0.390276420116424605E+00    0.872738072503368301E+01    0.530732405185699530E+00    0.277889501804113381E+01    0.153709683791615941E+02    0.153725141512619476E+02    0.153705523416957313E+02   -0.652518060968173813E+03   -0.826770088246516188E+01    1
    0.263404941558837891E+01    0.478509902954101562E+01    0.326420503854751587E+01    0.356373887892463470E+01    0.728949893808263916E+01    0.198722028732299827E+00    0.300063619458924009E+02    0.148465263843536394E+00    0.303362999576330195E+01    0.159058092103163808E+02    0.159060985809591315E+02    0.159056499704745953E+02   -0.652500312864431521E+03   -0.826803421579840503E+01    1
    0.276671838760375977E+01    0.256910276412963867E+01    0.186064082384109497E+01    0.448264515158765420E+01    0.728663309551899374E+01    0.500878453254699707E+00    0.278172091288203092E+02    0.153667461872100841E+00    0.285913989412784586E+01    0.158736828812309447E+02    0.158726655103908723E+02    0.158725846408165037E+02   -0.652424398798986545E+03   -0.826836754913162508E+01    1
    0.474291467666625977E+01    0.229256296157836914E+01    0.334250989556312561E+01    0.208416920782524606E+01    0.329617428902285337E+01    0.358706712722778320E+00    0.140167130063043484E+02    0.283521836996078469E+00    0.240408200591802590E+01    0.155754311596424735E+02    0.155776061530786194E+02    0.155770019569864413E+02   -0.652384778785946423E+03   -0.826870088246500323E+01    1
    0.205699539184570312E+01    0.343078279495239258E+01    0.686377763748168945E+00    0.221369327284266149E+01    0.378329046696136873E+01    0.266455817222595204E+00    0.338938730566955257E+02    0.610330390930175826E+00    0.288563865613937365E+01    0.159586630996501775E+02    0.159593611388582701E+02    0.159590389250274480E+02   -0.652141459117543832E+03   -0.826903421579829789E+01    1
    0.246510028839111328E+01    0.688785409927368164E+01    0.560899886488914490E+01    0.351910461001742636E+01    0.630051206631965144E+01    0.250467419624328613E+00    0.235221780131049840E+02    0.187881559133529663E+00    0.295355008983612066E+01    0.158010895850480004E+02    0.158007666141219332E+02    0.158013859816549722E+02   -0.651921254213608222E+03   -0.826936754913171335E+01    1
    0.417482376098632812E+01    0.527670812606811523E+01    0.125879961252212524E+01    0.464806020455340274E+01    0.533791269798646439E+01    0.371587502956390425E+00    0.143839918436466352E+02    0.186765813827514671E+00    0.263404878896474814E+01    0.155882566084849365E+02    0.155872120908962408E+02    0.155877093494321208E+02   -0.651848569196063409E+03   -0.826970088246503643E+01    1
    0.287359571456909180E+01    0.177095842361450195E+01    0.225774276256561279E+01    0.408801575925914129E+01    0.810867916093316055E+01    0.155840229988098156E+00    0.953379015608321545E+01    0.757131445407867476E+00    0.228312259566783871E+01    0.154111885263187407E+02    0.154095886459752247E+02    0.154082024303547396E+02   -0.651817794915073819E+03   -0.827003421579827780E+01    1
    0.460294485092163086E+01    0.488176822662353516E+00    0.267487096786499023E+01    0.271135844940586423E+01    0.792184334385113864E+01    0.448155558109283425E+00    0.199584086003630219E+02    0.699519151449203513E+00    0.239182512789964674E+01    0.157294357277790642E+02    0.157286169859193183E+02    0.157302178966214488E+02   -0.651658863966614376E+03   -0.827036754913167904E+01    1
    0.256188392639160156E+01    0.409497737884521484E+00    0.304642441868782043E+01    0.447030963477588550E+01    0.760096028013095548E+01    0.170116090774536155E+00    0.187455721291138140E+02    0.607409036159515359E+00    0.298058368915319427E+01    0.157012080465086807E+02    0.157028155234377174E+02    0.157020161059726089E+02   -0.651637182991076997E+03   -0.827070088246506430E+01    1
    0.319969749450683594E+01    0.114090204238891602E+01    0.229350331425666809E+01    0.364844311082465289E+01    0.692912201567178698E+01    0.195422160625457753E+00    0.252645153283348947E+02    0.228259104490280168E+00    0.220735640639066677E+01    0.158314890082853754E+02    0.158311618654557691E+02    0.158311972318464935E+02   -0.651519330826455757E+03   -0.827103421579848153E+01    1
    0.626426649093627930E+01    0.244418191909790039E+01    0.155535045266151428E+01    0.267519974872484978E+01    0.610950427569500398E+01    0.304817414283752419E+00    0.176490937058143693E+02    0.120187914371490484E+00    0.262201679664850218E+01    0.156754808015783063E+02    0.156762866430477352E+02    0.156752304687860171E+02   -0.651482523888812580E+03   -0.827136754913177441E+01    1
    0.290634632110595703E+01    0.753079986572265625E+01    0.168299096822738647E+01    0.609668343910122168E+01    0.743159346706613722E+01    0.127373123168945307E+00    0.153702558761108534E+02    0.395706838369369485E+00    0.222637792122364031E+01    0.156159880972931511E+02    0.156172204634397147E+02    0.156168171396381492E+02   -0.651378054948253407E+03   -0.827170088246502289E+01    1
    0.151415920257568359E+01    0.693569421768188477E+01    0.777309092879295349E+01    0.532051870972592233E+01    0.760490095458793114E+01    0.421898663043975830E+00    0.494178857367346325E+01    0.682828140258789018E+00    0.267825790727138502E+01    0.155421460473871029E+02    0.153401555561223688E+02    0.153034052743693163E+02   -0.651304389676742744E+03   -0.827203421579830867E+01    1
    0.282872676849365234E+01    0.921223640441894531E+00    0.773004952073097229E+01    0.728040214756119575E+01    0.767319903183075525E+01    0.194557416439056385E+00    0.149832737881892690E+02    0.359627050161361761E+00    0.237697998952865586E+01    0.156041843994583100E+02    0.156059032278267953E+02    0.156051100581388162E+02   -0.651281411591377491E+03   -0.827236754913173655E+01    1
    0.233728694915771484E+01    0.215793275833129883E+01    0.400281655788421631E+01    0.662465723452504829E+01    0.744902750363549249E+01    0.391153824329376176E+00    0.140637403746967564E+02    0.595204716920852639E+00    0.293343870925903349E+01    0.155789683137546877E+02    0.155770560676083765E+02    0.155771785581448956E+02   -0.651167453893105403E+03   -0.827270088246519641E+01    1
    0.423426294326782227E+01    0.303717660903930664E+01    0.642707887291908264E+01    0.393690020488581638E+01    0.729321643659960284E+01    0.528775644302368120E+00    0.528218517542039834E+01    0.558224564790725686E+00    0.243546494734287267E+01    0.151516085810010406E+02    0.151524998094799113E+02    0.151557712567808114E+02   -0.651111513686563740E+03   -0.827303421579838094E+01    1
    0.262618303298950195E+01    0.545776748657226562E+01    0.197084027528762817E+01    0.503814651712708539E+01    0.775498954312034527E+01    0.173838031291961681E+00    0.540678742204158880E+01    0.892292839288711503E+00    0.276402007371187208E+01    0.153204477886766828E+02    0.153244148656895049E+02    0.151840075824933365E+02   -0.650941639540262599E+03   -0.827336754913164363E+01    1
    0.321248054504394531E+01    0.999115943908691406E+00    0.233360233902931213E+01    0.297385090898911342E+01    0.502274363972447446E+01    0.153792345523834223E+00    0.259643649693067040E+02    0.150956070423126226E+00    0.302275684291124325E+01    0.158430806306281120E+02    0.158439877134678166E+02    0.158438718092868971E+02   -0.650878188235741391E+03   -0.827370088246513369E+01    1
    0.530424118041992188E-01    0.757926368713378906E+01    0.191627341508865356E+01    0.267135396961927807E+01    0.364302753708018656E+01    0.478816425800323464E+00    0.346142819616249966E+02    0.182874250411987294E+00    0.290675999820232400E+01    0.159679274717530024E+02    0.159674619334036425E+02    0.159680414519199552E+02   -0.650827643927595659E+03   -0.827403421579857934E+01    1
    0.301887607574462891E+01    0.103365278244018555E+01    0.650923001766204834E+01    0.413727987910111761E+01    0.634923060670011630E+01    0.448316633701324463E+00    0.180300346020632105E+02    0.260166931152343794E+00    0.233200735288858407E+01    0.156847765484038337E+02    0.156863276169208063E+02    0.156847324144821183E+02   -0.650820956732965556E+03   -0.827436754913193262E+01    1
    0.208452749252319336E+01    0.333571910858154297E+00    0.592953446507453918E+01    0.343146331841858743E+01    0.605159697876467106E+01    0.460507273674011230E+00    0.360244143694955143E+01    0.959355574846267656E+00    0.297652031219005586E+01    0.153557297144913871E+02    0.152011081255589140E+02    0.150697573077982199E+02   -0.650749500803801084E+03   -0.827470088246516688E+01    1
    0.375229215621948242E+01    0.132748031616210938E+01    0.180093395709991455E+01    0.245747898316154156E+01    0.415475841501765331E+01    0.341332292556762673E+00    0.273158414527035909E+02    0.387907403707504317E+00    0.259467840737104405E+01    0.158651616619802844E+02    0.158660662934876324E+02    0.158654354104553512E+02   -0.650740232239668785E+03   -0.827503421579847753E+01    1
    0.611977910995483398E+01    0.248059225082397461E+01    0.509700405597686768E+01    0.294804681235443544E+01    0.681130465775688343E+01    0.169637191295623768E+00    0.168670484313830138E+01    0.346796166896820079E+00    0.267092645120620720E+01    0.153231528720468244E+02    0.153030391185525740E+02    0.149791457253068430E+02   -0.650599717684494635E+03   -0.827536754913185923E+01    1
    0.111808586120605469E+01    0.311769628524780273E+01    0.365962567925453186E+01    0.333958748256601101E+01    0.520905351117866822E+01    0.173137509822845481E+00    0.183429777326318022E+01    0.988173925876617454E+00    0.237933607715368245E+01    0.151409816600744875E+02    0.151375927290247354E+02    0.150580810289716176E+02   -0.650461812233177056E+03   -0.827570088246509883E+01    1
    0.459140729904174805E+01    0.888726711273193359E+00    0.728976222872734070E+01    0.234272272441676987E+01    0.700136223132124869E+01    0.213921964168548584E+00    0.166772452801932687E+02    0.267348331212997448E+00    0.261137976366281510E+01    0.156524517812276116E+02    0.156513359120863491E+02    0.156520634468152444E+02   -0.650403235241465040E+03   -0.827603421579843435E+01    1
    0.401269865036010742E+01    0.454639625549316406E+01    0.260581883788108826E+01    0.319472274719121696E+01    0.599025313937031978E+01    0.138102781772613536E+00    0.139198191229030144E+02    0.213737303018569968E+00    0.235716788303852054E+01    0.155739278582945797E+02    0.155746774992576569E+02    0.155720157518124847E+02   -0.650191465196437775E+03   -0.827636754913189598E+01    1
    0.583973073959350586E+01    0.277816724777221680E+01    0.250925305485725403E+01    0.607186339155334753E+01    0.622507785095474997E+01    0.398836207389831499E+00    0.217485737952493992E+02    0.102905046939849865E+00    0.248490716201066952E+01    0.157669987184078089E+02    0.157673898901687490E+02    0.157667768983580441E+02   -0.650173087952200490E+03   -0.827670088246508762E+01    1
    0.308546638488769531E+01    0.211992263793945312E+01    0.257721486687660217E+01    0.204743661828919166E+01    0.245289170409932122E+01    0.453716456890106201E+00    0.143353314322755523E+02    0.496608108282089233E+00    0.249061558496952040E+01    0.155873287180043913E+02    0.155867120245589206E+02    0.155847072565185041E+02   -0.649958950374332062E+03   -0.827703421579828458E+01    1
    0.580695152282714844E+01    0.711835432052612305E+01    0.484539496898651123E+01    0.733471045070922312E+01    0.755292193924694821E+01    0.151027095317840587E+00    0.176912411575410928E+02    0.125629794597625744E+00    0.276357718449831014E+01    0.156776265107078743E+02    0.156775779604612264E+02    0.156777040658691345E+02   -0.649761807155031875E+03   -0.827736754913177464E+01    1
    0.230805873870849609E+01    0.795920181274414062E+01    0.542377936840057373E+01    0.337617922525073055E+01    0.718565835184502788E+01    0.245494997501373297E+00    0.247078782198510467E+02    0.171353411674499523E+00    0.298850843054056181E+01    0.158213173405235672E+02    0.158211775177886054E+02    0.158215597660903686E+02   -0.649229617854033449E+03   -0.827770088246519720E+01    1
    0.552848529815673828E+01    0.316220521926879883E+01    0.212461444735527039E+01    0.408132691071998899E+01    0.440601597124261524E+01    0.479906940460205100E+00    0.499990996083733474E+01    0.491366910934448287E+00    0.232209259569644910E+01    0.151309979756359141E+02    0.151354271401877103E+02    0.151355094829786871E+02   -0.649208769896256285E+03   -0.827803421579842791E+01    1
    0.335975503921508789E+01    0.419433259963989258E+01    0.722373652458190918E+01    0.466896087442987096E+01    0.696740934906424414E+01    0.496773922443389915E+00    0.135882409532409199E+02    0.289809310436248802E+00    0.223217029678821532E+01    0.155621443332201910E+02    0.155619209925910198E+02    0.155626002111924961E+02   -0.649054440021294226E+03   -0.827836754913178829E+01    1
    0.354507255554199219E+01    0.720870018005371094E+00    0.478073540329933167E+01    0.483112583150664321E+01    0.505602598772417533E+01    0.360892355442047119E+00    0.530591659868042509E+01    0.641909217834472634E+00    0.222029173684120185E+01    0.153661699734338715E+02    0.153685215424880042E+02    0.153362388595049541E+02   -0.648908827690500402E+03   -0.827870088246518065E+01    1
    0.279283380508422852E+01    0.591202306747436523E+01    0.530974256992340088E+01    0.342899985280220232E+01    0.461450740197159703E+01    0.263988292217254616E+00    0.400550846453689946E+01    0.998932427167892434E+00    0.273073172694444644E+01    0.153569384248126664E+02    0.152997392619053976E+02    0.151048777169845980E+02   -0.648801583129493338E+03   -0.827903421579851084E+01    1
    0.356676387786865234E+01    0.174227285385131836E+01    0.385867956280708313E+01    0.713126315720972137E+01    0.826935854851031138E+01    0.394872260093688920E+00    0.238100098432089453E+02    0.120173484086990356E+00    0.292300100678205510E+01    0.158066306225567761E+02    0.158051946056185049E+02    0.158065478026839834E+02   -0.648772969448208414E+03   -0.827936754913192452E+01    1
    0.331402969360351562E+01    0.157792472839355469E+01    0.978659868240356445E+00    0.227968682507682896E+01    0.720780394377862699E+01    0.486131918430328325E+00    0.792277724739586109E+01    0.879332888126373335E+00    0.300500762248039255E+01    0.153277095419529221E+02    0.153281590143301720E+02    0.153289102403892699E+02   -0.648734086150528924E+03   -0.827970088246513747E+01    1
    0.229818487167358398E+01    0.136591625213623047E+01    0.569254341721534729E+01    0.258671751879133272E+01    0.457566340865872334E+01    0.259590971469879139E+00    0.360642051160608546E+01    0.945527392625808760E+00    0.256828105646371840E+01    0.154441333175324189E+02    0.152535818624472821E+02    0.155080770165387527E+02   -0.648657890272911004E+03   -0.828003421579831489E+01    1
    0.402384376525878906E+01    0.193311214447021484E+00    0.729052442312240601E+01    0.291137106939865875E+01    0.681399027996509155E+01    0.440769255161285400E+00    0.266221909709606308E+02    0.308153957128524780E+00    0.234162050819396939E+01    0.158546606857161816E+02    0.158546062626255306E+02    0.158535573739422038E+02   -0.648364352330210068E+03   -0.828036754913163620E+01    1
    0.262040185928344727E+01    0.298815584182739258E+01    0.464867103099822998E+01    0.305607131465638249E+01    0.793266216446546757E+01    0.118926954269409191E+00    0.264627547435211312E+02    0.208726453781127919E+00    0.249858622449636458E+01    0.158517480796506351E+02    0.158523282824785436E+02    0.158520768336644320E+02   -0.648360670014042739E+03   -0.828070088246507474E+01    1
    0.368846225738525391E+01    0.160299062728881836E+01    0.355294662714004517E+01    0.393131144918836606E+01    0.562793960374542124E+01    0.400758314132690474E+00    0.143408795090096355E+02    0.250159019231796287E+00    0.233526217365264888E+01    0.155874358513238818E+02    0.155854095168012208E+02    0.155865874231478934E+02   -0.648327179289070955E+03   -0.828103421579839427E+01    1
    0.118639039993286133E+01    0.725688648223876953E+01    0.229084837436676025E+01    0.209310398568420863E+01    0.715833133519450016E+01    0.231703078746795660E+00    0.219831906343493477E+01    0.319750487804412842E+00    0.266264029359817478E+01    0.151659293160217192E+02    0.150033719121978013E+02    0.152306493678448831E+02   -0.648219649067855926E+03   -0.828136754913159479E+01    1
    0.376091194152832031E+01    0.469049453735351562E+01    0.494397687911987305E+01    0.610533622552463484E+01    0.684828647426723514E+01    0.117803573608398438E+00    0.132062006881894423E+02    0.250631141662597701E+00    0.224506701612472526E+01    0.155494418170160174E+02    0.155520113703572793E+02    0.155520827940221444E+02   -0.647977060643177197E+03   -0.828170088246490366E+01    1
    0.337036705017089844E+01    0.351704311370849609E+01    0.343455749750137329E+01    0.334265620466177005E+01    0.565478246515032890E+01    0.157987034320831304E+00    0.177428858749045730E+02    0.185904932022094738E+00    0.267086329698562608E+01    0.156795557634361860E+02    0.156787721859760865E+02    0.156795490857417334E+02   -0.647975674909048280E+03   -0.828203421579834043E+01    1
    0.365019845962524414E+01    0.351753997802734375E+01    0.666892158985137939E+01    0.380226510013807939E+01    0.422354572460545974E+01    0.436633145809173562E+00    0.543866698262135451E+01    0.531984192132949896E+00    0.304201128953695310E+01    0.151642787472358176E+02    0.151694342540434448E+02    0.151659267997494460E+02   -0.647954008476500576E+03   -0.828236754913172391E+01    1
    0.124388694763183594E+00    0.445122194290161133E+01    0.721229511499404907E+01    0.210711686001139897E+01    0.827615676560733249E+01    0.363086831569671586E+00    0.207532693222431064E+02    0.234357106685638444E+00    0.234139531886577590E+01    0.157463020772229854E+02    0.157463378370143339E+02    0.157471970338906484E+02   -0.647931644029968083E+03   -0.828270088246509673E+01    1
    0.261748933792114258E+01    0.398386573791503906E+01    0.762431684136390686E+01    0.574632985554995734E+01    0.720179046187182781E+01    0.450398170948028587E+00    0.177258872850494349E+02    0.343926203250885021E+00    0.258093340742588051E+01    0.156776984184456900E+02    0.156786105832170790E+02    0.156782399913977208E+02   -0.647677386590700962E+03   -0.828303421579852106E+01    1
    0.307719993591308594E+01    0.119002342224121094E+01    0.484325009584426880E+01    0.292055152484524072E+01    0.718419740816608154E+01    0.519319748878478982E+00    0.130244035127739792E+02    0.316702532768249556E+00    0.292810232943296445E+01    0.155461995101216441E+02    0.155458774600106722E+02    0.155459681871718391E+02   -0.647665096837249848E+03   -0.828336754913184592E+01    1
    0.499265718460083008E+01    0.154837656021118164E+01    0.288869398832321167E+01    0.206648399247560066E+01    0.686238030083834971E+01    0.102252805233001717E+00    0.276243222040267895E+02    0.119263356924057012E+00    0.261964831095933892E+01    0.158699465426099433E+02    0.158704885771675759E+02    0.158707443020409276E+02   -0.647566410888805194E+03   -0.828370088246515657E+01    1
    0.107079505920410156E+01    0.524472284317016602E+01    0.211469563841819763E+01    0.212832404397258568E+01    0.361621918717864244E+01    0.485945379734039284E+00    0.626407734903451807E+01    0.548776644468307540E+00    0.230745933771133416E+01    0.155644037643034601E+02    0.153468548237783100E+02    0.154620512956294309E+02   -0.647566103331464888E+03   -0.828403421579832866E+01    1
    0.256063270568847656E+01    0.124279642105102539E+01    0.315205651521682739E+01    0.571446884674135624E+01    0.716439715590841608E+01    0.186842060089111334E+00    0.121541239563363028E+02    0.490278202295303389E+00    0.293986546087265044E+01    0.155142964589591532E+02    0.155137197373327709E+02    0.155158841969630377E+02   -0.647467796967580398E+03   -0.828436754913169082E+01    1
    0.288298654556274414E+01    0.660839080810546875E-01    0.685206532478332520E+00    0.384607836791725655E+01    0.571821244993299427E+01    0.374984538555145241E+00    0.182858118264576675E+02    0.384841907024383589E+00    0.265996140086650845E+01    0.156905459820676878E+02    0.156919373269041653E+02    0.156905472707712423E+02   -0.647454012975503929E+03   -0.828470088246514358E+01    1
    0.421406698226928711E+01    0.434679079055786133E+01    0.740312758088111877E+01    0.526345100190307580E+01    0.535117368617927625E+01    0.484497737884521440E+00    0.518735127433856746E+01    0.433524161577224731E+00    0.258857825618982318E+01    0.155092987084282967E+02    0.153098839388493460E+02    0.152303152493069103E+02   -0.647348896410548832E+03   -0.828503421579837962E+01    1
    0.204258537292480469E+01    0.302686452865600586E+01    0.838551551103591919E+00    0.283674408171057024E+01    0.537459453834377943E+01    0.139820897579193110E+00    0.288514526044069832E+02    0.288024622201919600E+00    0.287586022704839728E+01    0.158892584369265659E+02    0.158895470190000996E+02    0.158884701713387475E+02   -0.647311988041727318E+03   -0.828536754913176310E+01    1
    0.237998723983764648E+01    0.709596252441406250E+01    0.551219302415847778E+01    0.233678131251279364E+01    0.241701804028400069E+01    0.270268094539642345E+00    0.222739098459603007E+02    0.145891308784484863E+00    0.287457507914304733E+01    0.157771252081517623E+02    0.157770568430073208E+02    0.157765758370128140E+02   -0.647112122618196963E+03   -0.828570088246523540E+01    1
    0.409399223327636719E+01    0.419496965408325195E+01    0.368961054086685181E+01    0.483129121598682332E+01    0.605469093457919705E+01    0.356175959110260010E+00    0.967449015055039574E+01    0.285412901639938377E+00    0.280423155009746550E+01    0.154154441703454417E+02    0.154152050568759247E+02    0.154143585047547376E+02   -0.647091957340856197E+03   -0.828603421579852473E+01    1
    0.261464071273803711E+01    0.335084676742553711E+01    0.766971099376678467E+01    0.536804226480338453E+01    0.663266496946154405E+01    0.255645513534545898E+00    0.121251134281269142E+02    0.450267046689987183E+00    0.271202446508407569E+01    0.155153102721594625E+02    0.155128113789448516E+02    0.155120306876628327E+02   -0.646887086738164953E+03   -0.828636754913181406E+01    1
    0.269958734512329102E+01    0.592042922973632812E+01    0.653423696756362915E+00    0.431181048925624744E+01    0.452026077472939303E+01    0.523853325843811057E+00    0.106333532161201543E+02    0.991886156797409102E+00    0.264192950457334508E+01    0.154572397348643573E+02    0.154567282395978243E+02    0.154568114582941103E+02   -0.646835922395966804E+03   -0.828670088246507852E+01    1
    0.363788986206054688E+01    0.369479990005493164E+01    0.990960478782653809E+00    0.293470031155908240E+01    0.322682347906802347E+01    0.432266116142272949E+00    0.154665819301888838E+02    0.861266440153121926E+00    0.227404488492012025E+01    0.156184248721108130E+02    0.156184831391414303E+02    0.156199238372490008E+02   -0.646734631880401594E+03   -0.828703421579830390E+01    1
    0.219552850723266602E+01    0.616363716125488281E+01    0.640765520930290222E+01    0.282551092268428761E+01    0.374694853658484694E+01    0.320440888404846191E+00    0.775817505393232132E+01    0.490543526411056585E+00    0.304714170968532549E+01    0.153216715764423874E+02    0.153212036121206090E+02    0.153225381009493304E+02   -0.646732870931909702E+03   -0.828736754913171048E+01    1
    0.675462436676025391E+01    0.769807338714599609E+00    0.730090457201004028E+01    0.205571167920973341E+01    0.295214612880799088E+01    0.481726551055908225E+00    0.438217569798403339E+01    0.569614458084106490E+00    0.233961232542991615E+01    0.150789179533802873E+02    0.150784269796608843E+02    0.150705001296018697E+02   -0.646665239766568902E+03   -0.828770088246509040E+01    1
    0.650480270385742188E+00    0.447815608978271484E+01    0.635822701454162598E+01    0.601063619428929918E+01    0.635680218513302542E+01    0.300724399089813244E+00    0.324601966704456846E+01    0.968000388145446755E+00    0.246865562772750824E+01    0.153392034737484817E+02    0.152300482681147589E+02    0.151059258883600815E+02   -0.646573668830994734E+03   -0.828803421579846678E+01    1
    0.563023567199707031E+01    0.424146127700805664E+01    0.259480971097946167E+01    0.590948785487254025E+01    0.707282201745157568E+01    0.162796485424041737E+00    0.386094039964179991E+01    0.548265361785888694E+00    0.295215062671899808E+01    0.150256797746290349E+02    0.150221883359398483E+02    0.150205259948527594E+02   -0.646470518429660729E+03   -0.828836754913187868E+01    1
    0.309478616714477539E+01    0.244941711425781250E+00    0.795093390345573425E+01    0.369263411422925580E+01    0.616537859743408934E+01    0.466042029857635542E+00    0.186106294116577224E+02    0.282307976484298728E+00    0.269211696940660472E+01    0.156993220165358842E+02    0.156993593232768767E+02    0.156990298187421082E+02   -0.646415788104577473E+03   -0.828870088246515202E+01    1
    0.371815443038940430E+01    0.131922006607055664E+01    0.136424127221107483E+01    0.355126858064702322E+01    0.796267061950636545E+01    0.532504594326019265E+00    0.480067231334897304E+01    0.592115831375122137E+00    0.246054299241304397E+01    0.153596333354033074E+02    0.151656807437086663E+02    0.152588624849603391E+02   -0.646214637577805320E+03   -0.828903421579834720E+01    1
    0.340029525756835938E+01    0.401879358291625977E+01    0.492619562149047852E+01    0.233249692290488886E+01    0.450211965140086168E+01    0.185837733745574940E+00    0.100575465312330490E+02    0.317001974582672097E+00    0.280029564547538756E+01    0.154348472334782603E+02    0.154324276220036793E+02    0.154323597697264976E+02   -0.646209096079555025E+03   -0.828936754913176088E+01    1
    0.324717855453491211E+01    0.118789291381835938E+01    0.387706431746482849E+01    0.284121794511524950E+01    0.542259611827813615E+01    0.206217157840728749E+00    0.192191439194458020E+02    0.176520687341690075E+00    0.289814390027523050E+01    0.157134055545265969E+02    0.157138641198405260E+02    0.157128959949049882E+02   -0.646110425282324741E+03   -0.828970088246525805E+01    1
    0.234686660766601562E+01    0.620047664642333984E+01    0.174623566865921021E+01    0.200349414388209057E+01    0.231499396963255277E+01    0.108003032207489025E+00    0.235807476865767249E+02    0.344962823390960738E+00    0.281726459753513314E+01    0.158022595506636812E+02    0.158011368236662300E+02    0.158013100441918954E+02   -0.646022797059547429E+03   -0.829003421579849409E+01    1
    0.415256881713867188E+01    0.198601961135864258E+01    0.172114583849906921E+01    0.204617624512374707E+01    0.401141310112385341E+01    0.442786562442779585E+00    0.180888753820163792E+02    0.572902309894561812E+00    0.250025510513782478E+01    0.156862884358261176E+02    0.156875809704568496E+02    0.156865559840946727E+02   -0.645975446555745521E+03   -0.829036754913180118E+01    1
    0.535990428924560547E+01    0.260225343704223633E+01    0.783416259288787842E+01    0.248736811341431352E+01    0.518112157891100455E+01    0.508279383182525635E+00    0.100988721247286737E+02    0.215678954124450706E+00    0.299226782721281070E+01    0.154357065659961030E+02    0.154330166338869255E+02    0.154338282766426751E+02   -0.645869188809119578E+03   -0.829070088246508163E+01    1
    0.338734817504882812E+01    0.222299242019653320E+01    0.163961741328239441E+01    0.501258030525355469E+01    0.597021957038683126E+01    0.195494937896728505E+00    0.817866974541234448E+01    0.518126666545867920E+00    0.224255101877450924E+01    0.153423705641739669E+02    0.153451253812976649E+02    0.153416974361371281E+02   -0.645776825775063003E+03   -0.829103421579824840E+01    1
    0.274066972732543945E+01    0.178232240676879883E+01    0.241785320639610291E+01    0.338316288715479052E+01    0.627112055691169701E+01    0.360063695907592796E+00    0.119265503447970627E+02    0.605782598257064819E+00    0.291091562688350702E+01    0.155073504080692253E+02    0.155074336394312571E+02    0.155078776200234483E+02   -0.645695010169534612E+03   -0.829136754913167096E+01    1
    0.551291084289550781E+01    0.818796634674072266E+00    0.781381160020828247E+00    0.209993361399990341E+01    0.497505626149273361E+01    0.300987112522125233E+00    0.354171776818994957E+02    0.691183221340179399E+00    0.273079948616027846E+01    0.159775445347479828E+02    0.159782559240153041E+02    0.159780018733813058E+02   -0.645631710250769629E+03   -0.829170088246506864E+01    1
    0.435568428039550781E+01    0.634702205657958984E+00    0.274837511777877808E+01    0.221035161975899852E+01    0.768971198629494523E+01    0.313830995559692405E+00    0.211389769962323157E+02    0.169508856534957897E+00    0.291369694280624403E+01    0.157534509851298932E+02    0.157543508124989629E+02    0.157539948038821613E+02   -0.645461886403628114E+03   -0.829203421579839173E+01    1
    0.371880865097045898E+01    0.139510202407836914E+01    0.229833531379699707E+01    0.452503635585051711E+01    0.574365012342588876E+01    0.416344702243804932E+00    0.326408347055507919E+01    0.590646946430206321E+00    0.241174390834569907E+01    0.151606045146935795E+02    0.150911184131738416E+02    0.151425625139867908E+02   -0.645444080689694033E+03   -0.829236754913182494E+01    1
    0.281486463546752930E+01    0.442477750778198242E+01    0.349262464046478271E+01    0.493904430681627815E+01    0.497429372137118531E+01    0.387990248203277543E+00    0.268452454295771865E+02    0.182203322649002075E+00    0.254163599729537948E+01    0.158571301639862572E+02    0.158572116757416559E+02    0.158577700981995573E+02   -0.645398153326096008E+03   -0.829270088246512316E+01    1
    0.310116147994995117E+01    0.371854829788208008E+01    0.108809444308280945E+01    0.225576218203853829E+01    0.322112661249791232E+01    0.376005029678344704E+00    0.126613065462751209E+02    0.806051880121231079E+00    0.249899935835599907E+01    0.155335992889553669E+02    0.155311714643731857E+02    0.155313105878271287E+02   -0.645312606992944325E+03   -0.829303421579849598E+01    1
    0.348545932769775391E+01    0.145358705520629883E+01    0.785396426916122437E+00    0.639899609149474813E+01    0.778662530353599980E+01    0.439660930633544944E+00    0.619175382469794222E+01    0.456646627187728860E+00    0.300392899090051646E+01    0.152209399159011856E+02    0.152217024902887452E+02    0.152209650899236646E+02   -0.645287906804770046E+03   -0.829336754913194341E+01    1
    0.732306575775146484E+01    0.418580579757690430E+01    0.738736066222190857E+01    0.639829870399847866E+01    0.828771861590621128E+01    0.249878442287445074E+00    0.243054204439581056E+01    0.114354056119918834E+00    0.272068818169832216E+01    0.152718955745341542E+02    0.149720607283779685E+02    0.152952538853496218E+02   -0.645287635954514258E+03   -0.829370088246525938E+01    1
    0.274266767501831055E+01    0.101481437683105469E+01    0.191429126262664795E+01    0.373866955233769716E+01    0.658258916634925662E+01    0.399819719791412398E+00    0.319097215682129942E+02    0.206231999397277821E+00    0.276833551090955732E+01    0.159330394110968800E+02    0.159326135002778120E+02    0.159328873341579396E+02   -0.645233193659831841E+03   -0.829403421579846523E+01    1
    0.535120964050292969E-01    0.209821367263793945E+01    0.890642285346984863E+00    0.391730515541065483E+01    0.735688061098854185E+01    0.448830223083496072E+00    0.233197028938501472E+01    0.812787926197051980E+00    0.264848889017105105E+01    0.150557860337366023E+02    0.149729212867526549E+02    0.149171209418860560E+02   -0.645163552668054763E+03   -0.829436754913182206E+01    1
    0.247896242141723633E+01    0.623291635513305664E+01    0.795364409685134888E+00    0.217533523046442223E+01    0.273813564887588301E+01    0.175383877754211437E+00    0.136218666957246786E+02    0.864911669492721580E+00    0.246550312894582735E+01    0.155635454602573677E+02    0.155644176938139971E+02    0.155649386647562640E+02   -0.645054379451533578E+03   -0.829470088246515935E+01    1
    0.443544960021972656E+01    0.167371320724487305E+01    0.685067522525787354E+01    0.407717560487998476E+01    0.645976001353864504E+01    0.282838284969329834E+00    0.126821219738372815E+02    0.222621315717697166E+00    0.243155829203128793E+01    0.155335564190780602E+02    0.155333448639802469E+02    0.155329563003286140E+02   -0.645009755202917177E+03   -0.829503421579831546E+01    1
    0.257947731018066406E+01    0.516967296600341797E+00    0.372755351662635803E+01    0.542382453505245188E+01    0.551219417562892389E+01    0.490229153633117698E+00    0.192806061069516659E+02    0.357421416044235274E+00    0.265253911000490206E+01    0.157154024379865103E+02    0.157134897596788097E+02    0.157146061355674558E+02   -0.644986624444888093E+03   -0.829536754913158880E+01    1
    0.421270275115966797E+01    0.508088111877441406E+01    0.522786724567413330E+01    0.545460253972763276E+01    0.551111950918571836E+01    0.367715930938720681E+00    0.635620658939219130E+01    0.390215605497360229E+00    0.291750962585210782E+01    0.152323750945462937E+02    0.152361587307368076E+02    0.152375069563579952E+02   -0.644939505758634596E+03   -0.829570088246506465E+01    1
    0.339890718460083008E+01    0.240941762924194336E+01    0.767317730188369751E+01    0.642553573441905623E+01    0.722562794134212272E+01    0.207324409484863303E+00    0.221574245793420088E+01    0.416246336698532171E+00    0.244283946770429594E+01    0.153966985987502731E+02    0.153437714565429655E+02    0.151088932615387481E+02   -0.644880136757742889E+03   -0.829603421579840017E+01    1
    0.685713195800781250E+01    0.158050775527954102E+01    0.726879227161407471E+01    0.224962112099847333E+01    0.652522893688246874E+01    0.276814329624176014E+00    0.333239589978455886E+01    0.595949888229370117E+00    0.222377579528093339E+01    0.151654082193115372E+02    0.149656035126015574E+02    0.151911237523824436E+02   -0.644870599871464151E+03   -0.829636754913170549E+01    1
    0.220436525344848633E+01    0.507292985916137695E+01    0.143610972166061401E+01    0.304236283990029621E+01    0.396291164049670996E+01    0.449810731410980269E+00    0.196123443788665739E+02    0.397321206331253118E+00    0.240973365080356583E+01    0.157215177167338691E+02    0.157211184137326097E+02    0.157213676507946083E+02   -0.644859937948565062E+03   -0.829670088246510495E+01    1
    0.353605222702026367E+01    0.232955980300903320E+01    0.602978917956352234E+01    0.463194783850987424E+01    0.555135359784455940E+01    0.130534946918487549E+00    0.624021570927553793E+01    0.480350863933563299E+00    0.303222931814193730E+01    0.152239189798805530E+02    0.152258483285887731E+02    0.152266382470664592E+02   -0.644840355245569640E+03   -0.829703421579828948E+01    1
    0.453884744644165039E+01    0.168359470367431641E+01    0.139286983013153076E+01    0.225023913072840287E+01    0.551070129549565202E+01    0.389188694953918501E+00    0.853730519579952940E+01    0.881896489858627342E+00    0.235741235262155513E+01    0.153632022812443463E+02    0.153644817520219075E+02    0.153629532032420340E+02   -0.644781989087744250E+03   -0.829736754913163388E+01    1
    0.374810504913330078E+01    0.710438680648803711E+01    0.798036980628967285E+01    0.622448310482282352E+01    0.818364599448409891E+01    0.444203484058380171E+00    0.919804505845462117E+01    0.369723045825958274E+00    0.244138332772254918E+01    0.153929800244334523E+02    0.153928366680340236E+02    0.153948553552304759E+02   -0.644656716142428991E+03   -0.829770088246507420E+01    1
    0.279616928100585938E+01    0.506677961349487305E+01    0.327823522686958313E+01    0.356247733877715200E+01    0.566283041842464030E+01    0.292538690567016590E+00    0.148929697135136436E+02    0.262658649682998679E+00    0.296701317298412315E+01    0.156030327232934898E+02    0.156019289177147957E+02    0.156025456818666921E+02   -0.644467541482156207E+03   -0.829803421579833866E+01    1
    0.463362264633178711E+01    0.507928609848022461E+01    0.241367790102958679E+01    0.289498327799736277E+01    0.372938636846758742E+01    0.303706121444702160E+00    0.716820892580659397E+01    0.341907036304473888E+00    0.295139363634586349E+01    0.152858287549615479E+02    0.152852011920079374E+02    0.152875140243317684E+02   -0.644427950125599750E+03   -0.829836754913161379E+01    1
    0.155406618118286133E+01    0.394028520584106445E+01    0.106805521249771118E+01    0.203505971963671461E+01    0.352865273978196514E+01    0.294291281700134300E+00    0.198745406362504085E+02    0.838984149694442793E+00    0.266150685751438143E+01    0.157283333416932898E+02    0.157268654324635229E+02    0.157268561549621424E+02   -0.644419012652034212E+03   -0.829870088246509852E+01    1
    0.419241571426391602E+01    0.539569854736328125E-01    0.771974894404411316E+01    0.245927626018192713E+01    0.798047366938003933E+01    0.173907232284545910E+00    0.219249424369462069E+02    0.420262408256530828E+00    0.267209014868736272E+01    0.157697907973572189E+02    0.157709429828028487E+02    0.157692292241025775E+02   -0.644374846703348908E+03   -0.829903421579855838E+01    1
    0.519161844253540039E+01    0.231141138076782227E+01    0.799873757362365723E+01    0.383853443438623154E+01    0.478456330304086830E+01    0.304124367237091076E+00    0.788695063261012486E+01    0.318094331026077315E+00    0.221142261719703681E+01    0.153302354689052347E+02    0.153291522344277720E+02    0.153288728274728623E+02   -0.644346450815252069E+03   -0.829936754913176955E+01    1
    0.516142988204956055E+01    0.797299385070800781E+01    0.240506711602210999E+01    0.333823179090353284E+01    0.674418673270874613E+01    0.439384377002716042E+00    0.488408345236690078E+01    0.478645247220993109E+00    0.259000332510471321E+01    0.151200775361458710E+02    0.151173840772872321E+02    0.151233554529784850E+02   -0.644278027066499021E+03   -0.829970088246496829E+01    1
    0.284239578247070312E+01    0.217339277267456055E+01    0.116535010933876038E+01    0.275526099377234335E+01    0.785589912485763797E+01    0.157928383350372320E+00    0.932693804545115235E+01    0.438155961036682196E+00    0.301212041717767720E+01    0.153982608464224686E+02    0.154002072512051775E+02    0.154004498801068799E+02   -0.644250088764017960E+03   -0.830003421579840328E+01    1
    0.854792118072509766E+00    0.597445487976074219E+01    0.860688716173171997E+00    0.274607667602295935E+01    0.427894871625215423E+01    0.445269823074340820E+00    0.902951075366203781E+01    0.505269390344619818E+00    0.297198150742053979E+01    0.153873442925695443E+02    0.153858732563228457E+02    0.153848942155096413E+02   -0.644113525398935053E+03   -0.830036754913188979E+01    1
    0.616380167007446289E+01    0.573605823516845703E+01    0.798933374881744385E+01    0.794418317377096272E+01    0.814675819602656937E+01    0.146613538265228271E+00    0.447462727754403389E+01    0.454134362936019942E+00    0.301513056594133388E+01    0.150861545453335921E+02    0.150839134345812766E+02    0.150870605380420812E+02   -0.643971147401015969E+03   -0.830070088246525195E+01    1
    0.312314271926879883E+01    0.147589874267578125E+01    0.618364605307579041E+01    0.358766236629217072E+01    0.633224813241008633E+01    0.411120009422302202E+00    0.167198773080718368E+02    0.224884563684463523E+00    0.289711804902553549E+01    0.156520416998259346E+02    0.156515331372530646E+02    0.156521810520101976E+02   -0.643911090817972422E+03   -0.830103421579855194E+01    1
    0.739102363586425781E-01    0.280274868011474609E+01    0.502408641576766968E+01    0.408637378180185795E+01    0.609347891494691396E+01    0.203025901317596458E+00    0.235710420837966783E+01    0.656256943941116333E+00    0.289112355971336354E+01    0.153889454829220966E+02    0.153592152741067025E+02    0.151153849523379922E+02   -0.643799031225461590E+03   -0.830136754913186614E+01    1
    0.423130416870117188E+01    0.582771730422973633E+01    0.487827214598655701E+01    0.709035823570468882E+01    0.730311451744484241E+01    0.396363246440887496E+00    0.984135298782362966E+01    0.280467820167541515E+00    0.272121659225225443E+01    0.154235286223482468E+02    0.154247870507563203E+02    0.154239920463350426E+02   -0.643746068883343924E+03   -0.830170088246505777E+01    1
    0.712154006958007812E+01    0.113237380981445312E+00    0.626557457447052002E+01    0.309022728945563330E+01    0.434360042452532813E+01    0.279797089099884044E+00    0.960928797441886040E+01    0.220195204019546509E+00    0.246985449522733669E+01    0.154131813503046349E+02    0.154127615264457170E+02    0.154131819184091068E+02   -0.643696616941456909E+03   -0.830203421579822276E+01    1
    0.300614881515502930E+01    0.519816017150878906E+01    0.358455199003219604E+01    0.488494556739170971E+01    0.601244963203968652E+01    0.456204295158386230E+00    0.728024634762716349E+01    0.470672166347503640E+00    0.298739457833766942E+01    0.152941834834554093E+02    0.152912099086541424E+02    0.152941333754519366E+02   -0.643626833879868286E+03   -0.830236754913170039E+01    1
    0.300136280059814453E+01    0.453293085098266602E+01    0.102030876278877258E+01    0.568740585019960854E+01    0.569973955887014405E+01    0.285793113708496083E+00    0.322316346943324206E+01    0.885142499208450340E+00    0.259528004240989674E+01    0.152316297171591657E+02    0.152010762891334359E+02    0.151814287694139960E+02   -0.643573979364979209E+03   -0.830270088246516558E+01    1
    0.294892406463623047E+01    0.679986476898193359E+00    0.281992438435554504E+01    0.469281332116630878E+01    0.711011952779046474E+01    0.110975420475006109E+00    0.349184228745486607E+02    0.281729906797409058E+00    0.224091897809505447E+01    0.159715168243820216E+02    0.159722898781630285E+02    0.159715759044692156E+02   -0.643502936164780294E+03   -0.830303421579853129E+01    1
    0.200730609893798828E+01    0.475695991516113281E+01    0.319291818141937256E+01    0.311138933799853801E+01    0.693568264397409351E+01    0.276314616203308105E+00    0.129990326424451652E+02    0.399967366456985496E+00    0.245286449176073074E+01    0.155430394984218836E+02    0.155440980499766965E+02    0.155430041252771360E+02   -0.643336446547631908E+03   -0.830336754913194497E+01    1
    0.215605354309082031E+01    0.487658786773681641E+01    0.111655357480049133E+01    0.324028892567111360E+01    0.714948199354474845E+01    0.391359460353851274E+00    0.150193928564234742E+02    0.330984061956405617E+00    0.253554485368728644E+01    0.156053121049275187E+02    0.156069685390479318E+02    0.156073216025512611E+02   -0.643212052435310852E+03   -0.830370088246512239E+01    1
    0.786239910125732422E+01    0.239834785461425781E-01    0.640828043222427368E+00    0.315681311061545866E+01    0.343722615384762431E+01    0.211117875576019298E+00    0.618525367323380770E+01    0.329470223188400246E+00    0.249954006576538079E+01    0.152217870355612828E+02    0.152239337027729125E+02    0.152258780113730072E+02   -0.643118158356202912E+03   -0.830403421579845791E+01    1
    0.411122035980224609E+01    0.109571695327758789E+01    0.153046402335166931E+01    0.221461318571984700E+01    0.449628575788293361E+01    0.442656207084655806E+00    0.585905920865957786E+01    0.869929438829421975E+00    0.286456543880701053E+01    0.151992365778168796E+02    0.152016032463736348E+02    0.151993536948343362E+02   -0.643066715016434387E+03   -0.830436754913191422E+01    1
    0.286697292327880859E+01    0.359036445617675781E+00    0.661153376102447510E+00    0.617191427956082972E+01    0.693926316478520455E+01    0.307542181015014626E+00    0.159645895936932689E+02    0.238945561647415178E+00    0.291038585001230254E+01    0.156314206126892419E+02    0.156319328284652688E+02    0.156329804558405563E+02   -0.642970055134167069E+03   -0.830470088246524440E+01    1
    0.153825378417968750E+01    0.618021488189697266E+01    0.252176108956336975E+01    0.235210593656546862E+01    0.270040760438672756E+01    0.282911241054534912E+00    0.749205095461285175E+01    0.784470289945602417E+00    0.288202909892797488E+01    0.153339002234497155E+02    0.153387614782408619E+02    0.153334632583654571E+02   -0.642765849505992719E+03   -0.830503421579843071E+01    1
    0.277900218963623047E+01    0.135674238204956055E+01    0.997475117444992065E+00    0.337197601661368118E+01    0.347191489181415625E+01    0.411033821105956987E+00    0.168511760982539442E+02    0.829314571619033769E+00    0.301441416025161768E+01    0.156561279631444901E+02    0.156563207236159361E+02    0.156565372153332589E+02   -0.642724771376765489E+03   -0.830536754913169872E+01    1
    0.212726449966430664E+01    0.246065330505371094E+01    0.303863885998725891E+01    0.257328405713327157E+01    0.298184176619225028E+01    0.176375472545623802E+00    0.185087659543291281E+02    0.315151196718215953E+00    0.285800919067859649E+01    0.156971089803153454E+02    0.156956419348388874E+02    0.156968814129504608E+02   -0.642570700785151871E+03   -0.830570088246505733E+01    1
    0.262383985519409180E+01    0.740039396286010742E+01    0.580962675809860229E+01    0.531559679863558454E+01    0.777502289467118413E+01    0.460650432109832808E+00    0.268307615124395333E+02    0.202273756265640259E+00    0.270202646374702438E+01    0.158571421133299069E+02    0.158574577830864989E+02    0.158571166205619516E+02   -0.642452912672093021E+03   -0.830603421579830936E+01    1
    0.191193962097167969E+01    0.635406827926635742E+01    0.199485588073730469E+01    0.279830960105783344E+01    0.752611983371007565E+01    0.332572412490844682E+00    0.441498598632680839E+01    0.841392022371292070E+00    0.257511456578969966E+01    0.154659373701291276E+02    0.151234160343615436E+02    0.152905890019713837E+02   -0.642326195243071197E+03   -0.830636754913171060E+01    1
    0.713158750534057617E+01    0.773620033264160156E+01    0.620689722895622253E+01    0.227220294533328770E+01    0.706561021927853261E+01    0.422534167766571045E+00    0.119027228601853494E+02    0.172326141595840476E+00    0.251760217285156251E+01    0.155049616936187959E+02    0.155061264012329474E+02    0.155058336042424099E+02   -0.642220620235404340E+03   -0.830670088246508875E+01    1
    0.661836147308349609E+01    0.103914117813110352E+01    0.176581087708473206E+01    0.215979006284529884E+01    0.677267162981485971E+01    0.491050696372985818E+00    0.221155729873234392E+02    0.953187245130538985E+00    0.222013830447196936E+01    0.157741066895385753E+02    0.157742761402447744E+02    0.157735269475996702E+02   -0.642115026505895798E+03   -0.830703421579850243E+01    1
    0.284780216217041016E+01    0.634227752685546875E+00    0.462063077092170715E+01    0.277012478181525612E+01    0.362911162481180938E+01    0.298245465755462624E+00    0.458310189056537709E+01    0.769488543272018433E+00    0.286629691702127465E+01    0.154036929498655670E+02    0.153219391505468145E+02    0.151724064953937265E+02   -0.642093142908997152E+03   -0.830736754913180064E+01    1
    0.209752178192138672E+01    0.716171789169311523E+01    0.105353730916976929E+01    0.263762712510812714E+01    0.299634025791251091E+01    0.121423768997192386E+00    0.984035181506938450E+01    0.769336569309234664E+00    0.296706043744087200E+01    0.154213591084871418E+02    0.154239913858673550E+02    0.154245670219697271E+02   -0.641930068567913167E+03   -0.830770088246506688E+01    1
    0.374557685852050781E+01    0.367548274993896484E+01    0.487170431017875671E+01    0.201679676562242083E+01    0.694393389495361646E+01    0.334877538681030262E+00    0.639375376972147258E+01    0.520357728004455566E+00    0.230006842154264435E+01    0.152401806420495198E+02    0.152398814296703868E+02    0.152346397736844459E+02   -0.641892782197861607E+03   -0.830803421579840062E+01    1
    0.135210275650024414E+01    0.412013530731201172E+01    0.507491204142570496E+01    0.435155604619265723E+01    0.448639871937500434E+01    0.363601887226104759E+00    0.369473291425673978E+01    0.943080574274063110E+00    0.289632118242979075E+01    0.153421630781727369E+02    0.150875097956220205E+02    0.153003577806843296E+02   -0.641799743142883358E+03   -0.830836754913168640E+01    1
    0.299460506439208984E+01    0.263530540466308594E+01    0.121334108710289001E+01    0.694333845045397169E+01    0.717925559770710020E+01    0.254305088520050071E+00    0.112041284208755805E+02    0.424746310710906960E+00    0.232940998375415775E+01    0.154803997960904294E+02    0.154788159740694962E+02    0.154812167458344767E+02   -0.641724801067931026E+03   -0.830870088246504501E+01    1
    0.263730192184448242E+01    0.218848991394042969E+01    0.455853271484375000E+01    0.251076814335501908E+01    0.811478388764398240E+01    0.281180679798126221E+00    0.978188674173614459E+01    0.884233176708221436E+00    0.283426902323961283E+01    0.154541543409244539E+02    0.154300886772331758E+02    0.154415290899036552E+02   -0.641602544012991871E+03   -0.830903421579838941E+01    1
    0.413437223434448242E+01    0.121008682250976562E+01    0.704371246695518494E+01    0.369771300114330215E+01    0.401041458447940080E+01    0.458376526832580566E+00    0.560657155188621292E+01    0.522680199146270730E+00    0.231745106410980206E+01    0.151832828455435163E+02    0.151783255474451853E+02    0.151794071859002688E+02   -0.641499204027852784E+03   -0.830936754913163789E+01    1
    0.684591960906982422E+01    0.252334165573120117E+01    0.155486139655113220E+01    0.503192604794212883E+01    0.670179021375226824E+01    0.236274135112762462E+00    0.313871486781709796E+01    0.595781821012496993E+00    0.256051819837093353E+01    0.153104963792012807E+02    0.153450888523601829E+02    0.150850482821604679E+02   -0.641482819229341317E+03   -0.830970088246495209E+01    1
    0.482826471328735352E+01    0.319612979888916016E+00    0.527801606059074402E+01    0.223055054794242169E+01    0.431948908956866973E+01    0.186725580692291282E+00    0.177957046754553403E+02    0.393810731172561712E+00    0.247769067901372919E+01    0.156800433338657577E+02    0.156805856688035252E+02    0.156797135170796462E+02   -0.641466315864939133E+03   -0.831003421579827872E+01    1
    0.349685096740722656E+01    0.597987747192382812E+01    0.349711063504219055E+01    0.595083063759179787E+01    0.686283247721056622E+01    0.309086167812347434E+00    0.296143398390523203E+02    0.111584568023681649E+00    0.278249769306182859E+01    0.159000183018571821E+02    0.159001543716413174E+02    0.158999566843642661E+02   -0.641125730118722345E+03   -0.831036754913157694E+01    1
    0.529947662353515625E+01    0.383054256439208984E+00    0.339340928196907043E+01    0.223223401670324106E+01    0.438611564799457554E+01    0.378669214248657182E+00    0.175860710550177686E+02    0.430238348245620794E+00    0.265978732192516309E+01    0.156745344416337478E+02    0.156747563089297177E+02    0.156756956742122320E+02   -0.641094771688574610E+03   -0.831070088246504213E+01    1
    0.233914709091186523E+01    0.668540477752685547E+01    0.149920153617858887E+01    0.338679975884865314E+01    0.801651284519185303E+01    0.420664596557617232E+00    0.243907370039991136E+02    0.183745592832565308E+00    0.274260907238721829E+01    0.158164573727088946E+02    0.158168519352432266E+02    0.158167017195682345E+02   -0.641069320044205256E+03   -0.831103421579843271E+01    1
    0.253262948989868164E+01    0.385431146621704102E+01    0.714857611060142517E+01    0.325821107217893857E+01    0.401209050505782194E+01    0.324771046638488770E+00    0.193478490531323679E+02    0.238549667596817033E+00    0.293587814223766319E+01    0.157153604275858303E+02    0.157159432080103674E+02    0.157157669862885339E+02   -0.640947870546689956E+03   -0.831136754913174336E+01    1
    0.279187726974487305E+01    0.441985893249511719E+01    0.276308479905128479E+01    0.786484398285411501E+01    0.801817034806992446E+01    0.313241839408874512E+00    0.161382898645098933E+02    0.404348433017730713E+00    0.224267505002021794E+01    0.156367852152226430E+02    0.156379060728788595E+02    0.156368820402870110E+02   -0.640884566126604454E+03   -0.831170088246498473E+01    1
    0.447000694274902344E+01    0.481924629211425781E+01    0.190764296054840088E+01    0.756328091909632505E+01    0.828948591531185919E+01    0.485772359371185347E+00    0.483235548183195629E+01    0.560956287384033248E+00    0.232558576291799524E+01    0.151727682471948064E+02    0.152049837066968010E+02    0.151904527973384607E+02   -0.640598280205278684E+03   -0.831203421579840374E+01    1
    0.622526788711547852E+01    0.587455892562866211E+01    0.686607870459556580E+01    0.218650676600018778E+01    0.502734494163314594E+01    0.264774429798126210E+00    0.143366805605925745E+02    0.149528867006301885E+00    0.281677398842573190E+01    0.155865818387570467E+02    0.155873526100866666E+02    0.155865294989075540E+02   -0.640568471421676236E+03   -0.831236754913180320E+01    1
    0.318592500686645508E+01    0.564794492721557617E+01    0.691227751970291138E+01    0.206843538083760592E+01    0.341180776906598116E+01    0.309813332557678234E+00    0.148073897226443005E+02    0.187228173017501831E+00    0.276726269882917375E+01    0.156010158519124609E+02    0.155991148394766999E+02    0.155993213265126904E+02   -0.640079625643810232E+03   -0.831270088246500727E+01    1
    0.417146778106689453E+01    0.428187370300292969E+00    0.741302403807640076E+01    0.253007565648774291E+01    0.817403967139523857E+01    0.163910424709320074E+00    0.155025579737439099E+02    0.220245951414108299E+00    0.273033913844823850E+01    0.156202953932329844E+02    0.156196767821359224E+02    0.156192749236697761E+02   -0.640048413119518841E+03   -0.831303421579829660E+01    1
    0.316917133331298828E+01    0.337402153015136719E+01    0.352496001124382019E+01    0.531604747726795601E+01    0.794079308692840335E+01    0.233685910701751709E+00    0.318394909097802081E+01    0.862419414520263716E+00    0.232618805581331234E+01    0.152516936704722230E+02    0.152196456781542100E+02    0.152688074966353060E+02   -0.640032662691084965E+03   -0.831336754913174047E+01    1
    0.273198270797729492E+01    0.525583839416503906E+01    0.249544906616210938E+01    0.471267972791601686E+01    0.627803831721328542E+01    0.255494165420532215E+00    0.218514896580531364E+02    0.254683047533035278E+00    0.266995661896467196E+01    0.157686439900995516E+02    0.157682925796516233E+02    0.157684555310082413E+02   -0.639825513986008332E+03   -0.831370088246519856E+01    1
    0.220052242279052734E+00    0.148098421096801758E+01    0.325140374898910522E+01    0.341113245283857180E+01    0.610577586969398745E+01    0.278554725646972645E+00    0.196106033294897086E+01    0.657407933473587058E+00    0.280399497479200388E+01    0.150151744552649937E+02    0.150562767326799687E+02    0.149457159869511269E+02   -0.639778193608360084E+03   -0.831403421579853763E+01    1
    0.390910911560058594E+01    0.122363567352294922E+01    0.549749165773391724E+00    0.265145902166536196E+01    0.414590931973191257E+01    0.173094522953033458E+00    0.208567978430009369E+02    0.561154127120971680E+00    0.234763463199138611E+01    0.157494387700362211E+02    0.157479776998310541E+02    0.157485238690512013E+02   -0.639769803982664143E+03   -0.831436754913186249E+01    1
    0.308441352844238281E+01    0.177128553390502930E+01    0.217007565498352051E+01    0.327580608741233448E+01    0.684757206476819746E+01    0.262765669822692893E+00    0.255697705529381238E+02    0.218120354413986195E+00    0.262981269937753659E+01    0.158367296415143723E+02    0.158364950603838750E+02    0.158359924013819455E+02   -0.639758159188566083E+03   -0.831470088246506833E+01    1
    0.290850448608398438E+01    0.241865968704223633E+01    0.148322629928588867E+01    0.390529280198421258E+01    0.621213337013555922E+01    0.459456455707550004E+00    0.151773924329810814E+02    0.413012504577636719E+00    0.234884083712100988E+01    0.156106013915185198E+02    0.156095010245365344E+02    0.156116389680379317E+02   -0.639735201317715905E+03   -0.831503421579828839E+01    1
    0.971601486206054688E+00    0.123071193695068359E+01    0.638713362812995911E+01    0.207940542462496536E+01    0.222475716149468905E+01    0.340593039989471436E+00    0.153270197290650145E+02    0.227269637584686296E+00    0.259574914467334761E+01    0.156152633015743980E+02    0.156152630497329614E+02    0.156139242336389419E+02   -0.639329138633882735E+03   -0.831536754913166298E+01    1
    0.266828680038452148E+01    0.402484893798828125E+01    0.241156566143035889E+01    0.595003873382693982E+01    0.804827332265112183E+01    0.117489433288574224E+00    0.226038869930942852E+02    0.222171187400817871E+00    0.300128987318277352E+01    0.157837120535592117E+02    0.157824166153144141E+02    0.157836485669910225E+02   -0.639285926787312860E+03   -0.831570088246512640E+01    1
    0.275256013870239258E+01    0.381227016448974609E+00    0.947445213794708252E+00    0.378286417651236118E+01    0.644740797739670057E+01    0.487017047405242876E+00    0.130248133745411767E+02    0.579211080074310325E+00    0.284187723445892360E+01    0.155446266607777819E+02    0.155438728113705658E+02    0.155441125520488157E+02   -0.639199290281033200E+03   -0.831603421579839086E+01    1
    0.271726560592651367E+01    0.232151699066162109E+01    0.641293960809707642E+01    0.536450949625928430E+01    0.704635627917954110E+01    0.212646734714508068E+00    0.901430317434167883E+01    0.634944647550582886E+00    0.248548470938205712E+01    0.153854515675367090E+02    0.153845631559451359E+02    0.153850839192707838E+02   -0.639076998161361985E+03   -0.831636754913163934E+01    1
    0.319383144378662109E+01    0.564268159866333008E+01    0.271137896180152893E+01    0.614275400566816021E+01    0.769636284371647861E+01    0.445086681842803977E+00    0.242132753975897792E+02    0.159717988967895519E+00    0.272272156542539578E+01    0.158133105927157658E+02    0.158122862267901105E+02    0.158122744312581212E+02   -0.639024975981055832E+03   -0.831670088246506545E+01    1
    0.296222162246704102E+01    0.766309976577758789E+01    0.856890261173248291E+00    0.649300298908773321E+01    0.783992156441794386E+01    0.305574047565460194E+00    0.240689421493321376E+02    0.207543867826461781E+00    0.229175058561563461E+01    0.158097899304870868E+02    0.158103624082022520E+02    0.158103935471630148E+02   -0.638861660960846393E+03   -0.831703421579842050E+01    1
    0.294149684906005859E+01    0.121552944183349609E+00    0.144034940004348755E+01    0.737064601597436564E+01    0.784891227385317425E+01    0.149963724613189686E+00    0.877543701723748981E+01    0.583354824781417869E+00    0.228436548894643776E+01    0.153740638344364058E+02    0.153750749414815182E+02    0.153738803849652577E+02   -0.638851126741914300E+03   -0.831736754913169740E+01    1
    0.237013816833496094E+00    0.317419290542602539E+01    0.727007615566253662E+01    0.421031423529557358E+01    0.746898933063091430E+01    0.349130439758300770E+00    0.421969325834771425E+01    0.761955559253692627E+00    0.275366895526647593E+01    0.155238699840557430E+02    0.152188067787017616E+02    0.154446995553187474E+02   -0.638679676980109775E+03   -0.831770088246512707E+01    1
    0.282400417327880859E+01    0.153462791442871094E+01    0.514221519231796265E+00    0.322595659713124139E+01    0.692989708135303939E+01    0.303780007362365712E+00    0.204854609472240625E+02    0.767781692743301436E+00    0.299776199138164534E+01    0.157403495799846791E+02    0.157412637344386397E+02    0.157412318095727155E+02   -0.638582180022450757E+03   -0.831803421579849989E+01    1
    0.574288129806518555E+01    0.648227167129516602E+01    0.763232234120368958E+01    0.305467050877272861E+01    0.395714914043457844E+01    0.153393554687499989E+00    0.793418720127953936E+01    0.269929796457290649E+00    0.282916167867183699E+01    0.153312100893125596E+02    0.153293089559850237E+02    0.153319872666317885E+02   -0.638520961820585057E+03   -0.831836754913184073E+01    1
    0.397391271591186523E+01    0.740166568756103516E+01    0.183786976337432861E+01    0.577511024361677094E+01    0.636255619995131294E+01    0.502630865573883034E+00    0.493430432702871613E+01    0.528673648834228516E+00    0.222917755591869327E+01    0.153258780055934043E+02    0.153163093854588919E+02    0.152173993406638015E+02   -0.638456603834935663E+03   -0.831870088246519224E+01    1
    0.673328685760498047E+01    0.201309204101562500E+00    0.423190984129905701E+01    0.241531677096140385E+01    0.527097608663710737E+01    0.339332902431488059E+00    0.227471558908302773E+01    0.516205936670303345E+00    0.295918964028358467E+01    0.152285714869955981E+02    0.150395480701655213E+02    0.149810108108674136E+02   -0.638404007219562459E+03   -0.831903421579838209E+01    1
    0.298037862777709961E+01    0.273139858245849609E+01    0.156724739074707031E+01    0.646895665628513949E+01    0.686484295009262446E+01    0.115993583202362069E+00    0.715026680000821990E+01    0.565797513723373391E+00    0.265360180121660250E+01    0.152876833970340638E+02    0.152858165016853391E+02    0.152879483064261112E+02   -0.638302642516906303E+03   -0.831936754913170162E+01    1
    0.105461549758911133E+01    0.261706972122192383E+01    0.537948894500732422E+01    0.365559803602848454E+01    0.640893138869440548E+01    0.466372334957122825E+00    0.333392220792802574E+01    0.539343690872192361E+00    0.262796862649917617E+01    0.152848479217538600E+02    0.151676138943233223E+02    0.150515701997322164E+02   -0.638151831787975652E+03   -0.831970088246500161E+01    1
    0.266046047210693359E+01    0.486575078964233398E+01    0.421824085712432861E+01    0.429771212434947358E+01    0.759152878307930656E+01    0.338081312179565385E+00    0.698238784710381033E+01    0.754331219196319624E+00    0.263783075517415977E+01    0.153707013620800481E+02    0.153553119507847704E+02    0.153668182841935685E+02   -0.638127321927129856E+03   -0.832003421579837266E+01    1
    0.282655668258666992E+01    0.402541685104370117E+01    0.319440770149230957E+01    0.484567744605293349E+01    0.594440224325447808E+01    0.132195770740509033E+00    0.149323463289183795E+02    0.309332734346389748E+00    0.262091195201873761E+01    0.156031227615694608E+02    0.156040887167961468E+02    0.156050599494981714E+02   -0.637993342492232387E+03   -0.832036754913169041E+01    1
    0.306360292434692383E+01    0.204852294921875000E+01    0.107061359286308289E+01    0.220500090636423618E+01    0.786882242058126469E+01    0.396846902370452836E+00    0.968517003816125488E+01    0.728365933895111062E+00    0.281214945989847198E+01    0.154166172053409980E+02    0.154186761844284579E+02    0.154160965149345586E+02   -0.637843326945887725E+03   -0.832070088246506856E+01    1
    0.300467729568481445E+01    0.581180000305175781E+01    0.226443979144096375E+01    0.347188723852727321E+01    0.735642561260020145E+01    0.497265446186065718E+00    0.119437239797819448E+02    0.285457319021224953E+00    0.301322166889905940E+01    0.155075287115889164E+02    0.155081463758818234E+02    0.155078754611574787E+02   -0.637773090478561699E+03   -0.832103421579840763E+01    1
    0.291772174835205078E+01    0.788578987121582031E+00    0.102167266607284546E+01    0.377775792515766096E+01    0.411751741217312528E+01    0.237814939022064215E+00    0.645141192770054328E+01    0.883485484123230025E+00    0.277121479684114469E+01    0.152477656795883867E+02    0.152498030646518252E+02    0.152584652876352038E+02   -0.637713640540675101E+03   -0.832136754913162058E+01    1
    0.360969352722167969E+01    0.614830732345581055E+01    0.545495334267616272E+01    0.220679437354553931E+01    0.506215427379217608E+01    0.169755637645721436E+00    0.605416835272211440E+01    0.460639202594757102E+00    0.233584154278039913E+01    0.152134950408589535E+02    0.152125027987864652E+02    0.152160134846744786E+02   -0.637643678946676573E+03   -0.832170088246508577E+01    1
    0.573997592926025391E+01    0.391508340835571289E+01    0.538101333379745483E+01    0.530424170520631755E+01    0.565546229998116790E+01    0.169500148296356207E+00    0.400438774876722103E+01    0.536494648456573464E+00    0.303116192072629920E+01    0.150350242846791389E+02    0.150384647177374529E+02    0.150339996133676905E+02   -0.637534694993952598E+03   -0.832203421579851366E+01    1
    0.544627237319946289E+01    0.656334877014160156E+01    0.128954041004180908E+01    0.317014765933125986E+01    0.629108493607690811E+01    0.206840717792511009E+00    0.311940867082477213E+01    0.682839190959930398E+00    0.231374171513318982E+01    0.153800907546902401E+02    0.153001348397266916E+02    0.153060543254009431E+02   -0.637279511108372162E+03   -0.832236754913185095E+01    1
    0.170744609832763672E+01    0.612665891647338867E+01    0.242823648452758789E+01    0.300728157652297856E+01    0.675797244390968022E+01    0.462347769737243675E+00    0.287112499942718706E+02    0.164586627483367942E+00    0.231515428477525687E+01    0.158866820464331990E+02    0.158871336794715106E+02    0.158871784026448584E+02   -0.637258435451098535E+03   -0.832270088246506035E+01    1
    0.307816362380981445E+01    0.208941698074340820E+01    0.124023738503456116E+01    0.237472100567667876E+01    0.649095229924985162E+01    0.520369994640350386E+00    0.134809767132508291E+02    0.452587586641311712E+00    0.270608685505390145E+01    0.155584829874220496E+02    0.155609385049099487E+02    0.155609926912127392E+02   -0.637121263619608726E+03   -0.832303421579834435E+01    1
    0.609599685668945312E+01    0.511404514312744141E+00    0.132488656044006348E+01    0.320972021704394272E+01    0.816267162044283978E+01    0.151139211654663097E+00    0.316008958591574451E+01    0.678680801391601585E+00    0.275759033644199381E+01    0.149451159103458320E+02    0.149589198223966768E+02    0.150341460871034887E+02   -0.637104240250451880E+03   -0.832336754913168697E+01    1
    0.486512947082519531E+01    0.532201766967773438E+00    0.779727104306221008E+01    0.298740085256758103E+01    0.811675996265160116E+01    0.205197632312774658E+00    0.263279934752848952E+02    0.100118553638458258E+00    0.237359142148494717E+01    0.158497222235254416E+02    0.158498029697546094E+02    0.158487759715764511E+02   -0.636832099294179784E+03   -0.832370088246508644E+01    1
    0.336069440841674805E+01    0.350955438613891602E+01    0.240392225980758667E+01    0.510782723115127268E+01    0.823684670871985247E+01    0.421967792510986373E+00    0.102968054725308011E+02    0.332093530893325828E+00    0.285300492715835574E+01    0.154437429942647118E+02    0.154414952706734887E+02    0.154432424209238643E+02   -0.636773371055202347E+03   -0.832403421579855696E+01    1
    0.248574876785278320E+01    0.327819681167602539E+01    0.649646136164665222E+01    0.476826965737968145E+01    0.541105588146498562E+01    0.512471997737884544E+00    0.101812116460011186E+02    0.616833782196044900E+00    0.272908065903186792E+01    0.154388964598270153E+02    0.154380842242882093E+02    0.154395785721401513E+02   -0.636669983910016526E+03   -0.832436754913188892E+01    1
    0.560754489898681641E+01    0.211985301971435547E+01    0.787236082553863525E+01    0.217143930698178922E+01    0.426718684046932140E+01    0.387824738025665305E+00    0.194925003711989291E+02    0.111692553758621221E+00    0.277531324261426926E+01    0.157184102435308173E+02    0.157197662173904433E+02    0.157194777793765290E+02   -0.636483282145195062E+03   -0.832470088246511786E+01    1
    0.347389268875122070E+01    0.560213899612426758E+01    0.520473766326904297E+01    0.480996201020097747E+01    0.641541706268834666E+01    0.105731952190399173E+00    0.701552474404231940E+01    0.512471872568130538E+00    0.232581049680709828E+01    0.152797823405738598E+02    0.152769646527239296E+02    0.152747691169558806E+02   -0.636421485132990483E+03   -0.832503421579829350E+01    1
    0.245124197006225586E+01    0.489515018463134766E+01    0.298426154255867004E+01    0.400896847255147826E+01    0.735957386240010258E+01    0.443458151817321733E+00    0.694734039661508795E+01    0.756076049804687456E+00    0.267354603564739213E+01    0.154020307208211022E+02    0.153718324207028321E+02    0.153416564842364771E+02   -0.636264024178489422E+03   -0.832536754913170185E+01    1
    0.765713739395141602E+01    0.678735685348510742E+01    0.551539379358291626E+01    0.400349547918669302E+01    0.463254179051289405E+01    0.258990657329559337E+00    0.237067661002464902E+01    0.189595437049865728E+00    0.276914011996984488E+01    0.152498285769262463E+02    0.150685726698093969E+02    0.152115308054300638E+02   -0.636198461063135369E+03   -0.832570088246519013E+01    1
    0.407113265991210938E+01    0.381849956512451172E+01    0.651488187909126282E+01    0.396133546404825232E+01    0.464474585163530129E+01    0.298050093650817860E+00    0.329681904451320751E+01    0.645186179876327537E+00    0.222851909220218625E+01    0.152960166561286020E+02    0.153519952926999235E+02    0.151899397708691790E+02   -0.635832099373396431E+03   -0.832603421579838177E+01    1
    0.324713850021362305E+01    0.117827558517456055E+01    0.661439540982246399E+01    0.605609391643779027E+01    0.748476438696285662E+01    0.388244843482971169E+00    0.303152534221165215E+01    0.765937298536300659E+00    0.230995711749792099E+01    0.153005334058499400E+02    0.151926345507445841E+02    0.150203490698827302E+02   -0.635806499025834910E+03   -0.832636754913160360E+01    1
    0.247579193115234375E+01    0.716386842727661133E+01    0.317224326729774475E+01    0.465279736286748946E+01    0.726281866314934810E+01    0.463335573673248291E+00    0.123104243143174052E+02    0.454608792066574119E+00    0.305521942800283419E+01    0.155188341374887884E+02    0.155204125514496472E+02    0.155192105397994524E+02   -0.635742616780019603E+03   -0.832670088246496576E+01    1
    0.327608728408813477E+01    0.115880346298217773E+01    0.543835985660552979E+01    0.355858795667956063E+01    0.710120633159188230E+01    0.108275187015533458E+00    0.212036220165240650E+02    0.154765933752059937E+00    0.278203279095888156E+01    0.157560139578217164E+02    0.157559049203104014E+02    0.157561428682738001E+02   -0.635612793791702416E+03   -0.832703421579836167E+01    1
    0.262970209121704102E+01    0.322821140289306641E+01    0.142613905668258667E+01    0.317663712743470406E+01    0.741884453983811554E+01    0.503753495216369584E+00    0.221128469796322413E+02    0.256643742322921753E+00    0.235904358363151534E+01    0.157736622134783726E+02    0.157743499448459570E+02    0.157735339946663320E+02   -0.635588660037628074E+03   -0.832736754913169364E+01    1
    0.254020118713378906E+01    0.317243289947509766E+01    0.313423010706901550E+01    0.701803974090130467E+01    0.722567871603972023E+01    0.413512861728668191E+00    0.152533513458048233E+02    0.480198943614959739E+00    0.260921410018205613E+01    0.156126644526459231E+02    0.156126940931729958E+02    0.156136303157358185E+02   -0.635503787068808151E+03   -0.832770088246511087E+01    1
    0.228857517242431641E+01    0.302352809906005859E+01    0.182047921419143677E+01    0.357123013921063670E+01    0.433257934318912774E+01    0.411683559417724609E+00    0.274418056358220284E+02    0.297087806463241622E+00    0.295551505649089830E+01    0.158677304820398160E+02    0.158670518136486205E+02    0.158678765799814645E+02   -0.635499820426466158E+03   -0.832803421579854053E+01    1
    0.241858816146850586E+01    0.379172992706298828E+01    0.112174052000045776E+01    0.569952648788326233E+01    0.688824703814917605E+01    0.204465889930725120E+00    0.196366286885729728E+02    0.373795551061630316E+00    0.285419296532869327E+01    0.157218554507699082E+02    0.157232499529163423E+02    0.157222223547002820E+02   -0.635424008041238380E+03   -0.832836754913169663E+01    1
    0.331738805770874023E+01    0.100710248947143555E+01    0.402082490921020508E+01    0.339608126221515283E+01    0.742704179798550612E+01    0.528481781482696533E+00    0.533438918332036760E+01    0.585188168287277266E+00    0.287985746413469323E+01    0.151619374721419149E+02    0.151605601613860976E+02    0.151610416336118092E+02   -0.635382180050762031E+03   -0.832870088246499130E+01    1
    0.418395853042602539E+01    0.721421718597412109E+01    0.995381206274032593E+00    0.520681128218155020E+01    0.629216509375597877E+01    0.288236176967620827E+00    0.348711871690129627E+01    0.600405466556549028E+00    0.236727807420492153E+01    0.152726412853334406E+02    0.151523528900604205E+02    0.152183167443552865E+02   -0.635328149609506909E+03   -0.832903421579839254E+01    1
    0.604498863220214844E+01    0.742466449737548828E+00    0.748789611458778381E+01    0.359663857677230547E+01    0.421962731951718073E+01    0.284728384017944314E+00    0.602368915318027121E+01    0.370495361089706488E+00    0.236012520086765276E+01    0.152089119121205432E+02    0.152115303957301702E+02    0.152133175607313724E+02   -0.635040071484073792E+03   -0.832936754913164812E+01    1
    0.245792913436889648E+01    0.999470233917236328E+00    0.613145875930786133E+01    0.559573653485731448E+01    0.597874248127818131E+01    0.449426960945129350E+00    0.192258639446704649E+02    0.300161617994308516E+00    0.292517947316169735E+01    0.157137474426747019E+02    0.157139453813607677E+02    0.157141308004215929E+02   -0.635005110435988058E+03   -0.832970088246498008E+01    1
    0.338833379745483398E+01    0.125027656555175781E+01    0.100567954778671265E+01    0.280740660581438384E+01    0.335269556208669961E+01    0.406255662441253662E+00    0.350057618555022216E+02    0.454814034700393721E+00    0.277975868237018586E+01    0.159730365652683872E+02    0.159724136216745158E+02    0.159734082139938973E+02   -0.635002937611898119E+03   -0.833003421579839021E+01    1
    0.275100326538085938E+01    0.269693660736083984E+01    0.392166900634765625E+01    0.421816246448549759E+01    0.449746000701696769E+01    0.100868642330169678E+00    0.324798520945637677E+02    0.175637435913085949E+00    0.235579149550199496E+01    0.159410307759746086E+02    0.159402784178001546E+02    0.159402450383398957E+02   -0.634869246186386363E+03   -0.833036754913166533E+01    1
    0.527357721328735352E+01    0.512006902694702148E+01    0.521758812665939331E+01    0.684173229492356860E+01    0.821486040955711161E+01    0.476604068279266380E+00    0.611375841121844044E+01    0.362238931655883833E+00    0.291274446785450003E+01    0.152196899083174042E+02    0.152161652091409074E+02    0.152184118940320605E+02   -0.634678079759576121E+03   -0.833070088246506302E+01    1
    0.278411912918090820E+01    0.209761905670166016E+01    0.429428282380104065E+01    0.598977495346876943E+01    0.625649792774115454E+01    0.149058604240417475E+00    0.112933779553793556E+02    0.401887774467468262E+00    0.298383183014392861E+01    0.154840362577409820E+02    0.154833815249812314E+02    0.154837671181887391E+02   -0.634208119542694362E+03   -0.833103421579839498E+01    1
    0.448516225814819336E+01    0.314966392517089844E+01    0.535688060522079468E+01    0.429461512957566782E+01    0.819841154992205290E+01    0.447786200046539351E+00    0.770253845373208001E+01    0.332877433300018288E+00    0.260563166689872716E+01    0.153180622690733497E+02    0.153177745985897413E+02    0.153172426163458599E+02   -0.634193363392235597E+03   -0.833136754913171451E+01    1
    0.250970125198364258E+01    0.534813880920410156E+01    0.501214209198951721E+01    0.502028680359837320E+01    0.554004398432491740E+01    0.475010693073272705E+00    0.695747593656638852E+01    0.784688943624496482E+00    0.303927966707944863E+01    0.155414939619291772E+02    0.152987502992363265E+02    0.153735212771074679E+02   -0.634190864713512724E+03   -0.833170088246508378E+01    1
    0.235597801208496094E+01    0.755331754684448242E+01    0.454977351427078247E+01    0.330851821353526532E+01    0.635201221394132354E+01    0.458492541313171409E+00    0.170071114230986353E+02    0.257306462526321389E+00    0.240662532961368569E+01    0.156600365618850237E+02    0.156610197361239951E+02    0.156609405477853993E+02   -0.634130190532519919E+03   -0.833203421579835180E+01    1
    0.258477401733398438E+01    0.482481956481933594E+01    0.165733250975608826E+01    0.389628160460143480E+01    0.600396827243963038E+01    0.193911576271057151E+00    0.722450087789500994E+01    0.676391160488128640E+00    0.295990680503845205E+01    0.152879614209069157E+02    0.152966073042055104E+02    0.153102728576764200E+02   -0.634030437438691251E+03   -0.833236754913184008E+01    1
    0.199527502059936523E+01    0.692030525207519531E+01    0.992612719535827637E+00    0.347436254807295075E+01    0.406239127407523526E+01    0.482540047168731667E+00    0.351658961287639755E+02    0.328237318992614768E+00    0.292646381139755274E+01    0.159754525541681218E+02    0.159744947517761329E+02    0.159753443259966108E+02   -0.633978439648375684E+03   -0.833270088246518803E+01    1
    0.825352191925048828E+00    0.186884737014770508E+01    0.513129788637161255E+01    0.239905296926243361E+01    0.466287007809584697E+01    0.309543287754058816E+00    0.304619711265926973E+01    0.407219094038009710E+00    0.255523854601383205E+01    0.154588524912769820E+02    0.153294773398200324E+02    0.151699395843378380E+02   -0.633899746950804683E+03   -0.833303421579851111E+01    1
    0.176583242416381836E+01    0.420351743698120117E+01    0.526711422204971313E+01    0.716608010980326959E+01    0.762176688791952284E+01    0.331188929080963090E+00    0.151505174646095631E+01    0.963369232416152910E+00    0.276594926309585576E+01    0.148299992941930245E+02    0.148831554766759808E+02    0.146905382783863434E+02   -0.633713392778688672E+03   -0.833336754913193722E+01    1
    0.230848360061645508E+01    0.711701726913452148E+01    0.538524451851844788E+01    0.327161832679823217E+01    0.479472360963034117E+01    0.397356235980987571E+00    0.775621540235791240E+01    0.562296158075332619E+00    0.231895887112617460E+01    0.153221286951943139E+02    0.153227556092923187E+02    0.153205318892154594E+02   -0.633647623316408954E+03   -0.833370088246514307E+01    1
    0.253120803833007812E+01    0.277180814743041992E+01    0.636365222930908203E+01    0.253593845258861794E+01    0.687905567115819672E+01    0.247082078456878657E+00    0.268601178615149934E+02    0.204303169250488303E+00    0.265702422356605528E+01    0.158575470492037418E+02    0.158583086583289159E+02    0.158580616683256483E+02   -0.633327922982294353E+03   -0.833403421579827963E+01    1
    0.293086528778076172E+00    0.257723045349121094E+01    0.590849566459655762E+01    0.398545975972956379E+01    0.633104426549240173E+01    0.296569764614105225E+00    0.231317855429838914E+01    0.723798722028732300E+00    0.250318676656484573E+01    0.151862320507527500E+02    0.151279465070073531E+02    0.149106599657956860E+02   -0.633232359582884101E+03   -0.833436754913174482E+01    1
    0.322203493118286133E+01    0.442196989059448242E+01    0.654833930730819702E+01    0.822490107384851399E+01    0.829118929094576629E+01    0.333790993690490700E+00    0.798311871913204829E+01    0.435380840301513694E+00    0.270631877475976923E+01    0.153334663955697739E+02    0.153341458286459531E+02    0.153316582847303948E+02   -0.633196218253991219E+03   -0.833470088246525087E+01    1
    0.387328386306762695E+01    0.733319616317749023E+01    0.944282442331314087E+00    0.440484784866016810E+01    0.812546335118699226E+01    0.315649962425231911E+00    0.274832793865239644E+01    0.833072400093078591E+00    0.278928773325681689E+01    0.152838368234029307E+02    0.152388092434311933E+02    0.149062207380034781E+02   -0.633011056961923373E+03   -0.833503421579852422E+01    1
    0.209736299514770508E+01    0.772664117813110352E+01    0.415882635116577148E+01    0.348609028829317502E+01    0.555086799821255106E+01    0.297372889518737804E+00    0.152812889847057454E+01    0.566871523857116699E+00    0.238017008733749380E+01    0.149944094281831202E+02    0.149679649754025377E+02    0.147529157397141173E+02   -0.632973173746422276E+03   -0.833536754913176914E+01    1
    0.270664834976196289E+01    0.593030643463134766E+01    0.352638113498687744E+01    0.625949784030832301E+01    0.638526386154527525E+01    0.201518964767456066E+00    0.246615424931907832E+02    0.204673957824707042E+00    0.266696838188171359E+01    0.158203216090099694E+02    0.158203170974546996E+02    0.158204586535213370E+02   -0.632953591062309556E+03   -0.833570088246496610E+01    1
    0.121448802947998047E+01    0.563149499893188477E+01    0.577717006206512451E+00    0.219503678348150322E+01    0.300708468633845261E+01    0.316865253448486317E+00    0.111971949259805026E+02    0.553751713037490823E+00    0.292485403662919996E+01    0.154785856283716434E+02    0.154790890996727750E+02    0.154792683054238562E+02   -0.632729045067363586E+03   -0.833603421579834070E+01    1
    0.203880691528320312E+01    0.652989864349365234E+00    0.105589899420738220E+01    0.782621959602668582E+01    0.817437700791308863E+01    0.365103209018707298E+00    0.374889230433771026E+01    0.341356593370437666E+00    0.279179477363824846E+01    0.153011981534563191E+02    0.152040745569263702E+02    0.152657493422934962E+02   -0.632561367459619987E+03   -0.833636754913167088E+01    1
    0.279022073745727539E+01    0.442465496063232422E+01    0.679028126597404480E+01    0.785914045854051491E+01    0.813839309488970386E+01    0.246693086624145519E+00    0.359998653573977956E+01    0.967805981636047363E+00    0.273546105706691733E+01    0.153342629526376673E+02    0.150569575081504521E+02    0.153303605800028873E+02   -0.632512805881139911E+03   -0.833670088246497443E+01    1
    0.257001686096191406E+01    0.578472137451171875E+00    0.175069350004196167E+01    0.584118068300668014E+01    0.725396897342129332E+01    0.435055398941040061E+00    0.286029995244044635E+02    0.306338262557983410E+00    0.258990267306566224E+01    0.158851738279335386E+02    0.158847784709552400E+02    0.158854687764348306E+02   -0.632508206366802597E+03   -0.833703421579851600E+01    1
    0.277799892425537109E+01    0.376745176315307617E+01    0.344415801763534546E+01    0.246392286858362963E+01    0.786020227088717327E+01    0.414803647994995139E+00    0.300555709743164492E+02    0.150482177734375000E+00    0.228332071167230577E+01    0.159067322709402479E+02    0.159071580805919535E+02    0.159061957888149426E+02   -0.632432230541325566E+03   -0.833736754913187816E+01    1
    0.656033182144165039E+01    0.294550704956054688E+01    0.746243882179260254E+01    0.498713998231834577E+01    0.751192760634257439E+01    0.306780540943145774E+00    0.228850999918524023E+01    0.714084029197692871E+00    0.301733635866641992E+01    0.150593017730153012E+02    0.149209747962724375E+02    0.148644986044845844E+02   -0.632411278518953168E+03   -0.833770088246511420E+01    1
    0.287461948394775391E+01    0.882438659667968750E+00    0.413189250230789185E+01    0.406270444211165227E+01    0.694924348808721604E+01    0.578781390190124534E+00    0.973824073292310821E+01    0.918090862035751298E+00    0.266523518311977359E+01    0.154183737059209509E+02    0.154210369380524792E+02    0.154176735208010989E+02   -0.632324657879915549E+03   -0.833803421579852611E+01    1
    0.696179437637329102E+01    0.645650672912597656E+01    0.485371428728103638E+01    0.267991459345254235E+01    0.774906084500645154E+01    0.459888184070587180E+00    0.198358770095448556E+02    0.111295425891876229E+00    0.222662016421556475E+01    0.157264088127602157E+02    0.157265522667498239E+02    0.157274767429603362E+02   -0.632281573200819707E+03   -0.833836754913196465E+01    1
    0.333340120315551758E+01    0.616914892196655273E+01    0.151654827594757080E+01    0.642699778366423669E+01    0.816380456138657884E+01    0.354027116298675559E+00    0.679854776694247764E+01    0.580281120538711614E+00    0.226224005550146101E+01    0.152667820837663957E+02    0.152659533089909303E+02    0.152621615923781668E+02   -0.632257760174519717E+03   -0.833870088246529129E+01    1
    0.325001001358032227E+01    0.780066967010498047E+00    0.728600490093231201E+01    0.594563702931957039E+01    0.609712697614662247E+01    0.335672938823699973E+00    0.662520825986885420E+01    0.630375182628631570E+00    0.246215585404634485E+01    0.152527330313705907E+02    0.152545418921015656E+02    0.152539676897124217E+02   -0.632161998911173782E+03   -0.833903421579861082E+01    1
    0.510091924667358398E+01    0.948526859283447266E+00    0.105655121803283691E+01    0.219908349095150157E+01    0.376516245027419938E+01    0.329882693290710405E+00    0.261988101695365962E+02    0.581311839818954512E+00    0.280479548490047481E+01    0.158475215771649456E+02    0.158477385511951478E+02    0.158470896838373285E+02   -0.631839823647766138E+03   -0.833936754913180955E+01    1
    0.358866119384765625E+01    0.495460510253906250E+00    0.367189097404479980E+01    0.254869767150234594E+01    0.497978783668675273E+01    0.543435740470886275E+00    0.216963441709889793E+02    0.399291235208511397E+00    0.304416359347105026E+01    0.157647446398793765E+02    0.157651027751365866E+02    0.157653612365398175E+02   -0.631782690029388391E+03   -0.833970088246502073E+01    1
    0.393675613403320312E+01    0.243538379669189453E+00    0.308138388395309448E+01    0.434707874363267344E+01    0.577888274879510000E+01    0.224951708316802973E+00    0.289913542223068141E+02    0.104781949520111092E+00    0.260038986659049964E+01    0.158916687015063438E+02    0.158911054932233871E+02    0.158915632229906869E+02   -0.631648764403063296E+03   -0.834003421579838466E+01    1
    0.143785142898559570E+01    0.133756208419799805E+01    0.279461908340454102E+01    0.530039839975952631E+01    0.622789502679520890E+01    0.297258770465850808E+00    0.328779568154476909E+01    0.832986730337142989E+00    0.273013267272710802E+01    0.154480101633911300E+02    0.152313848358932233E+02    0.150828698842873070E+02   -0.631583115368466338E+03   -0.834036754913182854E+01    1
    0.666517829895019531E+01    0.230142736434936523E+01    0.426065239310264587E+01    0.357755665807043188E+01    0.569497115075392468E+01    0.237593853473663325E+00    0.290446179029057650E+01    0.682872503995895386E+00    0.244062583130598076E+01    0.150626678054127172E+02    0.150043144045913621E+02    0.150269768562960913E+02   -0.631412877744236766E+03   -0.834070088246528307E+01    1
    0.309069013595581055E+01    0.732776641845703125E+00    0.362316820025444031E+01    0.372529465205418742E+01    0.652194696633618065E+01    0.416950631141662642E+00    0.363143915697871478E+01    0.864115321636199973E+00    0.227194885301589933E+01    0.154045764821856146E+02    0.151878319221638520E+02    0.151160208574806276E+02   -0.631255466289577726E+03   -0.834103421579846938E+01    1
    0.707545566558837891E+01    0.503374767303466797E+01    0.635214242339134216E+01    0.426093419988239397E+01    0.472076425667370092E+01    0.285920035839080822E+00    0.223833395315421235E+01    0.110412335395812994E+00    0.281205902993679047E+01    0.153269468215298907E+02    0.151875091858223339E+02    0.150300893226553551E+02   -0.631184332613459674E+03   -0.834136754913157397E+01    1
    0.379913759231567383E+01    0.453280925750732422E+01    0.529561805725097656E+01    0.564022734126554504E+01    0.666028244372263423E+01    0.350684404373168945E+00    0.153490348561749048E+02    0.179182726144790638E+00    0.284150903725624104E+01    0.156153004183716995E+02    0.156145065005409016E+02    0.156149963493584192E+02   -0.631122377285689481E+03   -0.834170088246503916E+01    1
    0.220080614089965820E+01    0.195473051071166992E+01    0.334979119896888733E+01    0.273430687101618197E+01    0.306305871328837709E+01    0.225996088981628429E+00    0.243934523382067923E+02    0.245622706413269054E+00    0.283987897014617907E+01    0.158155269812718711E+02    0.158165896846340281E+02    0.158168171219951983E+02   -0.630878663010409127E+03   -0.834203421579838533E+01    1
    0.193789958953857422E+01    0.904446125030517578E+00    0.260474506020545959E+01    0.400748596801618540E+01    0.742516533081379659E+01    0.247906553745269764E+00    0.203621659981195346E+01    0.360754972696304299E+00    0.303354781430959708E+01    0.153081774575260052E+02    0.152222498087526112E+02    0.150562038105081069E+02   -0.630843301054440758E+03   -0.834236754913160539E+01    1
    0.292280101776123047E+01    0.447367048263549805E+01    0.226998570561408997E+01    0.264177358271975571E+01    0.328823002225540506E+01    0.331695508956909135E+00    0.138807755201841250E+02    0.288513052463531539E+00    0.235929012799262994E+01    0.155710361823288235E+02    0.155712465430435927E+02    0.155708052747560046E+02   -0.630706767844985166E+03   -0.834270088246494446E+01    1
    0.274774312973022461E+01    0.103096485137939453E+00    0.113557490706443787E+01    0.732185957192592873E+01    0.743162513935868407E+01    0.139474928379058838E+00    0.131630264473480239E+02    0.436459302902221680E+00    0.262654922527074808E+01    0.155495859961685454E+02    0.155503490590875977E+02    0.155500202286909026E+02   -0.630633032090688175E+03   -0.834303421579842563E+01    1
    0.139747476577758789E+01    0.463584327697753906E+01    0.374866652488708496E+01    0.366252295886630641E+01    0.655142720030734971E+01    0.300238776206970204E+00    0.357359528038638263E+01    0.346952646970748901E+00    0.291149615991115596E+01    0.155473252061060485E+02    0.152200659934822742E+02    0.152077612408395950E+02   -0.630606552560007572E+03   -0.834336754913184819E+01    1
    0.775452709197998047E+01    0.320777559280395508E+01    0.740976694226264954E+01    0.374272378186619070E+01    0.805680886784169914E+01    0.169031155109405529E+00    0.146361763734880093E+02    0.134100961685180681E+00    0.267496098369359947E+01    0.155946978718355780E+02    0.155938321985223123E+02    0.155941853878780297E+02   -0.630591866427204309E+03   -0.834370088246502561E+01    1
    0.306356525421142578E+01    0.215040683746337891E+00    0.588104817271232605E+01    0.387352842719882240E+01    0.532182558115009208E+01    0.224286699295043940E+00    0.320833812797922349E+02    0.129393041133880615E+00    0.274885734248161295E+01    0.159353232558410198E+02    0.159346902995316508E+02    0.159355276206690704E+02   -0.630571507625386289E+03   -0.834403421579825277E+01    1
    0.380000877380371094E+01    0.488194847106933594E+01    0.538686904311180115E+01    0.295071665893524981E+01    0.464658184999289503E+01    0.331832730770111106E+00    0.534715040021777188E+01    0.596906095743179321E+00    0.231943374228477461E+01    0.151571417857759556E+02    0.151599748409708983E+02    0.151594301613113949E+02   -0.630471063072573315E+03   -0.834436754913159717E+01    1
    0.303439188003540039E+01    0.199775218963623047E+00    0.353235530853271484E+01    0.413003939287007071E+01    0.818427035642549683E+01    0.182629776000976574E+00    0.210633617695779378E+02    0.645487821102142312E+00    0.274941120702028297E+01    0.157532671265323376E+02    0.157533447674849469E+02    0.157536573700589617E+02   -0.630340962267665191E+03   -0.834470088246514585E+01    1
    0.333933973312377930E+01    0.285555934906005859E+01    0.216163563728332520E+01    0.205461346190825322E+01    0.218217263911907811E+01    0.253238821029663108E+00    0.604877397415072959E+01    0.820277351140975997E+00    0.304376756387949010E+01    0.152859111179919296E+02    0.152327437126291034E+02    0.152738140970502485E+02   -0.630313594027508429E+03   -0.834503421579852578E+01    1
    0.137581300735473633E+01    0.490490293502807617E+01    0.166523697972297668E+01    0.304283801550459376E+01    0.457779079115346654E+01    0.492210018634796187E+00    0.196201573688037598E+02    0.290124255418777510E+00    0.302580671608448037E+01    0.157221153818305925E+02    0.157229395284828595E+02    0.157213742193268011E+02   -0.630126221126356427E+03   -0.834536754913184886E+01    1
    0.280698060989379883E+01    0.248457193374633789E+01    0.424584659934043884E+01    0.322612258032873189E+01    0.578428075442314515E+01    0.304202938079834007E+00    0.354927694268901277E+02    0.128185939788818370E+00    0.301984208333492266E+01    0.159789559761216964E+02    0.159790130870655300E+02    0.159790865269163351E+02   -0.630075135212228474E+03   -0.834570088246523056E+01    1
    0.266934490203857422E+01    0.350644636154174805E+01    0.199338960647583008E+01    0.244906468945082567E+01    0.592577877110031537E+01    0.412718355655670166E+00    0.331325505547343226E+02    0.117331469058990487E+00    0.276567038255929942E+01    0.159494624914685907E+02    0.159485770578183246E+02    0.159489128628096601E+02   -0.630056891988899565E+03   -0.834603421579857496E+01    1
    0.282872295379638672E+01    0.456353664398193359E+01    0.373662430047988892E+01    0.580969826787154808E+01    0.715274759132077342E+01    0.491549408435821511E+00    0.233488897387522591E+02    0.193419891595840443E+00    0.268513559418916703E+01    0.157981478655914103E+02    0.157968393625267503E+02    0.157975558179692630E+02   -0.629998226296257144E+03   -0.834636754913179324E+01    1
    0.328268527984619141E+01    0.212314844131469727E+01    0.505381155014038086E+01    0.256927755905685196E+01    0.371819524807650925E+01    0.312828814983367898E+00    0.691096516477638545E+01    0.635682147741317705E+00    0.252908940941095350E+01    0.152718318534591990E+02    0.152687590426438788E+02    0.152707585525802632E+02   -0.629914990981699361E+03   -0.834670088246504172E+01    1
    0.347830629348754883E+01    0.240534210205078125E+01    0.630888420343399048E+01    0.341806822945449396E+01    0.588983845443971710E+01    0.402328479290008589E+00    0.517540978097555637E+01    0.609505933523178056E+00    0.292691591060161604E+01    0.151503128258201425E+02    0.151488376598725694E+02    0.151427979213277961E+02   -0.629842822117239393E+03   -0.834703421579849092E+01    1
    0.205834674835205078E+01    0.273711681365966797E+01    0.267662155628204346E+01    0.290338224296268610E+01    0.605277462217122242E+01    0.313201391696929954E+00    0.367142578238812547E+02    0.191881912946701039E+00    0.299547614258527783E+01    0.159933960902979706E+02    0.159932321778584221E+02    0.159936746581792608E+02   -0.629718865361909479E+03   -0.834736754913185841E+01    1
    0.273822546005249023E+01    0.725663280487060547E+01    0.252551707625389099E+01    0.372240507753456162E+01    0.518759312098216618E+01    0.429226458072662354E+00    0.241039042119526918E+02    0.188897633552551292E+00    0.233339173591136939E+01    0.158112237735562662E+02    0.158117048276891872E+02    0.158118801931305750E+02   -0.629316378380600895E+03   -0.834770088246510333E+01    1
    0.143071889877319336E+01    0.141114616394042969E+01    0.769423979520797729E+01    0.258764180149682854E+01    0.269088682670782386E+01    0.381377422809600852E+00    0.483059649174773753E+01    0.580342704057693504E+00    0.305211530697345745E+01    0.155764417532503465E+02    0.153018762710995802E+02    0.153850582086197303E+02   -0.629296454343750497E+03   -0.834803421579843352E+01    1
    0.257733440399169922E+01    0.228808021545410156E+01    0.651245626807212830E+01    0.406905686605174743E+01    0.725592199014167072E+01    0.455597722530365012E+00    0.871600065690386216E+01    0.649426054954528764E+00    0.277356936633586892E+01    0.153698779828880863E+02    0.153719128775762410E+02    0.153706283856910577E+02   -0.629217136632141091E+03   -0.834836754913183299E+01    1
    0.304234266281127930E+01    0.182212209701538086E+01    0.252439144253730774E+01    0.241287767169851897E+01    0.368469763182654564E+01    0.168918931484222434E+00    0.288964520109304495E+02    0.201347482204437267E+00    0.279957686138153061E+01    0.158896271818628474E+02    0.158890667262582550E+02    0.158895902682695045E+02   -0.629149117993481354E+03   -0.834870088246506903E+01    1
    0.322017383575439453E+01    0.282905578613281250E+01    0.572061139345169067E+01    0.416914068928170778E+01    0.646419461106343185E+01    0.376275110244751021E+00    0.619617051217882686E+01    0.700228917598724410E+00    0.224589895153045660E+01    0.154819396350917646E+02    0.153037644208951793E+02    0.153857241694203957E+02   -0.629065495131663397E+03   -0.834903421579838501E+01    1
    0.547245121002197266E+01    0.129943132400512695E+01    0.610710412263870239E+00    0.215492607859151475E+01    0.604574215125569658E+01    0.346555840969085649E+00    0.366883169895324315E+02    0.864946323633194014E+00    0.248248210066556929E+01    0.159932430228927043E+02    0.159930930452040645E+02    0.159927731825853883E+02   -0.629013281670335914E+03   -0.834936754913180401E+01    1
    0.211251974105834961E+01    0.355187892913818359E+00    0.438402551412582397E+01    0.390942168386170241E+01    0.448825088816658280E+01    0.479404723644256570E+00    0.425130598183945985E+01    0.673178356885909990E+00    0.261847641557455058E+01    0.154101159596124422E+02    0.152394848644550827E+02    0.152500799479676576E+02   -0.628948227210439313E+03   -0.834970088246512709E+01    1
    0.120427608489990234E+01    0.523027849197387695E+01    0.625120061635971069E+01    0.228866683188755360E+01    0.634668046995291490E+01    0.461469006538391069E+00    0.201113147905845295E+02    0.206909579038620006E+00    0.236668271410465225E+01    0.157327505149267299E+02    0.157320016001867113E+02    0.157330871359657074E+02   -0.628942619679937025E+03   -0.835003421579840044E+01    1
    0.638065862655639648E+01    0.173297214508056641E+01    0.663769173622131348E+01    0.763281101164436748E+01    0.764100686770094839E+01    0.223223006725311285E+00    0.359789239827300911E+01    0.591660231351852417E+00    0.261066270011663448E+01    0.151963767567342725E+02    0.152299204474020780E+02    0.153017447068235164E+02   -0.628798562650874032E+03   -0.835036754913168444E+01    1
    0.495332288742065430E+01    0.281939268112182617E+01    0.208006384968757629E+01    0.525758514666061672E+01    0.612704124288577656E+01    0.399292790889740012E+00    0.506173504678290520E+01    0.437887901067733787E+00    0.302778919184207940E+01    0.151336901225894636E+02    0.151384316669653725E+02    0.151351372669739401E+02   -0.628749700182812376E+03   -0.835070088246505193E+01    1
    0.393796157836914062E+01    0.789492368698120117E+01    0.416587474942207336E+01    0.484569285531359029E+01    0.618432639604740686E+01    0.160125935077667231E+00    0.275564567895421986E+01    0.877223759889602661E+00    0.283058295226097112E+01    0.150856577113471317E+02    0.151874214836083468E+02    0.152184511954244801E+02   -0.628535675886415220E+03   -0.835103421579835370E+01    1
    0.497404098510742188E+01    0.894790172576904297E+00    0.631453275680541992E+00    0.219254001323122472E+01    0.526613164616761598E+01    0.319232213497161854E+00    0.269080866311539317E+02    0.189382201433181768E+00    0.268347025585174581E+01    0.158590541876102833E+02    0.158595477295515792E+02    0.158585291547545424E+02   -0.628342448767245969E+03   -0.835136754913168389E+01    1
    0.253285884857177734E+01    0.493295478820800781E+01    0.669498729705810547E+01    0.601595222244070182E+01    0.680119929050530203E+01    0.370511436462402366E+00    0.100434682064691838E+02    0.712174618244171165E+00    0.269980488246679284E+01    0.154332741701371532E+02    0.154335241923020376E+02    0.154319074858730545E+02   -0.628258353232101513E+03   -0.835170088246515441E+01    1
    0.164198875427246094E+01    0.653613567352294922E+01    0.386443424224853516E+01    0.344706489574651620E+01    0.564033538719475658E+01    0.533183443546295210E+00    0.169471947560065743E+02    0.297390145063400280E+00    0.285351046454906454E+01    0.156577751885121597E+02    0.156596562362022471E+02    0.156576088345965321E+02   -0.628207553646414681E+03   -0.835203421579841532E+01    1
    0.107266044616699219E+01    0.465405845642089844E+01    0.627763003110885620E+00    0.207205471522049933E+01    0.339749267208074501E+01    0.119379639625549316E+00    0.153332210229905677E+02    0.263217353820800803E+00    0.285227354258298860E+01    0.156153227012078180E+02    0.156146108821841629E+02    0.156145218025318648E+02   -0.627832772152051916E+03   -0.835236754913160340E+01    1
    0.295163345336914062E+01    0.477500343322753906E+01    0.213063868880271912E+01    0.350897562568178945E+01    0.358025265411016980E+01    0.267104697227478038E+00    0.818782545957644103E+01    0.716625046730041459E+00    0.246590447199344620E+01    0.153461686391821264E+02    0.153463827761041927E+02    0.153447958177856361E+02   -0.627802679715350678E+03   -0.835270088246509701E+01    1
    0.322079467773437500E+01    0.623149967193603516E+01    0.611502441763877869E+01    0.469122360685094719E+01    0.637467600810063661E+01    0.179100203514099110E+00    0.105636404258527516E+02    0.332047826051712014E+00    0.293187655317783369E+01    0.154543389518619563E+02    0.154558710642414336E+02    0.154532540238840195E+02   -0.627783445446827841E+03   -0.835303421579858707E+01    1
    0.259522342681884766E+01    0.237079334259033203E+01    0.646750360727310181E+00    0.282361483459691698E+01    0.560964789110602080E+01    0.157048761844635010E+00    0.367010696676430186E+02    0.719387722015380815E+00    0.290249577260017411E+01    0.159933667410002212E+02    0.159934438083341526E+02    0.159936334869452406E+02   -0.627593189202137751E+03   -0.835336754913177337E+01    1
    0.740148973464965820E+01    0.444878339767456055E+01    0.346973019838333130E+01    0.429509918172289318E+01    0.685528804852172691E+01    0.340490722656250022E+00    0.731605588483926716E+01    0.276143777370452925E+00    0.283419483727216726E+01    0.152957239837158063E+02    0.152953406633101565E+02    0.152982263827835610E+02   -0.627537549529784997E+03   -0.835370088246507336E+01    1
    0.415088033676147461E+01    0.218360948562622070E+01    0.224207553267478943E+01    0.558344891944950028E+01    0.627630690132013580E+01    0.362249267101287797E+00    0.615413619937742418E+01    0.448158776760101296E+00    0.254561066484451270E+01    0.152225123427230624E+02    0.152237156021161546E+02    0.152187148790277309E+02   -0.627439616717182048E+03   -0.835403421579844974E+01    1
    0.266276693344116211E+01    0.297083091735839844E+01    0.754783946275711060E+01    0.405115486962776572E+01    0.425185393234555065E+01    0.231878423690795893E+00    0.905191012617867585E+01    0.567275035381317183E+00    0.240123439830541585E+01    0.153875518188714366E+02    0.153880099546003670E+02    0.153852983724151571E+02   -0.627295843510219470E+03   -0.835436754913163959E+01    1
    0.603678798675537109E+01    0.213202476501464844E+00    0.496512520313262939E+01    0.417696620074041114E+01    0.671049914530112268E+01    0.141572344303131092E+00    0.602316615248775467E+01    0.376795816421508833E+00    0.224778942859172792E+01    0.152083443311770043E+02    0.152125810118412037E+02    0.152130043875458529E+02   -0.627273882636593271E+03   -0.835470088246509945E+01    1
    0.199719190597534180E+01    0.317677068710327148E+01    0.506754696369171143E+00    0.207956306205406438E+01    0.423475635467295142E+01    0.316022396087646484E+00    0.258917532609150669E+02    0.787245517969131448E+00    0.272548506861925111E+01    0.158424501443720960E+02    0.158427414988286301E+02    0.158418398778419967E+02   -0.627268162171754511E+03   -0.835503421579859129E+01    1
    0.268867158889770508E+01    0.364327907562255859E+00    0.619526833295822144E+00    0.526229273390609453E+01    0.782289091512297041E+01    0.463220953941345215E+00    0.369163303485927230E+02    0.790559709072113037E+00    0.263841422325372710E+01    0.159958867121965724E+02    0.159956371178036925E+02    0.159954557907402073E+02   -0.627198394412703124E+03   -0.835536754913188773E+01    1
    0.413000488281250000E+01    0.118033742904663086E+01    0.643042045831680298E+01    0.237332496885673372E+01    0.383370325881690110E+01    0.177829051017761253E+00    0.308204242646263076E+02    0.152612763643264787E+00    0.238189726418256731E+01    0.159174348071600278E+02    0.159180737723931696E+02    0.159178412155140077E+02   -0.627193118237892349E+03   -0.835570088246524811E+01    1
    0.279587459564208984E+01    0.513630771636962891E+01    0.907223254442214966E+00    0.260734238938885632E+01    0.337679710556311452E+01    0.459498512744903609E+00    0.288047731915773539E+02    0.510109329223632835E+00    0.232603189080953587E+01    0.158887626918961367E+02    0.158876912824843650E+02    0.158886453361721998E+02   -0.627170417093087394E+03   -0.835603421579847172E+01    1
    0.525607919692993164E+01    0.360924339294433594E+01    0.204592335224151611E+01    0.330437548469040898E+01    0.642694392890721389E+01    0.297409653663635254E+00    0.740069447446207995E+01    0.307810366153717041E+00    0.271653736042976401E+01    0.153013923178266005E+02    0.152981886293330529E+02    0.153027812021393501E+02   -0.627167883374428584E+03   -0.835636754913160473E+01    1
    0.174568939208984375E+01    0.501784610748291016E+01    0.228826540708541870E+01    0.530338067637229216E+01    0.657250111904497558E+01    0.520233166217803911E+00    0.358569687600220455E+01    0.813160592317581199E+00    0.302011296838521970E+01    0.152238249449046492E+02    0.151363528618760874E+02    0.150384283285234162E+02   -0.627096025062719264E+03   -0.835670088246494203E+01    1
    0.253853750228881836E+01    0.596837520599365234E+00    0.172980535030364990E+01    0.566865949820356629E+01    0.828041615892906080E+01    0.104730594158172610E+00    0.291857845328174292E+02    0.369693434238433816E+00    0.266898132145404787E+01    0.158940267710125855E+02    0.158938362083689029E+02    0.158934724462213115E+02   -0.627060440354603884E+03   -0.835703421579832018E+01    1
    0.372248601913452148E+01    0.895405769348144531E+00    0.583549022674560547E+00    0.261369150464788280E+01    0.330909533794320776E+01    0.238198423385620112E+00    0.217606561785948820E+02    0.657749217748641923E+00    0.297225719988346082E+01    0.157661650710633197E+02    0.157667544899562309E+02    0.157675981829072516E+02   -0.626938550157241025E+03   -0.835736754913158642E+01    1
    0.374228668212890625E+01    0.656044721603393555E+01    0.656961458921432495E+01    0.555571200197029746E+01    0.700777923157390070E+01    0.225421559810638439E+00    0.677152891075806096E+01    0.451536697149276800E+00    0.252711619424819922E+01    0.152638290804439549E+02    0.152651500818407850E+02    0.152626897298297965E+02   -0.626934383786531157E+03   -0.835770088246507292E+01    1
    0.714983272552490234E+01    0.145717716217041016E+01    0.554601925611495972E+01    0.577416128642219917E+01    0.608303575308188549E+01    0.396791613101959206E+00    0.118183852627978219E+02    0.173142606019973777E+00    0.252774323266744627E+01    0.155016992831245926E+02    0.155023877837699438E+02    0.155014153796267795E+02   -0.626803661715090925E+03   -0.835803421579841732E+01    1
    0.384338426589965820E+01    0.133731794357299805E+01    0.177074167132377625E+01    0.601089764613451472E+01    0.617700994970435868E+01    0.299207878112792980E+00    0.232066997259855832E+02    0.128354543447494501E+00    0.274845073658227923E+01    0.157954793737641754E+02    0.157943792658901518E+02    0.157945759643174792E+02   -0.626592735552250588E+03   -0.835836754913173863E+01    1
    0.557266473770141602E+01    0.640348768234252930E+01    0.530542287230491638E+01    0.234068449687202307E+01    0.587717214178709213E+01    0.188195502758026129E+00    0.589769081491456681E+01    0.362260442972183294E+00    0.293698799669742572E+01    0.152025777600601089E+02    0.152004398028499459E+02    0.152045294173423553E+02   -0.626583222929246062E+03   -0.835870088246517184E+01    1
    0.612680864334106445E+01    0.192637443542480469E+00    0.754468768835067749E+00    0.474526011344190835E+01    0.815415244906354530E+01    0.303196072578430176E+00    0.183572409128752057E+02    0.121800404787063610E+00    0.255893666082620630E+01    0.156935236327052756E+02    0.156940776187197066E+02    0.156940376979480369E+02   -0.626296069105707943E+03   -0.835903421579839012E+01    1
    0.362356805801391602E+01    0.128653860092163086E+01    0.114838290214538574E+01    0.287576815521445095E+01    0.300835055569602172E+01    0.511337995529174805E+00    0.118407056515364051E+02    0.378668534755706832E+00    0.238526665318012210E+01    0.155042233952132573E+02    0.155041864485998193E+02    0.155021097723878931E+02   -0.626294781257374666E+03   -0.835936754913178781E+01    1
    0.392470645904541016E+01    0.380598640441894531E+01    0.786286044120788574E+01    0.609242227308287276E+01    0.627243892530243130E+01    0.215798866748809826E+00    0.187011157986869225E+01    0.119153064489364635E+00    0.245730294811725614E+01    0.150782399567579848E+02    0.148805586833429029E+02    0.151195888586931950E+02   -0.626221036692564894E+03   -0.835970088246506116E+01    1
    0.506519985198974609E+01    0.745041704177856445E+01    0.532134044170379639E+01    0.273690922198971398E+01    0.512033548886465262E+01    0.474987375736236617E+00    0.430339898551081390E+01    0.535270810127258301E+00    0.260747983872890465E+01    0.152897296243954184E+02    0.152630401084625529E+02    0.151667198159400467E+02   -0.626198789952399807E+03   -0.836003421579839312E+01    1
    0.265489006042480469E+01    0.109124135971069336E+01    0.458215895295143127E+01    0.708262659936703098E+01    0.736259667297732801E+01    0.336718821525573753E+00    0.277771899697076208E+02    0.245751345157623313E+00    0.244458663326501835E+01    0.158722343937377808E+02    0.158721726934362160E+02    0.158732166350147725E+02   -0.626186796593546205E+03   -0.836036754913174462E+01    1
    0.237131881713867188E+01    0.314836692810058594E+01    0.213290023803710938E+01    0.689540243914101936E+01    0.695602372770522059E+01    0.351501047611236572E+00    0.155034630851464694E+02    0.462317514419555708E+00    0.291244499135017421E+01    0.156208773447428566E+02    0.156208936890607752E+02    0.156196129968473247E+02   -0.626185215190139957E+03   -0.836070088246508369E+01    1
    0.236143302917480469E+01    0.312320709228515625E+01    0.569408926367759705E+01    0.267415553232968106E+01    0.788902523063427985E+01    0.499709618091583208E+00    0.365038535779334836E+02    0.160371589660644548E+00    0.263014931946992858E+01    0.159914059295014876E+02    0.159910047093926497E+02    0.159914709906127985E+02   -0.626105253467364491E+03   -0.836103421579839434E+01    1
    0.688178873062133789E+01    0.150911903381347656E+01    0.558817714452743530E+00    0.214039730597392719E+01    0.279771027380278170E+01    0.398808920383453391E+00    0.192819829863258434E+02    0.107599395513534549E+00    0.256114528739452352E+01    0.157151211239133293E+02    0.157136387089114606E+02    0.157147196562527895E+02   -0.625908750496038124E+03   -0.836136754913167302E+01    1
    0.344432449340820312E+01    0.594595527648925781E+01    0.575172036886215210E+00    0.712573106838711823E+01    0.759557495722270559E+01    0.379801607131957986E+00    0.627009719374021923E+01    0.474279147386550970E+00    0.288747412627935418E+01    0.152258053061017620E+02    0.152301946135930208E+02    0.152295456382603032E+02   -0.625800823749940719E+03   -0.836170088246516485E+01    1
    0.253819608688354492E+01    0.164860057830810547E+01    0.773733395338058472E+01    0.709715582570417514E+01    0.778133936630961642E+01    0.297616899013519287E+00    0.904379614400620468E+01    0.793924057483673118E+00    0.263235308802127843E+01    0.154007566802892910E+02    0.154021887025412703E+02    0.153883212503662143E+02   -0.625780010480617761E+03   -0.836203421579841333E+01    1
    0.252922248840332031E+01    0.760120201110839844E+01    0.327335092425346375E+01    0.435043699344375590E+01    0.728274484397991895E+01    0.200773060321807861E+00    0.302455632503791421E+02    0.179653829336166387E+00    0.246252931410074227E+01    0.159094425676469911E+02    0.159098957920842139E+02    0.159090902112970909E+02   -0.625764655043738571E+03   -0.836236754913169023E+01    1
    0.331691694259643555E+01    0.305932617187500000E+01    0.594104740023612976E+01    0.430471201073590493E+01    0.643833026289613297E+01    0.355871403217315696E+00    0.496463409780126774E+01    0.622444427013397195E+00    0.273067661881446844E+01    0.154488651674578321E+02    0.154886595593901468E+02    0.151896458980692319E+02   -0.625569208911955116E+03   -0.836270088246503995E+01    1
    0.322008895874023438E+01    0.126906633377075195E+01    0.384832623600959778E+01    0.259536076333394172E+01    0.739684044059909951E+01    0.450294601917266890E+00    0.575741135569810325E+01    0.940831756591796853E+00    0.244574683904647827E+01    0.155651191772924626E+02    0.152192289391100832E+02    0.154666310508522447E+02   -0.625484751211145294E+03   -0.836303421579828132E+01    1
    0.188872146606445312E+01    0.310760259628295898E+01    0.153267550468444824E+01    0.378008722628144156E+01    0.664310137836945280E+01    0.434559440612792947E+00    0.631686412913472051E+01    0.926972728967666582E+00    0.254463248288631450E+01    0.155881517492257586E+02    0.152992582950507696E+02    0.154947332210252604E+02   -0.625471043554224480E+03   -0.836336754913172342E+01    1
    0.307685327529907227E+01    0.250293016433715820E+01    0.108535188436508179E+01    0.400992897009130722E+01    0.461863738603755714E+01    0.309618389606475808E+00    0.401231387762972780E+01    0.508327323198318526E+00    0.247432012611627572E+01    0.155306389292851641E+02    0.151703720333188148E+02    0.153244575149691915E+02   -0.625457166631689915E+03   -0.836370088246520993E+01    1
    0.309227609634399414E+01    0.150745630264282227E+01    0.217926535010337830E+01    0.366988612994738306E+01    0.807764148551682837E+01    0.153635489940643299E+00    0.122778274956450471E+02    0.642816394567489624E+00    0.221237180286645874E+01    0.155182618923137046E+02    0.155205771152849437E+02    0.155189259234531534E+02   -0.625434727609431093E+03   -0.836403421579835893E+01    1
    0.242125844955444336E+01    0.302180099487304688E+01    0.376009139418601990E+01    0.325803441393265203E+01    0.820346639992834525E+01    0.520490694046020552E+00    0.313331335843321703E+02    0.204198938608169567E+00    0.265148537576198562E+01    0.159246476407935074E+02    0.159246396627008604E+02    0.159242383414168387E+02   -0.625421323988769132E+03   -0.836436754913175307E+01    1
    0.295788049697875977E+01    0.210269927978515625E+01    0.177253651618957520E+01    0.292218902968295957E+01    0.317475312997284043E+01    0.251441097259521462E+00    0.532108575346010948E+01    0.990022075176238969E+00    0.262027873986959436E+01    0.152277396702820269E+02    0.151576858579482217E+02    0.152818228306849342E+02   -0.625413296750715176E+03   -0.836470088246527155E+01    1
    0.444733953475952148E+01    0.735047912597656250E+01    0.171280416846275330E+01    0.435658971425423402E+01    0.792501323471887176E+01    0.120261335372924813E+00    0.490775723881591563E+01    0.525835871696472168E+00    0.256742118746042269E+01    0.151249979688569933E+02    0.151236264135381226E+02    0.151202014226401573E+02   -0.625341327240924784E+03   -0.836503421579857331E+01    1
    0.509981632232666016E+01    0.552156877517700195E+01    0.415748167037963867E+01    0.310584758017715057E+01    0.363012731222031482E+01    0.262959861755371116E+00    0.100141097226970199E+02    0.261803346872329756E+00    0.221457805103063565E+01    0.154327407724157002E+02    0.154329340618047386E+02    0.154295320635124149E+02   -0.625333438139305372E+03   -0.836536754913180047E+01    1
    0.305984878540039062E+01    0.364654207229614258E+01    0.585397511720657349E+00    0.367651264853117610E+01    0.391769728713243426E+01    0.298524844646453846E+00    0.334419769766974611E+02    0.863954335451126099E+00    0.245578876495361342E+01    0.159532680433320380E+02    0.159535535698608832E+02    0.159528308637934959E+02   -0.625287481314139313E+03   -0.836570088246510757E+01    1
    0.151290893554687500E-01    0.383071708679199219E+01    0.751571983098983765E+00    0.723565675599167335E+01    0.829725083622460957E+01    0.189699149131774908E+00    0.177389653001927727E+01    0.591978824138641335E+00    0.249034814101457602E+01    0.150699123249758404E+02    0.151989109341191835E+02    0.150197288326767406E+02   -0.625254981845586599E+03   -0.836603421579842710E+01    1
    0.434549474716186523E+01    0.645703077316284180E+01    0.211997377872467041E+01    0.440994348129141756E+01    0.828860497310090594E+01    0.200599503517150890E+00    0.465893699098027980E+01    0.633098697662353493E+00    0.230980530446767807E+01    0.151154986035303747E+02    0.151061142608883454E+02    0.151145718650072496E+02   -0.625067548097222812E+03   -0.836636754913170044E+01    1
    0.300073385238647461E+01    0.373805427551269531E+01    0.144815641641616821E+01    0.400180680772683139E+01    0.589512282645336239E+01    0.474006044864654585E+00    0.118736781768286956E+02    0.309779858589172341E+00    0.282827640628814692E+01    0.155030287014221653E+02    0.155047987486506784E+02    0.155043024250423578E+02   -0.625036137408852710E+03   -0.836670088246512300E+01    1
    0.270190334320068359E+01    0.136838865280151367E+01    0.145366254448890686E+01    0.337134022859632587E+01    0.508025234427983907E+01    0.252361345291137684E+00    0.171286119554087009E+02    0.563218516111373968E+00    0.291906226831674598E+01    0.156642456801017591E+02    0.156629074000377333E+02    0.156636756767689853E+02   -0.624985681277907133E+03   -0.836703421579841944E+01    1
    0.179703617095947266E+01    0.111075878143310547E+00    0.749630483984947205E+01    0.254136866068270395E+01    0.301377766868894925E+01    0.314239442348480225E+00    0.185274893791212207E+02    0.228920966386795044E+00    0.285304014778137205E+01    0.156976025685258023E+02    0.156973601415094635E+02    0.156981874245018176E+02   -0.624978313801533204E+03   -0.836736754913181180E+01    1
    0.587904024124145508E+01    0.398316860198974609E+00    0.236253800988197327E+01    0.200220406165119380E+01    0.819752070995825477E+01    0.188239598274230979E+00    0.108651898169775798E+02    0.244922596216201799E+00    0.299915588802099231E+01    0.154666870300503962E+02    0.154662686886515814E+02    0.154653707286188240E+02   -0.624946228241551125E+03   -0.836770088246529120E+01    1
    0.235098934173583984E+01    0.159638023376464844E+01    0.333006891608238220E+01    0.260804932102900100E+01    0.330363019068335451E+01    0.285012304782867432E+00    0.530394627362249516E+01    0.906353783607482866E+00    0.278573191785812391E+01    0.154296954521905967E+02    0.152354191727254449E+02    0.151670046292620402E+02   -0.624898770952940936E+03   -0.836803421579862139E+01    1
    0.321323585510253906E+01    0.119526672363281250E+01    0.402201670408248901E+01    0.297602311446505841E+01    0.775431795902635379E+01    0.159269917011260975E+00    0.327791002826415223E+02    0.337493997812271129E+00    0.276300287580490123E+01    0.159440757296988522E+02    0.159447494123822278E+02    0.159444117956873850E+02   -0.624711679438468309E+03   -0.836836754913182190E+01    1
    0.283080148696899414E+01    0.609304285049438477E+01    0.360899004340171814E+01    0.508457405161453746E+01    0.698103055169668441E+01    0.315077829360961903E+00    0.998882850962977997E+01    0.588930547237396240E+00    0.241819945383071877E+01    0.154311314993317765E+02    0.154318232214601583E+02    0.154279314598576427E+02   -0.624566601505811946E+03   -0.836870088246515742E+01    1
    0.221416854858398438E+01    0.360157871246337891E+01    0.421770262718200684E+01    0.281338120217094101E+01    0.329447792719520560E+01    0.409190821647644087E+00    0.145548785842071897E+02    0.338959395885467529E+00    0.251928552633523939E+01    0.155940588623689873E+02    0.155921957200167238E+02    0.155929329820408249E+02   -0.624265855418593674E+03   -0.836903421579843076E+01    1
    0.257490491867065430E+01    0.313164186477661133E+01    0.109041723608970642E+01    0.496153531166741857E+01    0.704725670725969522E+01    0.376545941829681374E+00    0.186125122141507831E+02    0.360543400049209595E+00    0.260256969928741455E+01    0.157000921029267815E+02    0.156987207751465245E+02    0.156983800143264762E+02   -0.624091661545484271E+03   -0.836936754913169700E+01    1
    0.123618125915527344E+01    0.741139030456542969E+01    0.540720689296722412E+01    0.317659764803616396E+01    0.420610120660198916E+01    0.573251247406005859E+00    0.522664890596525034E+01    0.861518085002899170E+00    0.294787030893564239E+01    0.151667185985449464E+02    0.151593484320953777E+02    0.151715900364080358E+02   -0.623911635133813206E+03   -0.836970088246502009E+01    1
    0.153818416595458984E+01    0.384521293640136719E+01    0.526171270012855530E+01    0.211619324974482925E+01    0.610228487289878885E+01    0.266489720344543435E+00    0.240523448824573762E+02    0.162663590908050548E+00    0.293597930032014842E+01    0.158094238371136306E+02    0.158100841650263391E+02    0.158095979401369160E+02   -0.623685227979219235E+03   -0.837003421579824192E+01    1
    0.416135549545288086E+01    0.796646881103515625E+01    0.288860055804252625E+01    0.436344789947444411E+01    0.543034771694096641E+01    0.276248812675476074E+00    0.230362015002251823E+02    0.114879071712493896E+00    0.268271736443042741E+01    0.157908799168668157E+02    0.157914880490713632E+02    0.157911411679905243E+02   -0.623538254817066559E+03   -0.837036754913169112E+01    1
    0.377105808258056641E+01    0.684406280517578125E+00    0.139905187487602234E+01    0.284400613540458824E+01    0.667289769039014313E+01    0.235688734054565419E+00    0.183261874799199482E+02    0.503307247161865257E+00    0.260962510865926722E+01    0.156921331869689613E+02    0.156931244534420316E+02    0.156915935765610488E+02   -0.623512817672448023E+03   -0.837070088246499111E+01    1
    0.265662765502929688E+01    0.496173906326293945E+01    0.786147060990333557E+01    0.602087683822349540E+01    0.770483985546186201E+01    0.318294763565063477E+00    0.311520814180664551E+02    0.172156465053558361E+00    0.291397005444765078E+01    0.159222269432721131E+02    0.159222578696369652E+02    0.159225274290554584E+02   -0.623467872051947666E+03   -0.837103421579825735E+01    1
    0.154575634002685547E+01    0.544114923477172852E+01    0.686971533298492432E+01    0.688891197830060253E+01    0.753752133489342580E+01    0.208181607723236073E+00    0.260656273052984488E+01    0.829215973615646362E+00    0.299075318861007666E+01    0.154180433989627552E+02    0.152895904508419704E+02    0.151432222201582452E+02   -0.623396812977783839E+03   -0.837136754913161951E+01    1
    0.375694608688354492E+01    0.341770601272583008E+01    0.431745263934135437E+01    0.404022608111112014E+01    0.464397911754197246E+01    0.213088762760162365E+00    0.455265684617080169E+01    0.653214675188064531E+00    0.258024478352069853E+01    0.151772077687274329E+02    0.153283826947476065E+02    0.151511349307709349E+02   -0.623396660914502263E+03   -0.837170088246497635E+01    1
    0.178078174591064453E+01    0.471906852722167969E+01    0.628923210501670837E+01    0.621089877419140990E+01    0.705592342575114007E+01    0.486678338050842263E+00    0.371285435457826285E+01    0.923379427194595315E+00    0.299398847609758390E+01    0.151792605117388320E+02    0.151215714346375183E+02    0.151448722953949435E+02   -0.623351954823920096E+03   -0.837203421579848062E+01    1
    0.373978567123413086E+01    0.106234979629516602E+01    0.365912812948226929E+01    0.300756697721655719E+01    0.747217186196205763E+01    0.404189717769622758E+00    0.638663669090983888E+01    0.736934626102447532E+00    0.234102145397663097E+01    0.152393251967932368E+02    0.152372826604002416E+02    0.152400098406703055E+02   -0.623296222990882370E+03   -0.837236754913181791E+01    1
    0.212123012542724609E+01    0.467843055725097656E+01    0.340478497743606567E+01    0.231076129781405903E+01    0.753434225482266839E+01    0.225024199485778814E+00    0.347048379305117081E+02    0.109270358085632333E+00    0.243247883564233769E+01    0.159693594660940086E+02    0.159692072911236220E+02    0.159690498428279728E+02   -0.623282823749170348E+03   -0.837270088246516586E+01    1
    0.528834056854248047E+01    0.284299039840698242E+01    0.134388688206672668E+01    0.609484119748706821E+01    0.621882678090489271E+01    0.419900918006896995E+00    0.521782833918370592E+01    0.469347047805786177E+00    0.247648027372360202E+01    0.151511890837014498E+02    0.151464341606360797E+02    0.151512069295323322E+02   -0.623189256962901254E+03   -0.837303421579847473E+01    1
    0.376622438430786133E+01    0.774260520935058594E+01    0.387054520845413208E+01    0.346327141491819779E+01    0.473825032776620336E+01    0.500847804546356246E+00    0.396978644988966600E+01    0.542680358886718728E+00    0.298577275973558454E+01    0.154233545698900496E+02    0.152458503787063311E+02    0.151055152871693856E+02   -0.623122926629078961E+03   -0.837336754913170545E+01    1
    0.475427198410034180E+01    0.761965560913085938E+01    0.664571404457092285E+00    0.387842451907796271E+01    0.802247585179187794E+01    0.451804721355438255E+00    0.127834474875964297E+02    0.181147390604019187E+00    0.293221033942699449E+01    0.155363710252281511E+02    0.155364664488602529E+02    0.155378255975430299E+02   -0.622981258697668068E+03   -0.837370088246507294E+01    1
    0.596599197387695312E+01    0.127567291259765625E+00    0.538618329167366028E+01    0.215181163890293314E+01    0.385909469499252911E+01    0.354364287853240922E+00    0.958493962381133535E+01    0.545465081930160522E+00    0.227200173455476762E+01    0.154140338692019405E+02    0.154114743176587314E+02    0.154133897097678449E+02   -0.622706779184997117E+03   -0.837403421579832319E+01    1
    0.160544061660766602E+01    0.322007226943969727E+01    0.135764706134796143E+01    0.241274345713010341E+01    0.487710180760488221E+01    0.164721989631652854E+00    0.972942230083826765E+01    0.636844670772552468E+00    0.303364634096622465E+01    0.154177559412748000E+02    0.154197766743949352E+02    0.154185469812152665E+02   -0.622680052476389506E+03   -0.837436754913169779E+01    1
    0.254959011077880859E+01    0.139541959762573242E+01    0.553945723176002502E+01    0.765447282644154470E+01    0.791438518462553198E+01    0.355524432659149126E+00    0.299941877705886384E+02    0.240313649177551270E+00    0.262054532355070124E+01    0.159055194166362046E+02    0.159057491484780460E+02    0.159058432479668763E+02   -0.622649914942352893E+03   -0.837470088246520561E+01    1
    0.340846872329711914E+01    0.350693559646606445E+01    0.340812969207763672E+01    0.296382058799501547E+01    0.649758412817840103E+01    0.130271267890930187E+00    0.367911965624922033E+02    0.113665050268173223E+00    0.221570328921079618E+01    0.159944654800242354E+02    0.159946859480448822E+02    0.159948719663333137E+02   -0.622648259078404635E+03   -0.837503421579839014E+01    1
    0.256034278869628906E+01    0.130188226699829102E+01    0.259668278694152832E+01    0.558942560588393533E+01    0.793049742047715611E+01    0.127319407463073742E+00    0.232673720757109130E+02    0.316513168811798140E+00    0.259695028936862915E+01    0.157960061468990620E+02    0.157965699902034356E+02    0.157956554120197197E+02   -0.622520074365602682E+03   -0.837536754913152848E+01    1
    0.445729446411132812E+01    0.117993640899658203E+01    0.719194117188453674E+01    0.640865267735493127E+01    0.727349457457931958E+01    0.487013685703277632E+00    0.376220640768148895E+01    0.502345621585845947E+00    0.284014266937971094E+01    0.151887870316420539E+02    0.152082482623192874E+02    0.151443224770122509E+02   -0.622450397641081622E+03   -0.837570088246490840E+01    1
    0.369665050506591797E+01    0.196761226654052734E+01    0.715678662061691284E+00    0.656570187507061664E+01    0.763923947431129324E+01    0.337318420410156250E+00    0.345808043763475403E+01    0.465828096866607644E+00    0.268594121533632268E+01    0.154282328474089727E+02    0.153244893554355581E+02    0.152329669784232777E+02   -0.622379579281390988E+03   -0.837603421579835228E+01    1
    0.324103355407714844E+01    0.944461822509765625E-01    0.302619743347167969E+01    0.613499502041070155E+01    0.681648857080723047E+01    0.254145944118499778E+00    0.117417154959715972E+02    0.340595543384552002E+00    0.234457165229320497E+01    0.154980666725729588E+02    0.154988345983671447E+02    0.155005368613171548E+02   -0.622200414823428332E+03   -0.837636754913169312E+01    1
    0.511186933517456055E+01    0.178878259658813477E+01    0.759947288036346436E+01    0.201793676246197373E+01    0.696857545814552815E+01    0.290783023834228493E+00    0.220048398651891048E+02    0.282498896121978760E+00    0.228256776964664443E+01    0.157722379863249174E+02    0.157725578277925216E+02    0.157711650220556265E+02   -0.621913573436002139E+03   -0.837670088246501265E+01    1
    0.391420030593872070E+01    0.257053995132446289E+01    0.550263407826423645E+01    0.721572577562757722E+01    0.824804281942170370E+01    0.516816425323486373E+00    0.729440579086578555E+01    0.359579414129257202E+00    0.291620302170515089E+01    0.152915856490577866E+02    0.152928156962454178E+02    0.152918947425192844E+02   -0.621871282707478599E+03   -0.837703421579841034E+01    1
    0.241568803787231445E+01    0.276222181320190430E+01    0.497521656751632690E+01    0.219725333125128097E+01    0.224097814610238277E+01    0.238767945766448969E+00    0.655770061129683857E+01    0.476259905099868819E+00    0.288748399412631995E+01    0.152458210810715329E+02    0.152490314304352186E+02    0.152468855675585910E+02   -0.621733063964365215E+03   -0.837736754913175830E+01    1
    0.254959487915039062E+01    0.508336114883422852E+01    0.583939167857170105E+01    0.283551378908465157E+01    0.600593549434303853E+01    0.278418254852294933E+00    0.628524927094627017E+01    0.605051213502883933E+00    0.270454949510097498E+01    0.152282316786388421E+02    0.152282725723365413E+02    0.152292113222855612E+02   -0.621630282451532935E+03   -0.837770088246517552E+01    1
    0.255030965805053711E+01    0.353042697906494141E+01    0.691435086727142334E+01    0.340116876295508108E+01    0.637649110218870963E+01    0.161244058609008784E+00    0.187970610136178919E+02    0.307108378410339333E+00    0.238964817965030640E+01    0.157041990799053863E+02    0.157030560086529523E+02    0.157025468437827023E+02   -0.621593934560807611E+03   -0.837803421579855545E+01    1
    0.377122545242309570E+01    0.447822713851928711E+01    0.936482131481170654E+00    0.265143326444195981E+01    0.413527314770718846E+01    0.294360804557800282E+00    0.163148954575408638E+02    0.185833424329757690E+00    0.248943432778120055E+01    0.156423660816229919E+02    0.156422174738508488E+02    0.156411828793005672E+02   -0.621323613781149334E+03   -0.837836754913180748E+01    1
    0.412702941894531250E+01    0.393535470962524414E+01    0.663823086023330688E+01    0.347903334006702991E+01    0.396613320676435066E+01    0.304938149452209484E+00    0.718259037750244733E+01    0.421116048097610496E+00    0.242159692823886852E+01    0.152891465288809201E+02    0.152875943973155461E+02    0.152865812777571595E+02   -0.621296056742465680E+03   -0.837870088246508971E+01    1
    0.241223239898681641E+01    0.778285169601440430E+01    0.131470802426338196E+01    0.348596448339430420E+01    0.528977531752655494E+01    0.244193947315216070E+00    0.663528616300914287E+01    0.640034246444702193E+00    0.281280225592851618E+01    0.152566481628824189E+02    0.152991927775718857E+02    0.153173694186881999E+02   -0.621201067284162264E+03   -0.837903421579833285E+01    1
    0.138625812530517578E+01    0.319325923919677734E+00    0.578640776872634888E+01    0.240985396478190106E+01    0.268931439637708802E+01    0.104600453376770028E+00    0.159490660792606960E+02    0.283117091655731179E+00    0.259198721778392782E+01    0.156332294333954795E+02    0.156312902801438138E+02    0.156311682892238668E+02   -0.621016828334819593E+03   -0.837936754913172166E+01    1
    0.419961214065551758E+01    0.612215662002563477E+01    0.393261420726776123E+01    0.471496087949542098E+01    0.726194570288635433E+01    0.340066683292388872E+00    0.318647657187573330E+01    0.832737123966217019E+00    0.256159657692909226E+01    0.151125516426713435E+02    0.151534606571622401E+02    0.149704117677429380E+02   -0.620996441558814013E+03   -0.837970088246521172E+01    1
    0.237224531173706055E+01    0.300600099563598633E+01    0.131254079937934875E+01    0.329188566578922925E+01    0.481562953610265154E+01    0.309705650806426980E+00    0.199956120945229365E+02    0.432771962881088323E+00    0.279874841767549487E+01    0.157298794256175682E+02    0.157295154490361284E+02    0.157293185221097644E+02   -0.620798402091656044E+03   -0.838003421579852947E+01    1
    0.245374298095703125E+01    0.416296768188476562E+01    0.268139052391052246E+01    0.726242336906642461E+01    0.806487778495299956E+01    0.411363410949707076E+00    0.359480575399510727E+02    0.184022933244705200E+00    0.281502884703874567E+01    0.159842274217098179E+02    0.159839579978877850E+02    0.159840408488576742E+02   -0.620768630343365658E+03   -0.838036754913189519E+01    1
    0.353905057907104492E+01    0.165598392486572266E+00    0.775780680775642395E+01    0.613840530194478262E+01    0.696034261752941408E+01    0.302954781055450428E+00    0.744579207703393742E+01    0.408296108245849609E+00    0.273985305863618844E+01    0.153020618793733654E+02    0.153036320894905948E+02    0.153031561285484567E+02   -0.620613671299858424E+03   -0.838070088246530176E+01    1
    0.531635189056396484E+01    0.698487854003906250E+01    0.135634753108024597E+01    0.432315782485005240E+01    0.786579970588082489E+01    0.304863548278808572E+00    0.690497093643113402E+01    0.313848716020584118E+00    0.300636862629652013E+01    0.152713549030002387E+02    0.152719985338574560E+02    0.152711346410645437E+02   -0.620578787755008989E+03   -0.838103421579851293E+01    1
    0.434544467926025391E+01    0.304152059555053711E+01    0.116793665289878845E+01    0.239346221671268911E+01    0.355706369591114857E+01    0.529036390781402632E+00    0.702161930313266591E+01    0.411500436067581243E+00    0.262801892721652974E+01    0.152781894930284032E+02    0.152800568664323908E+02    0.152801208585400214E+02   -0.620522997798758411E+03   -0.838136754913178628E+01    1
    0.279708099365234375E+01    0.459510993957519531E+01    0.122200596332550049E+01    0.568939599535350027E+01    0.629842991562790022E+01    0.496079874038696245E+00    0.159580915769258382E+02    0.349199426174163829E+00    0.240894908106327055E+01    0.156324577853899545E+02    0.156313949774032412E+02    0.156322653870779558E+02   -0.620489790972802098E+03   -0.838170088246515377E+01    1
    0.348821020126342773E+01    0.156122303009033203E+01    0.181377235054969788E+01    0.311850897811212402E+01    0.759667592840628103E+01    0.110833191871643075E+00    0.156090281065600589E+02    0.512028342485427834E+00    0.220851807969808567E+01    0.156226305847113451E+02    0.156237820158473895E+02    0.156220219520800292E+02   -0.620408388630626291E+03   -0.838203421579841113E+01    1
    0.688940000534057617E+01    0.991822242736816406E+00    0.484421434998512268E+01    0.426681429074701590E+01    0.507831773292272448E+01    0.198151469230651855E+00    0.154491828804870845E+01    0.464329117536544822E+00    0.305047258877754235E+01    0.149215995654191200E+02    0.151306032479740189E+02    0.148744131077961139E+02   -0.620374389284264112E+03   -0.838236754913161519E+01    1
    0.612295532226562500E+01    0.263380813598632812E+01    0.857220619916915894E+00    0.431713663659710534E+01    0.455799551788992741E+01    0.317316401004791249E+00    0.873264702180281915E+01    0.241843152046203630E+00    0.277393751293420809E+01    0.153724399448546585E+02    0.153733734809472526E+02    0.153716041535982804E+02   -0.620301614866317095E+03   -0.838270088246507505E+01    1
    0.254226732254028320E+01    0.352464675903320312E+00    0.103895950317382812E+01    0.557717906853387557E+01    0.809735296494388024E+01    0.166489851474761974E+00    0.157386362169524805E+02    0.796764034032821700E+00    0.269581472998857485E+01    0.156263278549750648E+02    0.156264238785923997E+02    0.156278052701734111E+02   -0.620088396602876060E+03   -0.838303421579862551E+01    1
    0.257377862930297852E+01    0.457924509048461914E+01    0.478763404488563538E+01    0.476155783475263483E+01    0.510640692699865095E+01    0.474437665939331010E+00    0.857584927948964904E+01    0.554186445474624700E+00    0.297437640857696550E+01    0.153644589296778005E+02    0.153655241581221489E+02    0.153632258553594472E+02   -0.620044887226147807E+03   -0.838336754913187221E+01    1
    0.309475946426391602E+01    0.302381849288940430E+01    0.587161573767662048E+01    0.332424135684936672E+01    0.727061014237110825E+01    0.469409203529357888E+00    0.174860284939778161E+02    0.222753387689590465E+00    0.286316309124231339E+01    0.156727263652166808E+02    0.156723251717421856E+02    0.156726488738756444E+02   -0.620016320583923743E+03   -0.838370088246516332E+01    1
    0.493169975280761719E+01    0.736332702636718750E+01    0.251597332954406738E+01    0.240646170028525042E+01    0.322394258373864240E+01    0.156786942481994623E+00    0.238937390520357908E+02    0.103565675020217907E+00    0.242849510991573325E+01    0.158071584384384440E+02    0.158065664445620069E+02    0.158074813371219118E+02   -0.619942434042543368E+03   -0.838403421579837271E+01    1
    0.309656620025634766E+01    0.597337341308593750E+01    0.141955021023750305E+01    0.334360236950603440E+01    0.338694023099631814E+01    0.217154669761657704E+00    0.112488204310736482E+02    0.814507812261581421E+00    0.234889802002906789E+01    0.154814445462615318E+02    0.154812755347165361E+02    0.154808812395076529E+02   -0.619904913308965092E+03   -0.838436754913162474E+01    1
    0.328615760803222656E+01    0.846214294433593750E-01    0.314880299568176270E+01    0.292063881946662196E+01    0.679378960430751810E+01    0.107921278476715093E+00    0.328295346269737536E+02    0.177806109189987183E+00    0.284526048904657358E+01    0.159448277835801164E+02    0.159448437107977465E+02    0.159452466798889940E+02   -0.619783039592774799E+03   -0.838470088246506329E+01    1
    0.263600015640258789E+01    0.522195053100585938E+01    0.116521376371383667E+01    0.259899883388619202E+01    0.350137954900022974E+01    0.140251946449279796E+00    0.234592087297259866E+02    0.162874466180801397E+00    0.221156547325849528E+01    0.157989984772646626E+02    0.157988422330839171E+02    0.157986444126996979E+02   -0.619771277688406258E+03   -0.838503421579835617E+01    1
    0.367798995971679688E+01    0.584808444976806641E+01    0.725598025321960449E+01    0.423900774537291802E+01    0.424660920921318308E+01    0.504557049274444558E+00    0.178185779506402966E+02    0.207480299472808827E+00    0.227193083786964412E+01    0.156809342869244102E+02    0.156812076209085056E+02    0.156812401149832290E+02   -0.619759249823448499E+03   -0.838536754913166682E+01    1
    0.400903081893920898E+01    0.764290714263916016E+01    0.670460641384124756E+00    0.726429925145812305E+01    0.817783259177518573E+01    0.215172553062438959E+00    0.191707490735997554E+01    0.983921176195144631E+00    0.263859285658597953E+01    0.152315047166989785E+02    0.152166094544479940E+02    0.149759413927400047E+02   -0.619627881282062390E+03   -0.838570088246517287E+01    1
    0.202311277389526367E+01    0.361312770843505859E+01    0.406304869055747986E+01    0.245912133564109769E+01    0.618821411101086305E+01    0.213977468013763439E+00    0.696940889114258333E+01    0.761185282468795799E+00    0.235707912302017197E+01    0.153237158884111846E+02    0.152917722212028888E+02    0.152931020676567364E+02   -0.619513285515403140E+03   -0.838603421579857944E+01    1
    0.455386495590209961E+01    0.855531692504882812E-01    0.649110275506973267E+01    0.224408433348937386E+01    0.557015997156324616E+01    0.142056107521057129E+00    0.202955604631196493E+02    0.301720625162124612E+00    0.285524968522787104E+01    0.157360943274613501E+02    0.157367023748926318E+02    0.157373833860674779E+02   -0.619457269241871018E+03   -0.838636754913184745E+01    1
    0.148781681060791016E+01    0.330951642990112305E+01    0.162242400646209717E+01    0.235450737172128965E+01    0.659871087782856414E+01    0.452822065353393532E+00    0.115358944438476385E+02    0.501936584711074829E+00    0.282133485668897643E+01    0.154924412037740531E+02    0.154930041994877978E+02    0.154936669053482436E+02   -0.619266264530146373E+03   -0.838670088246518830E+01    1
    0.174107789993286133E+01    0.561931419372558594E+01    0.510732027888298035E+01    0.293214618537751548E+01    0.368776178677697031E+01    0.330571377277374290E+00    0.147566885412240509E+02    0.326141601800918557E+00    0.240886037164926536E+01    0.155977801424066964E+02    0.155989291097015563E+02    0.155983062046280558E+02   -0.618998751086302491E+03   -0.838703421579858954E+01    1
    0.345902013778686523E+01    0.304735279083251953E+01    0.535227078199386597E+01    0.205463334856945812E+01    0.765957431710038428E+01    0.464760005474090576E+00    0.227500688886977223E+02    0.166966444253921514E+00    0.251863576656579946E+01    0.157868171199968490E+02    0.157866199943872019E+02    0.157862323175804864E+02   -0.618989707867522952E+03   -0.838736754913180071E+01    1
    0.135411787033081055E+01    0.636906766891479492E+01    0.505655813217163086E+01    0.377502697892091277E+01    0.629554879691758806E+01    0.322057330608367942E+00    0.667532026499875819E+01    0.907902008295059182E+00    0.229138714522123310E+01    0.155243462630626059E+02    0.152857427766802676E+02    0.153035038743736713E+02   -0.618954938108988586E+03   -0.838770088246507761E+01    1
    0.284201860427856445E+01    0.282596254348754883E+01    0.364852982759475708E+01    0.211565404781206734E+01    0.549122359962750473E+01    0.427375912666320801E+00    0.793860815815383258E+01    0.550060671567916937E+00    0.297203585648536706E+01    0.153313171068300544E+02    0.153324503847571840E+02    0.153294373623997444E+02   -0.618840787247636399E+03   -0.838803421579843800E+01    1
    0.207146596908569336E+01    0.719928455352783203E+01    0.373816299438476562E+01    0.539264610120906873E+01    0.689023155267792653E+01    0.333237063884735063E+00    0.468508062151599525E+01    0.831179082393646240E+00    0.286562554919719670E+01    0.155595011049867757E+02    0.153496777909528621E+02    0.152235711703836731E+02   -0.618833797483121089E+03   -0.838836754913167404E+01    1
    0.265327596664428711E+01    0.139973497390747070E+01    0.246047753095626831E+01    0.713384985774775160E+01    0.821868145013014662E+01    0.305412828922271729E+00    0.341508521153344162E+02    0.156452131271362316E+00    0.268876316654682146E+01    0.159624582036161407E+02    0.159621559621625071E+02    0.159621673467814116E+02   -0.618746510469073655E+03   -0.838870088246507528E+01    1
    0.842628002166748047E+00    0.367072820663452148E+01    0.592909279465675354E+01    0.240376064848794879E+01    0.422833381957857313E+01    0.432187831401824929E+00    0.568830054990127110E+01    0.699100834131240800E+00    0.299587257701158549E+01    0.154946842446492656E+02    0.153471842404632657E+02    0.153563062226015479E+02   -0.618733492973846069E+03   -0.838903421579845521E+01    1
    0.299361944198608398E+01    0.176298999786376953E+01    0.676332640647888184E+01    0.395812369724291635E+01    0.805088012876073833E+01    0.252383339405059803E+00    0.133009299891327686E+02    0.396358025074005194E+00    0.232151398563385003E+01    0.155549466505078335E+02    0.155550889225876610E+02    0.155541179845143489E+02   -0.618696667955771090E+03   -0.838936754913163973E+01    1
    0.341389751434326172E+01    0.506204605102539062E+01    0.747165176272392273E+01    0.423008190586871002E+01    0.664989106278562048E+01    0.217982971668243403E+00    0.499501083190131201E+01    0.727114790678024314E+00    0.230456846338510513E+01    0.152643564504202320E+02    0.153431886364057100E+02    0.152730256218532130E+02   -0.618696611541511061E+03   -0.838970088246495571E+01    1
    0.570067262649536133E+01    0.323027753829956055E+01    0.448099720478057861E+01    0.311186604782865839E+01    0.620215338704401731E+01    0.310243594646453846E+00    0.269276605283679960E+01    0.259961420297622703E+00    0.292092147189378748E+01    0.152633264924603473E+02    0.152343159251743305E+02    0.151063603508648967E+02   -0.618308794839069265E+03   -0.839003421579850084E+01    1
    0.279505681991577148E+01    0.208051967620849609E+01    0.149523276090621948E+01    0.578240232026893075E+01    0.611937446211070579E+01    0.542334461212158225E+00    0.126509916918006731E+02    0.421329230070114136E+00    0.267278778016567209E+01    0.155325977696951263E+02    0.155323134899514663E+02    0.155322825755405720E+02   -0.618221441624151680E+03   -0.839036754913189142E+01    1
    0.375856256484985352E+01    0.258917617797851562E+01    0.475214663147926331E+01    0.230487010717922658E+01    0.549445540903629492E+01    0.498501229286193892E+00    0.114283292116222626E+02    0.395495909452438399E+00    0.221360108357667906E+01    0.154898219325022080E+02    0.154888373355432662E+02    0.154882988054435735E+02   -0.618088049511513873E+03   -0.839070088246500312E+01    1
    0.270921754837036133E+01    0.228685808181762695E+01    0.421127694845199585E+01    0.348731017660495279E+01    0.616588855334453534E+01    0.456489181518554665E+00    0.809325412618921902E+01    0.559548825025558472E+00    0.289815528625249863E+01    0.153399504658746704E+02    0.153393706492595339E+02    0.153379018497366868E+02   -0.618080786773154273E+03   -0.839103421579821607E+01    1
    0.228887939453125000E+01    0.260716199874877930E+01    0.673661026358604431E+01    0.380360180815850679E+01    0.528461541952526481E+01    0.490690028667449929E+00    0.152248915693451057E+02    0.430954176187515303E+00    0.294275299531221401E+01    0.156129354434588965E+02    0.156131971292134644E+02    0.156118720102871329E+02   -0.617892020118746359E+03   -0.839136754913167238E+01    1
    0.265146017074584961E+01    0.120551633834838867E+01    0.434611248970031738E+01    0.480918935127082747E+01    0.562891277240251853E+01    0.208160471916198742E+00    0.664588920153865281E+01    0.877367740869522073E+00    0.261476964741945261E+01    0.152817943376333787E+02    0.153097016217298716E+02    0.153124474746947090E+02   -0.617841333230149189E+03   -0.839170088246503987E+01    1
    0.132966041564941406E-01    0.334709262847900391E+01    0.532389971613883972E+01    0.260576115025814303E+01    0.802683923418991796E+01    0.466881275177001953E+00    0.210036637046834240E+01    0.504898709058761663E+00    0.286107505482435220E+01    0.150491165137779177E+02    0.149330393297204225E+02    0.148537653548101058E+02   -0.617831634626379127E+03   -0.839203421579848907E+01    1
    0.362784576416015625E+01    0.149067020416259766E+01    0.110111209750175476E+01    0.625989206608385018E+01    0.697052995814708787E+01    0.443249368667602561E+00    0.663138607213066233E+01    0.432848942279815740E+00    0.283650173747539514E+01    0.152506775566883981E+02    0.152525239488692161E+02    0.152518584442407175E+02   -0.617768775330018798E+03   -0.839236754913195604E+01    1
    0.406455993652343750E+01    0.791838359832763672E+01    0.225636500120162964E+01    0.321446543659212303E+01    0.732018406191760995E+01    0.202229714393615728E+00    0.443307754089447315E+01    0.670214301347732522E+00    0.251191070234775538E+01    0.151246223411918894E+02    0.151007686500298224E+02    0.151837838823575950E+02   -0.617556863058255431E+03   -0.839270088246514767E+01    1
    0.319208908081054688E+01    0.613179826736450195E+01    0.755218151211738586E+01    0.714675448745014563E+01    0.770871044829174501E+01    0.446935474872589111E+00    0.434486973838232160E+01    0.545153462886810325E+00    0.265923350799083691E+01    0.153869322186402950E+02    0.152739971225913695E+02    0.152807912573091400E+02   -0.617541697474045918E+03   -0.839303421579826825E+01    1
    0.355882787704467773E+01    0.487660789489746094E+01    0.450924980640411377E+01    0.367058668108422026E+01    0.671110133549093035E+01    0.397035408020019576E+00    0.544060528722872139E+01    0.600455302000045821E+00    0.273471282124519366E+01    0.151712500812777034E+02    0.151644542234820197E+02    0.151665801907354663E+02   -0.617348245259157125E+03   -0.839336754913153804E+01    1
    0.263478136062622070E+01    0.395331716537475586E+01    0.187319311499595642E+01    0.351678073261160806E+01    0.784660471964154560E+01    0.488078737258911155E+00    0.119998665031010692E+02    0.433842808008193970E+00    0.255400972074270260E+01    0.155077291960720860E+02    0.155082882372203468E+02    0.155088507684938985E+02   -0.617326123248918407E+03   -0.839370088246494284E+01    1
    0.598233795166015625E+01    0.114654588699340820E+01    0.159697252511978149E+01    0.203574530933683784E+01    0.644042148353630139E+01    0.138159251213073736E+00    0.151257349074373728E+02    0.225205248594284063E+00    0.255259381121397011E+01    0.156082749582928102E+02    0.156106024539790500E+02    0.156088696940369527E+02   -0.617229445048286834E+03   -0.839403421579848263E+01    1
    0.351778030395507812E+00    0.473791933059692383E+01    0.788211557269096375E+01    0.273000785636000565E+01    0.275547537715360003E+01    0.261392700672149647E+00    0.282201980357633264E+01    0.464186638593673706E+00    0.284764501631259925E+01    0.152358731585523781E+02    0.151385457062674469E+02    0.151740746002906270E+02   -0.617225621301668070E+03   -0.839436754913192473E+01    1
    0.407554388046264648E+01    0.779110908508300781E+01    0.199199262261390686E+01    0.244811075071134265E+01    0.741923032841052166E+01    0.417531955242157027E+00    0.536293221295154687E+01    0.467928588390350342E+00    0.301664626723527896E+01    0.151648401134509960E+02    0.151587156498122830E+02    0.151592324601517312E+02   -0.617054225945420967E+03   -0.839470088246504353E+01    1
    0.439856100082397461E+01    0.233202886581420898E+01    0.177120167016983032E+01    0.236684770072812878E+01    0.440477033527574768E+01    0.448734128475189231E+00    0.232958574685310786E+02    0.117555433511734017E+00    0.255560097432136546E+01    0.157962125879202411E+02    0.157956048039124521E+02    0.157968747115150503E+02   -0.617006914001977520E+03   -0.839503421579836839E+01    1
    0.257985210418701172E+01    0.744018554687500000E+00    0.544352981448173523E+01    0.512911282892939369E+01    0.806006235742005650E+01    0.135304951667785639E+00    0.342777662384862012E+02    0.179230791330337536E+00    0.268071576023101787E+01    0.159640103229717525E+02    0.159634218225681348E+02    0.159640421874030398E+02   -0.616770688093294325E+03   -0.839536754913170213E+01    1
    0.336474990844726562E+01    0.144634294509887695E+01    0.513092756271362305E+00    0.338768218775059893E+01    0.644815966859651546E+01    0.412125086784362771E+00    0.227086984665713096E+02    0.968906170129775979E+00    0.224280014395713811E+01    0.157858392536761247E+02    0.157847359739975044E+02    0.157846697542686183E+02   -0.616751631243397469E+03   -0.839570088246510338E+01    1
    0.357727003097534180E+01    0.378570079803466797E+01    0.140577572584152222E+01    0.209517488471317392E+01    0.259427538953510206E+01    0.506288790702819846E+00    0.365756903914215172E+02    0.366571128368377686E+00    0.260582446944713597E+01    0.159924894103901476E+02    0.159917651121289985E+02    0.159922022761128719E+02   -0.616742706959667316E+03   -0.839603421579864850E+01    1
    0.330534029006958008E+01    0.128641176223754883E+01    0.604389849305152893E+01    0.396399524885214483E+01    0.403421658396014937E+01    0.250282847881317161E+00    0.396463329204584980E+01    0.657965081930160567E+00    0.302578186935186366E+01    0.153321532274261916E+02    0.151951698079197186E+02    0.154414737504933370E+02   -0.616678435614291061E+03   -0.839636754913192718E+01    1
    0.339540386199951172E+01    0.193565034866333008E+01    0.139713811874389648E+01    0.247725760245830751E+01    0.648298625171011977E+01    0.285900151729583718E+00    0.151073679769948725E+02    0.659957748651504472E+00    0.251097027122974392E+01    0.156098044752179970E+02    0.156074810497669887E+02    0.156086376426271567E+02   -0.616627797940697633E+03   -0.839670088246503887E+01    1
    0.430877113342285156E+01    0.694135665893554688E+00    0.273017454147338867E+01    0.239494414003470002E+01    0.490967010023216055E+01    0.513979542255401656E+00    0.310336847347642255E+02    0.285779613256454512E+00    0.290095896929502484E+01    0.159204535478658666E+02    0.159211070231456020E+02    0.159200821853487149E+02   -0.616598160124013020E+03   -0.839703421579834064E+01    1
    0.456629276275634766E+01    0.291511201858520508E+01    0.130511912703514099E+01    0.217523306574788577E+01    0.278173014774791927E+01    0.349179220199584917E+00    0.306460771807083283E+02    0.549291038513183616E+00    0.226723419815301863E+01    0.159156478909128083E+02    0.159157977511232769E+02    0.159146187216204851E+02   -0.616463682169891172E+03   -0.839736754913170991E+01    1
    0.291111898422241211E+01    0.865637779235839844E+00    0.246002602577209473E+01    0.388933669667864024E+01    0.531870524611226347E+01    0.297695827484130870E+00    0.122581968247536910E+02    0.511663883924484253E+00    0.271785595780611011E+01    0.155177624817866882E+02    0.155195141039187714E+02    0.155171977247976862E+02   -0.616431117116673249E+03   -0.839770088246503121E+01    1
    0.514330387115478516E+01    0.668278121948242188E+01    0.528410154581069946E+01    0.491027947399465425E+01    0.718526059995009270E+01    0.127852666378021257E+00    0.117197067729518185E+02    0.204297053813934315E+00    0.246389193725585942E+01    0.154981041820207626E+02    0.154998271965552270E+02    0.154995608115479122E+02   -0.616394732911590495E+03   -0.839803421579845555E+01    1
    0.630039787292480469E+01    0.454814147949218750E+01    0.786224979162216187E+01    0.231997073158159361E+01    0.289648275715004599E+01    0.450832545757293701E+00    0.873216244565097810E+01    0.258032321929931641E+00    0.221453842782974242E+01    0.153723506309949371E+02    0.153705338631904791E+02    0.153710877054721280E+02   -0.616334186352030088E+03   -0.839836754913164718E+01    1
    0.279108953475952148E+01    0.591665458679199219E+01    0.253977212309837341E+01    0.551863960120896468E+01    0.806781634286158145E+01    0.252403974533081055E+00    0.249048210683824500E+02    0.228383558988571184E+00    0.238839030748605730E+01    0.158253056098599654E+02    0.158256375930409519E+02    0.158247764014600136E+02   -0.616240146388248490E+03   -0.839870088246502888E+01    1
    0.340693044662475586E+01    0.496368074417114258E+01    0.659415590763092041E+01    0.516917138593701253E+01    0.659868425056044128E+01    0.241651070117950451E+00    0.168478715877559182E+02    0.202592617273330694E+00    0.255210132974386195E+01    0.156560783627647240E+02    0.156567991628174585E+02    0.156553131181304295E+02   -0.615931243725176728E+03   -0.839903421579853315E+01    1
    0.250991964340209961E+01    0.496279811859130859E+01    0.793005406856536865E+00    0.549779990027086640E+01    0.599325964562051805E+01    0.377352643013000533E+00    0.747208513633894356E+01    0.716549944877624467E+00    0.291371986657381044E+01    0.153043652826195675E+02    0.153049910770584585E+02    0.153050239942393720E+02   -0.615829836613527164E+03   -0.839936754913186867E+01    1
    0.305390930175781250E+01    0.555801725387573242E+01    0.521544995903968811E+01    0.370568761453339501E+01    0.808827248275230204E+01    0.333574450016021706E+00    0.345936842731266552E+02    0.119111651182174691E+00    0.252817589980363833E+01    0.159679083261896864E+02    0.159680823808913299E+02    0.159675665219655816E+02   -0.615760013424642352E+03   -0.839970088246524149E+01    1
    0.645812511444091797E+01    0.714982509613037109E+01    0.343440729379653931E+01    0.348895323847384908E+01    0.755247498825319141E+01    0.240180039405822748E+00    0.229689722253584261E+01    0.896510773897171043E+00    0.234382043081521996E+01    0.150088225994654660E+02    0.148962039723009951E+02    0.149207027528033045E+02   -0.615447137782673508E+03   -0.840003421579862852E+01    1
    0.362759017944335938E+01    0.130590772628784180E+01    0.384499895572662354E+01    0.368677307658322917E+01    0.465255841066995757E+01    0.162241840362548823E+00    0.203546894271278802E+02    0.133025610446929954E+00    0.303836165368556976E+01    0.157376947001310672E+02    0.157379871978240011E+02    0.157388987051685820E+02   -0.615416069996805618E+03   -0.840036754913176864E+01    1
    0.269805717468261719E+01    0.145777130126953125E+01    0.370171535015106201E+01    0.434312363267740587E+01    0.782181185742284413E+01    0.205437600612640381E+00    0.253906524218863687E+02    0.213169533014297474E+00    0.266645343208312990E+01    0.158343731070372495E+02    0.158343918285311158E+02    0.158344129878196718E+02   -0.615260222133014736E+03   -0.840070088246490876E+01    1
    0.379805755615234375E+01    0.126623392105102539E+01    0.470514583587646484E+01    0.392516525056122401E+01    0.437425110621447732E+01    0.368439197540283203E+00    0.585947547451688688E+01    0.454036086797714233E+00    0.295826408684253694E+01    0.151970724232230552E+02    0.152012035907914438E+02    0.151980514027135829E+02   -0.615252671063248499E+03   -0.840103421579830822E+01    1
    0.390328121185302734E+01    0.506350517272949219E+00    0.573970407247543335E+00    0.256140548963855874E+01    0.806454142167347143E+01    0.351126933097839378E+00    0.298615249092125801E+02    0.630168277025222823E+00    0.300477135080099123E+01    0.159041897756030242E+02    0.159039906006677310E+02    0.159043464267775931E+02   -0.615206991024577746E+03   -0.840136754913174499E+01    1
    0.245927524566650391E+01    0.395718479156494141E+01    0.754865619540214539E+01    0.525004772092677108E+01    0.574868550181065530E+01    0.216030251979827892E+00    0.352409008321609605E+02    0.151323372125625633E+00    0.300942492622137081E+01    0.159759484654083650E+02    0.159756595096005896E+02    0.159760777599153254E+02   -0.615123568277672916E+03   -0.840170088246500946E+01    1
    0.381481456756591797E+01    0.112323904037475586E+01    0.382630977034568787E+01    0.713371496044678643E+01    0.759487621603898422E+01    0.501495754718780495E+00    0.176340035348127380E+02    0.160918062925338751E+00    0.275243567681312573E+01    0.156763840409637538E+02    0.156751516679322656E+02    0.156761416594303515E+02   -0.614871307755116618E+03   -0.840203421579839471E+01    1
    0.218938779830932617E+01    0.343241119384765625E+01    0.153106617927551270E+01    0.267333308027866545E+01    0.540615965544051846E+01    0.241376054286956798E+00    0.340775893244480130E+02    0.133799695968627952E+00    0.296105137407779706E+01    0.159613888407927220E+02    0.159617000827434552E+02    0.159608936814702354E+02   -0.614861327987741106E+03   -0.840236754913171779E+01    1
    0.539618635177612305E+01    0.601197767257690430E+01    0.146393272280693054E+01    0.316926206839198832E+01    0.673897083381147333E+01    0.248183286190032965E+00    0.674167517735053323E+01    0.336107885837554909E+00    0.289081613832712181E+01    0.152628607483248580E+02    0.152619455328064575E+02    0.152627238496003415E+02   -0.614792755358920999E+03   -0.840270088246504976E+01    1
    0.273007392883300781E+01    0.288158178329467773E+01    0.765850114822387695E+01    0.402338005504506135E+01    0.430228820061295281E+01    0.490601694583892800E+00    0.177082589596665692E+02    0.270574223995208751E+00    0.273659383529424671E+01    0.156786529039436093E+02    0.156766816350523204E+02    0.156776993375554916E+02   -0.614707378404388010E+03   -0.840303421579848120E+01    1
    0.270104312896728516E+01    0.204507827758789062E+00    0.716301622986793518E+01    0.615630820898336850E+01    0.750441973760411951E+01    0.223892021179199208E+00    0.648807961298771563E+01    0.831427294015884444E+00    0.254785668802261345E+01    0.153198034084274290E+02    0.152927506244648495E+02    0.153104444369528139E+02   -0.614598968368921305E+03   -0.840336754913161066E+01    1
    0.532229042053222656E+01    0.462282943725585938E+01    0.143928903341293335E+01    0.578516176087484801E+01    0.657341167177460939E+01    0.226824462413787842E+00    0.221717027024623405E+02    0.103136521577835094E+00    0.284825186359882343E+01    0.157756337878632067E+02    0.157750019810550359E+02    0.157750055844641679E+02   -0.614498640553821588E+03   -0.840370088246504743E+01    1
    0.592161893844604492E+01    0.172961330413818359E+01    0.328601497411727905E+01    0.338185314613075594E+01    0.643458325667508113E+01    0.302999305725097645E+00    0.198024058283575188E+01    0.509230744838714666E+00    0.249460588926076898E+01    0.150298474521084167E+02    0.151058791801616490E+02    0.148714405461122769E+02   -0.614463597431224571E+03   -0.840403421579841847E+01    1
    0.603981494903564453E+01    0.477381372451782227E+01    0.610064911842346191E+01    0.266033361819261049E+01    0.805519853576712563E+01    0.100789070129394531E+00    0.399362887737830885E+01    0.537759685516357444E+00    0.264262187319993958E+01    0.150356805411417636E+02    0.150328766264127349E+02    0.150356759327218832E+02   -0.614402591771867264E+03   -0.840436754913161188E+01    1
    0.469570827484130859E+01    0.811277866363525391E+00    0.791634190082550049E+01    0.403648986864572379E+01    0.804398303244816049E+01    0.202260935306549094E+00    0.304986665629370224E+01    0.779147231578826927E+00    0.257867397409677501E+01    0.150316920144544959E+02    0.152176374313253344E+02    0.150684329370205958E+02   -0.614163916646052030E+03   -0.840470088246502378E+01    1
    0.522963333129882812E+01    0.292401170730590820E+01    0.410967487096786499E+01    0.287668717378446281E+01    0.684296593945443732E+01    0.223786234855651855E+00    0.382750037577130220E+01    0.616397494077682517E+00    0.267731064456701251E+01    0.152296360813122966E+02    0.151095029080477641E+02    0.151516851269289052E+02   -0.614145977775239203E+03   -0.840503421579831844E+01    1
    0.738274192810058594E+01    0.171421480178833008E+01    0.453794273734092712E+01    0.347013095763731494E+01    0.723101090505757682E+01    0.173727059364318870E+00    0.248783516923847214E+01    0.735095328092575051E+00    0.271361060762405382E+01    0.152534107614000973E+02    0.149310974009776753E+02    0.150950771415169243E+02   -0.614109003202714689E+03   -0.840536754913166817E+01    1
    0.180456781387329102E+01    0.173175287246704102E+01    0.505156207084655762E+01    0.544304397876071278E+01    0.722674840202032609E+01    0.327625524997711137E+00    0.288090541216028928E+01    0.818225890398025513E+00    0.229223016297817228E+01    0.153708183745914670E+02    0.152758827865631588E+02    0.150449323625739062E+02   -0.613986265718098252E+03   -0.840570088246501079E+01    1
    0.329139518737792969E+01    0.573855161666870117E+01    0.237730133533477783E+01    0.385220968936646369E+01    0.602538843991229545E+01    0.172321832180023199E+00    0.225838592686159565E+02    0.178279572725296043E+00    0.227466994976997361E+01    0.157831513211717400E+02    0.157822095999093275E+02    0.157835444817299759E+02   -0.613952986182263430E+03   -0.840603421579829657E+01    1
    0.286169481277465820E+01    0.167346715927124023E+01    0.750531169772148132E+01    0.321403399690801095E+01    0.646200490324396704E+01    0.454371809959411621E+00    0.226174892804931247E+02    0.271999174356460593E+00    0.270918065279722198E+01    0.157843952875623135E+02    0.157830412831077815E+02    0.157829753313106114E+02   -0.613897232791874785E+03   -0.840636754913173334E+01    1
    0.301975154876708984E+01    0.257423543930053711E+01    0.661626267433166504E+01    0.216284302064726797E+01    0.400657202562307369E+01    0.468295335769653320E+00    0.274598694393325395E+02    0.157034438848495495E+00    0.284030541294813155E+01    0.158679987539832688E+02    0.158673547293789721E+02    0.158673161082805105E+02   -0.613883881918868497E+03   -0.840670088246504932E+01    1
    0.469740915298461914E+01    0.222818231582641602E+01    0.604195746779441833E+01    0.423225380759247205E+01    0.511809699948552677E+01    0.424463212490081787E+00    0.524920838073470009E+01    0.440476500988006614E+00    0.299834616792202002E+01    0.151557815111602245E+02    0.151494099949633867E+02    0.151528662002864341E+02   -0.613663541995380001E+03   -0.840703421579847898E+01    1
    0.191809463500976562E+01    0.519087409973144531E+01    0.108116137981414795E+01    0.406954922138343456E+01    0.540163160228483985E+01    0.257132208347320534E+00    0.288167603767048730E+01    0.647582250833511397E+00    0.260007996559143084E+01    0.154286753794178413E+02    0.154017514108927980E+02    0.152179162074099033E+02   -0.613624805074305527E+03   -0.840736754913177187E+01    1
    0.328687191009521484E+01    0.303777933120727539E+01    0.710536929965019226E+01    0.230821551543005565E+01    0.762607667206357043E+01    0.363441026210784890E+00    0.917441183124298476E+01    0.453205782175064131E+00    0.237026555222272872E+01    0.153946474424382522E+02    0.153914916031276050E+02    0.153936517951789753E+02   -0.613621531090054532E+03   -0.840770088246494041E+01    1
    0.295696067810058594E+01    0.625462007522583008E+01    0.582458811998367310E+01    0.406405575857273327E+01    0.569857013586135519E+01    0.194273316860198997E+00    0.744455395294553046E+01    0.468706375360488869E+00    0.299569541120529159E+01    0.153010948955127972E+02    0.153007235216061570E+02    0.153021774391945691E+02   -0.613430180207593480E+03   -0.840803421579825461E+01    1
    0.608093452453613281E+01    0.257855892181396484E+00    0.190325486660003662E+01    0.205968793976474984E+01    0.777514581545705408E+01    0.390383851528167680E+00    0.304972845510357153E+02    0.465611106157302834E+00    0.303181036478281030E+01    0.159125385788258438E+02    0.159133022702085700E+02    0.159138322308325932E+02   -0.613219323374392502E+03   -0.840836754913175177E+01    1
    0.615892791748046875E+01    0.515722274780273438E+00    0.549291285872459412E+01    0.582574841045640035E+01    0.816766397500923347E+01    0.497440862655639693E+00    0.178435816531359990E+02    0.120862060785293587E+00    0.273756837373971962E+01    0.156813735605054507E+02    0.156819661340656076E+02    0.156798378097232742E+02   -0.613148277600305732E+03   -0.840870088246523295E+01    1
    0.234131336212158203E+01    0.337472820281982422E+01    0.386084231734275818E+01    0.633427622683940328E+01    0.820307865775563094E+01    0.425869584083557129E+00    0.773859775045856857E+01    0.917792922258377053E+00    0.264789965319633502E+01    0.155004311843271037E+02    0.153257214027416016E+02    0.154687692008103603E+02   -0.612718994374326826E+03   -0.840903421579850630E+01    1
    0.262075805664062500E+01    0.164929246902465820E+01    0.123394536972045898E+01    0.479825389608059538E+01    0.797506481234172604E+01    0.510170412063598588E+00    0.294191495765150250E+02    0.196372842788696295E+00    0.287581777000427241E+01    0.158979486620089379E+02    0.158968367270261943E+02    0.158975403787579435E+02   -0.612636120111435389E+03   -0.840936754913189688E+01    1
    0.273558378219604492E+01    0.105499744415283203E+00    0.390141028165817261E+01    0.363533705047691313E+01    0.602170557394955797E+01    0.495529341697692916E+00    0.269473970709608395E+02    0.266653478145599365E+00    0.298083321917057020E+01    0.158595719055161020E+02    0.158598446658905541E+02    0.158602158517127538E+02   -0.612559973417327456E+03   -0.840970088246523773E+01    1
    0.309850978851318359E+01    0.149237394332885742E+01    0.293364378809928894E+01    0.279870026686980067E+01    0.737142423608530706E+01    0.361037588119506814E+00    0.263363209271277796E+02    0.351312577724456787E+00    0.297067141157388681E+01    0.158495540129752577E+02    0.158501200339103878E+02    0.158501633126637103E+02   -0.612519003790804959E+03   -0.841003421579838140E+01    1
    0.341133451461791992E+01    0.413228988647460938E+00    0.650637212395668030E+01    0.354014635526686750E+01    0.744293919600460541E+01    0.144421279430389404E+00    0.680935360165888071E+01    0.756862258911132790E+00    0.234689717489480953E+01    0.152656849957167893E+02    0.152664439544301374E+02    0.152628777866297742E+02   -0.612464141680727266E+03   -0.841036754913168316E+01    1
    0.355233097076416016E+01    0.291032218933105469E+01    0.460569846630096436E+01    0.323681732965889424E+01    0.779506712648806133E+01    0.125384318828582780E+00    0.153759619204010427E+02    0.213702541589736950E+00    0.249491492998599984E+01    0.156160199624927056E+02    0.156175654061820151E+02    0.156165115321551298E+02   -0.612273484211600703E+03   -0.841070088246502046E+01    1
    0.571454429626464844E+01    0.763605976104736328E+01    0.186772140860557556E+01    0.636404647833778192E+01    0.822778214361794191E+01    0.263383436203002919E+00    0.327019083782565012E+01    0.490981370210647583E+00    0.246403499573469142E+01    0.155123490213479265E+02    0.151132642418303416E+02    0.152568100025803375E+02   -0.612172936466086639E+03   -0.841103421579827426E+01    1
    0.477653312683105469E+01    0.614988613128662109E+01    0.715125653147697449E+01    0.355104291186830512E+01    0.688092532865149487E+01    0.454655730724334739E+00    0.238229268929657536E+02    0.106371158361434945E+00    0.244247800087928768E+01    0.158060416552366458E+02    0.158067890181621280E+02    0.158052304646203243E+02   -0.612159873285520916E+03   -0.841136754913159557E+01    1
    0.608264684677124023E+01    0.300196266174316406E+01    0.682224872708320618E+01    0.572366656979884603E+01    0.576936706827020096E+01    0.317990100383758523E+00    0.360668734869410423E+01    0.543965190649032593E+00    0.230981790494918826E+01    0.153972924669931803E+02    0.154137450765609199E+02    0.151986240708040139E+02   -0.612094999783262324E+03   -0.841170088246489200E+01    1
    0.388990402221679688E+01    0.360940837860107422E+01    0.601180630922317505E+01    0.334660623780181732E+01    0.675932157818801649E+01    0.133697664737701422E+00    0.539636796742863645E+01    0.541537845134735130E+00    0.253465447026491164E+01    0.151622781502218391E+02    0.151674659363859696E+02    0.151641639161431332E+02   -0.612052683512831891E+03   -0.841203421579833588E+01    1
    0.464500665664672852E+01    0.561191034317016602E+01    0.613058793544769287E+01    0.332986003092290073E+01    0.418093007100120673E+01    0.181114792823791504E+00    0.700629218079687366E+01    0.361701363325119041E+00    0.252201102566719060E+01    0.152771863806266950E+02    0.152783897308577874E+02    0.152766168694615878E+02   -0.612011602621260067E+03   -0.841236754913186324E+01    1
    0.265231418609619141E+01    0.753731536865234375E+01    0.442732843756675720E+01    0.262245685580557586E+01    0.704990007982676481E+01    0.290320324897766102E+00    0.244769040364620984E+02    0.129008036851882946E+00    0.290167992937564856E+01    0.158185445097129218E+02    0.158179537803554169E+02    0.158173246154315112E+02   -0.611996609179476536E+03   -0.841270088246517034E+01    1
    0.403570938110351562E+01    0.398502922058105469E+01    0.440527084469795227E+01    0.512886588889895645E+01    0.746046018834969438E+01    0.117349135875701907E+00    0.825951924838529195E+01    0.330226659774780273E+00    0.266342673569917654E+01    0.153458960758334531E+02    0.153469500249031512E+02    0.153492332783588417E+02   -0.611748741627687082E+03   -0.841303421579846678E+01    1
    0.290267229080200195E+01    0.428755092620849609E+01    0.415733101963996887E+01    0.653084343588696825E+01    0.777251257303591636E+01    0.486930000782012984E+00    0.715670717996463779E+01    0.693255174160003707E+00    0.225448969668149957E+01    0.156152849137374599E+02    0.153815337114158499E+02    0.154364645453298497E+02   -0.611684194932997002E+03   -0.841336754913172413E+01    1
    0.627809238433837891E+01    0.527002382278442383E+01    0.640701550245285034E+01    0.626174072564049045E+01    0.770996464301679651E+01    0.421105766296386741E+00    0.147182063637383536E+02    0.147581046819686895E+00    0.265236002123355874E+01    0.155968635322746643E+02    0.155975465591550844E+02    0.155965568010175542E+02   -0.611670179924115700E+03   -0.841370088246492642E+01    1
    0.260021448135375977E+01    0.440210199356079102E+01    0.258564504981040955E+01    0.295471828629015842E+01    0.796660361625687052E+01    0.523275828361511208E+00    0.144609732761916643E+02    0.266125994920730635E+00    0.297493654805421848E+01    0.155913102977776479E+02    0.155889376216257904E+02    0.155895217924631435E+02   -0.611663999246943035E+03   -0.841403421579831878E+01    1
    0.642371511459350586E+01    0.389863824844360352E+01    0.709130871295928955E+01    0.721315208204468572E+01    0.761578838929669732E+01    0.291545736789703358E+00    0.152337057320365385E+02    0.132255548238754295E+00    0.297992421334981916E+01    0.156115216002845969E+02    0.156133719494115422E+02    0.156127649057677012E+02   -0.611491793675242548E+03   -0.841436754913166318E+01    1
    0.333253431320190430E+01    0.305686092376708984E+01    0.736262220144271851E+01    0.545143203919022667E+01    0.817743029818888800E+01    0.484512186050415017E+00    0.142349046258288503E+02    0.275579386949539207E+00    0.251946962493658067E+01    0.155834176247476517E+02    0.155841636285064933E+02    0.155831153229949830E+02   -0.611461480800218510E+03   -0.841470088246497738E+01    1
    0.161333036422729492E+01    0.789572572708129883E+01    0.555012303590774536E+01    0.420806436625571845E+01    0.779076703248391489E+01    0.294835805892944336E+00    0.378215941777517228E+01    0.761803746223449707E+00    0.285162975412607178E+01    0.155333956633853756E+02    0.152959814943252521E+02    0.153856694116240540E+02   -0.611420589180536240E+03   -0.841503421579829514E+01    1
    0.228630018234252930E+01    0.685625886917114258E+01    0.306460443139076233E+01    0.447036523073189063E+01    0.463711301042844060E+01    0.232242417335510265E+00    0.307286216328643711E+02    0.216322255134582531E+00    0.291900872892141328E+01    0.159164947314497685E+02    0.159162509123757392E+02    0.159159210558041675E+02   -0.611398876091506054E+03   -0.841536754913166263E+01    1
    0.344716596603393555E+01    0.125320911407470703E+01    0.520007106661796570E+01    0.528037885713339961E+01    0.699117478244099111E+01    0.213971710205078131E+00    0.317257021735285107E+02    0.105196672677993777E+00    0.279993311595916738E+01    0.159300673774021835E+02    0.159303347823353327E+02    0.159300975349560847E+02   -0.611371604352182544E+03   -0.841570088246514025E+01    1
    0.313056945800781250E+01    0.308191251754760742E+01    0.139754134416580200E+01    0.598082395814834378E+01    0.631578472319045847E+01    0.216207170486450190E+00    0.990142975716850238E+01    0.418307936191558816E+00    0.264781570059061044E+01    0.154245481702558678E+02    0.154255476107171656E+02    0.154253103255439825E+02   -0.611315005465329023E+03   -0.841603421579854505E+01    1
    0.314025354385375977E+01    0.131852293014526367E+01    0.538099902868270874E+01    0.268604890539478181E+01    0.607419726693486073E+01    0.350022113323211648E+00    0.505773462515932959E+01    0.777890080213546775E+00    0.254605259257554994E+01    0.154654725604321701E+02    0.151941676386230622E+02    0.155056641989402060E+02   -0.611284464138273279E+03   -0.841636754913170826E+01    1
    0.293430805206298828E+01    0.283140182495117188E+00    0.668484452366828918E+01    0.776746897875115483E+01    0.778294782504473126E+01    0.373940551280975364E+00    0.579628418268066081E+01    0.750644415616989136E+00    0.222308960038423509E+01    0.153849043739644422E+02    0.152528724935758362E+02    0.154031581171969894E+02   -0.611181708135865620E+03   -0.841670088246497805E+01    1
    0.517260599136352539E+01    0.596102666854858398E+01    0.310458990931510925E+01    0.458324150790831020E+01    0.632833075251888655E+01    0.360348546504974387E+00    0.323937222150784709E+01    0.656214511394500710E+00    0.231975219541788080E+01    0.150696136615123741E+02    0.149886598892030918E+02    0.150592127305325931E+02   -0.611113565778370003E+03   -0.841703421579846278E+01    1
    0.384990262985229492E+01    0.160148286819458008E+01    0.144686180353164673E+01    0.247929427237402811E+01    0.752551089875783674E+01    0.411147439479827903E+00    0.185408931397265739E+02    0.692809283733367920E+00    0.247630265247821812E+01    0.156982676853902596E+02    0.156982583977901538E+02    0.156984324559760324E+02   -0.611078439433222457E+03   -0.841736754913177876E+01    1
    0.392946338653564453E+01    0.798549652099609375E+00    0.549083861708641052E+01    0.328831672669120501E+01    0.612830282336848242E+01    0.178507435321807850E+00    0.116681517128499088E+02    0.258009898662567183E+00    0.239885786652564992E+01    0.154957731214716858E+02    0.154955205917399148E+02    0.154971501517516117E+02   -0.611053754454233058E+03   -0.841770088246505743E+01    1
    0.599168205261230469E+01    0.605494976043701172E+01    0.440703395009040833E+01    0.492311279608322749E+01    0.706898960322201031E+01    0.476331841945648149E+00    0.108011745322135511E+02    0.202154666185379028E+00    0.285220441704988481E+01    0.154644108466340224E+02    0.154644632396264008E+02    0.154650382887320230E+02   -0.610936684710986242E+03   -0.841803421579844624E+01    1
    0.183891963958740234E+01    0.736213970184326172E+01    0.783787029981613159E+01    0.603616007364728535E+01    0.778434190204647258E+01    0.411614215373992898E+00    0.388791442719543001E+01    0.217477160692214955E+00    0.301647588241100317E+01    0.153545333862976090E+02    0.152225810195969036E+02    0.151695990872009414E+02   -0.610839027010509540E+03   -0.841836754913184926E+01    1
    0.250372362136840820E+01    0.321007680892944336E+01    0.605545479059219360E+01    0.428356812215751326E+01    0.577857197518348720E+01    0.277066385746002175E+00    0.194446169894281589E+02    0.321414959430694591E+00    0.279812370705604563E+01    0.157173161710075462E+02    0.157176752460354212E+02    0.157180512919843061E+02   -0.610799386530214520E+03   -0.841870088246518478E+01    1
    0.412902116775512695E+01    0.630352640151977539E+01    0.267365011572837830E+01    0.750303843014788807E+01    0.824059936218175082E+01    0.409047520160675027E+00    0.745945840533390037E+01    0.384037673473358154E+00    0.260925989711284645E+01    0.153045299649285695E+02    0.153025021166254422E+02    0.153018205629213746E+02   -0.610738536905583260E+03   -0.841903421579838351E+01    1
    0.712785625457763672E+01    0.151124525070190430E+01    0.791812065243721008E+01    0.410375003888843537E+01    0.568389231111148785E+01    0.280294585227966297E+00    0.659639198905954416E+01    0.300503545999527000E+00    0.283678689295053488E+01    0.152488629834025406E+02    0.152517601563693805E+02    0.152505757556753423E+02   -0.610702381945255524E+03   -0.841936754913164087E+01    1
    0.262493705749511719E+01    0.167237758636474609E+00    0.207905802130699158E+01    0.454894295808326810E+01    0.730580202865405859E+01    0.391333603858947776E+00    0.203943606306777916E+02    0.545246911048889227E+00    0.284716002428531656E+01    0.157382085378991032E+02    0.157392417514931857E+02    0.157385230256952919E+02   -0.610637917826027888E+03   -0.841970088246491066E+01    1
    0.425338983535766602E+01    0.878358364105224609E+00    0.631405147910118103E+01    0.678872744380660631E+01    0.749139482773914089E+01    0.201049542427062994E+00    0.922258339706881713E+01    0.297190856933593761E+00    0.249068162363767609E+01    0.153975866813583711E+02    0.153950863436300516E+02    0.153966006802562028E+02   -0.610572449311834816E+03   -0.842003421579841138E+01    1
    0.639359664916992188E+01    0.559735393524169922E+01    0.674794930219650269E+01    0.529637097838068271E+01    0.750947281519976872E+01    0.466140377521514937E+00    0.492923228765965682E+01    0.458916419744491599E+00    0.232295383101701702E+01    0.151284107776721211E+02    0.151218667491321437E+02    0.151290734115295002E+02   -0.610185770429035074E+03   -0.842036754913187302E+01    1
    0.281109142303466797E+01    0.773830890655517578E+00    0.198710116744041443E+01    0.392914619838487589E+01    0.519743273840337494E+01    0.458524155616760298E+00    0.273094757871318166E+02    0.275838917493820168E+00    0.261552264004945734E+01    0.158655702423264238E+02    0.158645235417825408E+02    0.158647456520221706E+02   -0.610029118343816208E+03   -0.842070088246503445E+01    1
    0.298553085327148438E+01    0.634446430206298828E+01    0.726349446177482605E+01    0.497955422971819406E+01    0.575887619235628989E+01    0.510243546962737993E+00    0.121350952699155155E+02    0.452779096364975042E+00    0.227622198498249029E+01    0.155125473743917777E+02    0.155140899997959174E+02    0.155144776764416541E+02   -0.609983083251604967E+03   -0.842103421579840550E+01    1
    0.253394412994384766E+01    0.237831306457519531E+01    0.541236925125122070E+01    0.284152261736021439E+01    0.717055643525105779E+01    0.162851703166961681E+00    0.146817756297853421E+02    0.388772201538086004E+00    0.290265563172101970E+01    0.155956648728879497E+02    0.155966693920751780E+02    0.155970084757248042E+02   -0.609962216687719547E+03   -0.842136754913174990E+01    1
    0.258905744552612305E+01    0.510864448547363281E+01    0.229062753915786743E+01    0.329789126428579671E+01    0.567799615836848304E+01    0.435175704956054732E+00    0.152285717864630588E+02    0.314154434204101607E+00    0.227750429904460905E+01    0.156124529424338974E+02    0.156119724623713285E+02    0.156118210900119241E+02   -0.609869563493360602E+03   -0.842170088246509785E+01    1
    0.329536199569702148E+01    0.735515785217285156E+01    0.781583595275878906E+01    0.475340261411468035E+01    0.806125980237033346E+01    0.363050818443298340E+00    0.137962842246338973E+02    0.278881025314331066E+00    0.237606379789114008E+01    0.155684593923740824E+02    0.155687369118245940E+02    0.155702937783213535E+02   -0.609836009146054266E+03   -0.842203421579848843E+01    1
    0.287355041503906250E+01    0.275622367858886719E+00    0.762788641452789307E+01    0.369235993355784675E+01    0.662515497274214660E+01    0.238573825359344488E+00    0.128127782203114400E+02    0.473825478553771995E+00    0.296655156016349775E+01    0.155375171133929051E+02    0.155376982626891689E+02    0.155360707571951746E+02   -0.609765794992782389E+03   -0.842236754913172625E+01    1
    0.318151664733886719E+01    0.494066572189331055E+01    0.172206628322601318E+01    0.662353360023999649E+01    0.664278568586074325E+01    0.300172078609466542E+00    0.113283485567867288E+02    0.416238182783126853E+00    0.227372703903913465E+01    0.154824888395306068E+02    0.154827076773800449E+02    0.154835329082204183E+02   -0.609679376629305921E+03   -0.842270088246512749E+01    1
    0.477092123031616211E+01    0.540847349166870117E+01    0.581711995601654053E+01    0.374615740268368702E+01    0.492155589817856498E+01    0.280947327613830566E+00    0.523101649542194025E+01    0.523576056957244851E+00    0.226279407185316073E+01    0.151511976730495572E+02    0.151522188476744972E+02    0.151484836440633472E+02   -0.609596120674294980E+03   -0.842303421579852163E+01    1
    0.648720741271972656E+01    0.515158462524414062E+01    0.494770693778991699E+01    0.365581223008595835E+01    0.454957863171865018E+01    0.187727117538452171E+00    0.514618151370234500E+01    0.388856959342956610E+00    0.303694589596986786E+01    0.151463401376120714E+02    0.151474436829294739E+02    0.151472599626732283E+02   -0.609566099853303740E+03   -0.842336754913174346E+01    1
    0.473342514038085938E+01    0.736727714538574219E-01    0.458558011054992676E+01    0.277838245046432286E+01    0.580939386243781009E+01    0.113562607765197762E+00    0.104311718218767702E+02    0.257988762855529796E+00    0.237518677401542666E+01    0.154475817627876406E+02    0.154471124830950046E+02    0.154477063673678163E+02   -0.609409150766712628E+03   -0.842370088246515003E+01    1
    0.787491798400878906E+00    0.618193960189819336E+01    0.549793484807014465E+01    0.259230379911788722E+01    0.681525841547320077E+01    0.525869917869567827E+00    0.797710741321316430E+01    0.551549404859542847E+00    0.246549983966350528E+01    0.153324318871859351E+02    0.153348393752363457E+02    0.153346643772988518E+02   -0.609256567040489358E+03   -0.842403421579860634E+01    1
    0.287118482589721680E+01    0.789786672592163086E+01    0.723996523022651672E+01    0.442152393824969359E+01    0.501157040206932436E+01    0.150597190856933599E+00    0.161400561218179472E+01    0.984434711933136031E+00    0.278932705283164983E+01    0.151596751959814977E+02    0.149934643747041054E+02    0.149813434401857908E+02   -0.609255437370461436E+03   -0.842436754913173402E+01    1
    0.383705997467041016E+01    0.878150463104248047E+00    0.794904518127441406E+01    0.268164154707311386E+01    0.630920718029885208E+01    0.101396858692169189E+00    0.900668017241116203E+01    0.505549359321594283E+00    0.245010574537515646E+01    0.153866519766055525E+02    0.153842255912306261E+02    0.153867942886122613E+02   -0.609137212248226433E+03   -0.842470088246492566E+01    1
    0.283142423629760742E+01    0.678593778610229492E+01    0.270803290605545044E+01    0.314623687026914300E+01    0.572186664313561000E+01    0.228654623031616211E+00    0.317842449590768217E+01    0.815216827392578169E+00    0.295217987602949172E+01    0.152238579929200206E+02    0.152332549016703798E+02    0.151382557652356073E+02   -0.608930928045448582E+03   -0.842503421579833400E+01    1
    0.386781120300292969E+01    0.771087455749511719E+01    0.761322903633117676E+01    0.356557835309186721E+01    0.395639888295961484E+01    0.485051131248474099E+00    0.232382099840355281E+02    0.135365301370620750E+00    0.232527328109741216E+01    0.157949988184393888E+02    0.157948803020761765E+02    0.157952812356779049E+02   -0.608794928865777592E+03   -0.842536754913161978E+01    1
    0.284418725967407227E+01    0.169705390930175781E+01    0.540565925836563110E+01    0.290234647710341509E+01    0.644259536455798010E+01    0.367660391330719039E+00    0.257969940742178814E+02    0.333998703956604026E+00    0.288097769248485580E+01    0.158407863151149648E+02    0.158402754559320709E+02    0.158405431520262425E+02   -0.608776444815434616E+03   -0.842570088246495885E+01    1
    0.758676815032958984E+01    0.546265125274658203E+00    0.785064119100570679E+01    0.396707405090286969E+01    0.722119203303183621E+01    0.202138662338256836E+00    0.137582481987593663E+02    0.143862056732177751E+00    0.287040538245439514E+01    0.155678909113748478E+02    0.155672222791173400E+02    0.155672983365659228E+02   -0.608748213316352007E+03   -0.842603421579829082E+01    1
    0.440884542465209961E+01    0.697548484802246094E+01    0.366536426544189453E+01    0.347064895734315115E+01    0.699955572614548949E+01    0.443094480037689253E+00    0.562743180807915966E+01    0.440492326021194480E+00    0.280584258997440328E+01    0.151813520246818001E+02    0.151834681320843483E+02    0.151829362457016650E+02   -0.608741297529723852E+03   -0.842636754913156238E+01    1
    0.565229082107543945E+01    0.626987934112548828E+01    0.183967712521553040E+01    0.364160437467053111E+01    0.689730674752980288E+01    0.107990765571594247E+00    0.118089029400379903E+02    0.201065367460250860E+00    0.239727855557203284E+01    0.155021647915231497E+02    0.155024354984383557E+02    0.155018863393140673E+02   -0.608380400320060517E+03   -0.842670088246499027E+01    1
    0.263929700851440430E+01    0.326860189437866211E+01    0.455973076820373535E+01    0.402848888829439833E+01    0.498769111716212432E+01    0.479777479171752952E+00    0.120574392732119744E+02    0.431618505716323875E+00    0.292617334246635430E+01    0.155119857540210901E+02    0.155098952692819285E+02    0.155127048209303489E+02   -0.608344120884856011E+03   -0.842703421579829381E+01    1
    0.733564758300781250E+01    0.168674087524414062E+01    0.321243035793304443E+01    0.346907725073062512E+01    0.400632469046650286E+01    0.131506729125976551E+00    0.415236705899555147E+01    0.505058997869491599E+00    0.241605018615722633E+01    0.150485190739910699E+02    0.150557694932297998E+02    0.150561251438048451E+02   -0.608325506475983047E+03   -0.842736754913171282E+01    1
    0.292032098770141602E+01    0.282048130035400391E+01    0.614297616481781006E+01    0.259625056949595789E+01    0.566327527310686385E+01    0.262405109405517589E+00    0.104011643903065440E+02    0.413399010896682739E+00    0.268186463063955305E+01    0.154474991326045430E+02    0.154491492062417741E+02    0.154455964086410429E+02   -0.608310430872778397E+03   -0.842770088246524729E+01    1
    0.291676998138427734E+01    0.210054063796997070E+01    0.891883254051208496E+00    0.482504515720109950E+01    0.498904094741573534E+01    0.503412711620330855E+00    0.253864406652890828E+02    0.211639547348022483E+00    0.242263618963956828E+01    0.158339757995223547E+02    0.158328429531591102E+02    0.158331258787048501E+02   -0.608288657207468418E+03   -0.842803421579839984E+01    1
    0.548339605331420898E+01    0.209796380996704102E+01    0.119046765565872192E+01    0.491613578186267652E+01    0.578207095669951343E+01    0.161147248744964611E+00    0.308685881547990437E+01    0.701514554023742631E+00    0.296720233201980577E+01    0.150349171980520513E+02    0.151442248916832281E+02    0.150876477929004018E+02   -0.608204765483814754E+03   -0.842836754913170161E+01    1
    0.289017724990844727E+01    0.478460597991943359E+01    0.749244111776351929E+01    0.545111771591493088E+01    0.701494767567146216E+01    0.368255412578582741E+00    0.337825550276642517E+02    0.166236239671707142E+00    0.240090506523847580E+01    0.159573515363447545E+02    0.159573116063726381E+02    0.159579481536630876E+02   -0.608094709236848416E+03   -0.842870088246518634E+01    1
    0.727504730224609375E+00    0.526830053329467773E+01    0.371611300110816956E+01    0.258921180982901067E+01    0.742209088470316658E+01    0.312791979312896706E+00    0.248988332441273101E+02    0.192109042406082176E+00    0.279786542248725878E+01    0.158252839511410297E+02    0.158257239885513492E+02    0.158260103712371993E+02   -0.608036495370447255E+03   -0.842903421579839751E+01    1
    0.602974271774291992E+01    0.237035751342773438E-02    0.277063208818435669E+01    0.271593647951894024E+01    0.308747312220894310E+01    0.113210701942443856E+00    0.443239443794914489E+01    0.461296290159225464E+00    0.302940696209669103E+01    0.150752719302133738E+02    0.150820677085926196E+02    0.150774808140158978E+02   -0.607836154570417534E+03   -0.842936754913164599E+01    1
    0.484357690811157227E+01    0.211788272857666016E+01    0.153617310523986816E+01    0.393380123023233574E+01    0.768002389218497683E+01    0.417056238651275613E+00    0.346106047423374674E+01    0.654992389678955123E+00    0.279088870286941537E+01    0.151895407050877580E+02    0.149917906466462139E+02    0.150637618676415990E+02   -0.607728478697812761E+03   -0.842970088246500815E+01    1
    0.582148504257202148E+01    0.962503910064697266E+00    0.539482492208480835E+01    0.332867116445311151E+01    0.432187073348671369E+01    0.182471454143524170E+00    0.192023212378541230E+01    0.485192948579788230E+00    0.267991859000921240E+01    0.153094892057485836E+02    0.149407493740114408E+02    0.150690684919113700E+02   -0.607690259852829399E+03   -0.843003421579831169E+01    1
    0.535211420059204102E+01    0.171943855285644531E+01    0.317381906509399414E+01    0.297989436480343306E+01    0.740270725778499816E+01    0.100604391098022466E+00    0.884621715585696755E+01    0.261060374975204512E+00    0.254676793557405468E+01    0.153765965819550505E+02    0.153765836698972134E+02    0.153760783475613341E+02   -0.607566854237399639E+03   -0.843036754913165609E+01    1
    0.504821443557739258E+01    0.423222637176513672E+01    0.725914838910102844E+01    0.640108979070431783E+01    0.755667331932819497E+01    0.303855967521667492E+00    0.233778733790382143E+01    0.733034372329711914E+00    0.261217303735017747E+01    0.151107702363518399E+02    0.151269724466707505E+02    0.149961099704501741E+02   -0.607424479918166639E+03   -0.843070088246514970E+01    1
    0.629418992996215820E+01    0.186479330062866211E+01    0.416103783249855042E+01    0.489845174872141520E+01    0.622834429458840688E+01    0.222275006771087635E+00    0.876945346237576118E+01    0.244875442981719982E+00    0.272414354747533771E+01    0.153732077801605254E+02    0.153742746115613116E+02    0.153718569316360121E+02   -0.607323683681983766E+03   -0.843103421579840884E+01    1
    0.709699726104736328E+01    0.226055669784545898E+01    0.928030490875244141E+00    0.289679254332228586E+01    0.682697198772927649E+01    0.338144004344940186E+00    0.430137529303528066E+01    0.496426790952682495E+00    0.235746123641729355E+01    0.150668298839151991E+02    0.150669252015040822E+02    0.150626216301586275E+02   -0.607319468582663035E+03   -0.843136754913156317E+01    1
    0.476172208786010742E+01    0.196354818344116211E+01    0.630011874437332153E+01    0.405415952790411005E+01    0.822531369958612579E+01    0.443745791912078857E+00    0.799690885984085220E+01    0.303546887636184703E+00    0.290744199293851846E+01    0.153355669038886600E+02    0.153321572526144614E+02    0.153346829549176285E+02   -0.607142423603135512E+03   -0.843170088246501948E+01    1
    0.302649736404418945E+01    0.209952831268310547E+01    0.929860651493072510E+00    0.627493301740802067E+01    0.687491822669716957E+01    0.252384555339813244E+00    0.391722808233680730E+01    0.796332305669784524E+00    0.277816945296525963E+01    0.152407645387124884E+02    0.153454875934981896E+02    0.150655150318423381E+02   -0.606922455893082088E+03   -0.843203421579842427E+01    1
    0.851638793945312500E+00    0.333922481536865234E+01    0.225107076764106750E+01    0.200916364558679827E+01    0.379755936411856343E+01    0.239672958850860596E+00    0.157770628923238707E+02    0.415727758407592796E+00    0.292616878807544722E+01    0.156282632694156032E+02    0.156276145413433092E+02    0.156287233849459835E+02   -0.606725950834438208E+03   -0.843236754913169584E+01    1
    0.339768218994140625E+01    0.213199615478515625E+01    0.536386016011238098E+01    0.427018402344353909E+01    0.605867485092004454E+01    0.277814114093780540E+00    0.181309169620416166E+01    0.369953554868698187E+00    0.273848502081632628E+01    0.150008663776091709E+02    0.150174311154134408E+02    0.148140571398408714E+02   -0.606693349279659174E+03   -0.843270088246501892E+01    1
    0.281701946258544922E+01    0.605341434478759766E+00    0.111190709471702576E+01    0.414660632053203493E+01    0.701099649606622499E+01    0.551110398769378618E+00    0.716997431998092605E+01    0.694697397947311446E+00    0.261118473452329614E+01    0.152883864077969331E+02    0.152883213354855343E+02    0.152865924519643883E+02   -0.606569587939900998E+03   -0.843303421579833312E+01    1
    0.304889345169067383E+01    0.383776998519897461E+01    0.630507010221481323E+01    0.221999764959912493E+01    0.330499393008930564E+01    0.161658298969268810E+00    0.661528832428467339E+01    0.552259868383407571E+00    0.230858002150058716E+01    0.152530121184784591E+02    0.152548699314116263E+02    0.152493087949465398E+02   -0.606482114245503453E+03   -0.843336754913159581E+01    1
    0.290127849578857422E+01    0.267896270751953125E+01    0.756377267837524414E+01    0.204230327027501124E+01    0.477492297521239362E+01    0.175628817081451422E+00    0.189133046510793568E+01    0.782156831026077248E+00    0.300496349549293518E+01    0.151631474882582733E+02    0.151851426337244995E+02    0.151404701319346806E+02   -0.606456344778166226E+03   -0.843370088246502547E+01    1
    0.452582025527954102E+01    0.450749778747558594E+01    0.794428738951683044E+01    0.250213022922100103E+01    0.714211047172491575E+01    0.128818511962890625E+00    0.886193919708302680E+01    0.272420817613601707E+00    0.285303114020824422E+01    0.153804504918726614E+02    0.153797288886094172E+02    0.153766336684786076E+02   -0.606390819198435111E+03   -0.843403421579834500E+01    1
    0.314989948272705078E+01    0.713882780075073242E+01    0.521406191587448120E+01    0.383359255621410444E+01    0.745188867794336218E+01    0.310722529888153076E+00    0.576275877094199718E+01    0.745447099208831787E+00    0.249955074328184113E+01    0.153462176217775230E+02    0.153116548669247461E+02    0.151925465020988000E+02   -0.606375087599455810E+03   -0.843436754913154907E+01    1
    0.204116582870483398E+01    0.767639780044555664E+01    0.590393814444541931E+01    0.496157180588178548E+01    0.803100757681797184E+01    0.207276558876037603E+00    0.206265054909943357E+01    0.798837971687316850E+00    0.276703447324037555E+01    0.152226355374253686E+02    0.151921908069895508E+02    0.152344944291511926E+02   -0.606363506091409022E+03   -0.843470088246489347E+01    1
    0.508316993713378906E+01    0.885653495788574219E+00    0.220247539877891541E+01    0.216771617777264325E+01    0.464505603641688225E+01    0.107414591312408450E+00    0.908270526083273211E+01    0.630265158414840654E+00    0.269455139255523690E+01    0.153895784645357843E+02    0.153880426765968998E+02    0.153902104996352715E+02   -0.606317447680174723E+03   -0.843503421579839419E+01    1
    0.246706390380859375E+01    0.368381500244140625E+00    0.313251662254333496E+01    0.528661957296482932E+01    0.770303703215068403E+01    0.317340362071990956E+00    0.226558839354139536E+02    0.395143735408783003E+00    0.300896417367458335E+01    0.157836974056025365E+02    0.157834636632685861E+02    0.157848493340525788E+02   -0.606316030404425874E+03   -0.843536754913182385E+01    1
    0.793887472152709961E+01    0.667939710617065430E+01    0.603381338715553284E+01    0.575139624274336381E+01    0.723628889162111566E+01    0.317189121246337913E+00    0.326782772857415704E+01    0.324822062253952049E+00    0.277760384821891781E+01    0.154349186707738468E+02    0.152222885348751262E+02    0.151200625150681525E+02   -0.606224191679648925E+03   -0.843570088246496752E+01    1
    0.295064830780029297E+01    0.261348628997802734E+01    0.747404205799102783E+01    0.633589436935767569E+01    0.702275552047362961E+01    0.412776148319244363E+00    0.240307972539256944E+02    0.222091203927993780E+00    0.238104706060886384E+01    0.158099832690143884E+02    0.158104513733209053E+02    0.158091692792320746E+02   -0.605986593027309709E+03   -0.843603421579839008E+01    1
    0.495465373992919922E+01    0.670052671432495117E+01    0.254955145716667175E+01    0.271452419716523252E+01    0.618491404728510119E+01    0.212356698513031017E+00    0.641128176435924235E+01    0.381130051612854071E+00    0.269338298887014371E+01    0.152401886599231453E+02    0.152381006490671069E+02    0.152374862253584524E+02   -0.605978254882821830E+03   -0.843636754913189968E+01    1
    0.442780542373657227E+01    0.731692886352539062E+01    0.947278916835784912E+00    0.200889495913153970E+01    0.223744770895902345E+01    0.131803739070892323E+00    0.281957612994572067E+02    0.676461648941039995E+00    0.248935083061456686E+01    0.158789806341526702E+02    0.158795568792769011E+02    0.158794915271610595E+02   -0.605947239976922901E+03   -0.843670088246506111E+01    1
    0.276029062271118164E+01    0.164842176437377930E+01    0.267994391918182373E+01    0.541501240793281635E+01    0.707868510787438421E+01    0.126636695861816417E+00    0.127104067051672587E+02    0.488611531257629461E+00    0.243972897052764903E+01    0.155337429266826366E+02    0.155336682804498452E+02    0.155344212901013652E+02   -0.605766775370896880E+03   -0.843703421579822255E+01    1
    0.315650558471679688E+01    0.669817543029785156E+01    0.366565662622451782E+01    0.281230034583125299E+01    0.445413404816344816E+01    0.519426143169403054E+00    0.880025927051333845E+01    0.368601560592651367E+00    0.298548234140872948E+01    0.153749807935511615E+02    0.153731918147246773E+02    0.153741151529807905E+02   -0.605725832342294893E+03   -0.843736754913174103E+01    1
    0.277528095245361328E+01    0.604750156402587891E+01    0.400054115056991577E+01    0.225553263091185086E+01    0.253207218952668489E+01    0.483090794086456277E+00    0.133695754310480961E+02    0.252269166707992598E+00    0.264581060469150531E+01    0.155553948831710045E+02    0.155551488052283204E+02    0.155570504157416671E+02   -0.605596708927377676E+03   -0.843770088246521865E+01    1
    0.174147224426269531E+01    0.985522747039794922E+00    0.786567184329032898E+01    0.449547797654954362E+01    0.563336554456114236E+01    0.415619647502899148E+00    0.436018191784118425E+01    0.210434216260910023E+00    0.288511687475442891E+01    0.153764369575262965E+02    0.152082221875505432E+02    0.152614210609094609E+02   -0.605575945408215375E+03   -0.843803421579852575E+01    1
    0.239254951477050781E+01    0.260487937927246094E+01    0.214153471589088440E+01    0.287315697712683171E+01    0.406999901315177404E+01    0.122643494606018075E+00    0.217187627557759519E+02    0.317185598611831709E+00    0.304196129244565983E+01    0.157663602282927346E+02    0.157661981539322653E+02    0.157655495144629398E+02   -0.605276127470377219E+03   -0.843836754913180265E+01    1
    0.286024999618530273E+01    0.133540821075439453E+01    0.670101287961006165E+01    0.327787572230785695E+01    0.793342137799704350E+01    0.351161801815032981E+00    0.214840101592206594E+02    0.427856653928756714E+00    0.298141527032852149E+01    0.157618139636483203E+02    0.157611130211762713E+02    0.157608691128428653E+02   -0.605197259625285142E+03   -0.843870088246494454E+01    1
    0.561963272094726562E+01    0.297950744628906250E+00    0.108812439441680908E+01    0.209273467013743941E+01    0.282974997484064206E+01    0.381371414661407448E+00    0.142651660863068699E+02    0.560288149118423506E+00    0.283767494857311231E+01    0.155848118920967327E+02    0.155839560082930504E+02    0.155850370576005659E+02   -0.605097564331185708E+03   -0.843903421579837243E+01    1
    0.368177795410156250E+01    0.569879293441772461E+01    0.968948930501937866E+00    0.373622920541791226E+01    0.422200978890422007E+01    0.423645138740539551E+00    0.345099209091525481E+02    0.100242418050766002E+00    0.242742776310443853E+01    0.159669048832871923E+02    0.159667617973100473E+02    0.159664680809473847E+02   -0.605057870088513255E+03   -0.843936754913174703E+01    1
    0.326226234436035156E+01    0.525453090667724609E+00    0.614507079124450684E+00    0.317209575960875512E+01    0.354993708189846879E+01    0.202689266204833990E+00    0.211774570390213093E+02    0.690179109573364258E+00    0.288060165160894410E+01    0.157543200472546623E+02    0.157556150772895975E+02    0.157552619870982085E+02   -0.605012869116592242E+03   -0.843970088246500438E+01    1
    0.478877973556518555E+01    0.122101306915283203E+01    0.783247503638267517E+01    0.387375610688907468E+01    0.520133305245487598E+01    0.253811132907867443E+00    0.627988477812874368E+01    0.377790325880050681E+00    0.296247234404087045E+01    0.152308256280454088E+02    0.152318760831963971E+02    0.152276838440863251E+02   -0.604924145606029015E+03   -0.844003421579834345E+01    1
    0.254137039184570312E+01    0.104551792144775391E+00    0.545623767375946045E+01    0.661782542820256925E+01    0.705936324592385489E+01    0.472349369525909446E+00    0.775854222176543473E+01    0.858763617277145341E+00    0.247745744359493258E+01    0.154890732913095643E+02    0.153492947555973096E+02    0.154402014833911885E+02   -0.604910212913526152E+03   -0.844036754913172160E+01    1
    0.304717874526977539E+01    0.777797698974609375E+00    0.190771761536598206E+01    0.463486836502294874E+01    0.750595946529378999E+01    0.208531510829925548E+00    0.335126589192685529E+02    0.112920522689819336E+00    0.272755893582105635E+01    0.159543102487901045E+02    0.159540406522116687E+02    0.159538825614966626E+02   -0.604814163829226459E+03   -0.844070088246510863E+01    1
    0.292154979705810547E+01    0.205729341506958008E+01    0.639077696204185486E+01    0.310983868114409923E+01    0.705704553092886400E+01    0.259788560867309559E+00    0.747615173356034823E+01    0.630935013294219971E+00    0.294532187420129787E+01    0.153060083146087571E+02    0.153038788298090793E+02    0.153050059400892184E+02   -0.604769684761212943E+03   -0.844103421579848501E+01    1
    0.658543348312377930E+01    0.192737579345703125E-02    0.796840178966522217E+01    0.270937920699003332E+01    0.738317765201663967E+01    0.270448410511016868E+00    0.350761820935124158E+01    0.600491189956665061E+00    0.224802306884527203E+01    0.151775886369857762E+02    0.149784633853276699E+02    0.152310752129734688E+02   -0.604746654843690749E+03   -0.844136754913184539E+01    1
    0.648646593093872070E+01    0.299525642395019531E+01    0.268883901834487915E+01    0.749727090099425819E+01    0.781417251802369428E+01    0.241904342174530024E+00    0.247527674852796187E+01    0.399949985742569014E+00    0.290195192772150046E+01    0.152122335046753943E+02    0.151858622162972843E+02    0.151521897966616272E+02   -0.604732923335836517E+03   -0.844170088246519690E+01    1
    0.340215063095092773E+01    0.331065034866333008E+01    0.968169301748275757E+00    0.330001735487612002E+01    0.353609205597927945E+01    0.166039025783538824E+00    0.240619019196018513E+02    0.678946554660797119E+00    0.221179956895112984E+01    0.158099320588634491E+02    0.158100753627453052E+02    0.158108975994186096E+02   -0.604664485245021638E+03   -0.844203421579855728E+01    1
    0.596035146713256836E+01    0.596658563613891602E+01    0.529089021682739258E+01    0.609073670546908108E+01    0.639284710231867948E+01    0.248728775978088373E+00    0.229983883459416028E+01    0.465056210756301880E+00    0.231077392220497124E+01    0.152856288967044645E+02    0.153652607928049267E+02    0.151310128830440149E+02   -0.604557742165655100E+03   -0.844236754913169918E+01    1
    0.213526535034179688E+01    0.643174171447753906E+00    0.540006104111671448E+01    0.281194427464882057E+01    0.778847903323075919E+01    0.201346266269683827E+00    0.226306654916848560E+01    0.752547281980514571E+00    0.250978147399425477E+01    0.153179580623422034E+02    0.152801959312199056E+02    0.153715874695793406E+02   -0.604503454364848494E+03   -0.844270088246492634E+01    1
    0.285662460327148438E+01    0.112346410751342773E+01    0.202391493320465088E+01    0.450228080597638325E+01    0.740883547761752936E+01    0.170651352405548101E+00    0.110404783021420894E+02    0.539792799949646018E+00    0.252736445915699015E+01    0.154722372893288203E+02    0.154742342255178844E+02    0.154750221899464595E+02   -0.604450199270356165E+03   -0.844303421579829028E+01    1
    0.731306314468383789E+01    0.106403255462646484E+01    0.810225188732147217E+00    0.468313867313483723E+01    0.700105106294231483E+01    0.267758154869079612E+00    0.267567994041678903E+01    0.534532183408737205E+00    0.288935245829820619E+01    0.153246243049162540E+02    0.153954024635166071E+02    0.151731595821808334E+02   -0.604438662431794569E+03   -0.844336754913160448E+01    1
    0.280210256576538086E+01    0.452585697174072266E+01    0.402250933647155762E+01    0.461914118244864014E+01    0.477379625458920032E+01    0.227951025962829595E+00    0.194082767758704433E+01    0.785993945598602251E+00    0.289349973726272580E+01    0.151299576959051993E+02    0.150518071304933887E+02    0.150425809717854797E+02   -0.604303025448162884E+03   -0.844370088246494710E+01    1
    0.303426694869995117E+01    0.146052169799804688E+01    0.933225929737091064E+00    0.408052704711345005E+01    0.815461855669458302E+01    0.151071798801422130E+00    0.194776001882039687E+02    0.757714825868606612E+00    0.282363067454099648E+01    0.157177725083816462E+02    0.157186930785827705E+02    0.157184126880937622E+02   -0.604299120213050969E+03   -0.844403421579841407E+01    1
    0.592586612701416016E+01    0.175480699539184570E+01    0.213618907332420349E+01    0.425969796199118811E+01    0.782968209779927715E+01    0.463878953456878684E+00    0.682548336995543270E+01    0.332752496004104614E+00    0.255749848538637137E+01    0.152639300578338979E+02    0.152680301156323353E+02    0.152650164667729378E+02   -0.604221756884019328E+03   -0.844436754913184906E+01    1
    0.509894800186157227E+01    0.706262588500976562E-01    0.303263562917709351E+01    0.240496163200532154E+01    0.578491427901162680E+01    0.238838148117065441E+00    0.111531625370640164E+02    0.811280739307403520E+00    0.261314985299110392E+01    0.154776604513430307E+02    0.154762216488920803E+02    0.154783621725253067E+02   -0.604122524986408052E+03   -0.844470088246511530E+01    1
    0.322292852401733398E+01    0.671137142181396484E+01    0.237090471386909485E+01    0.382087323658257461E+01    0.403077276780036708E+01    0.501001441478729270E+00    0.641574328047091402E+01    0.494109308719634988E+00    0.294251211863756179E+01    0.152368078355172294E+02    0.152417068782629652E+02    0.152362383107732544E+02   -0.604071228342090876E+03   -0.844503421579833891E+01    1
    0.229551124572753906E+01    0.335233926773071289E+01    0.210754710435867310E+01    0.372871906270645592E+01    0.448787434151130338E+01    0.515380334854125932E+00    0.166340966557123018E+02    0.446825879812240645E+00    0.291345778667926769E+01    0.156512588609295094E+02    0.156494977364352241E+02    0.156512683571326878E+02   -0.604031097236957294E+03   -0.844536754913166554E+01    1
    0.578103780746459961E+01    0.406132268905639648E+01    0.335155743360519409E+01    0.679481649641477237E+01    0.737130081581543894E+01    0.203198492527008057E+00    0.311588642126292603E+01    0.641458928585052490E+00    0.292417598903179154E+01    0.152080647941405616E+02    0.153606582982228694E+02    0.152279907471617975E+02   -0.604012071956088448E+03   -0.844570088246498862E+01    1
    0.773856163024902344E+00    0.734286260604858398E+01    0.317727866768836975E+01    0.334666904173691293E+01    0.611000312471953677E+01    0.443934941291809104E+00    0.183617417166612751E+01    0.652053171396255515E+00    0.288727823686599727E+01    0.147907401919577168E+02    0.148527713542821775E+02    0.147724117417711103E+02   -0.603882264592501997E+03   -0.844603421579822111E+01    1
    0.182400846481323242E+01    0.409643602371215820E+01    0.530590611696243286E+01    0.281269998350001105E+01    0.685711869528349638E+01    0.300659811496734597E+00    0.661528192019456096E+01    0.764703106880187944E+00    0.266133105802536019E+01    0.154713772827428819E+02    0.153929374956646505E+02    0.152941215012199674E+02   -0.603794761239519630E+03   -0.844636754913153709E+01    1
    0.219516563415527344E+01    0.606605148315429688E+01    0.248494240641593933E+01    0.268634199542733976E+01    0.544762791009303093E+01    0.353724634647369363E+00    0.104157998709101918E+02    0.383060973882675238E+00    0.229041270798444740E+01    0.154464998625665828E+02    0.154464775367390690E+02    0.154469072933554177E+02   -0.603493434021381631E+03   -0.844670088246487438E+01    1
    0.585149669647216797E+01    0.232201147079467773E+01    0.372825044393539429E+01    0.504005996494139197E+01    0.693591054853317157E+01    0.219847142696380615E+00    0.216766054936994301E+01    0.151660794019699119E+00    0.255022573035955435E+01    0.152461886618467428E+02    0.152629508895796384E+02    0.151113752941175381E+02   -0.603334549168677768E+03   -0.844703421579817793E+01    1
    0.328744983673095703E+01    0.181252002716064453E+01    0.764323714375495911E+01    0.264322436904560387E+01    0.716111593286420600E+01    0.459776639938354492E+00    0.148923719984364809E+02    0.549288946390152022E+00    0.264959884583950034E+01    0.156017708397779220E+02    0.156012798509043424E+02    0.156033730971032671E+02   -0.603333981442641743E+03   -0.844736754913166266E+01    1
    0.276667118072509766E+01    0.225366449356079102E+01    0.503161430358886719E+00    0.230461125187449545E+01    0.614234286652486006E+01    0.400776624679565430E+00    0.206890747229559331E+02    0.649322789907455400E+00    0.278825535404682157E+01    0.157441129023594435E+02    0.157455639817686901E+02    0.157449948919943310E+02   -0.603278361054119728E+03   -0.844770088246504081E+01    1
    0.427620363235473633E+01    0.134100437164306641E+01    0.158573228120803833E+01    0.226251131971010677E+01    0.512725579817764920E+01    0.226111423969268810E+00    0.172622546425719605E+02    0.646438825130462691E+00    0.263893868666887288E+01    0.156670744245831468E+02    0.156676882302612928E+02    0.156654798214190265E+02   -0.603247994885588810E+03   -0.844803421579829639E+01    1
    0.290106344223022461E+01    0.442200803756713867E+01    0.608884516358375549E+01    0.551520546692575486E+01    0.766100535933267768E+01    0.224678552150726324E+00    0.905510790184149172E+01    0.557269644737243719E+00    0.238235351294279107E+01    0.153856010649919028E+02    0.153854095629071566E+02    0.153892874269303590E+02   -0.603209240494830169E+03   -0.844836754913168342E+01    1
    0.140473794937133789E+01    0.577077484130859375E+01    0.837539911270141602E+00    0.214511681742123450E+01    0.290423889680866187E+01    0.301009893417358398E+00    0.339339519873159219E+02    0.311223852634429976E+00    0.276903941732645009E+01    0.159595978751592860E+02    0.159594921871789772E+02    0.159596655764107105E+02   -0.603194198349585008E+03   -0.844870088246494788E+01    1
    0.206625890731811523E+01    0.797020101547241211E+01    0.578659060597419739E+01    0.270044356702132848E+01    0.723375898814570295E+01    0.391379487514495805E+00    0.241007030300301928E+01    0.464231592416763372E+00    0.252466416078805933E+01    0.151786285053956167E+02    0.149706735749686075E+02    0.149864036611226670E+02   -0.603172697127506126E+03   -0.844903421579837044E+01    1
    0.266618871688842773E+01    0.466885566711425781E+00    0.281951534748077393E+01    0.549521056920971773E+01    0.703880322379267742E+01    0.159196817874908442E+00    0.150402339003460828E+02    0.495521438121795721E+00    0.247565972429513925E+01    0.156081087004156114E+02    0.156071951591680680E+02    0.156080351640317296E+02   -0.603137655238750881E+03   -0.844936754913172550E+01    1
    0.213243484497070312E+00    0.732641172409057617E+01    0.230740118026733398E+01    0.258186852000924016E+01    0.824298574505830928E+01    0.309313619136810325E+00    0.157405787909532560E+02    0.257088452577590942E+00    0.281100058948993681E+01    0.156268292443865491E+02    0.156270966333070671E+02    0.156276604388531908E+02   -0.603077193391708761E+03   -0.844970088246505568E+01    1
    0.259140729904174805E+01    0.301946163177490234E+00    0.449066030979156494E+01    0.484037389503576954E+01    0.732456379171768823E+01    0.144846749305725109E+00    0.123330136748407124E+02    0.729172044992446922E+00    0.272109569847583765E+01    0.155205408504219182E+02    0.155218234188422350E+02    0.155212903642025601E+02   -0.603074557436633654E+03   -0.845003421579841607E+01    1
    0.222632265090942383E+01    0.387127447128295898E+01    0.300881358981132507E+01    0.334503568197331669E+01    0.380113491026223915E+01    0.339264202117919911E+00    0.606696372476678558E+01    0.918381989002227783E+00    0.290457834374904644E+01    0.153561872666236159E+02    0.154245772623223552E+02    0.152180090894702058E+02   -0.603006585457826873E+03   -0.845036754913162014E+01    1
    0.594256782531738281E+01    0.468852519989013672E+00    0.715831744670867920E+01    0.220594726331477764E+01    0.445343890314678070E+01    0.333789455890655506E+00    0.117578409948747407E+02    0.429607439041137740E+00    0.221604416006803495E+01    0.155012768318794727E+02    0.154992396662166225E+02    0.154993081246114421E+02   -0.602671809394816137E+03   -0.845070088246500717E+01    1
    0.262409782409667969E+01    0.303162145614624023E+01    0.254444587230682373E+01    0.644961229871771913E+01    0.713036609957405521E+01    0.184405469894409202E+00    0.304216180916604415E+02    0.166119456291198730E+00    0.281543413722515101E+01    0.159127002547738527E+02    0.159120865385839121E+02    0.159123399929979730E+02   -0.602438176103661021E+03   -0.845103421579841196E+01    1
    0.611934375762939453E+01    0.589165687561035156E-01    0.298916372656822205E+01    0.481765862644064669E+01    0.736603964093973573E+01    0.257074952125549316E+00    0.188014947786724100E+02    0.119473320245742809E+00    0.229480283719301204E+01    0.157032089502607874E+02    0.157030747192558984E+02    0.157041565325421200E+02   -0.602393666734956582E+03   -0.845136754913167998E+01    1
    0.263350629806518555E+01    0.535158777236938477E+01    0.158116358518600464E+01    0.254077239957382250E+01    0.296918757597740912E+01    0.209942781925201438E+00    0.324536081332829554E+02    0.275821483135223366E+00    0.246999294871091823E+01    0.159404440371791019E+02    0.159400360570254183E+02    0.159397525155707207E+02   -0.601899782377391830E+03   -0.845170088246493023E+01    1
    0.524428033828735352E+01    0.696673774719238281E+01    0.559500086307525635E+01    0.436092587941426224E+01    0.560106507473323667E+01    0.269556915760040261E+00    0.263632467197909381E+01    0.793601280450820901E+00    0.253624086582660668E+01    0.150703286349004166E+02    0.150104849328039034E+02    0.150410322094966489E+02   -0.601888504870199085E+03   -0.845203421579829595E+01    1
    0.341389703750610352E+01    0.170644569396972656E+01    0.569926592707633972E+01    0.254080669883220311E+01    0.733978316539213793E+01    0.184049773216247547E+00    0.344225008097242267E+02    0.276514887809753418E+00    0.268398733103275289E+01    0.159652609565205328E+02    0.159659120865575357E+02    0.159656904464630340E+02   -0.601880431727427890E+03   -0.845236754913165633E+01    1
    0.340751171112060547E+01    0.195284986495971680E+01    0.512659463286399841E+01    0.266935391690126611E+01    0.726517091843099116E+01    0.498112559318542480E+00    0.890802089483549508E+01    0.809599530696868852E+00    0.228352449536323521E+01    0.153802364832919221E+02    0.153781829890728545E+02    0.153808923912834850E+02   -0.601780584619081424E+03   -0.845270088246491191E+01    1
    0.307968568801879883E+01    0.430534839630126953E+00    0.408485639095306396E+01    0.293787041472917787E+01    0.729611212818586452E+01    0.238654971122741699E+00    0.177954186260969820E+02    0.332386589050292947E+00    0.299000500339269637E+01    0.156797665648903113E+02    0.156792308535342482E+02    0.156799118710022665E+02   -0.601756523504198071E+03   -0.845303421579822967E+01    1
    0.762118673324584961E+01    0.730934429168701172E+01    0.215816351771354675E+01    0.493937725838738295E+01    0.520375733274614749E+01    0.426084017753601052E+00    0.106221802135706369E+02    0.186172884702682506E+00    0.277371368992328637E+01    0.154580987673683978E+02    0.154575175225201686E+02    0.154556960485037571E+02   -0.601622060461828823E+03   -0.845336754913178723E+01    1
    0.351462507247924805E+01    0.596316766738891602E+01    0.192986729741096497E+01    0.576597366003163980E+01    0.645646361183412498E+01    0.500608193874359175E+00    0.113659277575665723E+02    0.269704598188400313E+00    0.276549104076623919E+01    0.154854250026573350E+02    0.154860616312637287E+02    0.154842920903387782E+02   -0.601508057309609967E+03   -0.845370088246526130E+01    1
    0.288989305496215820E+01    0.366625642776489258E+01    0.738917115330696106E+01    0.720940921421760539E+01    0.722521805922084770E+01    0.493438041210174538E+00    0.195671058863122411E+02    0.207858920097351074E+00    0.280299346423149132E+01    0.157212300247642567E+02    0.157203523285945668E+02    0.157211122832197656E+02   -0.601485940051861917E+03   -0.845403421579859504E+01    1
    0.396604967117309570E+01    0.434914922714233398E+01    0.784815210103988647E+01    0.308439367610785009E+01    0.563165685388008619E+01    0.164204144477844260E+00    0.271367754175064579E+01    0.872374165058136031E+00    0.287298291468620315E+01    0.150939442932672225E+02    0.151364645699970577E+02    0.152536101490478710E+02   -0.601425391915532487E+03   -0.845436754913174582E+01    1
    0.354021310806274414E+01    0.506079769134521484E+01    0.577460515499114990E+01    0.572695139399555408E+01    0.781058613834432869E+01    0.414046871662139937E+00    0.595992789732403772E+01    0.531559276580810591E+00    0.262260203588008878E+01    0.152069041852150821E+02    0.152037687125675429E+02    0.152047124664911308E+02   -0.601323765434716620E+03   -0.845470088246494278E+01    1
    0.344723558425903320E+01    0.135249948501586914E+01    0.175986039638519287E+01    0.279015581210656638E+01    0.354108499897300533E+01    0.216285419464111339E+00    0.245291366585529458E+01    0.890936607122421287E+00    0.298414041543006903E+01    0.151526373026267720E+02    0.149243010721749112E+02    0.151450271733647632E+02   -0.601152425800698666E+03   -0.845503421579843106E+01    1
    0.338503646850585938E+01    0.373576736450195312E+01    0.181425201892852783E+01    0.447056414731764029E+01    0.513545037452766540E+01    0.192211198806762684E+00    0.778922635219087667E+01    0.400455260276794456E+00    0.282157148259878143E+01    0.153219110455985348E+02    0.153219174371624831E+02    0.153216839693033187E+02   -0.601054807185086474E+03   -0.845536754913168132E+01    1
    0.260398817062377930E+01    0.270348787307739258E+01    0.625001552700996399E+01    0.267017410680292144E+01    0.821828283899050227E+01    0.275676715373992909E+00    0.535890617496752153E+01    0.830300176143646262E+00    0.284988314521312702E+01    0.154029050626665427E+02    0.154417617808698644E+02    0.153358677430656609E+02   -0.600832484569907592E+03   -0.845570088246496354E+01    1
    0.296562623977661133E+01    0.298135662078857422E+01    0.235617625713348389E+01    0.456184516450816524E+01    0.500992020884824463E+01    0.300070405006408691E+00    0.117201486551695773E+02    0.446958756446838357E+00    0.238864515095949148E+01    0.155003028808106702E+02    0.154999880576890323E+02    0.154982424663168015E+02   -0.600690031858648354E+03   -0.845603421579829551E+01    1
    0.431338405609130859E+01    0.359782028198242188E+01    0.187786194682121277E+01    0.226040262806960213E+01    0.231763928901188532E+01    0.361489164829254195E+00    0.299544696037112388E+02    0.196827101707458485E+00    0.231149761492013939E+01    0.159057595166310488E+02    0.159053469511249546E+02    0.159056399602619880E+02   -0.600533063576713516E+03   -0.845636754913170741E+01    1
    0.169488811492919922E+01    0.536913442611694336E+01    0.401057350635528564E+01    0.260910510258582917E+01    0.662492291820679391E+01    0.435536158084869340E+00    0.208132052016055056E+02    0.206960487365722645E+00    0.248899538570642465E+01    0.157478031784392964E+02    0.157474497904452981E+02    0.157471017599987722E+02   -0.600481505401030404E+03   -0.845670088246524543E+01    1
    0.283993101119995117E+01    0.746708679199218750E+01    0.505637305974960327E+01    0.429829645848558606E+01    0.493140016940748005E+01    0.364723050594329856E+00    0.308264705888261803E+01    0.594635498523712225E+00    0.291673143225908271E+01    0.151167502444492108E+02    0.151440666188719870E+02    0.151093230197917432E+02   -0.600354057106054825E+03   -0.845703421579844239E+01    1
    0.448693418502807617E+01    0.637664985656738281E+01    0.413561898469924927E+01    0.300263128893611286E+01    0.619084871675634840E+01    0.271013498306274414E+00    0.128500329471922523E+02    0.192266756296157859E+00    0.275019744670391075E+01    0.155372604697196888E+02    0.155385384263628588E+02    0.155373223194395784E+02   -0.600293002304762467E+03   -0.845736754913162869E+01    1
    0.166351127624511719E+01    0.364365053176879883E+01    0.607704120874404907E+01    0.557512502574321367E+01    0.559018286421971045E+01    0.514943027496337913E+00    0.450204318731542230E+01    0.906424432992935181E+00    0.222499409484863264E+01    0.153010558622026309E+02    0.152523089072151379E+02    0.152336799986076006E+02   -0.600222448134659430E+03   -0.845770088246514540E+01    1
    0.415132141113281250E+01    0.837973594665527344E+00    0.570483419299125671E+01    0.240492089968890754E+01    0.786062953264728215E+01    0.509779024124145552E+00    0.116564172850672012E+02    0.698170161247253396E+00    0.287075728505849836E+01    0.154979766838152138E+02    0.154957633040945399E+02    0.154980628265189395E+02   -0.600140001751397563E+03   -0.845803421579856263E+01    1
    0.267697906494140625E+01    0.179259157180786133E+01    0.242402899265289307E+01    0.375520590292533418E+01    0.377378359657709250E+01    0.209371614456176747E+00    0.109214006505912362E+02    0.573231953382492110E+00    0.255754908972978567E+01    0.154674471248980065E+02    0.154672454660861174E+02    0.154687825509870613E+02   -0.600125026280597467E+03   -0.845836754913172761E+01    1
    0.523408412933349609E+01    0.135083627700805664E+01    0.772552329301834106E+01    0.327827731472095918E+01    0.544792541984748269E+01    0.104403114318847662E+00    0.173857489816037010E+02    0.132846224308013933E+00    0.282446347022056576E+01    0.156693223245089097E+02    0.156689189808973897E+02    0.156685119686040224E+02   -0.599906167456137609E+03   -0.845870088246501695E+01    1
    0.395314407348632812E+01    0.689055919647216797E+01    0.189669597148895264E+01    0.296111516469436076E+01    0.684288920858742777E+01    0.310858535766601551E+00    0.435460822474665044E+01    0.635780102014541604E+00    0.287115473157167411E+01    0.153102066827839742E+02    0.152783302027287728E+02    0.151116992036772881E+02   -0.599642819953702201E+03   -0.845903421579829917E+01    1
    0.672038984298706055E+01    0.269403696060180664E+01    0.256895992159843445E+01    0.668719972700479026E+01    0.746903556948849356E+01    0.353232002258300759E+00    0.794430566365720647E+01    0.267378962039947488E+00    0.248050154787302013E+01    0.153334131883939619E+02    0.153300317545858285E+02    0.153298434503905074E+02   -0.599568648790277166E+03   -0.845936754913171995E+01    1
    0.388048219680786133E+01    0.227340745925903320E+01    0.328206184506416321E+01    0.227997584995134739E+01    0.241190550856509711E+01    0.497610735893249556E+00    0.613270170977106144E+01    0.609360986948013328E+00    0.235770843863487212E+01    0.152222514492924041E+02    0.152203946567431796E+02    0.152180122935383118E+02   -0.599350491486908027E+03   -0.845970088246516916E+01    1
    0.380659341812133789E+01    0.511130094528198242E+01    0.670743274688720703E+01    0.658998388931686119E+01    0.676807034115136830E+01    0.324410164356231712E+00    0.150716779827982013E+02    0.194060456752777111E+00    0.264113354885578167E+01    0.156083178051654077E+02    0.156078313951976924E+02    0.156067531428675448E+02   -0.599216695589326036E+03   -0.846003421579855619E+01    1
    0.241047048568725586E+01    0.863394737243652344E+00    0.104767578840255737E+01    0.503166075501019439E+01    0.593156242811542178E+01    0.228353106975555414E+00    0.118142503552818834E+02    0.596825897693634033E+00    0.296129877871274960E+01    0.155028881006974206E+02    0.155025006308649154E+02    0.155033979098027235E+02   -0.599029089405231389E+03   -0.846036754913179578E+01    1
    0.688286733627319336E+01    0.420937538146972656E-01    0.141786444187164307E+01    0.210768951102107804E+01    0.787857545746372878E+01    0.480921280384063676E+00    0.177027599809566816E+02    0.806664764881134033E+00    0.239388776093721400E+01    0.156765872097994823E+02    0.156771419304079043E+02    0.156778426031082567E+02   -0.599025892710807057E+03   -0.846070088246508156E+01    1
    0.310294628143310547E+01    0.116982698440551758E+01    0.113190206885337830E+01    0.359441667354562444E+01    0.420779363765017145E+01    0.416523158550262451E+00    0.775267394052572900E+01    0.850638937950134233E+00    0.234889209932088860E+01    0.153209031085029714E+02    0.153228603017743339E+02    0.153185036653045827E+02   -0.599022634738777924E+03   -0.846103421579835668E+01    1
    0.473105812072753906E+01    0.396187925338745117E+01    0.548799502849578857E+01    0.686486031775986394E+01    0.797894515756995837E+01    0.487137389183044389E+00    0.181378325162293379E+02    0.133953654766082786E+00    0.267823123878240565E+01    0.156873343996309274E+02    0.156889105049532702E+02    0.156883672306655608E+02   -0.599007809445830048E+03   -0.846136754913157674E+01    1
    0.687876224517822266E+00    0.313652515411376953E+00    0.108217346668243408E+01    0.611769507267261048E+01    0.729587832848151496E+01    0.214323508739471424E+00    0.244646474711205952E+01    0.843469822406768821E+00    0.251522285783290833E+01    0.153880203038529828E+02    0.153345275901081006E+02    0.151558331392699639E+02   -0.599004250786386933E+03   -0.846170088246496910E+01    1
    0.337115144729614258E+01    0.607596302032470703E+01    0.545210081338882446E+01    0.318378421720329019E+01    0.746680310403271363E+01    0.264677083492279031E+00    0.241661306208786435E+02    0.135703313350677507E+00    0.270468324238061886E+01    0.158124668118915892E+02    0.158129925965594289E+02    0.158125918387233959E+02   -0.598925003250206373E+03   -0.846203421579825132E+01    1
    0.236710166931152344E+01    0.149113082885742188E+01    0.529959264397621155E+01    0.505400053829146501E+01    0.701611703884745364E+01    0.395416319370269775E+00    0.311786135634023260E+02    0.262698614597320579E+00    0.297479708248376840E+01    0.159221278271288043E+02    0.159226097971233571E+02    0.159221721738196997E+02   -0.598886636738072752E+03   -0.846236754913167921E+01    1
    0.276880168914794922E+01    0.798603820800781250E+01    0.571323084831237793E+01    0.700409071581161591E+01    0.819481719363749050E+01    0.105320501327514651E+00    0.194318515031373451E+02    0.292283433675766036E+00    0.259071041959524173E+01    0.157169651199163933E+02    0.157179941662022813E+02    0.157184985233570806E+02   -0.598882964186992922E+03   -0.846270088246499341E+01    1
    0.280872392654418945E+01    0.355624246597290039E+01    0.106229606270790100E+01    0.588344231089399194E+01    0.695809445205222232E+01    0.127940607070922863E+00    0.173299202587000849E+02    0.346780771017074607E+00    0.231118189442157718E+01    0.156691134344515515E+02    0.156683293000406820E+02    0.156685518559099410E+02   -0.598877232293613474E+03   -0.846303421579821169E+01    1
    0.100486326217651367E+01    0.791582822799682617E+01    0.274589899182319641E+01    0.211383709789441410E+01    0.370029736313667046E+01    0.264624762535095204E+00    0.257975734401584278E+01    0.626850545406341553E+00    0.260664957326650626E+01    0.152616509075622506E+02    0.152953774038216643E+02    0.151777235961212043E+02   -0.598778881918925435E+03   -0.846336754913162537E+01    1
    0.570890855789184570E+01    0.290233421325683594E+01    0.658367875218391418E+01    0.200146935133658577E+01    0.406033741739749665E+01    0.490451562404632613E+00    0.787968412502920046E+01    0.333282715082168557E+00    0.240611655354499820E+01    0.153299282768346590E+02    0.153294186378858939E+02    0.153295116080468201E+02   -0.598755871350140069E+03   -0.846370088246501240E+01    1
    0.284028148651123047E+01    0.120037984848022461E+01    0.799239861965179443E+01    0.591933907864191333E+01    0.775473378478779996E+01    0.374140787124633833E+00    0.115593675688064632E+02    0.429018318653106689E+00    0.271113909149169929E+01    0.154945126530060655E+02    0.154945693111680640E+02    0.154921804211292251E+02   -0.598652879520763918E+03   -0.846403421579842608E+01    1
    0.618298339843750000E+01    0.640549516677856445E+01    0.339835616946220398E+01    0.655009143472165256E+01    0.744431448986998134E+01    0.271883285045623757E+00    0.133121264733460318E+02    0.167125284671783447E+00    0.235837823772430388E+01    0.155553055254545285E+02    0.155537251962610075E+02    0.155553318026782641E+02   -0.598618292307116690E+03   -0.846436754913167100E+01    1
    0.366048336029052734E+00    0.530706834793090820E+01    0.317991349101066589E+01    0.276315744661433182E+01    0.642924422507472038E+01    0.258814990520477295E+00    0.235346455049909364E+01    0.371315848827362127E+00    0.251546914917230602E+01    0.152118847186748880E+02    0.152706839168773030E+02    0.151219703334588260E+02   -0.598464651643098478E+03   -0.846470088246482355E+01    1
    0.629746913909912109E+00    0.750781536102294922E+01    0.407003048062324524E+01    0.262990840985840180E+01    0.394963708975971084E+01    0.337039756774902333E+00    0.634547973845384128E+01    0.616131955385208152E+00    0.276419000309705742E+01    0.154536737314115769E+02    0.153821862962440399E+02    0.152961806155027880E+02   -0.598449749615400719E+03   -0.846503421579823900E+01    1
    0.710736942291259766E+01    0.124869823455810547E+00    0.620712834596633911E+01    0.200201981259267647E+01    0.348172541540789116E+01    0.295722436904907238E+00    0.114247109007087300E+02    0.396667122840881348E+00    0.241304752683639512E+01    0.154893845345762511E+02    0.154887927135492323E+02    0.154866207905032347E+02   -0.598062468160121512E+03   -0.846536754913175749E+01    1
    0.271422195434570312E+01    0.364297485351562500E+01    0.234380635619163513E+01    0.629981045518456462E+01    0.659309059631558014E+01    0.175532114505767833E+00    0.965565572152968699E+01    0.505569744110107466E+00    0.272011771893501297E+01    0.154149239611620903E+02    0.154168965371351323E+02    0.154140473104068096E+02   -0.598055681242743162E+03   -0.846570088246522978E+01    1
    0.264913654327392578E+01    0.212608337402343750E+00    0.820782363414764404E+00    0.667347066676729916E+01    0.694684991609250879E+01    0.287476968765258800E+00    0.353291107693698194E+02    0.123425877094268804E+00    0.299733823060989391E+01    0.159766225143180396E+02    0.159772072222839725E+02    0.159774339489625543E+02   -0.597857605751927849E+03   -0.846603421579852267E+01    1
    0.330515146255493164E+01    0.120664072036743164E+01    0.645970660448074341E+01    0.300903087547686532E+01    0.512960299504115191E+01    0.442470562458038286E+00    0.568888759149491197E+01    0.519155883789062522E+00    0.221228137290477722E+01    0.156388896108938091E+02    0.153500164324162700E+02    0.154027199574933302E+02   -0.597802628017994948E+03   -0.846636754913177469E+01    1
    0.154955148696899414E+01    0.527931404113769531E+01    0.598375380039215088E+00    0.342453080656209341E+01    0.447089729258810920E+01    0.374902212619781516E+00    0.575933471742854142E+01    0.895726066827774003E+00    0.287359598630666735E+01    0.154873924067037603E+02    0.152682239530490556E+02    0.154276055103093572E+02   -0.597771862893121579E+03   -0.846670088246513863E+01    1
    0.412591218948364258E+01    0.351126623153686523E+01    0.654868844151496887E+01    0.491731784129000182E+01    0.534342868762191969E+01    0.355171203613281250E+00    0.294470509255719781E+01    0.882528793811798051E+00    0.264796225076913849E+01    0.150064073676031722E+02    0.150363664066743556E+02    0.149476354974728665E+02   -0.597751857470910750E+03   -0.846703421579851678E+01    1
    0.225032758712768555E+01    0.351219177246093750E+01    0.282472375035285950E+01    0.401570807314219635E+01    0.559571988434181922E+01    0.294581496715545677E+00    0.676605554840862222E+01    0.918626552820205666E+00    0.288200931262969995E+01    0.153844889067291639E+02    0.152658137074724962E+02    0.153897415211784594E+02   -0.597519141883832845E+03   -0.846736754913182033E+01    1
    0.328148078918457031E+01    0.712956714630126953E+01    0.160619261860847473E+01    0.375301551380427734E+01    0.383377392707305997E+01    0.281286144256591819E+00    0.364929376021221907E+01    0.882337498664856001E+00    0.272136116886138923E+01    0.153374590469807135E+02    0.153293251607190140E+02    0.150695914940879465E+02   -0.597470120873354631E+03   -0.846770088246497821E+01    1
    0.411815786361694336E+01    0.541000032424926758E+01    0.559266644716262817E+01    0.325026429007475848E+01    0.586441683632683564E+01    0.282772910594940197E+00    0.316677545599313959E+01    0.166737008094787587E+00    0.271344442296028143E+01    0.154150846824918482E+02    0.151762635694960188E+02    0.151674153884748844E+02   -0.597384372104969543E+03   -0.846803421579819116E+01    1
    0.197621917724609375E+01    0.280561876296997070E+01    0.541531431674957275E+01    0.323374757598776785E+01    0.717013335669071949E+01    0.419378960132598899E+00    0.448196636481289890E+01    0.219411891698837291E+00    0.259894146907329571E+01    0.155549534784565235E+02    0.152606782893027599E+02    0.153008020460824063E+02   -0.597292185904105168E+03   -0.846836754913167233E+01    1
    0.511169004440307617E+01    0.570801544189453125E+01    0.577862802147865295E+01    0.444310943036400907E+01    0.598847388223166632E+01    0.279086554050445579E+00    0.964804125838598736E+01    0.268259638547897361E+00    0.226606255578994720E+01    0.154158601008767615E+02    0.154146595315951629E+02    0.154136183142939061E+02   -0.597082563665709245E+03   -0.846870088246512509E+01    1
    0.398138618469238281E+01    0.630102300643920898E+01    0.603103685379028320E+01    0.365334921270172375E+01    0.668332783880601156E+01    0.224768674373626715E+00    0.249492056822551191E+02    0.116520261764526373E+00    0.247700443351268751E+01    0.158253115977264045E+02    0.158261039559983576E+02    0.158267400664194575E+02   -0.597027098433919036E+03   -0.846903421579852100E+01    1
    0.394854116439819336E+01    0.676891803741455078E+00    0.506070125102996826E+01    0.268371842549647965E+01    0.599580729084679742E+01    0.489335513114929177E+00    0.581316536421707308E+01    0.964502143859863326E+00    0.240166149896383274E+01    0.151979918468574571E+02    0.151940209879193695E+02    0.151943531815218105E+02   -0.597011597076389421E+03   -0.846936754913184764E+01    1
    0.284674406051635742E+01    0.794322347640991211E+01    0.582781016826629639E+00    0.200781092865184130E+01    0.236955144822304842E+01    0.149141216278076166E+00    0.224351328145411735E+02    0.826088088750839278E+00    0.280681960803270325E+01    0.157792311836022172E+02    0.157798456151464972E+02    0.157799654450263898E+02   -0.596944296573902534E+03   -0.846970088246510677E+01    1
    0.267918157577514648E+01    0.668953895568847656E+00    0.764376822113990784E+01    0.698014659850347297E+01    0.749591926723221480E+01    0.487673473358154252E+00    0.213455494615961321E+02    0.305166244506835938E+00    0.248312199258804300E+01    0.157588700045377994E+02    0.157589729743579348E+02    0.157583520491290479E+02   -0.596929345243463217E+03   -0.847003421579830906E+01    1
    0.231182289123535156E+01    0.547765827178955078E+01    0.669477584958076477E+01    0.427004959095840420E+01    0.558704694743323138E+01    0.356273198127746604E+00    0.350938146882886892E+01    0.419145321846008279E+00    0.268740681833028772E+01    0.152648075807153241E+02    0.151562355925705816E+02    0.152608043972546472E+02   -0.596848282847774499E+03   -0.847036754913174583E+01    1
    0.542182445526123047E+01    0.477909469604492188E+01    0.629346820712089539E+01    0.315960358174218570E+01    0.799241326423374243E+01    0.274014604091644298E+00    0.239364381186459063E+01    0.468909686803817727E+00    0.232711973237991332E+01    0.153506936576680495E+02    0.149693520343991775E+02    0.151641402931541709E+02   -0.596836880183437188E+03   -0.847070088246518793E+01    1
    0.411621522903442383E+01    0.532773494720458984E+00    0.434543076157569885E+01    0.694242676405583303E+01    0.790388405134531702E+01    0.125287151336669927E+00    0.252031299899103765E+02    0.103603494167327892E+00    0.301075890731811535E+01    0.158300991724325115E+02    0.158301879828139391E+02    0.158310579601111652E+02   -0.596664356897721177E+03   -0.847103421579841864E+01    1
    0.478633689880371094E+01    0.684257984161376953E+00    0.570034015178680420E+01    0.231776763723002555E+01    0.511702197304453588E+01    0.238584232330322277E+00    0.804799428666784777E+01    0.740102100372314498E+00    0.240573479437828031E+01    0.153386781302550812E+02    0.153375675040452109E+02    0.153368040421821501E+02   -0.596616191614470040E+03   -0.847136754913176659E+01    1
    0.462376880645751953E+01    0.150727558135986328E+01    0.414392757415771484E+01    0.224491861165176854E+01    0.302902874370144426E+01    0.346771132946014360E+00    0.964464922532309288E+01    0.401582270860671997E+00    0.234594318181276318E+01    0.154140104580398685E+02    0.154140028290232838E+02    0.154146393377362898E+02   -0.596582312848738525E+03   -0.847170088246503994E+01    1
    0.231014728546142578E+01    0.532055568695068359E+01    0.459524410963058472E+01    0.443198082451509201E+01    0.449308999129087461E+01    0.218961262702941889E+00    0.829177878497839593E+01    0.728359067440032981E+00    0.285795732122659674E+01    0.153910815669522716E+02    0.153570874409036744E+02    0.153880617341231023E+02   -0.596554486053289793E+03   -0.847203421579832572E+01    1
    0.232453584671020508E+01    0.303416824340820312E+01    0.153580206632614136E+01    0.350823723573574142E+01    0.606382504067036088E+01    0.275504446029663064E+00    0.870787173185446406E+01    0.727997612953185991E+00    0.280158357661962487E+01    0.153864428496928500E+02    0.153840521505107333E+02    0.153755256211893290E+02   -0.596515747908783283E+03   -0.847236754913172163E+01    1
    0.273943233489990234E+01    0.726927280426025391E+01    0.449957686662673950E+01    0.266739783448278356E+01    0.268393820750346457E+01    0.219366669654846191E+00    0.163648003970904661E+02    0.230384433269500755E+00    0.275834353148937250E+01    0.156435060212895696E+02    0.156437892376784333E+02    0.156427589750316312E+02   -0.596451607151912981E+03   -0.847270088246507314E+01    1
    0.238358163833618164E+01    0.603224658966064453E+01    0.370911601185798645E+01    0.452149036462762233E+01    0.577971697295115927E+01    0.315443360805511497E+00    0.269991100986188535E+02    0.213056665658950817E+00    0.279794051933288568E+01    0.158601664170202366E+02    0.158599136706211663E+02    0.158603243913944407E+02   -0.596422398988834402E+03   -0.847303421579850635E+01    1
    0.558333063125610352E+01    0.616505861282348633E+01    0.247340533137321472E+01    0.391110580294429777E+01    0.560798317578041150E+01    0.146682381629943848E+00    0.430955545080558089E+01    0.495863902568817183E+00    0.292899630576372161E+01    0.150681167036583208E+02    0.150656522557048902E+02    0.150693493048076252E+02   -0.596250376722631813E+03   -0.847336754913189161E+01    1
    0.151605415344238281E+01    0.793334102630615234E+01    0.422050374746322632E+01    0.256692274662863085E+01    0.641182163047910336E+01    0.398866569995880105E+00    0.430834934716773610E+01    0.759607821702957153E+00    0.270107818895578378E+01    0.154412576343727110E+02    0.152642785763420044E+02    0.151886676366165130E+02   -0.596184121002159941E+03   -0.847370088246510811E+01    1
    0.392268133163452148E+01    0.120547485351562500E+01    0.920252978801727295E+00    0.295903317952181588E+01    0.677259483928417172E+01    0.339634847640991167E+00    0.249784190066514036E+02    0.974071031808853127E+00    0.224760937833785990E+01    0.158262040776554951E+02    0.158260419678152271E+02    0.158264348910178061E+02   -0.596172909271550452E+03   -0.847403421579832106E+01    1
    0.421825408935546875E+00    0.549469089508056641E+01    0.105288463830947876E+01    0.571680721963980609E+01    0.819132484525197491E+01    0.305895197391509999E+00    0.337450919636401547E+01    0.857764977216720625E+00    0.294845959651470180E+01    0.153982441091116300E+02    0.153191300316424996E+02    0.151446992510266671E+02   -0.596136715351436692E+03   -0.847436754913169921E+01    1
    0.357091522216796875E+01    0.626987743377685547E+01    0.853606343269348145E+00    0.331272652287162206E+01    0.827256366057127579E+01    0.508702957630157493E+00    0.292737425758151950E+02    0.117346918582916265E+00    0.236737422245740881E+01    0.158950822201466124E+02    0.158957892916724486E+02    0.158949743762497491E+02   -0.595799099071772616E+03   -0.847470088246516617E+01    1
    0.299572324752807617E+01    0.922230720520019531E+00    0.441522005200386047E+01    0.555270811516825891E+01    0.587450294790057281E+01    0.330251157283782959E+00    0.131257183530496064E+02    0.352970290184021041E+00    0.260631943053007120E+01    0.155474704607816481E+02    0.155495155337363062E+02    0.155484602463999284E+02   -0.595669461304655897E+03   -0.847503421579838623E+01    1
    0.548055648803710938E+00    0.725667285919189453E+01    0.477364319562911987E+01    0.226305776041899787E+01    0.679597945336310261E+01    0.178065907955169689E+00    0.199411824610942601E+01    0.841403770446777388E+00    0.287616567486524577E+01    0.152843956336402478E+02    0.153178815981572907E+02    0.152513899692905177E+02   -0.595616593475683203E+03   -0.847536754913156898E+01    1
    0.438274002075195312E+01    0.711131572723388672E+00    0.353622931241989136E+01    0.255618986549351046E+01    0.769991907943180287E+01    0.566487574577331565E+00    0.170985831768714291E+02    0.875079333782196045E+00    0.286210940760374077E+01    0.156626414551166260E+02    0.156612642906344455E+02    0.156628563963717635E+02   -0.595388357676516648E+03   -0.847570088246493825E+01    1
    0.267567920684814453E+01    0.421415328979492188E+00    0.543581488728523254E+01    0.364071777462977675E+01    0.615935801433083263E+01    0.314424622058868397E+00    0.197052271671608104E+02    0.329920351505279541E+00    0.302373826354742059E+01    0.157238530047745577E+02    0.157236084542067260E+02    0.157231657434136274E+02   -0.595344311841576314E+03   -0.847603421579846383E+01    1
    0.267043495178222656E+01    0.697154331207275391E+01    0.791506338119506836E+01    0.487491537541496545E+01    0.734637068372322766E+01    0.417287373542785667E+00    0.325598071596176766E+02    0.166527688503265381E+00    0.286586890548467643E+01    0.159414459796508190E+02    0.159419522239330540E+02    0.159419504575438431E+02   -0.595294024448132745E+03   -0.847636754913185975E+01    1
    0.732440280914306641E+01    0.253156661987304688E+00    0.391065898537635803E+01    0.622601387293860942E+01    0.701662854254287449E+01    0.338849031925201438E+00    0.113187232093477199E+02    0.177955079078674305E+00    0.279297820681333553E+01    0.154850212670640772E+02    0.154855530885875474E+02    0.154831617913911046E+02   -0.595223557167955619E+03   -0.847670088246512066E+01    1
    0.346504306793212891E+01    0.147189188003540039E+01    0.783568206429481506E+01    0.226312790590627300E+01    0.802783977775613167E+01    0.342977309226989768E+00    0.422307888732049541E+01    0.730468624830245994E+00    0.305054029738903054E+01    0.151676261990891312E+02    0.151197967264601747E+02    0.151154781024810205E+02   -0.595192772728660771E+03   -0.847703421579851835E+01    1
    0.656067323684692383E+01    0.169806289672851562E+01    0.719322416186332703E+01    0.311002260225454785E+01    0.678377460015971678E+01    0.441356086730957053E+00    0.651322207076918502E+01    0.334167146682739280E+00    0.253775803464651117E+01    0.152439750036648984E+02    0.152484076388467322E+02    0.152460941734838560E+02   -0.595147791151570459E+03   -0.847736754913180235E+01    1
    0.572851705551147461E+01    0.114126205444335938E+00    0.697973686456680298E+01    0.223009414075964507E+01    0.745858338420457834E+01    0.472072529792785689E+00    0.474940970669553320E+01    0.365953630208969094E+00    0.252195920681953423E+01    0.153698191863613207E+02    0.152667050265066457E+02    0.153057062398473711E+02   -0.594926973626203448E+03   -0.847770088246500819E+01    1
    0.795744800567626953E+01    0.299858474731445312E+01    0.305874022841453552E+01    0.385973769715454651E+01    0.397315837972840313E+01    0.336200511455535866E+00    0.400670816408463182E+01    0.491518831253051736E+00    0.279799269241094573E+01    0.150321674781876311E+02    0.150371041411549236E+02    0.150383638358324951E+02   -0.594874894423145065E+03   -0.847803421579844141E+01    1
    0.496400308609008789E+01    0.630732393264770508E+01    0.759244549274444580E+01    0.520130151125168982E+01    0.829702656585154941E+01    0.271388041973114003E+00    0.360461455819437537E+01    0.655284321308135964E+00    0.268635399496555305E+01    0.151137700788409788E+02    0.150666602563072534E+02    0.151129348140846975E+02   -0.594728203120329113E+03   -0.847836754913189417E+01    1
    0.153044176101684570E+01    0.445889139175415039E+01    0.677240818738937378E+00    0.212315641097571461E+01    0.332989589913395845E+01    0.326178240776062001E+00    0.332590633549057344E+02    0.308146232366561912E+00    0.266801639783382427E+01    0.159510116095222578E+02    0.159506282135920028E+02    0.159511952962226395E+02   -0.594643833829682762E+03   -0.847870088246516396E+01    1
    0.379428052902221680E+01    0.314582347869873047E+00    0.276278394460678101E+01    0.261855454733882631E+01    0.436661497273743038E+01    0.468204212188720659E+00    0.146896505259269485E+02    0.303783351182937644E+00    0.270409299331903430E+01    0.155958713546324574E+02    0.155968883621159424E+02    0.155952974247625171E+02   -0.594638879021513389E+03   -0.847903421579833427E+01    1
    0.329258251190185547E+01    0.888959884643554688E+00    0.242802950739860535E+01    0.457694487748235623E+01    0.797472296777838530E+01    0.402966952323913552E+00    0.195138772239942817E+02    0.195604872703552257E+00    0.264240645051002510E+01    0.157201740287504190E+02    0.157205193768661076E+02    0.157203998504240694E+02   -0.594511279542582997E+03   -0.847936754913176216E+01    1
    0.370869588851928711E+01    0.624697113037109375E+01    0.137910383939743042E+01    0.417636549835897419E+01    0.711482464726865693E+01    0.104075777530670169E+00    0.166702925730278579E+02    0.179951393604278587E+00    0.284540734285116192E+01    0.156513271479285017E+02    0.156509535647812115E+02    0.156520079560053063E+02   -0.594400804764911413E+03   -0.847970088246528597E+01    1
    0.322072076797485352E+01    0.284019279479980469E+01    0.333349946141242981E+01    0.456887995021281590E+01    0.478081160127610261E+01    0.369605457782745339E+00    0.109656059499407590E+02    0.352771431207656860E+00    0.270321774059534059E+01    0.154696502809667020E+02    0.154685608388981972E+02    0.154716637263151764E+02   -0.594272186626458620E+03   -0.848003421579849004E+01    1
    0.591160297393798828E+01    0.119572877883911133E+01    0.263806614279747009E+01    0.426651955474984579E+01    0.627290345621055145E+01    0.425765514373779297E+00    0.925231118337080005E+01    0.241694289445877092E+00    0.251386489027738547E+01    0.153985459261032425E+02    0.153972846751720969E+02    0.153964828855346259E+02   -0.594233740563700962E+03   -0.848036754913177049E+01    1
    0.436297321319580078E+01    0.732709407806396484E+00    0.322507339715957642E+01    0.249123421749956275E+01    0.643841961610825919E+01    0.498059737682342574E+00    0.366724988869546848E+02    0.292036402225494429E+00    0.279891419750452020E+01    0.159927174432037749E+02    0.159931267767953997E+02    0.159934360850752189E+02   -0.593977666081425582E+03   -0.848070088246526765E+01    1
    0.424009609222412109E+01    0.189641094207763672E+01    0.427741619944572449E+01    0.525520436331448515E+01    0.799036857849896709E+01    0.217898178100585926E+00    0.132742227986671573E+02    0.220982056856155407E+00    0.222835138940811150E+01    0.155524327512602270E+02    0.155536554822080255E+02    0.155515996883710308E+02   -0.593968587362602193E+03   -0.848103421579860317E+01    1
    0.266854429244995117E+01    0.227940034866333008E+01    0.633667859435081482E+01    0.345929606824032554E+01    0.796307697525442926E+01    0.199868047237396262E+00    0.780502524249828511E+01    0.783722919225692705E+00    0.283778405153751390E+01    0.153293108183556690E+02    0.153279822744008900E+02    0.153312197957430012E+02   -0.593936520472870939E+03   -0.848136754913194402E+01    1
    0.435729408264160156E+01    0.620313262939453125E+01    0.586492139101028442E+01    0.249043908655231538E+01    0.788804347693056052E+01    0.150857508182525635E+00    0.454834048943501124E+01    0.530111742019653387E+00    0.296532435423135787E+01    0.150938740958761279E+02    0.150931874948613576E+02    0.150873371556339695E+02   -0.593863683459304752E+03   -0.848170088246519960E+01    1
    0.512722396850585938E+01    0.558020544052124023E+01    0.693621489405632019E+01    0.271627859024286167E+01    0.470434703678831312E+01    0.105092513561248782E+00    0.954455970095564687E+01    0.238507771492004417E+00    0.277776229041814826E+01    0.154099835747629719E+02    0.154115278165083396E+02    0.154093023854629294E+02   -0.593840712379732054E+03   -0.848203421579829708E+01    1
    0.425791454315185547E+01    0.191962432861328125E+01    0.818383127450942993E+00    0.225035624883022534E+01    0.396470304377144167E+01    0.280489385128021240E+00    0.245077141139930852E+02    0.796471136808395430E+00    0.264459179908037179E+01    0.158181882767455200E+02    0.158191666122760815E+02    0.158180912389012640E+02   -0.593533358350377512E+03   -0.848236754913170543E+01    1
    0.317793893814086914E+01    0.555389642715454102E+01    0.404051858186721802E+01    0.776778003661720984E+01    0.808260618684619381E+01    0.483728659152984575E+00    0.144502378864664980E+02    0.235756468772888195E+00    0.304131213992834093E+01    0.155884224584917739E+02    0.155900376937708689E+02    0.155882925500093403E+02   -0.593439494834242055E+03   -0.848270088246510667E+01    1
    0.399757766723632812E+01    0.113552331924438477E+01    0.697070720791816711E+01    0.263634380577169614E+01    0.645503162483841741E+01    0.396042740345001198E+00    0.372322611914134072E+02    0.143645870685577409E+00    0.228469887036085106E+01    0.159991870673151375E+02    0.159994513369671196E+02    0.159994160671163339E+02   -0.593427856895452123E+03   -0.848303421579846173E+01    1
    0.390149354934692383E+01    0.165178394317626953E+01    0.664090412855148315E+01    0.222736752071932687E+01    0.773474788222127962E+01    0.491637635231018111E+00    0.210992929845021813E+02    0.334641253948211648E+00    0.284660125112533580E+01    0.157532163372874301E+02    0.157542610957646332E+02    0.157530545504491553E+02   -0.593363047495220485E+03   -0.848336754913174218E+01    1
    0.360470819473266602E+01    0.124720716476440430E+01    0.767044413089752197E+01    0.575590868470101569E+01    0.595707415977496524E+01    0.255030894279480003E+00    0.401969992822608368E+01    0.623069381713867165E+00    0.297200620234012591E+01    0.154701714215452633E+02    0.154244386089054633E+02    0.150347048575859077E+02   -0.593350754604190797E+03   -0.848370088246493559E+01    1
    0.364458417892456055E+01    0.881307125091552734E+00    0.839549332857131958E+00    0.279865898441645244E+01    0.692381219186385621E+01    0.270820772647857644E+00    0.957238760719093662E+01    0.622195196151733354E+00    0.247589791893959044E+01    0.154119276870478092E+02    0.154126580212133586E+02    0.154114030115317391E+02   -0.593332470422233769E+03   -0.848403421579830841E+01    1
    0.305037260055541992E+01    0.250256013870239258E+01    0.351389098167419434E+01    0.251898599379449140E+01    0.796392573060641240E+01    0.142916274070739757E+00    0.126981300644216955E+02    0.528733193874359131E+00    0.230804837226867665E+01    0.155332237012177465E+02    0.155332743737967913E+02    0.155350086528581741E+02   -0.593274301865791244E+03   -0.848436754913159952E+01    1
    0.244024753570556641E+00    0.549842262268066406E+01    0.652269899845123291E+00    0.220713313413270429E+01    0.778581470621991656E+01    0.315982627868652333E+00    0.101749270989041030E+02    0.421107786893844649E+00    0.221346070712804766E+01    0.154395479182054789E+02    0.154383317238744588E+02    0.154392087962056106E+02   -0.593252792102482431E+03   -0.848470088246510379E+01    1
    0.352242851257324219E+01    0.455420589447021484E+01    0.644961971044540405E+01    0.587178948011733048E+01    0.588064755099442849E+01    0.252573525905609109E+00    0.345966011319582467E+01    0.827944767475128129E+00    0.228820129817724194E+01    0.151728922024405932E+02    0.150863608853544520E+02    0.151769917827620517E+02   -0.593152818713883107E+03   -0.848503421579858497E+01    1
    0.393064880371093750E+01    0.451535701751708984E+00    0.316699820756912231E+01    0.293554365174427812E+01    0.785874437353904209E+01    0.232172393798828119E+00    0.416049384934824751E+01    0.748524719476699851E+00    0.232162192469835249E+01    0.151103442167080591E+02    0.152252159845510278E+02    0.151393130166695595E+02   -0.593122351419079678E+03   -0.848536754913182278E+01    1
    0.285027360916137695E+01    0.317269706726074219E+01    0.448318320512771606E+01    0.292873479199892373E+01    0.552674553834158822E+01    0.282496178150177024E+00    0.171391893775777575E+02    0.233089172840118430E+00    0.303379324537515638E+01    0.156638327848081449E+02    0.156627707349187855E+02    0.156628275133514840E+02   -0.593102395607398194E+03   -0.848570088246514587E+01    1
    0.501227760314941406E+01    0.500709152221679688E+01    0.645852285623550415E+01    0.234731570936463596E+01    0.828607167157452196E+01    0.353720557689666704E+00    0.258095482255349822E+02    0.100427222251892101E+00    0.236813151645660369E+01    0.158403216510238902E+02    0.158401128282302448E+02    0.158412923639229248E+02   -0.593083795572235090E+03   -0.848603421579835526E+01    1
    0.309254741668701172E+01    0.289465713500976562E+01    0.630067753791809082E+01    0.309552785992014279E+01    0.384194322863721638E+01    0.346418476104736306E+00    0.162985360051339856E+01    0.916904199123382613E+00    0.290301289838552457E+01    0.151578762211904490E+02    0.148763975325076743E+02    0.147159894161786529E+02   -0.593018657083188145E+03   -0.848636754913153801E+01    1
    0.249791955947875977E+01    0.115812444686889648E+01    0.242094713449478149E+01    0.512120128531287655E+01    0.814670816189549463E+01    0.156676793098449701E+00    0.183673422976792402E+02    0.502701497077941872E+00    0.278543937414884546E+01    0.156935952609939608E+02    0.156924820236163143E+02    0.156939988530965806E+02   -0.592991363923881636E+03   -0.848670088246505827E+01    1
    0.269260454177856445E+01    0.254208183288574219E+01    0.610396146774291992E+00    0.434190356259913912E+01    0.547922317093840139E+01    0.477919960021972678E+00    0.256640835880241411E+02    0.218499028682708762E+00    0.277483159047365202E+01    0.158375739054924676E+02    0.158389197084040649E+02    0.158379206810135269E+02   -0.592950561707409747E+03   -0.848703421579848793E+01    1
    0.275225067138671875E+01    0.368136882781982422E+00    0.339769142866134644E+01    0.511555770640026441E+01    0.671839289149218821E+01    0.366546523571014360E+00    0.267180730081241968E+02    0.204420220851898204E+00    0.251136205005645730E+01    0.158555262235322765E+02    0.158558588534076854E+02    0.158558860241236328E+02   -0.592900431002684513E+03   -0.848736754913167779E+01    1
    0.350313425064086914E+01    0.269352674484252930E+01    0.179168435931205750E+01    0.223880063642552596E+01    0.707997507088207723E+01    0.400261318683624245E+00    0.994183529638463881E+01    0.450963670015335105E+00    0.235723058182001122E+01    0.154287907390576500E+02    0.154290140240848928E+02    0.154275868157196712E+02   -0.592895003146978979E+03   -0.848770088246503285E+01    1
    0.305490016937255859E+01    0.459025478363037109E+01    0.102713409066200256E+01    0.307140993247517979E+01    0.332575479843082444E+01    0.397806274890899703E+00    0.306970729502737463E+02    0.671713656187057473E+00    0.271051129400730151E+01    0.159164865945774423E+02    0.159163167121075606E+02    0.159157253865255885E+02   -0.592804725093234310E+03   -0.848803421579842876E+01    1
    0.285171651840209961E+01    0.278241491317749023E+01    0.758578467369079590E+01    0.517023434215214461E+01    0.790011299238873033E+01    0.203816902637481701E+00    0.927172838459174109E+01    0.578673887252807662E+00    0.253745714122056931E+01    0.153963187769474050E+02    0.153967870717785313E+02    0.153980066017385067E+02   -0.592660677940275377E+03   -0.848836754913175717E+01    1
    0.459062147140502930E+01    0.772488164901733398E+01    0.852584421634674072E+00    0.227757192319726887E+01    0.233621670191165265E+01    0.315559983253479004E+00    0.191755534127470746E+02    0.518188089132308960E+00    0.240131642794609057E+01    0.157115320712530480E+02    0.157117955472418771E+02    0.157111751029921880E+02   -0.592643199507285431E+03   -0.848870088246518506E+01    1
    0.673239660263061523E+01    0.716638565063476562E-01    0.348493742942810059E+01    0.202087591491465002E+01    0.452705177419414628E+01    0.604602587223052934E+00    0.108324072796919584E+02    0.878482359647750899E+00    0.290444884723424934E+01    0.154638194667980127E+02    0.154644299502410210E+02    0.154632715797436529E+02   -0.592612503956615342E+03   -0.848903421579862894E+01    1
    0.518848419189453125E+00    0.146722793579101562E-01    0.743800121545791626E+01    0.250351382210016160E+01    0.589775795841094830E+01    0.429687118530273415E+00    0.368842702019268298E+01    0.285823172330856301E+00    0.245589240264892572E+01    0.153926558206038155E+02    0.152314312683978983E+02    0.151519253221108006E+02   -0.592565911341783590E+03   -0.848936754913174596E+01    1
    0.264718675613403320E+01    0.702019214630126953E+01    0.171078267693519592E+01    0.595287178811242690E+01    0.604848137118789975E+01    0.479342317581176736E+00    0.532495809328143643E+01    0.686234009265899614E+00    0.222359119063615784E+01    0.155695208043790263E+02    0.153586501291014308E+02    0.153102117958597468E+02   -0.592509110962619957E+03   -0.848970088246501042E+01    1
    0.282021760940551758E+01    0.134779024124145508E+01    0.737894058227539062E+00    0.773062352058192470E+01    0.828657443361709412E+01    0.189017796516418479E+00    0.114339370598640624E+02    0.535849040746688821E+00    0.230554062342643729E+01    0.154884406521952869E+02    0.154867084252744078E+02    0.154889017811877192E+02   -0.592305613685880303E+03   -0.849003421579837791E+01    1
    0.208283185958862305E+01    0.314823675155639648E+01    0.331662300229072571E+01    0.205294510182989409E+01    0.348586930654175120E+01    0.252766251564025879E+00    0.212554396443205853E+02    0.260657078027725198E+00    0.234234910953044873E+01    0.157560509801782977E+02    0.157573355029925022E+02    0.157560411374648055E+02   -0.592144824189078463E+03   -0.849036754913153757E+01    1
    0.487286949157714844E+01    0.340905189514160156E-01    0.255483987927436829E+01    0.241284090303191290E+01    0.701181865852842456E+01    0.361969459056854292E+00    0.258316508752097427E+02    0.316033750772476196E+00    0.247253733509778950E+01    0.158411298114779076E+02    0.158411915987553282E+02    0.158410379459099371E+02   -0.591902631056501946E+03   -0.849070088246500809E+01    1
    0.739048480987548828E+00    0.518265676498413086E+01    0.282253193855285645E+01    0.234986947392132350E+01    0.500922048530441355E+01    0.376028954982757568E+00    0.605800226800276675E+01    0.743072324991226218E+00    0.233591694325208632E+01    0.153822825688364038E+02    0.152371898583267527E+02    0.152768772829261863E+02   -0.591884028637100414E+03   -0.849103421579850526E+01    1
    0.386785268783569336E+01    0.113794279098510742E+01    0.718021124601364136E+00    0.255178865160589829E+01    0.379583639387887484E+01    0.150012326240539562E+00    0.371817628061800534E+02    0.987044984102249168E+00    0.279970332163572300E+01    0.159987255965792148E+02    0.159992520494572865E+02    0.159988621088483036E+02   -0.591772476637030991E+03   -0.849136754913175906E+01    1
    0.375288438796997070E+01    0.434710168838500977E+01    0.545299085974693298E+01    0.297241443926054005E+01    0.760866028172384823E+01    0.416881895065307595E+00    0.197134009208409964E+02    0.156242758035659790E+00    0.250030915057659131E+01    0.157232801866483509E+02    0.157230168857459613E+02    0.157240602589644656E+02   -0.591568242526056451E+03   -0.849170088246505372E+01    1
    0.500194120407104492E+01    0.192523527145385742E+01    0.382547873258590698E+01    0.479240184835619054E+01    0.565851362761715748E+01    0.316230499744415305E+00    0.138742454829661312E+02    0.184075719118118292E+00    0.226573959887027732E+01    0.155728147877857719E+02    0.155727921556025564E+02    0.155705869826417054E+02   -0.591526221941421795E+03   -0.849203421579841233E+01    1
    0.379939460754394531E+01    0.206478404998779297E+01    0.657904881238937378E+01    0.358628727115079959E+01    0.635286527339837814E+01    0.270001697540283192E+00    0.306014620195916081E+02    0.111380559206008922E+00    0.233715680027008066E+01    0.159150041391460935E+02    0.159140129582929237E+02    0.159144159233970157E+02   -0.591493376112687201E+03   -0.849236754913187220E+01    1
    0.215388250350952148E+01    0.426894855499267578E+01    0.308513852953910828E+01    0.527860918077687824E+01    0.712818044464242462E+01    0.352564883232116655E+00    0.366069944470248831E+01    0.307678294181823742E+00    0.257733553981781016E+01    0.155165108329999555E+02    0.151871048774573740E+02    0.153389770879479634E+02   -0.591250318315622735E+03   -0.849270088246521304E+01    1
    0.340814208984375000E+01    0.353296899795532227E+01    0.558929222822189331E+01    0.413743048352219045E+01    0.818572197964303960E+01    0.348711836338043202E+00    0.209621865477218039E+01    0.686806339025497481E+00    0.286214913201332077E+01    0.152755499032485851E+02    0.150279179322805128E+02    0.148418756707842299E+02   -0.590847929241097745E+03   -0.849303421579849704E+01    1
    0.640163660049438477E+01    0.628612756729125977E+01    0.625698614120483398E+01    0.289296985274029694E+01    0.340187225627377288E+01    0.523898279666900613E+00    0.346345133454239384E+01    0.589374130964279153E+00    0.283281571710109725E+01    0.153473840221899032E+02    0.151251994482194725E+02    0.149875949892141893E+02   -0.590733105404813159E+03   -0.849336754913179703E+01    1
    0.537401342391967773E+01    0.382641792297363281E+01    0.493732053041458130E+01    0.217717371411664251E+01    0.629323293486734947E+01    0.465792584419250533E+00    0.660607710800626879E+01    0.391574412584304810E+00    0.230028050434589382E+01    0.152532778293874003E+02    0.152525816245141019E+02    0.152503468924481407E+02   -0.590652227166331954E+03   -0.849370088246493005E+01    1
    0.435255813598632812E+01    0.401656627655029297E+01    0.671651336550712585E+01    0.404133555733923266E+01    0.626893639488967569E+01    0.431265580654144332E+00    0.153984957788100427E+02    0.154171395301818864E+00    0.304813041734695434E+01    0.156160135146476495E+02    0.156180487039288654E+02    0.156181455979228936E+02   -0.590381764881660388E+03   -0.849403421579826556E+01    1
    0.251152801513671875E+01    0.346622705459594727E+01    0.312482628226280212E+01    0.323577643170691420E+01    0.604644047051401934E+01    0.502410137653350852E+00    0.193493283979483444E+02    0.280216282606124856E+00    0.251479110157489760E+01    0.157153420007819111E+02    0.157164371487185957E+02    0.157156045064591847E+02   -0.590362290118029819E+03   -0.849436754913164371E+01    1
    0.762906551361083984E+01    0.789506435394287109E+01    0.269453021883964539E+01    0.475267795346748922E+01    0.602553108535518867E+01    0.327744042873382546E+00    0.325999766106333766E+01    0.585878515243530296E+00    0.271004957997798890E+01    0.153764304953640192E+02    0.153552909996676519E+02    0.150049031889739943E+02   -0.590251343177635249E+03   -0.849470088246491706E+01    1
    0.277636241912841797E+01    0.530703020095825195E+01    0.178542274236679077E+01    0.712402189793708907E+01    0.718087501436363596E+01    0.102501964569091802E+00    0.122083345791381728E+02    0.458353155851364158E+00    0.244455045115947733E+01    0.155175613221010433E+02    0.155176712461507300E+02    0.155182696416824442E+02   -0.590224353273282077E+03   -0.849503421579822238E+01    1
    0.604392004013061523E+01    0.131959056854248047E+01    0.610298353433609009E+01    0.646929583775036132E+01    0.675013742995558363E+01    0.111967265605926514E+00    0.155391594834332540E+02    0.133984714746475220E+00    0.288823324203491216E+01    0.156204452853909324E+02    0.156219646060072481E+02    0.156221155241103755E+02   -0.590168889723705320E+03   -0.849536754913170711E+01    1
    0.339881706237792969E+01    0.683746910095214844E+01    0.462507340312004089E+01    0.278048608673291486E+01    0.624104844917855406E+01    0.213989377021789551E+00    0.590128991355776211E+01    0.556144887208938621E+00    0.229825359797477713E+01    0.152037771613446253E+02    0.152060980989052652E+02    0.152060789465542356E+02   -0.590113235593806053E+03   -0.849570088246526289E+01    1
    0.291908836364746094E+01    0.142154026031494141E+01    0.109132069349288940E+01    0.687905747251978550E+01    0.711915021954652172E+01    0.293836987018585183E+00    0.289837504326466338E+02    0.181113433837890636E+00    0.245656888151168795E+01    0.158913558906863948E+02    0.158911926634268550E+02    0.158903723696310557E+02   -0.590086511644659367E+03   -0.849603421579851670E+01    1
    0.332222938537597656E+01    0.167164754867553711E+01    0.728329139947891235E+01    0.589921092771097122E+01    0.606543105454122511E+01    0.456834363937377974E+00    0.326171344396076037E+02    0.122173231840133678E+00    0.226879326736927034E+01    0.159418536079403985E+02    0.159422450638819164E+02    0.159416601227159624E+02   -0.590017733757741212E+03   -0.849636754913165682E+01    1
    0.119275712966918945E+01    0.443210744857788086E+01    0.134966883063316345E+01    0.206473410798020174E+01    0.412859318282003684E+01    0.198610055446624745E+00    0.222596125105696352E+01    0.921987468004226707E+00    0.254016280364990221E+01    0.153093551428817687E+02    0.153765355102898269E+02    0.152284020193894651E+02   -0.589940082954736113E+03   -0.849670088246488042E+01    1
    0.267153787612915039E+01    0.492382049560546875E-01    0.431478697061538696E+01    0.398956472108328963E+01    0.709981525295609472E+01    0.262834656238555897E+00    0.339823327534187598E+02    0.234802085161209123E+00    0.291815655177831657E+01    0.159603968562898153E+02    0.159601310500370257E+02    0.159596973156678406E+02   -0.589903157874126805E+03   -0.849703421579839890E+01    1
    0.433720254898071289E+01    0.432585811614990234E+01    0.100368621945381165E+01    0.201724991548353172E+01    0.271025899786972202E+01    0.495635735988616988E+00    0.255337496807523081E+02    0.871192061901092552E+00    0.235255236208438845E+01    0.158354720731084377E+02    0.158359128961892477E+02    0.158365371564006931E+02   -0.589799582981427307E+03   -0.849736754913189074E+01    1
    0.494706439971923828E+01    0.731622123718261719E+01    0.316223549842834473E+01    0.297416228030107899E+01    0.729134782822213978E+01    0.125214481353759760E+00    0.128702826801278114E+02    0.180355548858642578E+00    0.277905836886167545E+01    0.155394138991744626E+02    0.155400626664912505E+02    0.155387373732971419E+02   -0.589756013460356030E+03   -0.849770088246504685E+01    1
    0.631456279754638672E+01    0.107302236557006836E+01    0.451879981160163879E+01    0.466522760776204848E+01    0.519862667622567987E+01    0.316576898097991943E+00    0.592834505958614955E+01    0.350244790315628052E+00    0.302024666506052020E+01    0.152021457075221704E+02    0.152032243489498597E+02    0.152040205515999354E+02   -0.589700019559927227E+03   -0.849803421579838769E+01    1
    0.240046024322509766E+01    0.462339878082275391E+00    0.791666984558105469E+00    0.546880489333107001E+01    0.687462662137191494E+01    0.281689906120300315E+00    0.137806155508254413E+02    0.837818461656570479E+00    0.295771072834730164E+01    0.155692006948467156E+02    0.155681331295429306E+02    0.155703602222426802E+02   -0.589628452247756172E+03   -0.849836754913190262E+01    1
    0.478375196456909180E+01    0.204730844497680664E+01    0.125702175498008728E+01    0.219030445988545930E+01    0.244215636368821887E+01    0.438370323181152322E+00    0.337944986557239702E+02    0.718011319637298584E+00    0.273758259356021894E+01    0.159581506175078722E+02    0.159574615513462188E+02    0.159580718101856558E+02   -0.589604349925620795E+03   -0.849870088246531630E+01    1
    0.671653795242309570E+01    0.124479770660400391E+00    0.640302392840385437E+01    0.526013977831712864E+01    0.684285106379753838E+01    0.112415480613708499E+00    0.307597826637885596E+01    0.658494067192077592E+00    0.297726414543390261E+01    0.149289225471438964E+02    0.150002686361147770E+02    0.150102149242845240E+02   -0.589589190143915062E+03   -0.849903421579864471E+01    1
    0.272879505157470703E+01    0.194007778167724609E+01    0.786866831779479980E+01    0.323331566167188456E+01    0.575251798621542498E+01    0.458999514579772949E+00    0.107347833300178053E+02    0.570245528221130393E+00    0.276516469335556003E+01    0.154592160864010779E+02    0.154606512581117865E+02    0.154603502891155351E+02   -0.589400695139865888E+03   -0.849936754913191272E+01    1
    0.358006429672241211E+01    0.468027114868164062E+01    0.183815005421638489E+01    0.215796005651400291E+01    0.236771294409323030E+01    0.403117191791534379E+00    0.146091938071475624E+02    0.637815684080123901E+00    0.238862379592657081E+01    0.155938132543152292E+02    0.155930980664350329E+02    0.155947171493703856E+02   -0.589371938818805006E+03   -0.849970088246515587E+01    1
    0.409951829910278320E+01    0.415402126312255859E+01    0.794823381304740906E+01    0.365613290291323256E+01    0.826913170464830927E+01    0.234471261501312256E+00    0.207497201847578294E+01    0.550840765237808228E+00    0.276308146435022373E+01    0.152941808973670117E+02    0.152661081258457045E+02    0.151087630733544458E+02   -0.589335137023940661E+03   -0.850003421579842389E+01    1
    0.488131666183471680E+01    0.574399089813232422E+01    0.661883446574211121E+01    0.332740717536519348E+01    0.352464172866074632E+01    0.114570260047912598E+00    0.160794426804666131E+02    0.166635781526565552E+00    0.226906860560178725E+01    0.156366845018450409E+02    0.156363626167329475E+02    0.156352161878298670E+02   -0.589320206249733701E+03   -0.850036754913178072E+01    1
    0.399159622192382812E+01    0.544465160369873047E+01    0.111821341514587402E+01    0.690715299101732860E+01    0.782243073124752275E+01    0.265996372699737527E+00    0.319957080145898498E+01    0.724240589141845748E+00    0.230645787775516498E+01    0.154208820198794303E+02    0.153480958998658821E+02    0.150355880455723963E+02   -0.588954264970144209E+03   -0.850070088246502920E+01    1
    0.309028959274291992E+01    0.457167625427246094E+01    0.234028819203376770E+01    0.275888002302282187E+01    0.276285853359589106E+01    0.526437723636627219E+00    0.785696881740034847E+01    0.484414088726043746E+00    0.284266028606891652E+01    0.153259309346946910E+02    0.153248485046246010E+02    0.153284770919734701E+02   -0.588925356715489329E+03   -0.850103421579825103E+01    1
    0.464474344253540039E+01    0.204152870178222656E+01    0.214323166012763977E+01    0.301906195184976944E+01    0.431263274440486022E+01    0.503447258472442649E+00    0.141535363915567949E+02    0.195396196842193615E+00    0.221126164478063547E+01    0.155818040884722784E+02    0.155793902219750002E+02    0.155792390069177706E+02   -0.588918236179770133E+03   -0.850136754913155102E+01    1
    0.299362850189208984E+01    0.251985931396484375E+01    0.111740249395370483E+01    0.329772077152529253E+01    0.421430619832889874E+01    0.506089985370635986E+00    0.101760093901331068E+02    0.971930146217346191E+00    0.237388219404220591E+01    0.154382352021086682E+02    0.154385610127032571E+02    0.154370574974040622E+02   -0.588791079541741851E+03   -0.850170088246503752E+01    1
    0.221824789047241211E+01    0.740771627426147461E+01    0.182032006978988647E+01    0.350964375557380626E+01    0.700058127418964027E+01    0.133859026432037342E+00    0.901766745634741795E+01    0.515197479724884055E+00    0.249687139511108391E+01    0.153836224376009643E+02    0.153865025074236819E+02    0.153844284645016636E+02   -0.588689723430795425E+03   -0.850203421579856311E+01    1
    0.366143417358398438E+01    0.147792196273803711E+01    0.494736808538436890E+01    0.449440611870968709E+01    0.510919022779888987E+01    0.485979068279266402E+00    0.706478500518726715E+01    0.386865580081939719E+00    0.300259860271215429E+01    0.152793499824937129E+02    0.152824556666349736E+02    0.152814818351302204E+02   -0.588599895746381776E+03   -0.850236754913171744E+01    1
    0.261972188949584961E+01    0.147568273544311523E+01    0.515648785233497620E+01    0.444118545586207070E+01    0.688061393934821908E+01    0.106744825839996338E+00    0.119001761670172996E+02    0.435505831241607688E+00    0.302273908078670495E+01    0.155060991111384681E+02    0.155069288275572088E+02    0.155057561358440648E+02   -0.588366999477716263E+03   -0.850270088246492151E+01    1
    0.238190746307373047E+01    0.585756921768188477E+01    0.770478311181068420E+01    0.282072692199640063E+01    0.828964219417161630E+01    0.333875215053558327E+00    0.478913427766304611E+01    0.769040668010711692E+00    0.298688468897342663E+01    0.151880965002020059E+02    0.152301940597372933E+02    0.151347669628369772E+02   -0.588251410319140291E+03   -0.850303421579833874E+01    1
    0.318043041229248047E+01    0.102360057830810547E+01    0.979921847581863403E+00    0.308154006136569336E+01    0.760283803158178895E+01    0.138301980495452892E+00    0.170044131664645946E+02    0.467559784650802612E+00    0.264028476220369335E+01    0.156593846496266877E+02    0.156608755203534713E+02    0.156604680664010800E+02   -0.588182570856739858E+03   -0.850336754913186610E+01    1
    0.505853939056396484E+01    0.957838058471679688E+00    0.779384005069732666E+01    0.681007654756320857E+01    0.755341720252039028E+01    0.435705316066741899E+00    0.819882555169292004E+01    0.292960798740386941E+00    0.269047015225887298E+01    0.153452566876078311E+02    0.153445007460695262E+02    0.153427327383853846E+02   -0.588159899525872788E+03   -0.850370088246514477E+01    1
    0.531174993515014648E+01    0.302515029907226562E+00    0.130432564020156860E+01    0.232845587546632382E+01    0.564052553703767501E+01    0.139999496936798085E+00    0.219721683321321031E+02    0.271107661724090621E+00    0.230958396106958386E+01    0.157704585995325299E+02    0.157705403979771202E+02    0.157711073491668596E+02   -0.588150844346443591E+03   -0.850403421579837193E+01    1
    0.151881408691406250E+01    0.464721679687500000E+01    0.517601791024208069E+01    0.235864577276670140E+01    0.673771805419235292E+01    0.429499435424804732E+00    0.375607982814058072E+01    0.929453986883163497E+00    0.227780468642711620E+01    0.153127909809845644E+02    0.152057701579894022E+02    0.150636214008852409E+02   -0.588137714161085341E+03   -0.850436754913175896E+01    1
    0.358211278915405273E+01    0.394059324264526367E+01    0.230583342909812927E+01    0.460802662437544530E+01    0.605970168043709556E+01    0.369209778308868364E+00    0.706560899811506893E+01    0.446766978502273537E+00    0.281084007251262680E+01    0.152812753513107591E+02    0.152807806195199678E+02    0.152800297250818087E+02   -0.588099940807058601E+03   -0.850470088246498079E+01    1
    0.522804546356201172E+01    0.197977066040039062E+00    0.776301074028015137E+01    0.231424318719235211E+01    0.679298515639116829E+01    0.413930821418762251E+00    0.885205982073622266E+01    0.361805862188339211E+00    0.242596129983663555E+01    0.153799140152728295E+02    0.153779131807123530E+02    0.153772736958274088E+02   -0.588008259672261602E+03   -0.850503421579827368E+01    1
    0.343023538589477539E+01    0.220589542388916016E+01    0.505184414982795715E+01    0.513658308893362126E+01    0.803133664986579987E+01    0.270651972293853738E+00    0.795943852859292100E+01    0.519152289628982522E+00    0.223459986191987969E+01    0.153337413379821790E+02    0.153314925172289414E+02    0.153340805383335539E+02   -0.587938323331883680E+03   -0.850536754913161275E+01    1
    0.249312496185302734E+01    0.205209922790527344E+01    0.457775476574897766E+01    0.313781947987077636E+01    0.699694204333352054E+01    0.488890659809112504E+00    0.172727488115695600E+02    0.434283602237701460E+00    0.295812963110208527E+01    0.156657857115063948E+02    0.156662804010415293E+02    0.156674771567569771E+02   -0.587745119267873065E+03   -0.850570088246498202E+01    1
    0.234759473800659180E+01    0.249348068237304688E+01    0.573424059152603149E+01    0.721513683989729326E+01    0.752515029523278489E+01    0.166205501556396490E+00    0.318646986800257821E+02    0.208200043439865118E+00    0.302370071512460736E+01    0.159319157753953355E+02    0.159324313207422037E+02    0.159316141180001232E+02   -0.587703688892813261E+03   -0.850603421579837971E+01    1
